Price,Close,High,Low,Open,Volume
Ticker,IEF,IEF,IEF,IEF,IEF
Date,,,,,
2002-07-30,40.96083450317383,41.136162162092354,40.92576973574473,41.04599507130709,41300
2002-07-31,41.33657455444336,41.36663283156206,41.10114161797256,41.10114161797256,32600
2002-08-01,41.50687789916992,41.52691546982426,41.336560459495956,41.34658115571104,71400
2002-08-02,41.827476501464844,41.92766054521292,41.52692054844431,41.58702944598264,120300
2002-08-05,42.03787612915039,42.03787612915039,41.84251451820898,41.91765448128889,159300
2002-08-06,41.697242736816406,41.83249542756259,41.592048322778865,41.83249542756259,90100
2002-08-07,41.827476501464844,41.90261644516405,41.62710459219239,41.67219008712243,38100
2002-08-08,41.68220901489258,41.77738653638245,41.62209629261847,41.742321737166684,142600
2002-08-09,41.9928092956543,42.017853411019914,41.737334859541754,41.737334859541754,99600
2002-08-12,42.07796096801758,42.21822022642647,42.05291303396822,42.128053014338164,38100
2002-08-13,42.41358184814453,42.448646662718495,42.10801539752361,42.2382577752747,109300
2002-08-14,42.2883186340332,42.694072699750166,42.258264192785774,42.57384729120978,146100
2002-08-15,42.04285430908203,42.24322611671683,41.95268718673509,42.077919088785045,60500
2002-08-16,41.76738357543945,42.213209278411995,41.71228117873246,42.203192398000766,55800
2002-08-19,41.80744934082031,41.83249726888385,41.64214218786632,41.83249726888385,41600
2002-08-20,42.19313430786133,42.19313430786133,41.92763946404446,41.97773528250667,56900
2002-08-21,42.08796691894531,42.0979876186741,41.927670119279284,41.96774527464008,37900
2002-08-22,41.86254119873047,41.97775628836359,41.827476401324965,41.97775628836359,43600
2002-08-23,42.05290985107422,42.07795778322777,41.90764407427284,41.9376985354348,26500
2002-08-26,42.072940826416016,42.17813524574378,42.01283191353002,42.03787601997343,27800
2002-08-27,41.94768142700195,42.04285890593415,41.86252464152302,41.95269177372858,38800
2002-08-28,42.10299301147461,42.16310191566163,42.07794508687888,42.12302676501914,40200
2002-08-29,42.298343658447266,42.373479769256456,42.24324129600338,42.36346289507381,101500
2002-08-30,42.37849426269531,42.398531834796415,42.22821820460122,42.36847738753281,28900
2002-09-03,42.84093475341797,43.02691311843259,42.7253233675285,42.77056010444933,110700
2002-09-04,42.825862884521484,42.95152563222832,42.76554721997274,42.80576021962038,77300
2002-09-05,42.99680709838867,43.05209906674698,42.82087985130604,43.026964959338166,57900
2002-09-06,42.665000915527344,42.85098310252646,42.64489442220948,42.77055712925501,32200
2002-09-09,42.60468292236328,42.80071642775632,42.59965534058053,42.695160219846315,88800
2002-09-10,42.755489349365234,42.83088776020678,42.5544320336844,42.57956228068326,21400
2002-09-11,42.59968948364258,42.59968948364258,42.46899909699359,42.529318621967974,77500
2002-09-12,42.82085418701172,42.84096069390285,42.62482053847831,42.62482053847831,39900
2002-09-13,43.021854400634766,43.05201603834209,42.87106155177404,42.91629825595657,125900
2002-09-16,43.0369873046875,43.18778032932599,43.0369873046875,43.08222406160202,108700
2002-09-17,43.177711486816406,43.20786931253069,42.926386046072324,42.926386046072324,30400
2002-09-18,43.227996826171875,43.33858068745453,43.182760065605564,43.187783815719314,76400
2002-09-19,43.44414520263672,43.464251711676084,43.28832455123724,43.43911761664576,61100
2002-09-20,43.429039001464844,43.46925199428548,43.328506519413274,43.3787746779001,128600
2002-09-23,43.67533493041992,43.76078466017478,43.58988520066507,43.67030734781026,293700
2002-09-24,43.83118438720703,43.956847190880126,43.67033615190244,43.760813523944044,158200
2002-09-25,43.49942398071289,43.725615427841724,43.42905313783177,43.57984615760989,88900
2002-09-26,43.469268798828125,43.52455689167743,43.25815242236655,43.39387036687211,256100
2002-09-27,43.75572967529297,43.75572967529297,43.4842979319744,43.51948331527945,199400
2002-09-30,44.01210021972656,44.08247102077397,43.88643752715318,43.931678090638535,97200
2002-10-01,43.62798309326172,43.86996651438917,43.62798309326172,43.7388937638856,150100
2002-10-02,43.774166107177734,43.78928958431999,43.547302411277,43.6430895615188,43000
2002-10-03,43.748958587646484,43.79433286619996,43.56746916594399,43.784247983741096,37500
2002-10-04,43.79435348510742,43.83972393876615,43.436416914411026,43.441455511756985,61400
2002-10-07,43.96575164794922,43.9909600160068,43.83467505731225,43.95062816561744,80300
2002-10-08,43.885047912597656,44.111907613250274,43.79430326308599,43.824550197505516,134600
2002-10-09,44.10689926147461,44.10689926147461,43.94557574281032,44.08169474539786,94500
2002-10-10,43.85480880737305,44.096795885912655,43.80943839366482,44.0615065042771,120400
2002-10-11,43.54224395751953,43.74389535578732,43.446456850964616,43.69852494505324,133600
2002-10-14,43.506996154785156,43.658234848014224,43.42128999773871,43.658234848014224,51300
2002-10-15,42.77598190307617,43.14400324599817,42.7507773854485,43.02300771486265,167000
2002-10-16,42.77598190307617,42.9625137955512,42.755815981220245,42.81631374678801,124200
2002-10-17,42.549137115478516,42.61971594389723,42.458392358046204,42.458392358046204,205300
2002-10-18,42.67516326904297,42.70541023375152,42.2869759394174,42.5541715639518,98600
2002-10-21,42.34748458862305,42.700378755025056,42.337403546550675,42.700378755025056,572300
2002-10-22,42.32727813720703,42.438188725115175,42.28190772192875,42.37265239873957,197500
2002-10-23,42.41804504394531,42.599534492679716,42.37267460488985,42.44829200331562,64300
2002-10-24,42.619693756103516,42.70539602510144,42.30712778850112,42.3726679852395,41800
2002-10-25,42.80619430541992,42.83139880043538,42.71544966160798,42.83139880043538,566500
2002-10-28,42.85662841796875,42.96249658059902,42.851585977961186,42.90704127928011,22100
2002-10-29,43.24483871459961,43.41120472255678,43.017978773754145,43.06334922342037,118300
2002-10-30,43.23978805541992,43.34566011037198,43.14400473112758,43.16920924962285,53000
2002-10-31,43.4615592956543,43.708584831405624,43.15907849833095,43.179244397652774,71100
2002-11-01,43.20112228393555,43.38323504871549,43.04430060014579,43.368059628228174,63400
2002-11-04,43.06447982788086,43.06447982788086,42.90260245389642,42.9734235637983,85000
2002-11-05,42.94813537597656,42.99872133506673,42.872254507610656,42.99872133506673,426300
2002-11-06,43.08979415893555,43.32755250340594,42.826744754934694,42.826744754934694,135100
2002-11-07,43.5096549987793,43.54000580694517,43.27695646409656,43.342717834943244,68000
2002-11-08,43.615848541259766,43.615848541259766,43.49949744594584,43.55008336846814,27300
2002-11-11,43.7271614074707,43.7271614074707,43.555164554893835,43.555164554893835,52100
2002-11-12,43.59061813354492,43.75249564075555,43.56532706460013,43.737320227495836,48200
2002-11-13,43.641204833984375,43.6917946916174,43.55520825115107,43.57038366465527,330200
2002-11-14,43.09483337402344,43.3578826526452,43.09483337402344,43.3325916051694,71800
2002-11-15,43.125205993652344,43.125205993652344,42.821686254152645,42.948153133899424,40900
2002-11-18,43.165672302246094,43.22131803291048,43.0240300276322,43.06449649219151,35300
2002-11-19,43.20112228393555,43.337704927787485,43.160651922991995,43.3124138467973,11000
2002-11-20,42.96331024169922,43.302240408781934,42.90260477587167,43.29718065509766,251800
2002-11-21,42.71544647216797,42.821678167959554,42.61427067179826,42.78120784781167,95000
2002-11-22,42.66486740112305,42.77615887986321,42.62440093023282,42.77110298316639,144800
2002-11-25,42.599124908447266,42.75088678487154,42.594065150042496,42.74582702646677,49700
2002-11-26,42.98354721069336,42.98860696459113,42.72555379436662,42.766024106625984,103800
2002-11-27,42.49287414550781,42.80145365936915,42.36640725816999,42.78121849425953,324900
2002-11-29,42.55357360839844,42.5738087706395,42.43722239037794,42.477692714860076,15000
2002-12-02,42.53829574584961,42.57901779397742,42.24306672212536,42.2481579490084,78000
2002-12-03,42.53318786621094,42.6655325290761,42.451747685309336,42.6655325290761,38200
2002-12-04,42.68083572387695,42.747010048833374,42.6248438566691,42.72664901680599,135600
2002-12-05,42.797882080078125,42.869143702806156,42.573914760951645,42.573914760951645,194900
2002-12-06,42.97096252441406,43.174568908577356,42.83353044809838,43.174568908577356,194800
2002-12-09,43.13385772705078,43.15930998778729,42.965886009986974,43.01169541914899,143900
2002-12-10,43.09821319580078,43.15929627207479,43.03204277577199,43.113482994002155,154600
2002-12-11,43.24072265625,43.337436525208275,43.15928246407509,43.245813881844455,287200
2002-12-12,43.27634811401367,43.33233993822314,43.1745469155238,43.215268948306466,69800
2002-12-13,43.11855697631836,43.255992872101416,43.04729535756676,43.255992872101416,32400
2002-12-16,42.94039535522461,43.16436262234824,42.925125565823684,43.159271398059175,37600
2002-12-17,43.04222106933594,43.0880343471133,42.95568962444018,43.0880343471133,73700
2002-12-18,43.30689239501953,43.30689239501953,43.184726294373355,43.205087311147715,106600
2002-12-19,43.53086853027344,43.57159057571923,43.311992390337316,43.373075458506,187800
2002-12-20,43.53086853027344,43.56141200609178,43.45451954939758,43.50032893792309,79900
2002-12-23,43.50541687011719,43.535956460154985,43.378163400336085,43.45451625889829,109300
2002-12-24,43.66832733154297,43.71413674405851,43.66323610232901,43.68868836492877,37400
2002-12-26,43.7345085144043,43.73450851440429,43.617437398032116,43.67342928272176,85200
2002-12-27,43.994083404541016,44.05007525932835,43.851560095434664,43.91263929449801,149600
2002-12-30,44.07551574707031,44.16205106937916,43.98389696486369,43.999166761898124,60700
2002-12-31,44.06324005126953,44.22179485797514,44.027437227103256,44.12461409143161,194300
2003-01-02,43.36764144897461,43.853537504926216,43.34206632930752,43.78193185251683,106700
2003-01-03,43.439266204833984,43.439266204833984,43.27047970612025,43.32162606573186,518400
2003-01-06,43.331871032714844,43.37278969390103,43.22446247376485,43.37278969390103,214500
2003-01-07,43.469966888427734,43.495542027371926,43.31141195318507,43.33187128389676,101700
2003-01-08,43.572227478027344,43.62848961536273,43.53642465446984,43.561995870030856,162600
2003-01-09,43.045448303222656,43.280724752231556,42.99429802551863,43.26026542159361,98000
2003-01-10,43.09144973754883,43.27557968658682,42.973809641468456,43.25000456502545,235800
2003-01-13,43.16818618774414,43.19887322249959,43.03520253344211,43.06588956819756,219700
2003-01-14,43.270450592041016,43.31648501626965,43.239763577364904,43.270450592041016,204500
2003-01-15,43.36764144897461,43.49550924287929,43.33183862276992,43.35229793806052,239000
2003-01-16,43.35227584838867,43.37273515325445,43.127227397078464,43.301129537330915,205700
2003-01-17,43.53130340576172,43.587565536060076,43.505728291184425,43.55176271698063,60100
2003-01-21,43.67964553833008,43.67964553833008,43.43925342643212,43.43925342643212,82600
2003-01-22,43.85866928100586,43.85866928100586,43.70522631155585,43.75637656951706,120500
2003-01-23,43.76661682128906,43.8382225202935,43.69501112228462,43.69501112228462,78300
2003-01-24,43.85355758666992,44.00188476378826,43.82798635750846,43.88424852476773,209400
2003-01-27,43.72053527832031,43.827943701583514,43.679616668825744,43.7972527933559,413800
2003-01-28,43.725669860839844,43.73078566523387,43.536428022630375,43.70009864330053,1596500
2003-01-29,43.53642654418945,43.74612769063844,43.475048600191684,43.74612769063844,83200
2003-01-30,43.705204010009766,43.735894929569135,43.44435655815146,43.47504357549601,31700
2003-01-31,43.725669860839844,43.79216361131595,43.602917870891076,43.79216361131595,44000
2003-02-03,43.657936096191406,43.77082748109774,43.54504471128507,43.74516892454773,57400
2003-02-04,43.8016357421875,43.83242289293906,43.72979644713522,43.817029317563275,88700
2003-02-05,43.63226318359375,43.827258753345106,43.51424325816563,43.75028702396666,138100
2003-02-06,43.8016357421875,43.837555389713636,43.745190022511004,43.76058359788678,92500
2003-02-07,43.8221435546875,43.868324261572425,43.627147907983144,43.66306754054242,44200
2003-02-10,43.74002456665039,43.86318090675149,43.67845031154485,43.82212879338446,29100
2003-02-11,43.78109359741211,43.796487167136696,43.627150070273125,43.69899325389876,272100
2003-02-12,43.97097396850586,43.97097396850586,43.811897884216386,43.85295002951354,50300
2003-02-13,44.13003158569336,44.26344905643985,43.996614114946865,44.02740517124022,107100
2003-02-14,43.976078033447266,44.07870833947296,43.87345164236745,44.03252372302493,51300
2003-02-18,43.976078033447266,43.97607803344727,43.80674487966015,43.88371271549708,62600
2003-02-19,44.14028549194336,44.16081155448953,44.027398020358675,44.027398020358675,34600
2003-02-20,44.29419708251953,44.3095906395991,44.11459905835237,44.140253681837216,59400
2003-02-21,44.13003158569336,44.27884262711315,44.11463801502006,44.268577636699774,21500
2003-02-24,44.30450439453125,44.319901882626226,44.20187796358247,44.27884974426775,47000
2003-02-25,44.36610794067383,44.52005158996551,44.36097544171088,44.417421185454515,72800
2003-02-26,44.49947738647461,44.5302645170593,44.36092746895272,44.391718514482804,52900
2003-02-27,44.54051971435547,44.55591327626447,44.39683733500084,44.4892026213994,209300
2003-02-28,44.68935012817383,44.72014118303977,44.443045178925736,44.51488444870198,80700
2003-03-03,44.781982421875,44.80771189235951,44.653342920984514,44.66877903296881,24800
2003-03-04,44.86946105957031,44.89004385296957,44.75111490473264,44.77684045215688,41100
2003-03-05,44.9517936706543,44.99295925876922,44.828300832076096,44.962083104799746,50500
2003-03-06,44.859153747558594,44.96721042551488,44.802552069710316,44.95692099579922,83600
2003-03-07,45.00840377807617,45.142190001550624,44.87976423551886,45.13704332063349,79800
2003-03-10,45.15758514404297,45.18845734999878,45.106130158862044,45.106130158862044,58500
2003-03-11,45.14733123779297,45.209079629419286,45.07014672970187,45.16791403500174,61200
2003-03-12,45.044376373291016,45.12156080460919,45.02379359655529,45.1112674533597,51600
2003-03-13,44.545265197753906,44.807690754989586,44.5349757698736,44.73565298253496,326900
2003-03-14,44.6893196105957,44.73048515417946,44.59155635178717,44.63786464399716,50800
2003-03-17,44.33945846557617,44.81799752534809,44.30858624422498,44.81799752534809,98700
2003-03-18,44.097599029541016,44.432062363000746,44.097599029541016,44.38060737149099,203900
2003-03-19,43.88663101196289,44.09759764827405,43.87633765852483,44.07187211620708,152800
2003-03-20,43.91751480102539,44.097609276038305,43.75800311255183,44.04615427257249,170600
2003-03-21,43.51616287231445,43.80431404951442,43.49558008454798,43.80431404951442,148800
2003-03-24,43.93808364868164,43.98439588514441,43.83002699795371,43.866045881529686,45800
2003-03-25,43.94325637817383,44.07189588517916,43.7940340789557,43.99471139582272,107500
2003-03-26,44.04615783691406,44.046157836914055,43.91237167646448,43.94324782165466,75400
2003-03-27,44.12849044799805,44.19023488888791,44.030723182235,44.143926558220514,45800
2003-03-28,44.20051574707031,44.27770020212178,44.17478628679834,44.26740684770721,144700
2003-03-31,44.51953887939453,44.555557768162274,44.40633946167049,44.40633946167049,99300
2003-04-01,44.46226501464844,44.51902612027979,43.96686028956048,44.49838786573865,36500
2003-04-02,44.147491455078125,44.235217842491004,44.08040332827103,44.17329124938369,147400
2003-04-03,44.2248649597168,44.26614932728872,44.101015794095034,44.11649644766101,170400
2003-04-04,44.147491455078125,44.25586004019345,44.0958839922737,44.14232992137835,26400
2003-04-07,44.04425811767578,44.04425811767578,43.73979471452274,43.78623668296521,62300
2003-04-08,44.20940399169922,44.20940399169922,44.05975104543409,44.05975104543409,41500
2003-04-09,44.359004974365234,44.369328027309095,44.12162593884112,44.23515589867681,101000
2003-04-10,44.24037551879883,44.37454388652135,44.21973332289621,44.312621235909816,77900
2003-04-11,44.1268424987793,44.18360754949255,43.96686647536195,44.01847393026202,102800
2003-04-14,44.002986907958984,44.11135940760341,43.93074119959324,44.11135940760341,107700
2003-04-15,44.15779113769531,44.19391398349143,44.03909953745382,44.17327179488009,27600
2003-04-16,44.25585174560547,44.27133240670669,44.11651792150259,44.11651792150259,23700
2003-04-17,44.19905471801758,44.35902668311552,43.734615535531375,44.35386515411761,20600
2003-04-21,44.116493225097656,44.11649322509765,43.96168276365233,44.04940908551405,24300
2003-04-22,44.1268424987793,44.286814585100615,44.07523898097527,44.240372600205795,24200
2003-04-23,44.10618591308594,44.16810853940798,44.05974000624965,44.13198569502187,75600
2003-04-24,44.36421203613281,44.44677685897234,44.25068195977018,44.25068195977018,87400
2003-04-25,44.436485290527344,44.49841189888314,44.37455868217154,44.384881752112975,325600
2003-04-28,44.390037536621094,44.560332749819665,44.37971840419881,44.560332749819665,41300
2003-04-29,44.312644958496094,44.348767836389825,44.20427632481492,44.2971603504573,54900
2003-04-30,44.58094024658203,44.59126330806552,44.276476863423866,44.3022766429438,113200
2003-05-01,44.618263244628906,44.78405319082622,44.55609053252588,44.68043200398783,77200
2003-05-02,44.37477111816406,44.62863618139576,44.364407020136916,44.57682754949576,158900
2003-05-05,44.5146369934082,44.55090341648962,44.30739859605283,44.37993539495932,76900
2003-05-06,44.789241790771484,44.79442383951486,44.452483724607596,44.535376740776464,74900
2003-05-07,45.10008239746094,45.151891004748414,44.91874634283974,44.91874634283974,159400
2003-05-08,45.146697998046875,45.36947851276817,45.10524954118189,45.22959491177685,113200
2003-05-09,45.219215393066406,45.229579480117785,45.058607618439574,45.0845099305859,82800
2003-05-12,45.41094207763672,45.493835066202394,45.281418571398596,45.48865697192834,36300
2003-05-13,45.452388763427734,45.45238876342773,45.26069255873525,45.26587460554953,120300
2003-05-14,45.701072692871094,45.74252116282394,45.44720773171133,45.54564685966342,177500
2003-05-15,45.654449462890625,45.747706550723294,45.50420171289667,45.53528609125958,68500
2003-05-16,45.89796447753906,45.90832857534655,45.7010900993935,45.79952926483886,137800
2003-05-19,45.8875846862793,46.06891679282371,45.825411984288294,46.06891679282371,69000
2003-05-20,46.19326400756836,46.19326400756836,45.820235686486704,45.82541378063134,130900
2003-05-21,46.048187255859375,46.296874082440816,46.02746302424901,46.02746302424901,83500
2003-05-22,46.26578140258789,46.26578140258789,46.11553371495274,46.151800125572095,414300
2003-05-23,46.2139778137207,46.36940757663907,46.18289344223426,46.29687474134198,82200
2003-05-27,46.04304885864258,46.29173194688374,46.032684757530454,46.24510535011843,176200
2003-05-28,46.05338668823242,46.09483516710098,45.83578810328924,45.93940534771613,204400
2003-05-29,46.296878814697266,46.31242100180794,46.15181313133973,46.172537365068436,97800
2003-05-30,46.270999908447266,46.29690620412026,46.05340125467878,46.21919126984702,165000
2003-06-02,46.09124755859375,46.11202857837253,45.98215017743581,46.08085506691723,165700
2003-06-03,46.39773178100586,46.465271047021375,46.22109916065869,46.22109916065869,77000
2003-06-04,46.53280258178711,46.56397210907241,46.37694701821735,46.49124056969229,183600
2003-06-05,46.36658477783203,46.662707345601284,46.33541523287965,46.6315378006489,61500
2003-06-06,46.314632415771484,46.335413432790375,46.15358052476853,46.22111982097334,110900
2003-06-09,46.569210052490234,46.58999107714628,46.42894309053085,46.51206322557988,48800
2003-06-10,46.82895278930664,46.86012233510079,46.704270642556054,46.704270642556054,65600
2003-06-11,46.730194091796875,46.94839257030704,46.725001815419546,46.86526858543274,79600
2003-06-12,46.912052154541016,47.00556470624491,46.77178134519922,46.797758595394924,50100
2003-06-13,47.08348846435547,47.15102772934183,47.00036839827394,47.02634168486172,75200
2003-06-16,46.83930969238281,47.17179780681351,46.82891720929818,47.17179780681351,161200
2003-06-17,46.584781646728516,46.76661060654292,46.5588083459402,46.735441060167325,135200
2003-06-18,46.304195404052734,46.49641665397668,46.28861064716671,46.46524714020466,252300
2003-06-19,46.37179183959961,46.434130944045236,46.1587893298776,46.309448771579184,202600
2003-06-20,46.29905700683594,46.325030310681775,46.163982350684236,46.247102471995234,61300
2003-06-23,46.47568893432617,46.54322427944132,46.2886637101579,46.29905620237528,38100
2003-06-24,46.69386291503906,46.7094516464234,46.45488722692406,46.53281502955503,132200
2003-06-25,46.34058380126953,46.83932004673776,46.241878971571566,46.83932004673776,164700
2003-06-26,45.883399963378906,46.16393753214413,45.83664568370337,46.16393753214413,470200
2003-06-27,45.84185791015625,45.976932493950045,45.660029026340986,45.96134772727623,244200
2003-06-30,45.950950622558594,45.97173163055942,45.77951424280282,45.83666102391208,126500
2003-07-01,46.0728874206543,46.35554366170179,46.025780043898536,46.182812620093024,167200
2003-07-02,46.12001419067383,46.17235706904817,45.81641990519477,45.81641990519477,86900
2003-07-03,45.82691955566406,46.09910508964893,45.795510614179086,46.072931637329475,205300
2003-07-07,45.58091354370117,45.72747532462802,45.570442563058386,45.62278947925427,196100
2003-07-08,45.59661102294922,45.74840827755775,45.49192518905092,45.737937298062775,156700
2003-07-09,45.68033218383789,45.7797864633502,45.60705134425185,45.71174111045066,90600
2003-07-10,45.785030364990234,45.86877819983527,45.68557606719895,45.811199816220004,292800
2003-07-11,45.947296142578125,45.95253163040942,45.71698260008673,45.71698260008673,37900
2003-07-14,45.68033218383789,45.98916200224158,45.669865203971135,45.88970772272927,187400
2003-07-15,45.057464599609375,45.66988502197793,44.95801027693982,45.622777601876344,530600
2003-07-16,45.07316970825195,45.08363669327272,44.76433973777824,44.76433973777824,304400
2003-07-17,44.978939056396484,44.99987701444739,44.73292304118224,44.73815852907176,173800
2003-07-18,44.86377716064453,44.96323145165237,44.848074692276285,44.92135554033258,182600
2003-07-21,44.27752685546875,44.80619925938271,44.17807655690573,44.722451429355594,497800
2003-07-22,44.434566497802734,44.45550445697051,44.21995940497097,44.32464520730246,121500
2003-07-23,44.57065963745117,44.75386178171581,44.53401920859824,44.62300253674003,209400
2003-07-24,44.39793395996094,44.434574396641025,44.30895061281046,44.387466975270094,186300
2003-07-25,44.34033203125,44.654393320924235,44.303691614013104,44.43978630382413,34700
2003-07-28,44.015846252441406,44.21475500764985,44.00014377040078,44.204284023949306,124100
2003-07-29,43.586585998535156,44.308931428197354,43.586585998535156,43.952994200198894,297800
2003-07-30,43.937313079833984,44.13621774754063,43.785515835988804,43.811685295853515,158600
2003-07-31,43.64418029785156,43.82215097354105,43.28824293998041,43.70699418224335,241800
2003-08-01,43.82209777832031,43.99633118202517,43.632025706668735,43.66898394125957,160400
2003-08-04,44.144195556640625,44.17059604078262,43.822128985220274,43.86964502289787,498600
2003-08-05,43.848487854003906,44.22335100978791,43.73233227905643,44.11247633228655,169300
2003-08-06,44.29725646972656,44.37117290305284,43.93823206722315,43.95935162362259,338000
2003-08-07,44.45565414428711,44.47149683520451,44.186388820853416,44.439815481513854,292400
2003-08-08,44.45039367675781,44.746059566004455,44.40287364275996,44.54542971660789,235900
2003-08-11,44.265586853027344,44.37646556054711,44.11775394719376,44.37646556054711,150300
2003-08-12,44.18639373779297,44.40286220002243,44.138873716041154,44.276148855591906,197500
2003-08-13,43.695377349853516,43.980485411286296,43.64785732554231,43.95408495020843,346200
2003-08-14,43.78512954711914,43.79568731395802,43.378589059437445,43.558099292710146,314300
2003-08-15,43.76934051513672,43.87493441584211,43.76934051513672,43.87493441584211,10700
2003-08-18,43.90129852294922,43.93825676038277,43.75346557321503,43.89601762384564,137700
2003-08-19,44.24976348876953,44.24976348876953,43.82210328785859,43.864342426457334,162100
2003-08-20,44.038536071777344,44.29724351274717,43.938219215258655,44.27612396252522,99000
2003-08-21,43.8748664855957,44.033261119564855,43.64783632524946,43.95406380258028,129800
2003-08-22,43.90652847290039,43.94348666744763,43.742853015784505,43.75869166657031,241900
2003-08-25,43.71651840209961,43.98050703006363,43.637321008081045,43.87490916198995,99600
2003-08-26,43.8748664855957,43.8748664855957,43.558081245800274,43.57920079887236,87500
2003-08-27,43.76934051513672,43.906615808573015,43.64262702866043,43.906615808573015,50800
2003-08-28,44.07548522949219,44.11244342775797,43.85373201175599,43.85373201175599,64600
2003-08-29,43.954078674316406,44.10191156769692,43.85376177031782,44.09135380166012,62600
2003-09-02,43.77504348754883,44.06811802296829,43.77504348754883,43.908260294227034,118000
2003-09-03,43.8869514465332,43.90826662653024,43.79636498063698,43.83366552926807,105600
2003-09-04,44.169349670410156,44.20132039262528,43.91357576178321,44.014817737282094,145000
2003-09-05,44.72890853881836,44.760879294510985,44.43049991234404,44.55839106602899,130000
2003-09-08,44.521080017089844,44.95803119235961,44.521080017089844,44.65962263612094,224000
2003-09-09,44.734230041503906,44.75554523176144,44.48911145172757,44.63298796960169,69300
2003-09-10,45.0379524230957,45.06992723271582,44.77151871384407,44.81414908303371,136800
2003-09-11,44.87811279296875,44.920743179405186,44.787526270884364,44.91008355006737,79200
2003-09-12,45.05925750732422,45.30970578835384,45.04327213882528,45.13385860395582,146000
2003-09-15,45.13917541503906,45.19779112629021,44.89405701592229,45.005958628641665,125700
2003-09-16,45.10191345214844,45.17118477675801,44.952711174246495,45.069942697014355,80100
2003-09-17,45.35235595703125,45.42162727260132,45.10723738025644,45.17650869582651,177100
2003-09-18,45.34700393676758,45.38963429414519,45.12320065871711,45.357663558839306,132200
2003-09-19,45.34700393676758,45.38963429414519,45.22977248670649,45.32036301249756,195200
2003-09-22,45.14983367919922,45.17647459640672,44.894055668195094,45.11253314274586,249500
2003-09-23,45.256412506103516,45.27239787200085,45.03793499762877,45.08589516077496,96300
2003-09-24,45.4855842590332,45.56551522196154,45.19250541678186,45.224480241227795,258000
2003-09-25,45.54949951171875,45.64541579027197,45.47489434799518,45.53351007741409,314800
2003-09-26,45.89586639404297,45.90652601839516,45.65074788486408,45.68804843918575,281300
2003-09-29,45.69868850708008,45.8638760247486,45.67737333295289,45.773289583798366,97500
2003-09-30,46.14095687866211,46.29548881426706,45.79459654123875,45.79459654123875,450400
2003-10-01,46.34574890136719,46.463978511585964,46.243644865326196,46.361870375475256,102100
2003-10-02,46.17912292480469,46.29735245323918,45.98028198152241,46.0716437717189,163500
2003-10-03,45.53961181640625,45.77069569028269,45.49124742655784,45.77069569028269,319500
2003-10-06,45.67399597167969,45.73848597170021,45.44828712171278,45.44828712171278,89900
2003-10-07,45.410667419433594,45.652497736077216,45.38917075349886,45.64175145314474,93000
2003-10-08,45.491275787353516,45.571887254090406,45.32467766274541,45.32467766274541,116100
2003-10-09,45.346160888671875,45.35691126775461,45.19568838205996,45.23330650871294,173700
2003-10-10,45.480533599853516,45.57189546532082,45.448290647376965,45.4912839840592,73400
2003-10-13,45.410667419433594,45.54501850647333,45.33005594719579,45.54501850647333,62100
2003-10-14,45.22794723510742,45.37304459008486,45.184953907681006,45.23869351692934,118700
2003-10-15,45.06672286987305,45.10434100515397,44.953868464030265,45.05597248832464,62800
2003-10-16,44.81951904296875,45.222572264398195,44.80339757012267,45.12046413628053,89600
2003-10-17,45.06135559082031,45.088227449340145,44.835646739505556,44.91088302327714,84800
2003-10-20,45.09355545043945,45.217156030114204,44.959204498579105,45.00756887321731,90700
2003-10-21,45.174198150634766,45.31392439811029,45.141955208936146,45.22794185355766,213400
2003-10-22,45.50199508666992,45.55036357805714,45.34077634886908,45.41601257985622,167300
2003-10-23,45.3569221496582,45.545012828049266,45.27093549663984,45.51814097396371,146700
2003-10-24,45.67399597167969,45.75998263837371,45.47515898007215,45.54502007170859,136500
2003-10-27,45.550384521484375,45.67936039103976,45.480519346253935,45.57725227343772,171300
2003-10-28,45.76537322998047,45.82448395813579,45.378441299795725,45.496670956248984,174300
2003-10-29,45.469749450683594,45.706208505453816,45.469749450683594,45.69008294257389,111400
2003-10-30,45.30316162109375,45.362276392728056,45.17955688947637,45.222550196131756,302000
2003-10-31,45.46441650390625,45.49666355955991,45.36231244453651,45.38380501487808,77600
2003-11-03,45.291297912597656,45.34521530167174,45.145720550734296,45.323647523315486,133500
2003-11-04,45.45305633544922,45.458445195067405,45.33982446533449,45.37757116446159,84700
2003-11-05,45.291297912597656,45.447661220455686,45.248162355885135,45.420700469102094,172900
2003-11-06,45.05946731567383,45.16730213660792,45.037899528760065,45.156520299968406,143700
2003-11-07,44.98397445678711,45.02171704904933,44.87074668000043,44.92466408128446,112900
2003-11-10,44.967811584472656,45.113389017946474,44.89771524192571,45.021729000069065,97800
2003-11-11,45.03790283203125,45.15652361193975,44.913893190225124,44.913893190225124,27300
2003-11-12,45.18349838256836,45.18888724613651,45.06487756588816,45.06487756588816,80200
2003-11-13,45.57709503173828,45.5878809851295,45.35063937415386,45.35603235084947,134700
2003-11-14,45.82509231567383,45.83048528928997,45.593243813782664,45.593243813782664,70000
2003-11-17,45.87902069091797,46.02460221796001,45.87363182964572,45.87363182964572,113300
2003-11-18,46.067710876464844,46.067710876464844,45.760377304478546,45.79811987950731,95700
2003-11-19,45.755001068115234,46.11625214889815,45.73343328683412,46.10007734134573,524800
2003-11-20,46.040828704833984,46.040828704833984,45.82515471647118,46.00308606539343,59600
2003-11-21,46.01919937133789,46.12703827816851,46.01380639758794,46.089295689186216,237400
2003-11-24,45.7765998840332,45.90060956843096,45.72268245109347,45.87904177252777,164400
2003-11-25,45.889766693115234,45.97064479177379,45.81428156466884,45.81428156466884,126400
2003-11-26,45.7765998840332,45.911395523200774,45.72268245109347,45.83591029435785,56800
2003-11-28,45.47464370727539,45.60405045097146,45.46925484484797,45.60405045097146,121400
2003-12-01,45.196739196777344,45.277834650940136,45.01833002255643,45.2616163850448,201100
2003-12-02,45.326480865478516,45.32648086547851,45.088606136248046,45.22917128853334,278700
2003-12-03,45.20754623413086,45.38054791463206,45.14807651976932,45.30485993720563,119300
2003-12-04,45.30490493774414,45.3859963336152,45.19136873414562,45.22380941718356,78000
2003-12-05,45.856327056884766,45.953640814184666,45.64007380458636,45.69413608648903,1858200
2003-12-08,45.683292388916016,45.85629404125943,45.656259205084176,45.85629404125943,107200
2003-12-09,45.45627212524414,45.8725563329096,45.35895834460058,45.80227576204597,282800
2003-12-10,45.569801330566406,45.62386362205487,45.44005100605641,45.61845615549949,158200
2003-12-11,45.84552001953125,45.888767373796306,45.423824286770504,45.494108971241324,52200
2003-12-12,45.84552001953125,46.0401475501322,45.82929762140779,45.88336403244321,96700
2003-12-15,45.82387161254883,45.92658866839177,45.72115043201987,45.82387161254883,204500
2003-12-16,46.375362396240234,46.386281406785166,46.18970588920679,46.315297423315116,79000
2003-12-17,46.49553680419922,46.648428093860225,46.46277140928957,46.54467864760089,92600
2003-12-18,46.65383529663086,46.670215892001,46.45725982024851,46.50094418521578,71900
2003-12-19,46.659339904785156,46.659339904785156,46.500991212087456,46.58289427176746,342100
2003-12-22,46.53371810913086,46.72483205069485,46.490033732210094,46.70298986223447,80500
2003-12-23,46.2170295715332,46.47913176318974,46.217029571533196,46.46274699135814,87400
2003-12-24,46.506465911865234,46.5119275065306,46.34265556568936,46.38087839639468,33900
2003-12-26,46.65383529663086,46.66475430488751,46.588308749179966,46.6101509316636,120800
2003-12-29,46.36994171142578,46.52283298974913,46.36994171142578,46.47915274306738,88300
2003-12-30,46.32079315185547,46.386315595360124,46.211582136057245,46.27710874553618,86500
2003-12-31,46.40239715576172,46.418835990985855,46.292829999248774,46.34761357750525,182200
2004-01-02,46.029884338378906,46.30380653653087,45.8819681904541,46.30380653653087,259700
2004-01-05,45.991546630859375,46.02442014487699,45.865544729578396,45.9093732951205,210700
2004-01-06,46.33668899536133,46.396952224976076,46.073721795249554,46.073721795249554,144300
2004-01-07,46.44078063964844,46.52843777386834,46.28738483448582,46.3092991180408,66500
2004-01-08,46.44078063964844,46.50652349031336,46.34764806933145,46.40243168835779,140000
2004-01-09,46.98859405517578,47.01598793639914,46.86807184506357,46.95024512929475,914600
2004-01-12,46.98859405517578,47.19677752114663,46.91189620341372,46.95024512929475,136000
2004-01-13,47.240623474121094,47.25157852281727,46.92287272555926,46.98313594269067,77200
2004-01-14,47.33376693725586,47.35568121942495,47.10914867981412,47.16941191084864,114200
2004-01-15,47.36109924316406,47.591196837149944,47.18031394893377,47.333709558446444,472900
2004-01-16,47.16392135620117,47.45428239280401,47.114617367547716,47.45428239280401,64400
2004-01-20,47.08172607421875,47.23512176253001,47.026938317205556,47.04885258406703,86900
2004-01-21,47.21870422363281,47.24061849843799,47.05982886608566,47.163916446759586,248700
2004-01-22,47.42144775390625,47.42144775390624,47.20231316288255,47.289966163347145,176000
2004-01-23,47.06529235839844,47.54191408806167,47.01598421204621,47.481650897919565,344900
2004-01-26,46.868125915527344,47.059870766143256,46.82977694540416,47.059870766143256,283700
2004-01-27,47.05436706542969,47.07080173282497,46.85714269724203,46.85714269724203,138100
2004-01-28,46.714691162109375,47.24062547567081,46.44624857060907,47.037921538574814,805400
2004-01-29,46.65985107421875,46.70367957724715,46.49002084962883,46.58863289158468,155100
2004-01-30,46.87356948852539,46.89548376794425,46.72017371231483,46.82974510940911,110000
2004-02-02,46.82686996459961,47.074135257699425,46.7884063814015,46.82686996459961,78600
2004-02-03,47.00819778442383,47.00819778442383,46.887311045362345,46.969734203105716,89200
2004-02-04,46.93122100830078,46.95869257036296,46.84330194839418,46.95869257036296,126100
2004-02-05,46.755401611328125,46.980691148395636,46.70595026448689,46.91475182706078,209700
2004-02-06,47.04114532470703,47.11807245456184,46.99168977424942,47.035649331941926,297000
2004-02-09,47.15100860595703,47.200464123458175,47.09056530246194,47.15100860595703,176000
2004-02-10,47.01914596557617,47.11805283308922,46.986178407142624,47.09057707291966,344200
2004-02-11,47.26643371582031,47.420292177490964,46.91476561643052,46.96422117002112,202200
2004-02-12,47.23893356323242,47.36531198289945,47.162006475031994,47.3103646616437,109000
2004-02-13,47.35983657836914,47.47522725061089,47.29939324640251,47.37082436953883,205900
2004-02-17,47.35983657836914,47.43126770150546,47.3103810375722,47.43126770150546,48000
2004-02-18,47.34886932373047,47.54118721124131,47.31590174079019,47.54118721124131,74200
2004-02-19,47.38185501098633,47.39284281112078,47.24448445211352,47.26646005238241,39700
2004-02-20,47.22247314453125,47.3653354120202,47.15653381108052,47.35434761921873,62300
2004-02-23,47.376338958740234,47.39831874192108,47.23347246417223,47.266440042836,230200
2004-02-24,47.45877456665039,47.56317332391979,47.39833119507628,47.45327857135745,299600
2004-02-25,47.513736724853516,47.552200319438285,47.47527313026874,47.513736724853516,108700
2004-02-26,47.4422607421875,47.469736511471936,47.365333618847636,47.43127294980201,169800
2004-02-27,47.629085540771484,47.662053109304466,47.49721107442589,47.568642203651905,161900
2004-03-01,47.679222106933594,47.7949520785346,47.59105189569896,47.75086487072351,284600
2004-03-02,47.40372848510742,47.563541612247306,47.31555818994943,47.55252190199939,284500
2004-03-03,47.359588623046875,47.38163222148884,47.22732703239505,47.321013376870056,270400
2004-03-04,47.508426666259766,47.508426666259766,47.29901857161754,47.33759385758823,383700
2004-03-05,48.098079681396484,48.21931749522988,48.070528308319425,48.191761917761994,904800
2004-03-08,48.368106842041016,48.37361879843098,48.268912648975835,48.32402380409381,208400
2004-03-09,48.54990768432617,48.57195128012386,48.34601178087299,48.36254342662476,254300
2004-03-10,48.54441452026367,48.58299398112883,48.450732355159325,48.461756259517266,245100
2004-03-11,48.54990768432617,48.676657309066414,48.34049983082706,48.665633408974564,486800
2004-03-12,48.40115737915039,48.5885217867048,48.395645424696035,48.522395150810006,245600
2004-03-15,48.42870330810547,48.51136579808717,48.33502111484102,48.4121716509869,432800
2004-03-16,48.6656608581543,48.69872837269511,48.29643988015752,48.3570587516959,178400
2004-03-17,48.63257598876953,48.797900875018534,48.582981045526736,48.797900875018534,522300
2004-03-18,48.47832489013672,48.64915769850458,48.43974960423459,48.53343184079821,207200
2004-03-19,48.412166595458984,48.47829742141629,48.35154772276189,48.445234110631866,329500
2004-03-22,48.59402847290039,48.621584037795394,48.467278760527826,48.49483432542283,87300
2004-03-23,48.6656608581543,48.6656608581543,48.5499350682324,48.57197867646348,200400
2004-03-24,48.63257598876953,48.67666318568747,48.588488791851596,48.643595685805764,397900
2004-03-25,48.566497802734375,48.60507309072737,48.5058788924038,48.54996613707896,71000
2004-03-26,48.25783920288086,48.52235815796216,48.18620066714804,48.52235815796216,316200
2004-03-29,48.053993225097656,48.07603684655432,47.96582294366193,48.06501713802143,196500
2004-03-30,48.07048034667969,48.19171383516326,48.02639314847477,48.19171383516326,78500
2004-03-31,48.246829986572266,48.285405237943756,48.103548679598,48.11456837810968,222000
2004-04-01,48.12858581542969,48.222542766400174,48.018044505417514,48.2059626240783,438500
2004-04-02,47.23875427246094,47.42114429450388,47.172429478067045,47.3658715241488,321800
2004-04-05,47.006587982177734,47.089488641071206,46.923683106567125,47.05080026134854,214500
2004-04-06,47.17241287231445,47.20557736619693,47.08950796268657,47.1447807135844,87400
2004-04-07,47.17794418334961,47.30506139889156,47.144783903942,47.18899620424577,144100
2004-04-08,47.08952331542969,47.20559275678252,47.08399941191402,47.128211723640554,43200
2004-04-12,46.94027328491211,46.98448979026365,46.8850047615817,46.98448979026365,98900
2004-04-13,46.575504302978516,46.741314128357246,46.575504302978516,46.66946545294327,382100
2004-04-14,46.542320251464844,46.54784836727886,46.26044537898611,46.26044537898611,473900
2004-04-15,46.47602462768555,46.575509691077926,46.39864782468252,46.48155274696276,128200
2004-04-16,46.64731979370117,46.697060171401986,46.53677859317331,46.625211553595605,135900
2004-04-19,46.52573776245117,46.73575976885272,46.5091576325664,46.708127624616985,211700
2004-04-20,46.18863296508789,46.53682863355022,46.18863296508789,46.470508058635595,395700
2004-04-21,46.28258514404297,46.39312645201779,46.21626457597782,46.21626457597782,340300
2004-04-22,46.46498107910156,46.53682977592953,46.371024117852606,46.45945295881624,1074000
2004-04-23,46.271522521972656,46.33784307484545,46.19966963406876,46.29915468009673,94800
2004-04-26,46.26600646972656,46.30469487456513,46.216266042099775,46.216266042099775,51700
2004-04-27,46.448394775390625,46.448394775390625,46.243896519155534,46.365489848986144,65700
2004-04-28,46.14442443847656,46.404191313187894,46.11679226637762,46.34339463116095,86800
2004-04-29,46.039390563964844,46.26046468819991,45.93437740325014,46.18861601949538,197000
2004-04-30,46.14994430541992,46.18863271281553,45.98966255571803,46.07256749062868,57000
2004-05-03,46.13218307495117,46.20426732103924,46.087828420007895,46.1100078626276,69400
2004-05-04,45.9991340637207,46.381722240635014,45.99913406372071,46.24310382642528,588700
2004-05-05,45.893760681152344,46.15990976998531,45.88821899305934,46.15990976998531,290200
2004-05-06,45.84940719604492,45.927033134292266,45.82722775221763,45.8882201651686,256000
2004-05-07,45.2838134765625,45.45570300055377,45.200641672088494,45.45570300055377,428400
2004-05-10,45.27276611328125,45.378113210968905,45.21731960445131,45.306033172519726,275300
2004-05-11,45.3614616394043,45.38364108017417,45.2561145836171,45.28383571185761,132400
2004-05-12,45.294952392578125,45.4169372685757,45.245047565898155,45.33930706815153,74100
2004-05-13,45.15632247924805,45.21176898231137,45.0842382179984,45.189589535026634,143200
2004-05-14,45.38364028930664,45.427999170073385,45.228388436918735,45.24502195963234,186900
2004-05-17,45.677528381347656,45.71079967011611,45.58881481532563,45.58881481532563,623700
2004-05-18,45.58879852294922,45.605432046240324,45.50008075833549,45.566619081795785,148000
2004-05-19,45.378143310546875,45.439135779805696,45.333788612240674,45.37260161719627,59200
2004-05-20,45.60548400878906,45.627663475213616,45.49459090696699,45.57775861818321,136900
2004-05-21,45.5056266784668,45.727416859716314,45.466813714020326,45.727416859716314,212800
2004-05-24,45.538902282714844,45.54999412052442,45.433555205303804,45.52226875629714,64000
2004-05-25,45.55554962158203,45.655350801080466,45.544457781439405,45.616537821176344,74600
2004-05-26,45.78287124633789,45.80505069131903,45.65534049527049,45.7052453040522,131000
2004-05-27,46.03239059448242,46.04902835383044,45.89931813177951,45.971402398062295,577000
2004-05-28,45.90485382080078,46.03238033529933,45.79395660134945,45.982479759268514,59800
2004-06-01,45.67615509033203,45.78742720088866,45.5704518910495,45.765172778777334,188900
2004-06-02,45.59830093383789,45.71513355409873,45.59273626298732,45.66506425024417,141200
2004-06-03,45.67063903808594,45.70958750168748,45.56493572628678,45.60944461788723,165000
2004-06-04,45.48147964477539,45.68733007152991,45.464789872665804,45.68733007152991,157000
2004-06-07,45.548221588134766,45.55378201315926,45.37575078659261,45.44251408827982,119600
2004-06-08,45.5370979309082,45.537097930908196,45.38132111879979,45.44251975849949,627400
2004-06-09,45.40355682373047,45.470320106204326,45.29228893087206,45.41468191517709,146000
2004-06-10,45.453670501708984,45.487054297854534,45.320148050933305,45.38134672516428,156600
2004-06-14,45.231143951416016,45.37023110471729,45.20332482291454,45.342411976215814,185900
2004-06-15,45.83198165893555,45.88205522430791,45.5259925723772,45.56493679228832,423700
2004-06-16,45.73182678222656,45.77077099192679,45.62612349566911,45.66506770536934,55100
2004-06-17,45.85977554321289,45.8597755432129,45.59272657891026,45.637235447060576,91500
2004-06-18,45.76522445678711,45.88762179431175,45.75965978382641,45.86536734707074,114600
2004-06-21,45.83753204345703,45.882040922224725,45.77076872530549,45.84309671445307,44300
2004-06-22,45.77633285522461,45.82084173346621,45.75964308703407,45.809712391605686,209400
2004-06-23,45.84309387207031,45.8542189687723,45.71513191469721,45.72069658534823,149000
2004-06-24,46.02112579345703,46.115703972884475,45.98218158753985,46.0378155610501,188800
2004-06-25,46.04337692260742,46.04893734833875,45.95435917570871,45.96548851637095,61200
2004-06-28,45.704002380371094,45.898723388249806,45.69843771026038,45.87090428229586,102800
2004-06-29,45.920936584472656,45.920936584472656,45.67614225463605,45.74290550220853,103600
2004-06-30,46.204734802246094,46.23811434687873,45.95994015600332,45.98775927293138,452200
2004-07-01,46.295684814453125,46.34033620386752,46.0891556363482,46.20079049777968,115500
2004-07-02,46.692020416259766,46.79807231679308,46.580381233330755,46.731093065635065,146900
2004-07-06,46.602699279785156,46.73666627115664,46.58595447051334,46.69759362998958,107100
2004-07-07,46.62502670288086,46.69759322055379,46.58595406205638,46.608281893755866,61500
2004-07-08,46.63063049316406,46.74784846784243,46.61388567658149,46.65853710126824,186500
2004-07-09,46.70875549316406,46.73108332509589,46.63619323333449,46.68642766123223,192300
2004-07-12,46.76456069946289,46.7980503092929,46.731071089632884,46.736654110803684,182400
2004-07-13,46.66409683227539,46.67526287682341,46.55804496065856,46.65851381000138,84200
2004-07-14,46.64177703857422,46.6808496840284,46.60828741635605,46.63061525070115,252300
2004-07-15,46.619449615478516,46.66410528456264,46.58037696967965,46.64177745002058,77600
2004-07-16,47.07157516479492,47.07157516479492,46.84271808214613,46.84271808214613,225800
2004-07-19,47.06041717529297,47.07716198740709,47.004599715379506,47.015765762521724,44700
2004-07-20,46.75341033935547,47.026918823189604,46.73108250781413,46.95435656462907,111200
2004-07-21,46.6529655456543,46.67529339074892,46.51899847508658,46.636220726483586,98800
2004-07-22,46.70875549316406,46.78131775299363,46.680844638599645,46.71433851579664,54400
2004-07-23,46.82040786743164,46.83157391686393,46.71993471554144,46.71993471554144,54000
2004-07-26,46.658538818359375,46.7422671629539,46.65296005169345,46.714360553822736,65300
2004-07-27,46.3292121887207,46.64737648762453,46.312467371715314,46.64737648762453,73800
2004-07-28,46.40178298950195,46.4129490419531,46.20083663139372,46.2510753502214,83600
2004-07-29,46.44643020629883,46.45201323150558,46.357123095993124,46.37944667961921,39600
2004-07-30,46.76456069946289,46.77572674180448,46.61385319663048,46.619431959203894,64700
2004-08-02,46.81106948852539,46.90627410137607,46.771869097065306,46.90627410137607,226300
2004-08-03,46.92308044433594,46.97347912384896,46.81107625788004,46.81107625788004,167700
2004-08-04,46.89509963989258,47.04070301218963,46.878300072420764,46.92310176736213,103100
2004-08-05,47.03504943847656,47.07985108360732,46.98465079209449,46.98465079209449,130000
2004-08-06,47.679054260253906,47.712653354359865,47.522252791066634,47.628655619094964,235700
2004-08-09,47.522254943847656,47.62305650325149,47.51665367040305,47.60065568199288,96100
2004-08-10,47.32628631591797,47.62308992900577,47.31508376116591,47.583889532419136,151600
2004-08-11,47.48866271972656,47.48866271972657,47.331856948226864,47.34866077099214,174900
2004-08-12,47.550289154052734,47.57828699514591,47.376683740175245,47.43268369488428,80100
2004-08-13,47.634273529052734,47.763077233863896,47.634273529052734,47.712674298060755,78300
2004-08-16,47.58385467529297,47.62305504316373,47.48305311897964,47.617453769890865,304300
2004-08-17,47.80786895751953,47.80786895751954,47.60626580125158,47.62306535218715,66400
2004-08-18,47.651058197021484,47.90866552616583,47.62306037256328,47.880663429187486,79600
2004-08-19,47.76866912841797,47.779867404996445,47.61186334867491,47.66226627457962,61800
2004-08-20,47.673484802246094,47.785488978211944,47.66788779783964,47.72948902649024,36700
2004-08-23,47.51105499267578,47.57825746012314,47.49425544394395,47.55585663764069,73100
2004-08-24,47.555885314941406,47.56148659206973,47.43268285325399,47.46068496637299,94300
2004-08-25,47.56144714355469,47.695847775501285,47.56144714355469,47.58944923344813,88900
2004-08-26,47.76866912841797,47.76866912841797,47.60626634664599,47.679065825707646,98700
2004-08-27,47.71268081665039,47.824684982336535,47.70148253634281,47.75748248292485,62200
2004-08-30,47.88067626953125,47.90307709861721,47.763075121220915,47.80227550399103,41400
2004-08-31,48.08787536621094,48.1550735734463,47.89186920171896,47.925472577857455,127600
2004-09-01,48.08000183105469,48.169883554344224,47.945183531916854,48.14179444436713,209500
2004-09-02,47.821617126464844,48.07440635835967,47.81600273089693,48.07440635835967,107100
2004-09-03,47.692386627197266,47.72609012201133,47.55756836214566,47.692386627197266,211800
2004-09-07,47.720489501953125,47.73172686167367,47.59690854560613,47.65308248681785,53300
2004-09-08,47.99577713012695,48.012628893752506,47.60255074039972,47.63625855345031,142700
2004-09-09,47.9114875793457,48.11933588286192,47.88901714498202,48.023835465366986,105300
2004-09-10,48.00697708129883,48.11371055833718,47.990125329302565,48.074388375080396,150300
2004-09-13,48.124900817871094,48.136138166402574,47.995701310308085,48.04063784705585,90300
2004-09-14,48.13618087768555,48.186736133556785,48.01821432818946,48.10247308797486,119500
2004-09-15,48.085628509521484,48.13056937864241,48.029454566018906,48.11371762417136,66900
2004-09-16,48.34965515136719,48.411447780573596,48.113721995741386,48.113721995741386,249500
2004-09-17,48.18113327026367,48.38336293172568,48.18113327026367,48.310337220674704,142100
2004-09-20,48.45637893676758,48.47323068939047,48.31594195051455,48.31594195051455,181200
2004-09-21,48.490089416503906,48.53503028716008,48.287859784348456,48.40582635547292,81700
2004-09-22,48.68669891357422,48.709169348230866,48.43391402383201,48.45076577837519,93600
2004-09-23,48.518184661865234,48.7316473957548,48.49009554270704,48.71479563857902,246700
2004-09-24,48.5125732421875,48.51819192401971,48.372136196971766,48.473251040959035,93100
2004-09-27,48.6473503112793,48.66982073373562,48.55747290724886,48.60802814342944,201200
2004-09-28,48.59682083129883,48.69793564304547,48.51817645391778,48.64737609427358,202800
2004-09-29,48.29346466064453,48.411431198049975,48.282227303293865,48.4001981264954,226100
2004-09-30,48.24293899536133,48.254176360601704,48.040709279025464,48.141824137193396,175000
2004-10-01,48.04964065551758,48.11161872628372,47.96512471368562,48.089080855217915,270200
2004-10-04,48.06658935546875,48.08912724827757,47.89192605952985,47.89756160739793,278100
2004-10-05,48.06658935546875,48.11730068895446,48.01024677277848,48.06658935546876,220000
2004-10-06,47.90879440307617,48.04401736529632,47.874989737186255,48.04401736529632,137100
2004-10-07,47.82429504394531,47.92571337548726,47.796125912143744,47.897544243685694,130500
2004-10-08,48.22996139526367,48.27503715802183,48.16798329613654,48.2186946039048,123400
2004-10-11,48.30884552001953,48.314481065460015,48.2017959486204,48.20742719539921,48800
2004-10-12,48.30884552001953,48.387725961539594,48.30321427324072,48.37082362387982,142700
2004-10-13,48.48352813720703,48.48915938573942,48.23561564456565,48.26942033041202,130600
2004-10-14,48.652557373046875,48.68073081123406,48.44972065435591,48.49479643599015,81300
2004-10-15,48.4891357421875,48.60745638361904,48.33701043139292,48.573651714256,195100
2004-10-18,48.56241989135742,48.57368668970412,48.421561269371736,48.539881996000034,207800
2004-10-19,48.54549789428711,48.59620491431807,48.37083035063516,48.387732690645485,65300
2004-10-20,48.765220642089844,48.77085188777301,48.64126445848693,48.708873795971556,110700
2004-10-21,48.69762420654297,48.8779230012871,48.69762420654297,48.71452654688424,156600
2004-10-22,48.83285140991211,48.83285140991212,48.63565025793868,48.69762837693929,64100
2004-10-25,48.88920211791992,48.94554899814297,48.844130631870286,48.906108761184896,172300
2004-10-26,48.80467987060547,48.9117294628854,48.782141983109035,48.877924780972,37400
2004-10-27,48.50605010986328,48.90609219031605,48.46097863908523,48.86101642087603,126800
2004-10-28,48.579288482666016,48.63563103257761,48.376451864055475,48.42152762344915,49500
2004-10-29,48.72016906738281,48.72016906738281,48.51169680978608,48.573674932350976,341100
2004-11-01,48.47997283935547,48.68908595849803,48.4573656660527,48.638218740597445,128800
2004-11-02,48.59865188598633,48.60430475665567,48.44040600226032,48.4969217733229,191300
2004-11-03,48.581695556640625,48.60430272649677,48.29345953082079,48.33302100009985,139800
2004-11-04,48.553462982177734,48.70040318849966,48.53085580154079,48.66084170035471,435100
2004-11-05,48.191749572753906,48.24826967696531,48.08437086088509,48.214356752062756,886400
2004-11-08,48.1239128112793,48.1521685400363,48.056091300884226,48.13521424040674,300600
2004-11-09,48.13520812988281,48.18607533419098,48.09564666514369,48.12955957197455,95000
2004-11-10,48.039146423339844,48.14652942455757,47.926114862388935,48.08436077247127,118700
2004-11-11,48.0278205871582,48.15215351627466,48.0278205871582,48.15215351627466,94500
2004-11-12,48.208683013916016,48.276500204546124,48.07304000890318,48.12956008359669,154700
2004-11-15,48.23128890991211,48.265201819241256,48.14651741628071,48.20868605286146,144700
2004-11-16,48.18039321899414,48.19169463982698,48.12387749108266,48.16343893180806,125900
2004-11-17,48.434776306152344,48.45738348776961,48.163498750503145,48.180453058746345,199600
2004-11-18,48.47431182861328,48.50257186846588,48.361280292956266,48.36693316330212,110100
2004-11-19,48.208683013916016,48.46300610253155,48.12956008359669,48.4347460651848,2162100
2004-11-22,48.242584228515625,48.282145687622716,48.174762736385325,48.1804156053651,168100
2004-11-23,48.19735336303711,48.3725534344148,48.15779191750427,48.19170049599694,183600
2004-11-24,48.26519775390625,48.26519775390626,48.18042195553886,48.231284847433564,51900
2004-11-26,48.08998489379883,48.11259205687602,48.050423436382616,48.06738204259711,62600
2004-11-29,47.801795959472656,47.91482756393498,47.76223446672291,47.89222038066664,455700
2004-11-30,47.75654220581055,47.824363699679864,47.700026450190656,47.73958791031215,182100
2004-12-01,47.74068832397461,47.88241937979639,47.67832631338994,47.88241937979639,257600
2004-12-02,47.6329345703125,47.71797400322263,47.55356558633912,47.644275468185974,886300
2004-12-03,48.109188079833984,48.23391209619592,48.04682607165301,48.092181045837066,224100
2004-12-06,48.19986343383789,48.25088882907357,48.120494441503006,48.1771902862728,325500
2004-12-07,48.194244384765625,48.22258800955032,48.10353440475881,48.16022597961811,1053000
2004-12-08,48.551395416259766,48.562736324120436,48.30194734679357,48.30194734679357,158500
2004-12-09,48.437984466552734,48.636406987249885,48.398299962413304,48.517353474831594,169400
2004-12-10,48.51169204711914,48.585390618432385,48.460670957430125,48.517362498847035,191900
2004-12-13,48.54570770263672,48.63074718020106,48.45500209844558,48.47200912890095,141800
2004-12-14,48.630733489990234,48.647740515657894,48.42097440637405,48.47199548337703,190900
2004-12-15,48.806488037109375,48.806488037109375,48.68743450893995,48.72711901832976,95000
2004-12-16,48.43231964111328,48.71011120235375,48.43231964111328,48.71011120235375,478500
2004-12-17,48.36995315551758,48.47199964356814,48.30192072172166,48.30192072172166,163600
2004-12-20,48.4266242980957,48.48331580641285,48.37560323819573,48.48331580641285,62900
2004-12-21,48.49466323852539,48.511670260783966,48.364268859067295,48.43230127338701,168400
2004-12-22,48.44368362426758,48.51738655741565,48.364314561869286,48.51738655741565,465100
2004-12-23,48.38127899169922,48.43797483658659,48.3586058440871,48.420967813234654,66400
2004-12-27,48.17722702026367,48.2792735632574,48.09218751355407,48.24525516540017,165200
2004-12-28,48.17152404785156,48.194201522684786,48.00144514924541,48.154517023048165,366800
2004-12-29,48.07518768310547,48.21691877376877,48.04116928014933,48.21691877376877,127800
2004-12-30,48.2565803527832,48.29059441427084,48.08650139476987,48.1375268122889,135000
2004-12-31,48.314022064208984,48.43914442104296,48.31402206420898,48.33108775395194,151300
2005-01-03,48.410701751708984,48.43345166158804,48.24576815941207,48.29695220231372,323400
2005-01-04,48.10927963256836,48.41071275263774,48.10359540813313,48.41071275263774,1181000
2005-01-05,48.188880920410156,48.26850341125651,48.12063121149887,48.16044245692204,369000
2005-01-06,48.23439407348633,48.28558245871426,48.137710204735896,48.137710204735896,389100
2005-01-07,48.194557189941406,48.3424293653008,48.17180729072461,48.308306686025404,182400
2005-01-10,48.188880920410156,48.25143772970345,48.13769255395161,48.234376387250705,226300
2005-01-11,48.28557586669922,48.314009997631175,48.18320344932129,48.228703265734,483900
2005-01-12,48.35954284667969,48.393665562746534,48.22873620902057,48.26854749079999,100600
2005-01-13,48.552886962890625,48.564259748637426,48.3253921960387,48.41070327599589,101600
2005-01-14,48.524436950683594,48.592686666239814,48.39931464171423,48.439125891013504,510300
2005-01-18,48.50736618041992,48.524427521218364,48.35949399500027,48.42205513732782,215100
2005-01-19,48.53580856323242,48.55287424603547,48.43344050101791,48.51306299769629,95500
2005-01-20,48.621158599853516,48.62684716534832,48.46760204432665,48.50172475908726,151800
2005-01-21,48.71779251098633,48.72347673103614,48.564231787656006,48.59835446435196,324700
2005-01-24,48.7121467590332,48.757646594011604,48.63820844241753,48.717835323181276,217000
2005-01-25,48.53010940551758,48.717792806683015,48.49029816943091,48.68366579068065,270900
2005-01-26,48.54150390625,48.609753629695966,48.51306977580678,48.56425381406532,674400
2005-01-27,48.467586517333984,48.467586517333984,48.42208668616001,48.461897953661556,60300
2005-01-28,48.71779251098633,48.72916529018522,48.59267024430215,48.59267024430215,103200
2005-01-31,48.73487854003906,48.740562762968686,48.609756209963756,48.67800159793103,74900
2005-02-01,48.70122146606445,48.76967535606071,48.65558263782813,48.72974246944349,115300
2005-02-02,48.70691680908203,48.72973622027379,48.61564351667263,48.7240346317441,220900
2005-02-03,48.62705612182617,48.62705612182617,48.52437093692369,48.52437093692369,65000
2005-02-04,48.87805938720703,49.003563970452646,48.83242056559815,48.83242056559815,414100
2005-02-07,48.97503662109375,48.992150090409595,48.866649864640905,48.906582743830356,149600
2005-02-08,49.020687103271484,49.08343940726383,48.900888437202035,48.96364074119438,120800
2005-02-09,49.26029586791992,49.26029586791992,49.00929094605483,49.00929094605483,325200
2005-02-10,48.95220184326172,49.16898399282606,48.95220184326172,49.15757211529318,175800
2005-02-11,48.889469146728516,48.98645273516108,48.85524220513924,48.92940202936859,176400
2005-02-14,48.95220184326172,48.98643312350432,48.83810918206915,48.87233610995571,129200
2005-02-15,48.87805938720703,48.946517619620344,48.84383244717916,48.88946691643046,130000
2005-02-16,48.70122146606445,48.88947401591238,48.65558263782813,48.849541129295154,64900
2005-02-17,48.59284591674805,48.67271171558877,48.5586189607762,48.581438382210635,128000
2005-02-18,48.347511291503906,48.46160397248804,48.30187247816754,48.376036637928344,243900
2005-02-22,48.35321807861328,48.415970359961285,48.30757926447713,48.376037485681366,104700
2005-02-23,48.3931770324707,48.51868166280243,48.2961977644359,48.50726977693997,258300
2005-02-24,48.31328582763672,48.49583673417961,48.290466420274235,48.49583673417961,142500
2005-02-25,48.38176345825195,48.4216963526586,48.27907825086928,48.34753650657742,425500
2005-02-28,48.0679931640625,48.36463682001493,48.005240868164464,48.29047699411629,397900
2005-03-01,48.06856155395508,48.125764729944834,47.9884762347049,48.03996214812148,300500
2005-03-02,48.062828063964844,48.114313964673435,48.01134652757775,48.03422866519029,149600
2005-03-03,48.03425598144531,48.15438399898477,48.01709545955739,48.12578021962224,598500
2005-03-04,48.25161361694336,48.308816792081,48.16580667207564,48.188688814995196,179400
2005-03-07,48.2630615234375,48.33742522185333,48.25733989607538,48.27450041383881,163100
2005-03-08,48.03425598144531,48.142945105834144,48.01709545955739,48.137223477096846,696200
2005-03-09,47.66814422607422,47.87979645482125,47.622379930655185,47.87979645482125,262300
2005-03-10,47.75395965576172,47.851205527526446,47.59950622241848,47.70819535222859,262300
2005-03-11,47.5537223815918,47.708175751478365,47.54228349257025,47.673850355768906,203400
2005-03-14,47.66814422607422,47.66814422607422,47.490808672406324,47.502251928422794,192300
2005-03-15,47.5766487121582,47.759701656775604,47.51944548527647,47.759701656775604,99600
2005-03-16,47.68529510498047,47.8683478853244,47.639530818813846,47.679573478129,223700
2005-03-17,47.86832809448242,47.93697449535095,47.79396443344874,47.87404971896832,342100
2005-03-18,47.74823760986328,47.78828028402411,47.69675167775698,47.77683702607864,200300
2005-03-21,47.69102478027344,47.73678470984006,47.668142633328486,47.71962419071217,448200
2005-03-22,47.34210205078125,47.85693968954643,47.34210205078125,47.81117537402834,302800
2005-03-23,47.450809478759766,47.490852182857125,47.239157056099764,47.239157056099764,355900
2005-03-24,47.490806579589844,47.536570872992144,47.433603394998585,47.47364606064479,132000
2005-03-28,47.33638000488281,47.393583216615795,47.30777621685367,47.376422689528425,68500
2005-03-29,47.53083801269531,47.53655963909926,47.42787492335734,47.42787492335734,349300
2005-03-30,47.63955307006836,47.64527469959226,47.49082125271918,47.50226451176697,244500
2005-03-31,47.87407684326172,47.87407684326172,47.74250559146547,47.83403417781472,675000
2005-04-01,47.9710807800293,48.05717476372662,47.68410375365285,48.034216076145874,367200
2005-04-04,47.94813537597656,48.09162392891679,47.90795875631023,47.91943591381927,135900
2005-04-05,47.953857421875,48.011251944858294,47.89072213291696,47.953857421875,75100
2005-04-06,48.09735107421875,48.09735107421875,48.034215778493405,48.05717446593189,51200
2005-04-07,47.91368865966797,48.2121428553803,47.90220712583935,48.11457171244763,196500
2005-04-08,47.96535110473633,47.97109187268946,47.816121790415195,47.896475026067435,86300
2005-04-11,48.10884475708008,48.10884475708008,47.91943880483044,47.953879037281624,41900
2005-04-12,48.361331939697266,48.367068322920765,47.99973836636617,48.03991494352312,146100
2005-04-13,48.38431167602539,48.45892410068379,48.26951827779662,48.424488270675354,171500
2005-04-14,48.51060485839844,48.51060485839844,48.35563915814882,48.43025162435451,194700
2005-04-15,48.8262939453125,48.8262939453125,48.504880926590936,48.62541080861153,177900
2005-04-18,48.72297286987305,48.87794295983005,48.711495712320705,48.86072065511683,326100
2005-04-19,49.00420379638672,49.00420379638672,48.7516669478181,48.763144104102864,107600
2005-04-20,48.975502014160156,49.004197090406606,48.71722005440978,48.71722005440978,229300
2005-04-21,48.62540817260742,48.883685851661056,48.619667403606044,48.786114673256236,565200
2005-04-22,48.83200454711914,48.86644038387293,48.71721112640443,48.791827944599305,74800
2005-04-25,48.83200454711914,48.85496323126209,48.786087178833256,48.82626378135309,79100
2005-04-26,48.809017181396484,48.900847485084874,48.70570535292286,48.895111101610944,119600
2005-04-27,48.95830154418945,49.04439118253816,48.889425454586856,48.94682000646054,123700
2005-04-28,49.2567138671875,49.2567138671875,48.9984364143852,49.03287224038021,103300
2005-04-29,49.07880401611328,49.291164177377624,49.061586098056296,49.130457770284224,174200
2005-05-02,49.128883361816406,49.157668305226736,49.013730410267215,49.117365870343505,141400
2005-05-03,49.1922492980957,49.23255175994248,49.042552557248136,49.16345994278848,259200
2005-05-04,49.18071365356445,49.22677484800605,49.054047565168666,49.08283690985399,114500
2005-05-05,49.33616256713867,49.39949560296745,49.14616345965236,49.238281443725405,108000
2005-05-06,48.98492431640625,49.100072825601266,48.93310441242465,49.042498571003755,591000
2005-05-09,48.97921371459961,48.99072681978166,48.91012190559214,48.95618311159712,32900
2005-05-10,49.15193176269531,49.163444865704115,49.031024414233954,49.03677876941958,101300
2005-05-11,49.21524429321289,49.34190594405518,49.18069621331434,49.24402923505335,408600
2005-05-12,49.26129150390625,49.29583957708979,49.054020635344486,49.11159929310542,546800
2005-05-13,49.387962341308594,49.45705410178175,49.30159873887597,49.376449244214044,214400
2005-05-16,49.39374923706055,49.46859539242027,49.37071863711038,49.45708228876408,111900
2005-05-17,49.4570426940918,49.52037569509174,49.439770856116226,49.47431453206736,112800
2005-05-18,49.61831283569336,49.68740466442351,49.54922100696321,49.64710219582417,93000
2005-05-19,49.46860885620117,49.6470949562338,49.46860885620117,49.59527499408272,116200
2005-05-20,49.46281051635742,49.497354198648935,49.41674934487868,49.46856486831595,70400
2005-05-23,49.6873779296875,49.72768037660176,49.526163749393206,49.54343999175983,163800
2005-05-24,49.81977844238281,49.848567775506126,49.698871150008806,49.81977844238281,188900
2005-05-25,49.641319274902344,49.917677669984734,49.63556052715219,49.917677669984734,150000
2005-05-26,49.67009353637695,49.762215909999114,49.61251924918137,49.641308589097434,181400
2005-05-27,49.721923828125,49.75646752911143,49.64131893073169,49.71040633270455,69600
2005-05-31,49.98101806640625,49.98101806640626,49.86586945029701,49.86586945029701,122600
2005-06-01,50.28939437866211,50.31826713313487,50.0410657788088,50.075714846590536,781400
2005-06-02,50.272090911865234,50.34716539219851,50.22011288237456,50.2489900549847,154500
2005-06-03,49.98331832885742,50.52617284369966,49.98331832885742,50.52040093614211,245300
2005-06-06,50.116119384765625,50.15076843813708,49.97174245433888,50.02372044043032,311700
2005-06-07,50.2605094909668,50.300934865842414,50.116132522691686,50.254733178545884,111200
2005-06-08,50.16816711425781,50.2605661870456,50.15083815744725,50.24901795521227,104600
2005-06-09,50.139251708984375,50.15657624654963,49.931348446127295,50.046852706624016,783400
2005-06-10,49.82157897949219,49.98328480942401,49.815807075805346,49.98328480942401,200900
2005-06-13,49.688804626464844,49.763879104130226,49.64837922986998,49.740778248070626,276400
2005-06-14,49.631046295166016,49.68301990798143,49.555967424161054,49.68301990798143,301500
2005-06-15,49.61370086669922,49.61370086669922,49.49242034245684,49.55017465153804,116700
2005-06-16,49.769649505615234,49.775425820453194,49.53286906366882,49.59062339997387,215700
2005-06-17,49.71187210083008,49.76962199918094,49.63102136193189,49.68299494863723,149000
2005-06-20,49.63679885864258,49.63679885864258,49.51552273663474,49.56172442293353,178800
2005-06-21,49.79273986816406,49.81006440299059,49.659911091100106,49.694564566789495,217900
2005-06-22,50.16816711425781,50.21436444763151,49.92561018535407,50.029561896015565,487300
2005-06-23,50.116119384765625,50.13922022235801,50.02372044043032,50.09879485807989,169200
2005-06-24,50.23741912841797,50.27207260413788,50.17966921026657,50.237419128417976,67500
2005-06-27,50.27785873413086,50.324060444135874,50.23166143016342,50.27785873413086,880800
2005-06-28,50.064208984375,50.214358009158126,50.046884435826165,50.214358009158126,168000
2005-06-29,50.046852111816406,50.1970010396221,49.9717732418766,50.1970010396221,350300
2005-06-30,50.22010040283203,50.24320125397207,50.01219714860851,50.04685062833698,299500
2005-07-01,49.787940979003906,50.12971042337353,49.7242213269935,50.100745338113704,270000
2005-07-05,49.58521270751953,49.71844595027997,49.56204151662847,49.63734899188763,142200
2005-07-06,49.6894645690918,49.71263575238758,49.60257373659544,49.660503904560564,299700
2005-07-07,49.80534744262695,49.93857629437343,49.79375963498152,49.91540509853628,209900
2005-07-08,49.62577819824219,49.85169186255646,49.55626902119428,49.85169186255646,157300
2005-07-11,49.60260772705078,49.625778926224754,49.44041375228732,49.486756150635266,171300
2005-07-12,49.47517013549805,49.579433897066906,49.46937623114841,49.527302016282476,123700
2005-07-13,49.42882537841797,49.48675116078495,49.39986027750752,49.475167772093116,108300
2005-07-14,49.365081787109375,49.46934991266003,49.32453331714255,49.45776211012564,236000
2005-07-15,49.376686096191406,49.41144509907378,49.31876031732563,49.33034812477098,318800
2005-07-18,49.295597076416016,49.40565916763857,49.25504858272155,49.35931676928651,182700
2005-07-19,49.365081787109375,49.42300754142602,49.272397044641345,49.30715603279274,156600
2005-07-20,49.45778274536133,49.50991903961533,49.19711453245217,49.37668577159165,341100
2005-07-21,49.09282684326172,49.28977529569131,49.08124345995192,49.27819191238151,509200
2005-07-22,49.3245849609375,49.35354565869235,49.17976821379409,49.237694028760174,368100
2005-07-25,49.237674713134766,49.35932020267971,49.214503512346965,49.28401711471036,125600
2005-07-26,49.27241516113281,49.295586355269414,49.237660579654616,49.24924396699622,90800
2005-07-27,49.2028694152832,49.23762397092099,49.15652706146608,49.17969823837464,64600
2005-07-28,49.41725158691406,49.43462888460764,49.24347419052313,49.24347419052313,142900
2005-07-29,49.12179946899414,49.31874795164764,49.09283437709684,49.27819947466295,205800
2005-08-01,49.02363586425781,49.08174739515902,48.9306538679154,49.08174739515902,109700
2005-08-02,48.977115631103516,49.093343057154094,48.96549510530994,49.01779412181548,337600
2005-08-03,49.09914779663086,49.13401823890915,49.02941577931962,49.05266126296426,129600
2005-08-04,49.06427001953125,49.15724749818576,49.01196658547054,49.10494849774665,179300
2005-08-05,48.80280303955078,48.86091456183836,48.76212453058698,48.86091456183836,160100
2005-08-08,48.6749267578125,48.81439521701828,48.66911427887239,48.78533725594015,146800
2005-08-09,48.814388275146484,48.814388275146484,48.64586187882863,48.703973359098505,293300
2005-08-10,48.791141510009766,48.89574394518655,48.73884250923219,48.878310944927364,91900
2005-08-11,49.0003776550293,49.01199818474506,48.791172651149886,48.85509664864774,278200
2005-08-12,49.19791793823242,49.2618374446915,49.00614611799376,49.02939159017,130600
2005-08-15,49.13400650024414,49.215363456751945,49.12819402231598,49.215363456751945,147200
2005-08-16,49.366455078125,49.3780800346087,49.26766511612282,49.28509811722652,214800
2005-08-17,49.174713134765625,49.31999413080279,49.12822215196393,49.27931562925735,138400
2005-08-18,49.43622589111328,49.442038373396784,49.26188689160786,49.279324338458345,247800
2005-08-19,49.407127380371094,49.43037285680987,49.29671690931354,49.3141499082373,76000
2005-08-22,49.447776794433594,49.48264720540847,49.2560094853559,49.34317886236504,1267300
2005-08-23,49.54081726074219,49.569875231998644,49.41296928101205,49.45364778059674,90400
2005-08-24,49.564048767089844,49.61634778024718,49.48269179087442,49.60472725519756,80500
2005-08-25,49.593116760253906,49.62798721281804,49.51175976031089,49.569875703376454,202000
2005-08-26,49.51172637939453,49.64538675125765,49.45942738624439,49.622141276428366,100500
2005-08-29,49.546634674072266,49.616366718231276,49.48852315939829,49.61055867030095,176500
2005-08-30,49.779083251953125,49.854627774761504,49.598931799680514,49.64542278308146,168900
2005-08-31,50.1044921875,50.121925191230396,49.889474796372646,49.89528727549028,290100
2005-09-01,50.15348434448242,50.252589315141115,50.04854836150287,50.07769897534799,242800
2005-09-02,50.165130615234375,50.229258387347556,50.08351425940993,50.11849142683246,71800
2005-09-06,50.00771713256836,50.15929224876684,49.961077951006196,50.15346123913228,142800
2005-09-07,49.84449768066406,49.955264654348206,49.78036990092675,49.94360263198233,125000
2005-09-08,49.84449768066406,49.93194505737479,49.815347072507706,49.920283035008914,264600
2005-09-09,49.88528823852539,49.984393154829036,49.84448007017937,49.92609640687141,79400
2005-09-12,49.72787857055664,49.7861753091314,49.640431238816475,49.77451329276282,103600
2005-09-13,49.879432678222656,49.931902838987895,49.83279797146471,49.83862452996284,120800
2005-09-14,49.774505615234375,49.91442310353933,49.74535947432071,49.89693008168469,108000
2005-09-15,49.62294006347656,49.79200370991946,49.564638880198736,49.79200370991946,97600
2005-09-16,49.43056869506836,49.58214380200353,49.39559153491289,49.55882421264759,224800
2005-09-19,49.529666900634766,49.55881749531776,49.401411400439606,49.44221956434204,203400
2005-09-20,49.488887786865234,49.54718456269534,49.34897463532119,49.51220738674906,124000
2005-09-21,49.71623229980469,49.75120946447595,49.66376655279781,49.698743717469064,101500
2005-09-22,49.751224517822266,49.774544117244794,49.6812701673135,49.74539795378574,124700
2005-09-23,49.47718811035156,49.663740302924815,49.47718811035156,49.663740302924815,101200
2005-09-26,49.34895706176758,49.40725381683775,49.2964868687743,49.33146848002226,69300
2005-09-27,49.37811279296875,49.46556016641425,49.25568824924831,49.38394380393396,93400
2005-09-28,49.47718811035156,49.50633424958654,49.30812449087031,49.343101637054325,71000
2005-09-29,49.3664436340332,49.40142079610008,49.325635462369455,49.3897632246635,116200
2005-09-30,49.22653579711914,49.39559951143286,49.19738519377768,49.36644890809141,145900
2005-10-03,49.037601470947266,49.22477218085021,49.01420959460473,49.22477218085021,138400
2005-10-04,49.06101989746094,49.16630123798242,49.03762354818979,49.131208945274366,151200
2005-10-05,49.1779670715332,49.230605473590295,49.09608213784826,49.154570738709765,130300
2005-10-06,49.11363983154297,49.19552478450083,49.08439329303148,49.16043250820325,218100
2005-10-07,49.1779670715332,49.22475973718009,48.96740453851644,48.99080087133988,59900
2005-10-10,49.1896858215332,49.33005942118666,49.131197193543954,49.30666753990798,42900
2005-10-11,49.09609603881836,49.17213079522722,49.03175722093568,49.15458465624021,105800
2005-10-12,48.90889358520508,49.09020950372859,48.87379687081279,49.08435930759784,139500
2005-10-13,48.83292007446289,48.86801683603984,48.751035068113616,48.8153739248735,303100
2005-10-14,48.83292007446289,48.94990184238912,48.69254641534958,48.93820143439741,134300
2005-10-17,48.774410247802734,48.89138750254875,48.74516370291812,48.82705313611581,153000
2005-10-18,48.844600677490234,48.85629661834143,48.780261846817744,48.82705453501526,81700
2005-10-19,48.903053283691406,48.99663412875678,48.87380675951238,48.95569167234198,68100
2005-10-20,48.932334899902344,48.94988104203583,48.791956838041955,48.83874952532875,111500
2005-10-21,49.148738861083984,49.17798540361407,48.973272993091065,48.97911873168039,92500
2005-10-24,48.93815994262695,49.11363021454635,48.885521538487765,49.101929816474716,343300
2005-10-25,48.710044860839844,49.02003843305587,48.65155626535652,48.97325023410549,190500
2005-10-26,48.52290725708008,48.61064243317659,48.476114568175745,48.58139588701228,148700
2005-10-27,48.63405990600586,48.68085261523862,48.52292833717765,48.61651375564317,245800
2005-10-28,48.5814094543457,48.692541005930096,48.47612810610725,48.6632944515981,784300
2005-10-31,48.61648178100586,48.698366737108984,48.575539302954304,48.58138504096493,123300
2005-11-01,48.585960388183594,48.66226399025828,48.52726840975678,48.656393449042326,144000
2005-11-02,48.48619079589844,48.62118191858708,48.45097649918168,48.50966848634681,85800
2005-11-03,48.315982818603516,48.53314810544714,48.30424621186873,48.53314810544714,201600
2005-11-04,48.292510986328125,48.42163606563579,48.216211838515555,48.35707352598195,156200
2005-11-07,48.38051986694336,48.42160468574215,48.31595736912961,48.40986808518939,132400
2005-11-08,48.62114715576172,48.65049536731689,48.53897753689731,48.53897753689731,71200
2005-11-09,48.36289596557617,48.562449451177955,48.351154891183214,48.5096280501332,124300
2005-11-10,48.638790130615234,48.65052673605977,48.450973098123846,48.48031685069081,102700
2005-11-11,48.69747543334961,48.7268191818912,48.59769862806902,48.715082578056695,72600
2005-11-14,48.480316162109375,48.63878943978295,48.39814649143093,48.61531175131608,199700
2005-11-15,48.644691467285156,48.66230310508929,48.480352004429406,48.480352004429406,194100
2005-11-16,48.891170501708984,48.90877764912452,48.715090071730955,48.715090071730955,102500
2005-11-17,48.98507308959961,49.06724275662162,48.814863214222314,48.85008198431104,99900
2005-11-18,48.86771011352539,48.95575035968396,48.83836187216822,48.86771011352539,100000
2005-11-21,48.96159744262695,49.0379010494066,48.90877600215908,48.96159744262696,274600
2005-11-22,49.131839752197266,49.15531745609316,48.955763689849306,48.99684855218858,186700
2005-11-23,49.00269317626953,49.15529594585716,48.94987172405393,49.114211101496515,177200
2005-11-25,49.149417877197266,49.14941787719727,49.06137765907315,49.08485534910035,31400
2005-11-28,49.21397018432617,49.26092555462868,49.12592998448662,49.13767106601753,158300
2005-11-29,48.943992614746094,49.20810878542156,48.93812207289,49.20810878542156,86300
2005-11-30,48.92053985595703,49.032057818497,48.855977296372174,49.032057818497,46100
2005-12-01,48.8104133605957,49.02242807082305,48.73385424035742,48.939978404975726,321100
2005-12-02,48.851619720458984,48.863400807222085,48.76328403557624,48.81628544650589,343200
2005-12-05,48.70436096191406,48.786810551509,48.645469039798485,48.786810551509,305700
2005-12-06,48.934017181396484,48.981132491878064,48.76911808787426,48.76911808787426,1021700
2005-12-07,48.90460205078125,48.96349397670442,48.83392904377388,48.93993630770196,73000
2005-12-08,49.11662673950195,49.13429387161715,48.93994643201626,48.96939464765283,70600
2005-12-09,48.898712158203125,49.022386552230394,48.845710772119716,48.981161754221304,66100
2005-12-12,48.78678894042969,48.93991146463404,48.763235776549315,48.93991146463404,592500
2005-12-13,48.90460205078125,48.93993630770196,48.82215245585562,48.91049259132335,210700
2005-12-14,49.21083450317383,49.23439216822296,49.05182588054867,49.098941210646935,83300
2005-12-15,49.146087646484375,49.157868734125145,48.98707890868145,49.134311052012045,116500
2005-12-16,49.23442459106445,49.305097632752876,49.16375604254417,49.29331654588741,420400
2005-12-19,49.26387023925781,49.293313968545725,49.1401957926456,49.175530065058254,143600
2005-12-20,49.181427001953125,49.216761278959375,49.11664449866267,49.181427001953125,103600
2005-12-21,49.11662673950195,49.151961003732346,49.08717852386538,49.122517281262645,143700
2005-12-22,49.31101608276367,49.3345692834878,49.18733706652324,49.18733706652324,124500
2005-12-23,49.42878723144531,49.540685125113555,49.240330222365344,49.287445597927714,84100
2005-12-27,49.664306640625,49.66430664062501,49.41695792251648,49.42873450726057,178300
2005-12-28,49.511878967285156,49.65962269994417,49.49415044077102,49.61825463515088,558000
2005-12-29,49.57096862792969,49.60051917384231,49.45277546183977,49.59460816290373,159100
2005-12-30,49.588680267333984,49.69505136565642,49.494122168231826,49.65959433288227,166900
2006-01-03,49.58277130126953,49.65959637837073,49.41729912980325,49.45866717266982,299500
2006-01-04,49.67141342163086,49.71278146035491,49.52957628133863,49.588677344182756,112300
2006-01-05,49.6832160949707,49.706855611294664,49.60048004222517,49.665487584921905,159700
2006-01-06,49.618228912353516,49.67141897310235,49.55913235168259,49.65368594700036,179100
2006-01-09,49.64189910888672,49.641899108886726,49.529612418092306,49.594620027627876,78600
2006-01-10,49.44095230102539,49.57096296536087,49.41140175848838,49.53550592134026,140500
2006-01-11,49.31682586669922,49.511848556129756,49.30500835920864,49.511848556129756,384300
2006-01-12,49.494117736816406,49.5177572594754,49.3641026165809,49.423199168839425,97800
2006-01-13,49.712806701660156,49.736446237044994,49.53551244066407,49.58279151143374,96200
2006-01-17,49.77190017700195,49.801446212802304,49.65370250746035,49.677342041368675,166600
2006-01-18,49.78961181640625,49.842797368079516,49.70687573017326,49.83097985952275,125900
2006-01-19,49.665489196777344,49.742314245741,49.612299156127996,49.665489196777344,108600
2006-01-20,49.748252868652344,49.748252868652344,49.62414871661317,49.730524348186655,98000
2006-01-23,49.736473083496094,49.77193015132197,49.57690726071407,49.600546808858915,79100
2006-01-24,49.65366744995117,49.706857490885575,49.58866441357316,49.65366744995117,66200
2006-01-25,49.346397399902344,49.565059706152546,49.32866887673234,49.565059706152546,95500
2006-01-26,49.24003219604492,49.29912878873951,49.16911357954282,49.275489249905476,77100
2006-01-27,49.275474548339844,49.35821065518377,49.13955287657326,49.35821065518377,114600
2006-01-30,49.16912841796875,49.24004705587292,49.12776033972023,49.21640750990486,125400
2006-01-31,49.24003219604492,49.28140026180924,49.11592799875199,49.22230366911465,255700
2006-02-01,49.08823776245117,49.23645103525675,49.06452309602906,49.20680657145158,474200
2006-02-02,49.08823776245117,49.19495149979559,49.07637816768506,49.12380750052927,94800
2006-02-03,49.23647689819336,49.26018705395981,48.95190527475842,49.017119510897416,283800
2006-02-06,49.1652946472168,49.224579036778394,49.159364851327936,49.20679417222082,53300
2006-02-07,49.106021881103516,49.242375557059354,49.08230721504379,49.23645028287697,228800
2006-02-08,49.076385498046875,49.18309925133074,49.028956158118305,49.177169453061964,62000
2006-02-09,49.12379455566406,49.17714914872146,49.01115105061986,49.08822482695913,96600
2006-02-10,48.981502532958984,49.24828449770614,48.928143426144665,49.23642943125193,102900
2006-02-13,48.981502532958984,49.02892732188398,48.95185808216123,49.02892732188398,66000
2006-02-14,48.91038513183594,48.98152913852933,48.85703051914884,48.92817000273163,77100
2006-02-15,48.99928665161133,49.05264123450891,48.88664316801677,49.02892657885174,75200
2006-02-16,48.97560501098633,49.017104555584694,48.9163205934331,49.017104555584694,248200
2006-02-17,49.141605377197266,49.21274939529519,49.1119609055453,49.159390250943915,199200
2006-02-21,49.08230972290039,49.17123859439066,49.070450127709535,49.14752392711924,164200
2006-02-22,49.26605987548828,49.26605987548828,49.147491141337426,49.177131063321504,115700
2006-02-23,49.14748001098633,49.18304971855471,49.06448101125592,49.177119926257895,73300
2006-02-24,49.08823776245117,49.18309190502948,49.040808429606955,49.18309190502948,343300
2006-02-27,48.99335861206055,49.12378696129344,48.975573750457556,49.12378696129344,287700
2006-02-28,49.18899917602539,49.21271383158724,49.07042589821617,49.082285487551125,95900
2006-03-01,49.092079162597656,49.20508636869338,49.03854776160539,49.15155496770112,227000
2006-03-02,48.89580535888672,49.01476150787004,48.83038061137417,48.95528116452183,113300
2006-03-03,48.7768669128418,48.86608291423106,48.759024620106814,48.86608291423106,76500
2006-03-06,48.622222900390625,48.71738783891002,48.56274708267301,48.634116248848535,350700
2006-03-07,48.64602279663086,48.66981403549683,48.5330155464462,48.56275572945738,130300
2006-03-08,48.66983413696289,48.6757785458484,48.59846039088641,48.64604288827073,84500
2006-03-09,48.71734619140625,48.71734619140625,48.59839011995022,48.65192148653297,507200
2006-03-10,48.622222900390625,48.64601413502047,48.49732232186943,48.61627395730466,408500
2006-03-13,48.580589294433594,48.61032947210057,48.50327118529908,48.56274700291901,246900
2006-03-14,48.860103607177734,48.88983923068572,48.66382943363665,48.71141187650325,122700
2006-03-15,48.77090072631836,48.83632546835849,48.71142492565808,48.75900738127139,118400
2006-03-16,49.08017349243164,49.09802031507306,48.8363213688804,48.84227030976087,174900
2006-03-17,48.97909927368164,49.04452405709882,48.94936362340193,49.014788406819115,111300
2006-03-20,49.074214935302734,49.12774177465177,49.02663249740734,49.109899494868756,240100
2006-03-21,48.87201690673828,49.044499929282374,48.800647751005116,49.044499929282374,96800
2006-03-22,48.93148422241211,48.98501561763357,48.86606402024989,48.94933104596098,131500
2006-03-23,48.80659103393555,48.961231763992714,48.76495751481015,48.961231763992714,109700
2006-03-24,49.020729064941406,49.074260491695526,48.794719081696314,48.836352619076074,68800
2006-03-27,48.91362380981445,48.99689080466787,48.8779392513661,48.96120624621952,79700
2006-03-28,48.675724029541016,48.87794714807821,48.6221971832207,48.860104865971444,125600
2006-03-29,48.62813949584961,48.71140649280754,48.55676583943809,48.63408389726731,58100
2006-03-30,48.48545455932617,48.56872620112367,48.384345152616355,48.55682830755966,100800
2006-03-31,48.52106857299805,48.56865099814445,48.431852660275986,48.527012972858984,87400
2006-04-03,48.4673957824707,48.48529511337168,48.35999524484441,48.383857984565395,244300
2006-04-04,48.473384857177734,48.544986770914164,48.41371887184216,48.50322012595697,127200
2006-04-05,48.58671951293945,48.61655476090019,48.5210856092016,48.610586800864105,101800
2006-04-06,48.449466705322266,48.52106854391321,48.40173669847974,48.509137180257106,289900
2006-04-07,48.228759765625,48.37195906110685,48.1750571846796,48.342123788112346,129700
2006-04-10,48.28842544555664,48.30035682334278,48.21086010938798,48.27052610276568,118300
2006-04-11,48.37790298461914,48.413701652643475,48.3003331342714,48.37790298461914,154100
2006-04-12,48.26454544067383,48.44354792593975,48.21084742642743,48.38984535947105,201600
2006-04-13,48.00794982910156,48.151149003027015,47.99601846136596,48.09148305990971,175800
2006-04-17,48.19293975830078,48.23470639462579,48.055708475613734,48.13924174826375,162200
2006-04-18,48.348079681396484,48.40178224893319,48.19294449456225,48.300345077413276,276200
2006-04-19,48.21084213256836,48.22277350590554,48.10344156364654,48.20487416978887,128600
2006-04-20,48.16908264160156,48.21681269425102,48.10344869795828,48.19294539181505,128400
2006-04-21,48.27053451538086,48.28246589524641,48.12136722982791,48.22876785751501,108500
2006-04-24,48.33015823364258,48.413691476288534,48.24065703017325,48.26452432124643,118800
2006-04-25,48.02582550048828,48.31222825948397,48.01986209566773,48.31222825948397,241400
2006-04-26,48.00199508666992,48.04376171357461,47.94232912712336,48.03183034255366,76300
2006-04-27,48.133262634277344,48.204864516627346,47.93636087198051,47.97216408926595,132900
2006-04-28,48.216796875,48.216796875,48.061666288396104,48.13923158169805,70700
2006-05-01,47.95570755004883,48.11739436021779,47.91378840897956,48.07547521914852,169700
2006-05-02,48.0335693359375,48.069498732815624,47.92577657645816,47.973685484858976,87900
2006-05-03,47.96770477294922,48.04555790599025,47.853926805101764,48.03357839220894,116600
2006-05-04,47.9377555847168,48.00961437771865,47.895836432517406,48.00961437771865,193200
2006-05-05,48.051517486572266,48.15332502407513,47.99762340981492,48.09942637847439,85200
2006-05-08,48.07545471191406,48.117373835102164,47.991616465537874,48.111384083549076,82400
2006-05-09,48.05747604370117,48.06945097448146,47.9796275715282,48.05747604370117,59600
2006-05-10,48.08145523071289,48.20721262843899,48.00360671845658,48.13534930023431,98600
2006-05-11,47.99762725830078,48.015591951993656,47.90779922099267,48.015591951993656,203700
2006-05-12,47.817955017089844,47.919757959493765,47.79400057731676,47.8359197047091,134700
2006-05-15,47.91975021362305,48.02754289075691,47.811957536489174,47.811957536489174,106100
2006-05-16,48.09941864013672,48.159302460958436,47.99162593512055,48.039534819314994,86200
2006-05-17,47.96171569824219,48.0216041303089,47.87189218783391,47.94974075313638,245300
2006-05-18,48.303070068359375,48.30307006835937,48.10544918013209,48.15934329391415,168500
2006-05-19,48.27307891845703,48.41081123234285,48.19523041794948,48.261099414476114,223600
2006-05-22,48.33897018432617,48.51263650490482,48.32699067595867,48.45873785493859,189000
2006-05-23,48.32101821899414,48.33898291743375,48.20723570374993,48.249154856390696,102500
2006-05-24,48.392860412597656,48.50664288881118,48.37489572032045,48.482688442827104,171700
2006-05-25,48.315025329589844,48.458747476630144,48.2850811215693,48.42880783745428,181600
2006-05-26,48.35697555541992,48.47674332677975,48.33901084660071,48.35098579619764,178000
2006-05-30,48.315025329589844,48.35694447951179,48.23717678511898,48.332990026864294,95600
2006-05-31,48.1652946472168,48.368900562066244,48.129365266676984,48.368900562066244,110900
2006-06-01,48.24583053588867,48.26386571926053,48.10759289593747,48.12562349370461,96100
2006-06-02,48.61848449707031,48.63651509661514,48.45620451556169,48.55236924166916,403900
2006-06-05,48.52233123779297,48.61248425682213,48.48626544457504,48.600465382820325,100200
2006-06-06,48.56440353393555,48.59445301134639,48.44419186747358,48.486264804333715,96600
2006-06-07,48.4983024597168,48.54638255476891,48.43218717021166,48.492290728232454,141900
2006-06-08,48.56440353393555,48.7447141552192,48.52833774119385,48.576422407778644,152600
2006-06-09,48.684608459472656,48.726681394470184,48.58243198670809,48.5944508600191,73900
2006-06-12,48.66054916381836,48.690603215027814,48.60044564700385,48.64853029469722,122500
2006-06-13,48.72667694091797,48.77476160097912,48.648542807522766,48.750719270948544,111600
2006-06-14,48.40214157104492,48.62452981881854,48.40214157104492,48.58846400920682,165500
2006-06-15,48.293922424316406,48.3840800122678,48.28190355253874,48.3660494117986,112200
2006-06-16,48.26388931274414,48.402127020271934,48.215804638122755,48.402127020271934,126100
2006-06-19,48.20979690551758,48.251869852898736,48.14368161883185,48.23383924482214,67200
2006-06-20,48.17372131347656,48.215794248302416,48.13164837865071,48.215794248302416,105200
2006-06-21,48.16769027709961,48.221786649110086,48.14364795460653,48.221786649110086,180600
2006-06-22,48.01141357421875,48.13162517692061,48.01141357421875,48.11960172384854,112600
2006-06-23,47.96934127807617,48.06551056147743,47.921261221979364,48.023437646390335,167600
2006-06-26,47.939308166503906,47.993399967662924,47.891223508403414,47.98738823899902,264400
2006-06-27,48.06553268432617,48.083563286861796,47.963356212887014,47.98138681542264,231900
2006-06-28,47.90925216674805,48.04749440678186,47.8912215670926,48.01142862186575,229700
2006-06-29,48.10757827758789,48.1256088698761,47.98736668632755,47.9933784122914,328400
2006-06-30,48.2758903503418,48.33599387860641,48.09557517994269,48.16169043671535,125400
2006-07-03,48.25297546386719,48.3012476450854,48.192637539088715,48.289177298036556,41200
2006-07-05,48.07796859741211,48.16847774177894,48.01763070232967,48.16847774177894,1712900
2006-07-06,48.228858947753906,48.228858947753906,48.09611269727081,48.11421362170206,132400
2006-07-07,48.37968444824219,48.42795662742623,48.283140089874124,48.349513185380076,274600
2006-07-10,48.41588592529297,48.421921098518744,48.32537674085975,48.34348226053708,133200
2006-07-11,48.470184326171875,48.56069349389042,48.4581139819494,48.48225006690685,167200
2006-07-12,48.512386322021484,48.51238632202148,48.37360508451948,48.39170598430579,114300
2006-07-13,48.62101745605469,48.627048022948365,48.48223615823509,48.524473143921725,343800
2006-07-14,48.65718460083008,48.68735582774475,48.58477641832458,48.620982811318775,397600
2006-07-17,48.61497497558594,48.65117678544915,48.53653618638714,48.60290924012669,153400
2006-07-18,48.427921295166016,48.53049614847878,48.385684320067526,48.53049614847878,182100
2006-07-19,48.73569107055664,48.74172624502282,48.33142184761913,48.33142184761913,235300
2006-07-20,48.8382568359375,48.84428740521201,48.663273653728744,48.68137456852827,297600
2006-07-21,48.80807113647461,48.91064602565201,48.74773323716358,48.90461545816155,288300
2006-07-24,48.80807113647461,48.84427295536389,48.76583414660823,48.82617204591925,361000
2006-07-25,48.75981903076172,48.83826247526815,48.699481106633435,48.735682940412694,176500
2006-07-26,48.880496978759766,48.91066363753445,48.72964987442146,48.74775079038393,157700
2006-07-27,48.874446868896484,48.94081994279986,48.814108966298924,48.94081994279986,74200
2006-07-28,49.00719451904297,49.06753242349021,48.983058436566665,49.01926025853761,89400
2006-07-31,49.08563995361328,49.08563995361328,48.983065041872166,49.03133721333421,89700
2006-08-01,49.09713363647461,49.09713363647461,48.98203709229531,49.0365535890484,97600
2006-08-02,49.13956069946289,49.18801829062403,49.03657734191939,49.09715741869003,91200
2006-08-03,49.15168762207031,49.23043527353434,49.078994282679645,49.13957437631134,111500
2006-08-04,49.393985748291016,49.41215792465131,49.321292421238326,49.40004468094827,157100
2006-08-07,49.32733917236328,49.36368351610854,49.290994828618025,49.35762920655789,172600
2006-08-08,49.3333854675293,49.40001982840179,49.26675110665681,49.321267608311125,118200
2006-08-09,49.3091926574707,49.31525159178433,49.19409601357553,49.19409601357553,110700
2006-08-10,49.32126998901367,49.32126998901367,49.18194695254374,49.32126998901367,166700
2006-08-11,49.163780212402344,49.21829672270706,49.14560342069088,49.194065622035,192000
2006-08-14,49.07900619506836,49.133527368247734,49.06689294636927,49.115355184392406,191700
2006-08-15,49.31520462036133,49.35760787694324,49.248570271217126,49.27279674217106,147200
2006-08-16,49.521202087402344,49.5575464448809,49.46668555118451,49.50908884211353,182600
2006-08-17,49.509098052978516,49.61207683273438,49.478808001703044,49.61207683273438,300000
2006-08-18,49.64232635498047,49.65444421537071,49.5332887195163,49.569637679077424,344300
2006-08-21,49.70290756225586,49.70290756225586,49.64838643245909,49.666558601854774,83800
2006-08-22,49.721073150634766,49.76953534368201,49.672610957587516,49.68472419504478,187200
2006-08-23,49.6726188659668,49.70896320573406,49.59992556482242,49.67867779646462,239800
2006-08-24,49.721073150634766,49.77558965160609,49.7089552915684,49.757417484615644,111400
2006-08-25,49.78773880004883,49.81802422352957,49.69081435304164,49.721104398134386,96900
2006-08-28,49.78168869018555,49.7877476246004,49.721113210875444,49.7635165085538,106000
2006-08-29,49.82404708862305,49.82404708862305,49.59991293338143,49.65443405075746,248600
2006-08-30,49.8846435546875,49.91493359062926,49.83012703592506,49.836181345824926,131800
2006-08-31,49.9512825012207,50.00580364657611,49.90887921999362,49.92705139457508,171200
2006-09-01,50.025482177734375,50.04980532309061,49.89171183702352,49.952517380831296,252800
2006-09-05,49.86124801635742,49.95854048318621,49.83692489965022,49.95854048318621,284800
2006-09-06,49.824790954589844,49.83086825748168,49.69101606436909,49.7274984383702,334400
2006-09-07,49.86124801635742,49.89165307203145,49.709232016307546,49.75787824972194,135200
2006-09-08,49.90991973876953,49.98288448699407,49.8916785517134,49.90991973876953,66000
2006-09-11,49.818748474121094,49.922118375112206,49.764020230606505,49.88563597221327,196600
2006-09-12,49.95856475830078,49.95856475830078,49.751820485411606,49.78222555585962,111000
2006-09-13,50.00722885131836,50.05587513023368,49.95858721156754,50.00722885131837,114000
2006-09-14,49.90991973876953,50.01937150026886,49.867355422584374,49.922078983752776,69600
2006-09-15,49.8795280456543,50.03762610781483,49.85520491000162,49.98897983650947,110900
2006-09-18,49.8065299987793,49.830848479019394,49.69707828105615,49.69707828105615,188000
2006-09-19,50.104515075683594,50.12883821206669,49.99506328154164,50.007222530151225,128400
2006-09-20,50.11666488647461,50.22003471726353,50.08018250835218,50.22003471726353,112200
2006-09-21,50.47544860839844,50.481525914785394,50.11061074107837,50.11061074107837,114600
2006-09-22,50.6274528503418,50.63353015529755,50.53016030108063,50.54232418932032,327000
2006-09-25,50.7977180480957,50.81595924411928,50.651783840742304,50.71258937387582,286200
2006-09-26,50.670005798339844,50.74905249748442,50.61527759188356,50.74905249748442,276800
2006-09-27,50.657833099365234,50.80377186508282,50.597027599897366,50.80377186508282,233800
2006-09-28,50.60920715332031,50.627448344892436,50.52407386071094,50.615284457735235,160800
2006-09-29,50.55447769165039,50.682170668667204,50.438943962326995,50.66392947754531,259000
2006-10-02,50.64360809326172,50.68633482652879,50.509322743889584,50.53984383487949,337500
2006-10-03,50.637508392333984,50.69244543065417,50.58867650424165,50.68634028042633,135400
2006-10-04,50.86941909790039,50.86941909790038,50.704617406099416,50.722928187759294,136000
2006-10-05,50.69242477416992,50.81449978779168,50.63138261049578,50.81449978779168,139800
2006-10-06,50.41773986816406,50.600857012263276,50.35670237241846,50.600857012263276,624700
2006-10-09,50.478790283203125,50.564243730489984,50.39944198411207,50.478790283203125,898300
2006-10-10,50.17360305786133,50.32009868794392,50.14919177637831,50.30178789839962,1711900
2006-10-11,50.11254119873047,50.301763464791534,50.04539856510587,50.29565831895425,502600
2006-10-12,50.14308547973633,50.21022814443785,50.09425360415995,50.14308547973633,230000
2006-10-13,50.05760955810547,50.07592033901202,49.990466923540176,50.07592033901202,1280200
2006-10-16,50.14308547973633,50.14308547973633,50.06373251770873,50.13698033107329,240400
2006-10-17,50.19801712036133,50.32619729924558,50.124773964921125,50.25905463551613,300300
2006-10-18,50.185768127441406,50.228494816826995,50.1247306650134,50.17966298414064,294600
2006-10-19,50.14308547973633,50.20412299577481,50.06983766637177,50.11866954194814,175500
2006-10-20,50.13086700439453,50.173593724337714,50.112556218256486,50.173593724337714,69200
2006-10-23,49.99052047729492,50.04545287886248,49.929482923264246,50.03935238326622,356600
2006-10-24,50.05760955810547,50.05760955810547,49.996572069462985,50.00267255852392,203700
2006-10-25,50.24074172973633,50.24684687805374,50.03931840389895,50.06983483175858,127200
2006-10-26,50.411659240722656,50.41776439032536,50.3140001314028,50.375037656835794,115900
2006-10-27,50.576416015625,50.58252115923243,50.47875234534673,50.564205728410165,249000
2006-10-30,50.600860595703125,50.606965742768764,50.50930201716954,50.582549811368956,128800
2006-10-31,50.82673263549805,50.82673263549805,50.60089327371281,50.64362001703967,266600
2006-11-01,51.003173828125,51.1747152865291,50.78874700511987,50.87451773432192,396400
2006-11-02,50.862239837646484,50.92963176311286,50.83161011871312,50.92963176311286,163200
2006-11-03,50.476234436035156,50.63552474893068,50.45172787450133,50.59263943478365,271800
2006-11-06,50.5252799987793,50.531407811634274,50.42113055100306,50.47013903138785,227000
2006-11-07,50.69679641723633,50.782567058390946,50.66616204218852,50.6784176618674,203300
2006-11-08,50.80712890625,50.819379865109624,50.67234498802182,50.733609130628864,146200
2006-11-09,50.80099868774414,50.82550527845912,50.751985506314185,50.764241138748794,211000
2006-11-10,50.91123962402344,50.97250371995,50.84997552809688,50.84997552809688,111300
2006-11-13,50.886741638183594,50.923503841264036,50.78259219011767,50.923503841264036,153600
2006-11-14,50.990909576416016,51.05829683966011,50.96640299243955,50.990909576416016,222800
2006-11-15,50.8499870300293,50.94801334500543,50.81322949898922,50.94801334500543,237100
2006-11-16,50.72133255004883,50.966393670839636,50.678447204471844,50.966393670839636,497900
2006-11-17,50.905128479003906,50.984776036521616,50.739714898429135,50.79485587472235,362400
2006-11-20,50.93574905395508,50.96638344071194,50.87448495459252,50.96638344071194,178200
2006-11-21,51.00929260253906,51.033799188560586,50.89901530251888,50.98478601651754,413200
2006-11-22,51.08892822265625,51.125685759374875,51.02766410340766,51.06442164012628,133400
2006-11-24,51.14408493041992,51.22985565857589,51.131829298309576,51.22985565857589,119200
2006-11-27,51.193031311035156,51.19915911965392,50.99698350257069,51.05824756631301,708600
2006-11-28,51.285003662109375,51.33401685340657,51.16859850131734,51.285003662109375,470600
2006-11-29,51.22371292114258,51.4136330961425,51.21145729260227,51.4136330961425,335500
2006-11-30,51.49329376220703,51.50554471971196,51.340131085548656,51.38301644804684,418500
2006-12-01,51.61257553100586,51.69865759989273,51.44041139323213,51.4773023681491,289800
2006-12-04,51.60637664794922,51.624822117956896,51.51414460679437,51.551035546809715,208200
2006-12-05,51.53874969482422,51.64942722652576,51.48341327453213,51.56949527795362,1133300
2006-12-06,51.45885467529297,51.52649125382262,51.42195901083634,51.52034119455973,156800
2006-12-07,51.440399169921875,51.495735619148235,51.38505802957572,51.495735619148235,138200
2006-12-08,51.20673370361328,51.42808883879123,51.18213816735808,51.42808883879123,277000
2006-12-11,51.366641998291016,51.37893743035114,51.299005394154086,51.34819650463958,167800
2006-12-12,51.45885467529297,51.48345022122382,51.34202700490163,51.38506803750043,360000
2006-12-13,51.194480895996094,51.29285843178877,51.13299434973533,51.26211750421978,188300
2006-12-14,51.11448669433594,51.17597786258317,51.0775957462816,51.17597786258317,314000
2006-12-15,51.12680435180664,51.43424153408915,51.09605875713074,51.40349593941326,215600
2006-12-18,51.15139389038086,51.175989425013235,51.096052764678376,51.14524383394313,111600
2006-12-19,51.13909912109375,51.19444025257889,51.09605810376932,51.145249178174105,174000
2006-12-20,51.12680435180664,51.16369531252242,51.10220881428974,51.10220881428974,139300
2006-12-21,51.31126403808594,51.360455113303395,51.132954599881145,51.1944410983434,624200
2006-12-22,51.07759094238281,51.243604884131045,51.05914547009046,51.20671393954635,268500
2006-12-26,51.11448669433594,51.2128688106375,51.06530032730266,51.14523227845955,144500
2006-12-27,50.97824478149414,51.18790736592435,50.947415231044886,51.18790736592435,193400
2006-12-28,50.861080169677734,51.05840715161655,50.750083448296756,51.05840715161655,185100
2006-12-29,50.83641052246094,50.867240068072725,50.75624335364895,50.830242731480155,272100
2007-01-03,50.98439025878906,51.05838961584376,50.861062701675976,51.002888921891554,1210700
2007-01-04,51.16939926147461,51.16939926147462,51.01523742370819,51.07690121788558,171200
2007-01-05,51.00290298461914,51.06456678017788,50.885738479805326,50.922740520857396,201000
2007-01-08,51.039886474609375,51.039886474609375,50.97205961114748,51.009056937516654,163800
2007-01-09,51.02757263183594,51.076905553223526,50.99673837980711,51.070737761888495,168600
2007-01-10,50.94123840332031,50.99057132086478,50.91040415369353,50.94740619417486,95900
2007-01-11,50.80552673339844,50.90419247430098,50.743862997655086,50.90419247430098,361700
2007-01-12,50.700740814208984,50.750073726404864,50.63290923610102,50.743905936219015,161000
2007-01-16,50.799407958984375,50.79940795898438,50.72541328655993,50.75007974558341,162600
2007-01-17,50.700740814208984,50.787071058229046,50.65140790201311,50.768572392316955,141300
2007-01-18,50.76857376098633,50.774736846692875,50.6205750204088,50.70074218104969,225400
2007-01-19,50.68838882446289,50.79322240510267,50.65755929280501,50.725390848953836,270800
2007-01-22,50.780906677246094,50.79940534440011,50.731573761738225,50.75007713353801,119000
2007-01-23,50.63291931152344,50.743916033728624,50.60825285051713,50.71308178130914,412800
2007-01-24,50.63907241821289,50.657571082441635,50.60823817473497,50.64523550319246,138400
2007-01-25,50.441776275634766,50.59593817781624,50.410942013339316,50.59593817781624,201700
2007-01-26,50.435569763183594,50.49723353578772,50.34923954060896,50.39857244054998,441300
2007-01-29,50.398590087890625,50.515749885469326,50.34925717067543,50.515749885469326,161700
2007-01-30,50.447940826416016,50.46027641355085,50.410943474307565,50.429442150361794,200500
2007-01-31,50.63291931152344,50.65141798111657,50.410925867113065,50.410925867113065,412200
2007-02-01,50.596370697021484,50.79444781477777,50.571610466985575,50.76350106913113,238600
2007-02-02,50.639747619628906,50.69545937032076,50.596418356884335,50.62736985421708,163500
2007-02-05,50.69547653198242,50.72023679372349,50.670716270241364,50.68309403984337,216000
2007-02-06,50.8377799987793,50.85016247578422,50.65208534648694,50.67065433946305,238100
2007-02-07,50.949180603027344,50.95537183933323,50.86871342116921,50.89966488016905,155000
2007-02-08,50.96156311035156,51.00489231946309,50.88109120590902,50.91823390124004,447600
2007-02-09,50.80683898925781,50.87492845288082,50.7635097599097,50.86873721367915,237400
2007-02-12,50.738731384277344,50.81919857500128,50.70159340740938,50.788251835121365,146900
2007-02-13,50.701576232910156,50.751091944451254,50.67062478098452,50.738714197198114,204800
2007-02-14,50.9925422668457,51.02349374554493,50.78827856404167,50.78827856404167,192600
2007-02-15,51.0730094909668,51.15966795625732,51.0730094909668,51.122525240752694,317000
2007-02-16,51.12868881225586,51.18440049409848,51.10392858949576,51.13488004857829,308900
2007-02-20,51.190608978271484,51.21536921165836,51.12251951709046,51.12251951709046,152900
2007-02-21,51.184452056884766,51.184452056884766,51.097793551190186,51.097793551190186,173000
2007-02-22,51.05441665649414,51.10393238316048,51.011087444079855,51.09774586890842,135000
2007-02-23,51.258731842041016,51.302061098070524,51.116366310458936,51.12255283093835,111700
2007-02-26,51.41960144042969,51.4381704217805,51.32675181114734,51.370081008475324,160900
2007-02-27,51.85293197631836,52.03863137298621,51.50010690067489,51.555818608687986,496500
2007-02-28,51.67342758178711,51.80960178461191,51.62390711392441,51.753894800165185,228100
2007-03-01,51.720008850097656,51.91252898349087,51.67032470659595,51.9001103166858,500500
2007-03-02,51.887672424316406,51.92493314906638,51.738620049038595,51.80693453650618,249000
2007-03-05,51.91872024536133,51.99324643127264,51.83177539753422,51.99324643127264,298800
2007-03-06,51.85041046142578,51.92493665409535,51.76967730630488,51.76967730630488,302200
2007-03-07,51.94355773925781,51.962188099562525,51.806928779505405,51.8193521784675,265500
2007-03-08,51.93738555908203,51.96843934197774,51.850440652744496,51.86286406115959,170300
2007-03-09,51.64548110961914,51.72000257769331,51.61442733916148,51.62063904088104,333800
2007-03-12,51.788333892822266,51.81938767336007,51.71380766241654,51.73244277362423,253300
2007-03-13,52.01811218261719,52.04295425590086,51.86285277819999,51.97463973890601,196000
2007-03-14,51.94984817504883,52.123738118961995,51.92500607761186,51.974690272485795,267900
2007-03-15,51.89387512207031,51.93114058189703,51.85040270072129,51.89387512207031,338900
2007-03-16,51.887672424316406,51.91250974872376,51.800727574473825,51.81935793684882,340500
2007-03-19,51.81941604614258,51.81941604614258,51.757308451061085,51.80078566287584,238200
2007-03-20,51.89387512207031,51.94355924308022,51.86903306156536,51.94355924308022,169400
2007-03-21,51.968448638916016,52.03055147767534,51.73245595637346,51.83181955075979,369800
2007-03-22,51.79454040527344,51.92495774180567,51.744856256649385,51.92495774180567,236500
2007-03-23,51.713836669921875,51.86909618341625,51.67657590288941,51.86288921434039,163400
2007-03-26,51.75727462768555,51.85664292436335,51.63928069805713,51.65791106914892,142100
2007-03-27,51.74483871459961,51.77589248149739,51.68894761995113,51.71999664870931,165900
2007-03-28,51.738643646240234,51.91874512823824,51.68896423662857,51.838011941745805,240500
2007-03-29,51.664119720458984,51.70759216315234,51.63927764775694,51.670326685028826,121400
2007-03-30,51.60198974609375,51.8690359889202,51.515044898488746,51.67651593181468,464400
2007-04-02,51.65933609008789,51.721680463067194,51.62193041761446,51.71544459879804,156600
2007-04-03,51.61574172973633,51.646911566429594,51.59080300643665,51.61574172973633,257400
2007-04-04,51.69683074951172,51.746708236378744,51.63448626921741,51.69683074951172,182300
2007-04-05,51.56584930419922,51.69054288447639,51.56584930419922,51.634429584208235,161200
2007-04-09,51.32892608642578,51.37256763970885,51.31022324310055,51.36633177307625,198900
2007-04-10,51.43489456176758,51.47853610022381,51.41619172479647,51.43489456176758,97600
2007-04-11,51.37261199951172,51.50977264443053,51.37261199951172,51.48483391293832,150700
2007-04-12,51.42243576049805,51.4785442803272,51.39126118954516,51.45360557487923,111200
2007-04-13,51.33516311645508,51.453620813272174,51.29775742549099,51.453620813272174,139100
2007-04-16,51.39131164550781,51.43495323374612,51.3539059288968,51.41625037544061,262300
2007-04-17,51.60945129394531,51.621923020696556,51.49099367265892,51.49099367265892,1080400
2007-04-18,51.727970123291016,51.76537583466557,51.66562568547486,51.66562568547486,252500
2007-04-19,51.721717834472656,51.80276510224919,51.65313754767166,51.79029812127365,153600
2007-04-20,51.66560363769531,51.734183916999854,51.634429053802826,51.734183916999854,88800
2007-04-23,51.771568298339844,51.8214457094041,51.646874770679204,51.69675218174346,90500
2007-04-24,51.871341705322266,51.93369087549476,51.808997291723635,51.81523316005566,660500
2007-04-25,51.840171813964844,51.933690812536355,51.815233097240856,51.85263879403992,537400
2007-04-26,51.690528869628906,51.8152176595255,51.678057136695784,51.80898179305894,307600
2007-04-27,51.690528869628906,51.74040153164408,51.65935429386854,51.7279345552834,180000
2007-04-30,51.9150276184082,51.92749936572612,51.79033868469663,51.79657455835559,171500
2007-05-01,51.91748809814453,51.99258743802125,51.798582003650935,51.967554324729015,158900
2007-05-02,51.85486602783203,51.93621999971618,51.85486602783203,51.93621999971618,167000
2007-05-03,51.798583984375,51.861169157287875,51.72974888841186,51.81736240099587,113200
2007-05-04,51.9300651550293,51.94257933839048,51.873739393445206,51.90503201372342,144800
2007-05-07,51.97381591796875,51.97381591796875,51.9112307448947,51.9487828036548,104500
2007-05-08,51.97381591796875,52.02387737201829,51.9612969735226,52.02387737201829,158900
2007-05-09,51.80480194091797,51.97377413304536,51.79854247372727,51.954995731473254,201600
2007-05-10,51.936256408691406,51.94877535134166,51.82360979772754,51.83612874037779,153100
2007-05-11,51.8298454284668,52.02384597911061,51.80481232925865,51.99881287990246,178000
2007-05-14,51.754756927490234,51.84862987545991,51.754756927490234,51.83611571053298,142400
2007-05-15,51.74851989746094,51.848647574785964,51.673420558533586,51.83613340558712,168400
2007-05-16,51.71723937988281,51.767305617516435,51.69846573441502,51.73601302535062,191300
2007-05-17,51.57954788208008,51.67968033457252,51.55451476895697,51.6546472214494,263500
2007-05-18,51.42933654785156,51.57953040110945,51.398043973408605,51.52946419183132,236400
2007-05-21,51.49823760986328,51.49823760986328,51.37933141512356,51.41688350401,222000
2007-05-22,51.354251861572266,51.479417420419495,51.316704581207034,51.44186536547639,217000
2007-05-23,51.25417709350586,51.38559748501385,51.222884477849426,51.38559748501385,228100
2007-05-24,51.32297134399414,51.32297134399414,51.135225366340094,51.254131470492894,153300
2007-05-25,51.266658782958984,51.322984500525585,51.22911148763443,51.247885135296706,183900
2007-05-29,51.160247802734375,51.27289441089781,51.160247802734375,51.25412077196683,152800
2007-05-30,51.21035385131836,51.341774200623746,51.197834899242835,51.341774200623746,245600
2007-05-31,51.19151306152344,51.26035288391347,51.091380674565194,51.26035288391347,235100
2007-06-01,50.97098159790039,51.10293252378572,50.945847403371175,51.09036302959239,230300
2007-06-04,51.05269241333008,51.071541871203536,50.97100983125838,51.03384295545661,139200
2007-06-05,50.88930892944336,51.0212598933464,50.845325274809014,50.99613048543432,351500
2007-06-06,50.91443634033203,50.97726943944926,50.8893021419135,50.8893021419135,266800
2007-06-07,50.405521392822266,50.7259766807426,50.39923663984212,50.71340717478231,472300
2007-06-08,50.49974822998047,50.506028185954705,50.31752883567769,50.367797246628704,409900
2007-06-11,50.3677978515625,50.468329880812426,50.34266364578512,50.37407780761216,198300
2007-06-12,50.00962829589844,50.22326660228653,49.965644643680086,50.17928295006818,698800
2007-06-13,50.17303466796875,50.21701835215505,50.01594939675165,50.03479886227978,514600
2007-06-14,50.185577392578125,50.29867891925202,50.12902423231144,50.173007893025755,207300
2007-06-15,50.405521392822266,50.405521392822266,50.18560297713651,50.235866619391885,594800
2007-06-18,50.38034439086914,50.44946223336882,50.27352765022703,50.38662913851216,413500
2007-06-19,50.62543487548828,50.69455276994913,50.46834962332482,50.53118276541791,460100
2007-06-20,50.4620246887207,50.575126171971654,50.4368904931252,50.562561471102725,152900
2007-06-21,50.399253845214844,50.53120493967196,50.38668912882712,50.47465652513186,276700
2007-06-22,50.550025939941406,50.556310691527294,50.28612389966448,50.336392324629855,246000
2007-06-25,50.7133674621582,50.75735111085264,50.61283546251014,50.700802759899005,253200
2007-06-26,50.72590637207031,50.76988999424394,50.63165438345389,50.751035761436434,141000
2007-06-27,50.719661712646484,50.901881089622066,50.694527509560984,50.85161268345106,218600
2007-06-28,50.688232421875,50.776199717802776,50.62539932390632,50.74478556574748,436800
2007-06-29,50.9521484375,50.98356739212513,50.75107959193366,50.85161641164654,374700
2007-07-02,51.029727935791016,51.07388201879589,50.87203409471158,50.94141976978126,1030600
2007-07-03,50.87836456298828,51.08651686317996,50.87205545921394,51.029749366519354,169200
2007-07-05,50.59452819824219,50.77745376445136,50.53145157841362,50.73960875504174,269000
2007-07-06,50.47465515136719,50.52511834811006,50.41788766435794,50.487273356770565,468100
2007-07-09,50.657562255859375,50.657562255859375,50.51879092136889,50.5692540998079,118900
2007-07-10,51.0045051574707,51.0045051574707,50.77742560208151,50.83419308471134,191300
2007-07-11,50.8278923034668,51.02343117371374,50.79004249999928,50.97296797738057,218100
2007-07-12,50.68281173706055,50.916200410406354,50.63865764344759,50.853123821307165,309700
2007-07-13,50.79633331298828,50.84048739077293,50.644948590931435,50.815255801691194,157400
2007-07-16,50.99821853637695,50.99821853637695,50.790061383437504,50.790061383437504,154100
2007-07-17,50.890987396240234,50.97298651076943,50.79637007182222,50.89729650118464,136600
2007-07-18,51.07390213012695,51.18113282930093,50.922517330561575,50.93513072534368,215700
2007-07-19,51.06757736206055,51.073886463734354,50.93511510151778,50.94772849243086,200600
2007-07-20,51.31990051269531,51.41451781022614,51.162206620955814,51.19374732427798,463300
2007-07-23,51.30099868774414,51.36407530736994,51.256844572762326,51.282076183100166,327500
2007-07-24,51.43974304199219,51.47758803134492,51.32620326149891,51.38297074552802,251200
2007-07-25,51.50914764404297,51.57222425360321,51.42714372042151,51.45237532673298,409500
2007-07-26,51.91913986206055,52.03898877011673,51.729910063085406,51.78036845535047,391800
2007-07-27,52.020057678222656,52.08313426746136,51.837132200725726,51.91913128549251,305800
2007-07-30,51.887596130371094,52.051594302222306,51.84974632634475,52.02636751611854,279600
2007-07-31,52.102054595947266,52.11467280073135,51.8182075499613,51.8686707442275,417200
2007-08-01,51.95764923095703,52.179283567012845,51.95131544099367,52.033635385452634,195100
2007-08-02,51.995670318603516,52.07166134530215,51.90068274304741,51.9893365252281,212100
2007-08-03,52.33129119873047,52.33129119873047,51.869025718650356,52.09066018384418,950100
2007-08-06,52.12234115600586,52.362977102189696,52.084348040827784,52.210994978935375,267900
2007-08-07,52.115997314453125,52.28063732074222,51.976682823539555,52.160324213264744,567300
2007-08-08,51.755062103271484,51.95136630292769,51.67907104311219,51.95136630292769,314600
2007-08-09,52.04634094238281,52.10966439442353,51.850031960405985,52.10966439442353,235600
2007-08-10,51.9703254699707,52.17929711161042,51.88167171253581,52.17929711161042,685000
2007-08-13,52.05266571044922,52.07799605547792,51.89435467747186,51.92601881657506,154400
2007-08-14,52.24260711669922,52.24894090668002,51.90698871670968,51.90698871670968,530100
2007-08-15,52.33760070800781,52.44525099382864,52.20462009059384,52.37559378976416,902100
2007-08-16,52.54024887084961,52.85687083118374,52.47692544503632,52.489588197691894,900500
2007-08-17,52.5782470703125,52.60357740935328,52.47693054541754,52.52758639223093,308400
2007-08-20,52.69223403930664,52.83788228887659,52.59091750891451,52.64790715139725,926600
2007-08-21,52.92020797729492,52.96453486998335,52.76823074968729,52.869547291002725,459200
2007-08-22,52.749244689941406,52.83156469808479,52.64158950234477,52.6542570920714,197000
2007-08-23,52.7681999206543,52.87585019268043,52.66687860726537,52.71120547405649,234900
2007-08-24,52.787261962890625,52.8569192444668,52.69227432153473,52.85058544670384,123400
2007-08-27,52.93288040161133,52.95821074938411,52.78723694100517,52.856894189562844,120000
2007-08-28,53.205177307128906,53.22417869202016,52.99621038602511,52.99621038602511,274400
2007-08-29,53.002532958984375,53.30015847988475,53.00253295898438,53.1545150321693,507600
2007-08-30,53.26850891113281,53.31916478018705,53.160853715125604,53.21784821080828,201800
2007-08-31,53.281158447265625,53.45846602312702,53.04052742734932,53.09118328383179,261500
2007-09-04,53.182037353515625,53.40455536409358,53.04852654716885,53.30283007324146,281800
2007-09-05,53.5125732421875,53.53800453562314,53.2646241943441,53.2646241943441,313300
2007-09-06,53.39811325073242,53.531623849380246,53.3599687512677,53.48712031649764,267100
2007-09-07,53.97028732299805,53.97028732299804,53.71597942528878,53.74141070011167,410800
2007-09-10,54.091148376464844,54.18651455674683,53.906775054726445,53.95763766428023,238000
2007-09-11,53.97666931152344,54.097461855157675,53.91944770620468,54.027531882801945,123200
2007-09-12,53.84321975708008,53.93858112321318,53.76692581364632,53.90679561801124,147900
2007-09-13,53.52528381347656,53.703297992057,53.468062198634236,53.703297992057,178500
2007-09-14,53.5952262878418,53.8304572642735,53.48714207784865,53.8304572642735,160700
2007-09-17,53.62700271606445,53.63972078592814,53.493492085630464,53.56342691831338,237900
2007-09-18,53.56978225708008,53.703292878302214,53.34726455504319,53.49984742922247,344700
2007-09-19,53.379066467285156,53.48714583434564,53.25826902732132,53.461714539062534,1369300
2007-09-20,52.77511978149414,53.239227852442355,52.77511978149414,53.20108331250865,685800
2007-09-21,53.04209518432617,53.086598725764006,52.90858456001266,52.90858456001266,754900
2007-09-24,53.112091064453125,53.13752238172469,53.00401160394482,53.061228429909995,236300
2007-09-25,53.118370056152344,53.35360089799397,53.11201102378567,53.283666093522,225500
2007-09-26,53.137474060058594,53.18833664834877,52.99124533135517,53.054821141456195,151100
2007-09-27,53.30912780761719,53.37906265201622,53.156544897348034,53.194689412284504,437100
2007-09-28,53.328208923339844,53.51894123075093,53.23920180668775,53.42993411409884,185600
2007-10-01,53.392032623291016,53.462226914016505,53.296312693345534,53.36650698407102,510600
2007-10-02,53.50686264038086,53.58982213392663,53.34094852180418,53.37923939133103,205900
2007-10-03,53.46860122680664,53.66641881435439,53.39202432105407,53.647275805045524,1232800
2007-10-04,53.56433868408203,53.58348169966019,53.41756745045159,53.41756745045159,120300
2007-10-05,53.09210968017578,53.283549530086134,53.04106327291496,53.26440651879862,1173000
2007-10-08,53.28351593017578,53.468573036789756,53.01550420412019,53.155892689724894,129100
2007-10-09,53.117610931396484,53.25799944107504,53.03465629772978,53.14313655756671,184000
2007-10-10,53.16866683959961,53.245243724815964,53.00275268922209,53.066569194493624,298700
2007-10-11,53.17504119873047,53.18780157669192,52.868738573990086,52.9708410717419,264100
2007-10-12,52.99639892578125,53.18145129559411,52.92620463301719,52.92620463301719,151400
2007-10-15,53.04738235473633,53.09205095450466,52.86232533612119,52.875090575204844,196200
2007-10-16,53.1942253112793,53.21336832727375,53.06660195897042,53.136791394777134,205200
2007-10-17,53.51964569091797,53.78127489906146,53.200582593634955,53.2197256005093,201200
2007-10-18,53.72379684448242,53.76846544259215,53.64083739905575,53.69188861647031,193200
2007-10-19,54.183311462402344,54.202454474203435,53.813197005855415,53.813197005855415,270500
2007-10-22,54.081207275390625,54.170544573443784,53.9727269661143,54.16416194686353,218900
2007-10-23,54.068424224853516,54.13861361374198,53.921653086140836,53.97908209573564,368300
2007-10-24,54.34279251098633,54.45765047497007,54.18963882198156,54.1960214428184,273300
2007-10-25,54.29817581176758,54.41942139188458,54.279032797752954,54.38751799136632,169800
2007-10-26,54.16413879394531,54.349195937527654,54.08756678178402,54.13861316705304,189500
2007-10-29,54.20878219604492,54.27259866783429,54.12582759863732,54.170496207781916,171500
2007-10-30,54.2662353515625,54.2662353515625,54.14498985424689,54.24070972746895,118400
2007-10-31,53.902488708496094,54.22793423936149,53.89610608712245,54.132214392811235,313300
2007-11-01,54.3424186706543,54.43847624385627,54.0094197349796,54.0094197349796,219100
2007-11-02,54.48976516723633,54.63064911797732,54.20800215145107,54.20800215145107,337600
2007-11-05,54.425682067871094,54.61139212816762,54.37445558126961,54.572971041793366,172100
2007-11-06,54.32961654663086,54.547347404295756,54.29119546585723,54.34883197270953,184100
2007-11-07,54.52816390991211,54.57299015494581,54.36806947969258,54.444911679353616,299700
2007-11-08,54.64985275268555,54.7715261284892,54.53458941017191,54.57941567193703,1078400
2007-11-09,54.97643280029297,54.98283794624646,54.79712779915405,54.81633835131967,276700
2007-11-12,55.07248306274414,55.07248306274414,54.92519403973135,55.053272513154255,117900
2007-11-13,54.79070281982422,54.90597097678752,54.72026089691925,54.90597097678752,125300
2007-11-14,54.82912826538086,54.82912826538086,54.57938140865925,54.57938140865925,96400
2007-11-15,55.13651657104492,55.20695850580636,54.88036452515732,54.90598021831547,210400
2007-11-16,55.13651657104492,55.29020584429992,55.08528518472862,55.142921715757936,742300
2007-11-19,55.533565521240234,55.59119718010289,55.13652951263784,55.20056631771693,503500
2007-11-20,55.386260986328125,55.61679732871046,55.28380310398803,55.50793430194483,378500
2007-11-21,55.821739196777344,55.85376004538236,55.655244463978775,55.74489697723817,317600
2007-11-23,55.65519714355469,55.86011769758618,55.507908205176705,55.680807937828654,216700
2007-11-26,56.41728591918945,56.51334357095333,55.725676689323706,55.80892893417679,637600
2007-11-27,55.89214324951172,56.37883148120547,55.73204888645253,56.14189006502867,353300
2007-11-28,55.69367980957031,55.94342685830138,55.62323783319008,55.86657973342382,159600
2007-11-29,56.00741958618164,56.19312966080249,55.92417226405214,55.9946141849667,145300
2007-11-30,56.08430862426758,56.08430862426757,55.52077283519868,55.661656782465904,395100
2007-12-03,56.30595016479492,56.575821513550736,56.15816825929652,56.575821513550736,214700
2007-12-04,56.35738754272461,56.45376987329351,56.13892550216348,56.44091628137288,196800
2007-12-05,56.145301818847656,56.331639532761784,56.081048618030195,56.164582191077386,284600
2007-12-06,55.84977340698242,56.08108901832689,55.77909336450447,56.02968445975956,217900
2007-12-07,55.48995590209961,55.727698328528355,55.38714677644104,55.727698328528355,193000
2007-12-10,55.36142349243164,55.56060995243032,55.21363666900233,55.52848089014367,257800
2007-12-11,56.11960220336914,56.11960220336915,55.43850941863065,55.43850941863065,318800
2007-12-12,55.65053939819336,55.80474804014079,55.258588552331865,55.38067304923427,470500
2007-12-13,55.23935317993164,55.56062427680019,55.23935317993164,55.522073313882494,221000
2007-12-14,55.07874298095703,55.20724951796518,55.01448971245295,55.149423046974555,240100
2007-12-17,55.406410217285156,55.43853438257111,55.13011690434733,55.19437013712667,191000
2007-12-18,55.51564025878906,55.70197806222433,55.40640927470171,55.4578089187263,644300
2007-12-19,55.95899963378906,56.029679670225136,55.45139559350541,55.77908859639109,411600
2007-12-20,55.86902618408203,56.10034170141309,55.84332881745105,55.92685751451806,308600
2007-12-21,55.4642333984375,55.84975767467721,55.432104332831216,55.83048219619629,560200
2007-12-24,55.303592681884766,55.3999749674463,55.239339458912625,55.310019474843976,197400
2007-12-26,55.04015350341797,55.41925095398601,54.99517085449628,55.24576676014449,135700
2007-12-27,55.40971755981445,55.706370491513596,55.235597005191174,55.706370491513596,211000
2007-12-28,55.854637145996094,55.91912598617421,55.56443490510304,55.60312722517328,302900
2007-12-31,56.112613677978516,56.189998340530806,55.88044984995257,55.92559254316958,181100
2008-01-02,56.51244354248047,56.576937316940906,56.067467003845515,56.099708970891534,564700
2008-01-03,56.6285285949707,56.64787476031018,56.306079385487564,56.428611659550185,198600
2008-01-04,56.77684783935547,56.905825533365004,56.71880443292263,56.751051316516836,368700
2008-01-07,56.880035400390625,56.944529174824225,56.66722267338602,56.66722267338602,341100
2008-01-08,57.00259780883789,57.021943983323965,56.667252637310135,56.809126223603585,293200
2008-01-09,56.91224670410156,57.21534954176598,56.899350909388254,57.034778894693,335600
2008-01-10,56.757511138916016,57.054163820737735,56.69302228116077,57.02836729359875,258300
2008-01-11,57.11868667602539,57.131582487178356,56.78334146398707,56.82848418330352,310100
2008-01-14,57.14447784423828,57.17027438430551,57.00904969902556,57.0864343990403,347000
2008-01-15,57.518524169921875,57.524969615232706,57.26056367205793,57.331502931975194,353700
2008-01-16,57.40887451171875,57.86675687383917,57.26700094450826,57.550752999115375,459400
2008-01-17,57.87318801879883,57.90543491076206,57.35082182625193,57.40241488531913,608600
2008-01-18,57.78939437866211,57.847432921543174,57.59592272868165,57.71200473463223,628100
2008-01-22,58.43421936035156,58.556751578267324,57.96344156534538,58.556751578267324,863800
2008-01-23,58.16339111328125,59.18877725771004,58.11824841988221,59.17588145396085,1417600
2008-01-24,57.63456344604492,58.124682616647235,57.62811308532595,57.982809122115164,398500
2008-01-25,58.169830322265625,58.16983032226562,57.37660809179133,57.3959542554345,442600
2008-01-28,57.95701599121094,58.111790216238724,57.89897258171058,57.99570831742191,254900
2008-01-29,57.724884033203125,57.866762534478575,57.60235170570403,57.84096599604789,433100
2008-01-30,57.69905090332031,57.81513279254854,57.402398279777856,57.61521097654335,694000
2008-01-31,57.99574279785156,58.16341784476076,57.808721576334925,58.16341784476076,384900
2008-02-01,58.183990478515625,58.300436284143665,57.93815770240739,58.24868149595159,597500
2008-02-04,57.86052703857422,57.97697283732515,57.78936544291487,57.83464964600646,442300
2008-02-05,58.26808166503906,58.34571383847708,58.08694486262472,58.26161108335064,234400
2008-02-06,58.16461944580078,58.18402626940851,58.002889334921264,58.08698721575855,161700
2008-02-07,57.51118469238281,58.20985942475407,57.36886151331376,58.20338884326706,246500
2008-02-08,57.996395111083984,58.02227251055128,57.75056228394931,57.82819448235119,219300
2008-02-11,58.12578582763672,58.25517284423869,58.002874331377356,58.093442775193736,200000
2008-02-12,58.0028190612793,58.03516208290306,57.69229545293829,57.87343216796833,425500
2008-02-13,57.75701141357422,57.99637356802742,57.737604605084826,57.75701141357422,310900
2008-02-14,57.440032958984375,57.67939515900064,57.29123917289678,57.58882180946359,477900
2008-02-15,57.56291580200195,57.672890964019416,57.45940628320515,57.53056784347657,512000
2008-02-19,57.14888000488281,57.43999681125717,57.05184600502998,57.265325740311496,564300
2008-02-20,57.09716033935547,57.27829714888852,56.987180188760775,57.051876136972204,496700
2008-02-21,57.68586349487305,57.718211473758984,57.252428217209726,57.252428217209726,361900
2008-02-22,57.52412414550781,57.8281773295497,57.47236936192455,57.65351110446596,237200
2008-02-25,57.1424674987793,57.52414808140622,57.08424210911849,57.41417282223676,175400
2008-02-26,57.28470230102539,57.38820681584803,57.18766342515263,57.23941815036507,259700
2008-02-27,57.42060470581055,57.62761885114912,57.207119980290805,57.60821204621215,201600
2008-02-28,58.09340286254883,58.09340286254883,57.76994294668966,57.89932493879068,289500
2008-02-29,58.714439392089844,58.746782419052586,58.31981793965901,58.38450892919062,420700
2008-03-03,58.565208435058594,58.688505194993525,58.40946854679675,58.5911659082492,480300
2008-03-04,58.3446159362793,58.82481713077103,58.28621034524264,58.63013842849557,305600
2008-03-05,58.09148406982422,58.48732680963252,58.0330834774989,58.47435055052056,358300
2008-03-06,58.55867385864258,58.636546219741774,58.286128021112475,58.31208547481221,292600
2008-03-07,58.75992202758789,58.95459576621409,58.48088521309407,58.909171398779506,414000
2008-03-10,59.18168258666992,59.272531267785595,58.811797256161306,58.87020280881098,200300
2008-03-11,58.53926086425781,58.727448863561875,58.415964083466235,58.714472600212424,350800
2008-03-12,59.21411895751953,59.24656703045132,58.59115457409954,58.68200323725157,289800
2008-03-13,58.902679443359375,59.39586181487234,58.740448856101054,59.35692805821342,626400
2008-03-14,59.5125846862793,59.6293907435497,59.15568086469805,59.15568086469805,301700
2008-03-17,59.81110763549805,60.08365354185094,59.48664680863622,59.48664680863622,569100
2008-03-18,59.40232849121094,59.73976579836437,59.324456058383554,59.73976579836437,333400
2008-03-19,59.91493606567383,59.96036038232969,59.32441499826848,59.343881855281104,1370400
2008-03-20,60.04477310180664,60.0642399765497,59.75276007889333,60.00583935232052,626300
2008-03-24,58.98704147338867,59.44777573894238,58.98704147338867,59.44777573894238,898300
2008-03-25,59.19466781616211,59.292007109929884,59.077861653817195,59.175200947584976,314600
2008-03-26,59.24005126953125,59.43472477181186,59.162178898091774,59.3503667492448,615400
2008-03-27,59.162208557128906,59.382844578043375,59.038916762473164,59.175189767649215,345100
2008-03-28,59.39583969116211,59.467221519038304,59.110312379657366,59.233609164331284,131800
2008-03-31,59.49964141845703,59.68133873029227,59.45421709049822,59.64889065994436,431000
2008-04-01,58.979408264160156,59.60449301567007,58.84267144049223,59.60449301567007,786700
2008-04-02,58.7840461730957,58.99240768273539,58.653822092469746,58.81009198276695,734700
2008-04-03,58.7840461730957,58.99240768273539,58.69288832311148,58.99240768273539,560200
2008-04-04,59.233314514160156,59.25284762513398,59.0835523838123,59.09006507671329,421800
2008-04-07,58.8426513671875,59.01845437543593,58.64079758114782,58.907763408474686,330400
2008-04-08,58.849220275878906,59.025028434634756,58.79062086811728,59.012003032197406,469900
2008-04-09,59.20072555541992,59.30490871731131,58.881673315649095,58.95981068706763,761000
2008-04-10,58.966400146484375,59.27243239909552,58.83617598133359,59.20080761794255,199700
2008-04-11,59.2203254699707,59.31148335560864,59.14219297812802,59.22032546997071,716400
2008-04-14,59.070526123046875,59.31144109153385,59.03145990496329,59.21377554632489,246000
2008-04-15,58.803565979003906,58.99239433058391,58.725433535404676,58.88821608320857,273700
2008-04-16,58.40641403198242,58.82964992421784,58.25014407573925,58.764537856427545,1116400
2008-04-17,58.269649505615234,58.45196519587221,58.06780070107786,58.386853159027574,815000
2008-04-18,58.21107482910156,58.2566537709794,57.72272689423952,57.90504266175088,2284800
2008-04-21,58.21759796142578,58.28921776772995,58.048302589362265,58.12643509359699,303600
2008-04-22,58.26315689086914,58.386868302641595,58.113394696326154,58.17199405436606,427900
2008-04-23,58.204566955566406,58.27619172270006,58.035271599820284,58.23061277704524,191300
2008-04-24,57.74876022338867,57.96362949277865,57.65108966399449,57.81387227374112,306600
2008-04-25,57.67058563232422,57.7877892345513,57.48175733052906,57.63151942082447,211400
2008-04-28,57.77478790283203,57.826874546126525,57.598979957558576,57.625025763070546,167800
2008-04-29,57.878944396972656,58.028706480429555,57.80080700981328,57.885457087834496,144300
2008-04-30,58.06130599975586,58.11991032848798,57.677141385912314,57.85945713266732,168700
2008-05-01,58.05476760864258,58.37483011889995,57.93719474400049,58.32910761506021,336700
2008-05-02,57.58446502685547,57.80654427385233,57.532209327546404,57.66937680069937,341700
2008-05-05,57.66936111450195,57.74774464214505,57.47993799356345,57.715083593116326,158800
2008-05-06,57.486480712890625,57.85879380989687,57.43422501914797,57.78694347684503,557400
2008-05-07,57.71510696411133,57.74123481723917,57.35585521282659,57.4211773373354,361300
2008-05-08,58.08742141723633,58.087421417236335,57.7934917840494,57.826147863637644,445600
2008-05-09,58.15275192260742,58.270324799574766,58.05477369457136,58.23113550171221,236600
2008-05-12,58.05476760864258,58.28338511122046,58.02211152497371,58.10049011248232,112200
2008-05-13,57.571388244628906,57.84572314154092,57.53219896889202,57.71508890016669,458800
2008-05-14,57.551856994628906,57.72821391306209,57.336305773913175,57.72821391306209,174400
2008-05-15,57.871864318847656,57.89799216981714,57.49955116344409,57.49955116344409,269100
2008-05-16,57.77388381958008,58.06781839373135,57.72163310310285,57.74122774470404,318100
2008-05-19,57.904510498046875,57.924105135394036,57.6301756084332,57.83919337909744,163600
2008-05-20,58.0809326171875,58.107060490862835,57.898042484842485,58.035210084101244,230400
2008-05-21,57.94374084472656,58.09397480983896,57.84576260516459,57.87842367947867,183100
2008-05-22,57.564910888671875,57.728206340512024,57.38202077995198,57.72167811047325,223800
2008-05-23,57.81962966918945,57.904546461603196,57.675933911604325,57.68246213919013,413200
2008-05-27,57.53874969482422,57.68898361619718,57.45383790306139,57.53874969482421,258900
2008-05-28,57.107666015625,57.362406434389726,57.088071365470796,57.32321713408131,197900
2008-05-29,56.839847564697266,56.977020054518604,56.67002397579471,56.977020054518604,387600
2008-05-30,57.0292854309082,57.14033009325544,56.983562917017075,57.0554132936146,2838400
2008-06-02,57.36819076538086,57.459963499441926,56.49639730098137,57.35508323249578,240300
2008-06-03,57.66967010498047,57.79420906511124,57.145279217079754,57.26326691680931,561500
2008-06-04,57.45991516113281,57.81387326189187,57.39436254895459,57.80732200144379,462400
2008-06-05,57.15843200683594,57.322303663966736,57.10599687728832,57.296088599675976,1079400
2008-06-06,57.65655517578125,57.7155515236647,57.37469596046724,57.48612739418252,250000
2008-06-09,57.24362564086914,57.50582118791018,57.15840921252644,57.36816464996645,288000
2008-06-10,56.90275573730469,57.16495121895153,56.81754433117868,57.10595986108649,221200
2008-06-11,56.96175003051758,57.25016054900385,56.84376231810326,57.02074138624341,247100
2008-06-12,56.46358108520508,56.71266404181698,56.371813416928966,56.71266404181698,546800
2008-06-13,56.332454681396484,56.65364134267913,56.28001461397398,56.46354984899264,579300
2008-06-16,56.33905029296875,56.47670682856525,56.240731340348425,56.45703803707717,180600
2008-06-17,56.52913284301758,56.581572943288904,56.3259337056702,56.44392143079908,266600
2008-06-18,56.83723068237305,56.883114534805614,56.601255155301324,56.627475213972055,296200
2008-06-19,56.509456634521484,56.77165207728269,56.496349112816375,56.712655727204414,152900
2008-06-20,56.77169418334961,56.92245329910193,56.67992646046581,56.82413431098773,318300
2008-06-23,56.74547576904297,56.929011220145696,56.67337184168604,56.83724349459433,472000
2008-06-24,57.047000885009766,57.12566108133849,56.863465427875525,56.8962417599207,273400
2008-06-25,57.040401458740234,57.07973402762664,56.73887843574361,57.03385019806112,254200
2008-06-26,57.361576080322266,57.42712367421083,57.04694062831195,57.04694062831195,320500
2008-06-27,57.6434326171875,57.71553646747878,57.36812473382052,57.43367732569305,173000
2008-06-30,57.682769775390625,57.70898981631299,57.505790750366444,57.57788961170114,240500
2008-07-01,57.52625274658203,57.947160099191734,57.526252746582024,57.88139426614861,355300
2008-07-02,57.66439437866211,57.74331643250955,57.539435714473875,57.5788992502047,469800
2008-07-03,57.68411636352539,57.79591882916655,57.513121110559545,57.59204315445461,261800
2008-07-07,57.953773498535156,58.17080037804901,57.57232440981526,57.72358541621538,507900
2008-07-08,58.09844207763672,58.18394220744205,57.97348845483496,57.9932177101398,206400
2008-07-09,58.374664306640625,58.420700906331774,58.039251927397665,58.10501778158315,308200
2008-07-10,58.394371032714844,58.493022284740164,58.14445887618032,58.40094912087949,291100
2008-07-11,57.8485107421875,58.460142543053394,57.77616681817883,58.39437670784868,378000
2008-07-14,58.15763473510742,58.29574453955523,57.87483703525336,57.8814151262118,296400
2008-07-15,58.36814498901367,58.59832821924954,58.23003505087215,58.282649794245515,506300
2008-07-16,57.83533477783203,58.2036273111148,57.83533477783203,58.170741898810505,309500
2008-07-17,57.559139251708984,57.93401005913855,57.45391491121555,57.80905646840334,266400
2008-07-18,57.361812591552734,57.697224728107486,57.31577602517145,57.57884426918283,365500
2008-07-21,57.49337387084961,57.49337387084961,57.2500397591085,57.328956760705836,264600
2008-07-22,57.29607009887695,57.46706026209271,57.223726176896655,57.44075292522611,263000
2008-07-23,57.20401382446289,57.25662349612347,57.01328933905609,57.184279552775614,550000
2008-07-24,57.69721221923828,57.73009260660528,57.26314895808385,57.276300109508995,276300
2008-07-25,57.361812591552734,57.63803198984045,57.2828906130665,57.552536943020755,296900
2008-07-28,57.690704345703125,57.79592873798983,57.53286524846585,57.55259450841871,363000
2008-07-29,57.52625274658203,57.62490400495243,57.414450328647575,57.59859666821289,190000
2008-07-30,57.63803482055664,57.74326413037298,57.31577884006102,57.39469580481361,274900
2008-07-31,58.09844207763672,58.09844207763672,57.90114450697502,57.94718110855741,275000
2008-08-01,58.12751007080078,58.140706653987216,57.8833304848441,57.896532102972614,308500
2008-08-04,58.087860107421875,58.20664939332407,57.97567162488583,58.02186717857348,367500
2008-08-05,57.79090881347656,58.10108122163614,57.79090881347656,58.03508827063057,355600
2008-08-06,57.81073760986328,57.817338419032566,57.546760627455434,57.79094021729757,272400
2008-08-07,58.351863861083984,58.47065320195801,57.98229926056041,58.05489302636898,341200
2008-08-08,58.32546615600586,58.4310589198576,58.21987842709422,58.41126153537042,202800
2008-08-11,58.041690826416016,58.24627554387075,57.85690852802336,58.24627554387075,412500
2008-08-12,58.444252014160156,58.45745362632476,58.2330715339847,58.2528689172918,302200
2008-08-13,58.318885803222656,58.549863741540754,58.206692203232635,58.5366621250989,210100
2008-08-14,58.497066497802734,58.58945767179086,58.37827712625494,58.49706649780273,303000
2008-08-15,58.71480941772461,58.807200531235054,58.62241830421418,58.65541225336044,292500
2008-08-18,58.86003494262695,58.88643313997226,58.65545017193617,58.70824656662678,381000
2008-08-19,58.77424240112305,58.94582817474229,58.70824942202074,58.926030784505755,373400
2008-08-20,58.945804595947266,59.031594930969284,58.82701526710318,58.879811643242675,487300
2008-08-21,58.82041549682617,58.97880462803295,58.69503039496203,58.97880462803295,279900
2008-08-22,58.64881896972656,58.7082111016694,58.53662544004851,58.7082111016694,157200
2008-08-25,59.03818130493164,59.097578472303915,58.965587564220144,58.98538494169813,232700
2008-08-26,59.057979583740234,59.057979583740234,58.86000077100055,58.97218926838021,166900
2008-08-27,59.1437873840332,59.16358476598075,58.80721678610641,58.80721678610641,255700
2008-08-28,59.057979583740234,59.123972521320134,58.866596540301664,58.978790072619724,201600
2008-08-29,58.98539733886719,59.011795526032145,58.80061506365189,58.92600519395057,496900
2008-09-02,59.3065071105957,59.319747381425735,58.73045682308647,58.85626212821858,349200
2008-09-03,59.45223617553711,59.52507036864762,59.28008216894722,59.29994512131998,410300
2008-09-04,59.75019836425781,59.776683988084166,59.491969846471136,59.56480404908955,460500
2008-09-05,59.61774444580078,60.0150184943826,59.591258835680186,59.902458440080245,363400
2008-09-08,59.62434387207031,59.64420680901559,59.08801931648962,59.213824652625235,418500
2008-09-09,59.89583969116211,59.94218824900044,59.419108781045644,59.5118058967223,323800
2008-09-10,59.74351501464844,59.822966747095094,59.50514971408715,59.54487558031048,248900
2008-09-11,59.637577056884766,59.94877650299871,59.59122852565148,59.91566824428449,393500
2008-09-12,59.33961868286133,59.72364717772875,59.240298965446556,59.703784244567935,358300
2008-09-15,60.47848892211914,60.524842516951445,60.00176321397621,60.23350593007604,526200
2008-09-16,60.30632400512695,61.33923700824994,60.27321574667363,61.33261434623708,810900
2008-09-17,60.849273681640625,60.98831929156232,60.46524006284073,60.69698274604355,829800
2008-09-18,60.13416290283203,60.86912169769457,60.11429997079959,60.51819642749379,687700
2008-09-19,59.0615348815918,59.42570557147673,58.96883780627776,58.96883780627776,1339500
2008-09-22,58.93578338623047,59.0019949160396,58.584857731787714,58.69079516915915,785800
2008-09-23,58.93578338623047,59.121177690342414,58.74376641365283,59.02185786982075,455500
2008-09-24,59.088016510009766,59.28665597325112,58.93573063292126,59.147610369626726,415400
2008-09-25,58.90924072265625,59.06152658859854,58.56493301845356,59.06152658859854,427200
2008-09-26,58.8695182800293,59.12112388496735,58.81654708374403,59.0218041548353,310600
2008-09-29,59.690582275390625,60.29973619072223,59.25357725899149,59.25357725899149,528000
2008-09-30,58.902610778808594,59.78323781338543,58.78342813464324,59.78323781338543,477900
2008-10-01,59.3178825378418,59.66337484042644,58.97903568272756,59.22486654922083,349200
2008-10-02,59.650020599365234,59.743036489206766,59.344396237173655,59.4174808747614,298000
2008-10-03,59.87596130371094,59.929109656764076,59.131828602084504,59.71650103758357,505400
2008-10-06,60.36096954345703,60.67323954725158,60.08192169414708,60.08856713884182,1065200
2008-10-07,60.31447219848633,60.493863753936886,59.97562542518304,60.088577728944124,825400
2008-10-08,59.54377365112305,60.613462436918134,58.80628622566208,60.50715556849578,869200
2008-10-09,58.945804595947266,58.992312579221746,58.62688908992939,58.91258243546977,577200
2008-10-10,58.25481414794922,58.76640186670211,58.075427694850916,58.76640186670211,1154600
2008-10-13,57.85618209838867,58.30797608846619,57.71665815470161,57.97577477426183,478400
2008-10-14,57.58381271362305,58.06882918384426,57.550595601603575,57.83628912373538,736700
2008-10-15,58.055519104003906,58.055519104003906,57.53064024516663,57.57715331081499,247200
2008-10-16,58.06878662109375,58.19501966463158,57.83624673142992,57.876109264232454,330400
2008-10-17,58.4342155456543,58.434215545654304,57.76317246708422,58.40099845198696,445800
2008-10-20,58.49399185180664,58.53385437642063,57.995690018178216,58.128568479550445,315900
2008-10-21,59.111915588378906,59.218217396297895,58.58703678886589,58.85943929021339,225500
2008-10-22,59.56370544433594,59.56370544433594,59.171705199827095,59.2049273637482,347700
2008-10-23,59.64341354370117,59.895889752030875,59.32450316442766,59.73643456239412,330000
2008-10-24,59.39094924926758,60.06199730860409,59.244779863175495,60.06199730860409,1924600
2008-10-27,59.35772705078125,59.58362657522231,59.072038793236146,59.437457189229214,213700
2008-10-28,58.879425048828125,59.35115080580523,58.673456569193796,59.06545717056612,278100
2008-10-29,58.96579360961914,59.158471177298985,58.680099984300064,58.92593103320089,255400
2008-10-30,58.51390838623047,58.673363513540146,58.35445325892079,58.50726294413799,406300
2008-10-31,58.394309997558594,58.95241049141985,58.194987306396726,58.75308780025799,264100
2008-11-03,58.48773956298828,58.581095485074755,58.27435387143116,58.48106982926319,1942300
2008-11-04,59.1878547668457,59.267871141314956,58.507685058790486,58.507685058790486,269700
2008-11-05,59.501304626464844,59.501304626464844,59.12787598106177,59.201227763863386,286500
2008-11-06,59.32127380371094,59.461307676426046,59.01453221288035,59.21458350962525,173000
2008-11-07,59.10787582397461,59.24790966753991,58.974511712249964,59.16789323551102,212300
2008-11-10,59.16790771484375,59.32794570558012,58.874500492230396,59.04120821643962,205400
2008-11-11,59.387962341308594,59.594683393796224,59.16124226198738,59.16124226198738,130100
2008-11-12,59.75468826293945,59.848044136485534,59.51462884881709,59.53463295207503,266900
2008-11-13,59.32127380371094,59.981434942943814,59.26792611291019,59.67469335211323,300500
2008-11-14,59.908084869384766,60.05478847956393,59.701368920959204,59.83473815181115,324100
2008-11-17,60.16144943237305,60.21479709418165,59.88138183914745,59.91472031214304,473100
2008-11-18,60.628238677978516,60.78161195890396,60.29482336837127,60.414853083330435,543600
2008-11-19,61.28169250488281,61.38171804603132,60.74155661768504,60.88159542779916,432400
2008-11-20,62.51536560058594,62.515365600585945,61.755179161883895,62.08859444508702,727900
2008-11-21,61.941917419433594,62.09529075386125,61.63517583809394,61.84189177415605,791300
2008-11-24,61.36178970336914,61.748552925310946,61.15507371018375,61.69520522141889,611600
2008-11-25,62.41537094116211,63.81571480734691,61.915247768416386,62.155307298335615,411600
2008-11-26,62.79546356201172,62.84214152071573,62.47538758447453,62.502061430521955,483400
2008-11-28,62.9221076965332,63.02879789933505,62.68871810836215,62.71539193094048,134000
2008-12-01,63.77387237548828,64.28235201665736,63.3189179816946,63.59323104615704,663900
2008-12-02,64.10832214355469,64.14177665994438,63.67343895270139,63.73365606131433,278300
2008-12-03,64.208740234375,64.30909877232864,63.69356878828839,64.07492714895439,352200
2008-12-04,64.61018371582031,64.75737559044238,64.14185057333957,64.34256258963913,443800
2008-12-05,63.92769241333008,64.67033789036607,63.840712697001166,64.39602509954942,557500
2008-12-08,63.68690872192383,64.03481268130298,63.60662083693659,63.894312710912395,523400
2008-12-09,64.22879791259766,64.36929779549791,63.60658122864152,63.81398508847815,1421700
2008-12-10,64.16854858398438,64.16854858398438,63.747044075723444,63.88754387699599,737000
2008-12-11,64.55661010742188,64.60344338658503,63.98122690373484,64.25553975629371,327500
2008-12-12,64.73726654052734,64.74395336399463,63.887570351205675,64.54993339453543,281300
2008-12-15,64.87773895263672,65.05838009429333,64.70378463161845,64.79075923990597,328900
2008-12-16,65.90808868408203,65.98837138283088,64.65696388265563,65.90808868408203,406000
2008-12-17,66.35633850097656,66.91833770611008,66.24260129581049,66.75776723384955,667900
2008-12-18,66.80465698242188,67.11241944131054,66.68422775029609,66.87156097705896,477700
2008-12-19,66.5838394165039,66.8982936655037,66.5303193074077,66.5303193074077,598000
2008-12-22,66.40990447998047,66.71766686768203,66.33630857156854,66.61061641746596,804200
2008-12-23,66.3764877319336,66.60396751594303,66.23598776436128,66.30289178161725,324500
2008-12-24,66.30950927734375,66.53029688044236,66.26936793294168,66.34296380064121,129200
2008-12-26,66.66410064697266,66.66410064697266,66.36971719435827,66.57712603799263,181100
2008-12-29,66.81120300292969,67.09996406733094,66.7373335359838,66.78434091282028,211900
2008-12-30,66.90522003173828,66.911936835349,66.54930629167048,66.63660936834974,201300
2008-12-31,66.16654968261719,66.87166568740528,65.9449412098642,66.73064351113196,404600
2009-01-02,65.21965789794922,66.45528318931001,65.09878106523615,66.33440635659694,455200
2009-01-05,65.10547637939453,65.34051830639166,64.76970805330498,64.94430901742861,1383500
2009-01-06,65.06523132324219,65.19282501588287,64.46756369469634,64.6085858754679,900800
2009-01-07,65.07862091064453,65.23307147506479,64.83686730045629,64.96445578336473,296700
2009-01-08,65.25322723388672,65.49498088289641,65.04505247301353,65.14578401400408,262600
2009-01-09,65.5554428100586,65.77704612296509,65.13908803181556,65.13908803181556,278700
2009-01-12,65.96505737304688,66.01877641938395,65.36738495049534,65.39424703537328,747700
2009-01-13,66.01210021972656,66.05239080698874,65.75020115567924,65.79720854862563,157700
2009-01-14,66.3814468383789,66.62991743050259,66.28071524030597,66.2941488525407,321100
2009-01-15,66.32771301269531,66.56275508190353,66.20683613723037,66.46202349844589,414500
2009-01-16,65.71664428710938,66.14642777342834,65.45474513524073,65.50846935188642,288800
2009-01-20,65.6158676147461,65.84419281702743,64.97119282785374,65.01148340096583,357200
2009-01-21,65.03165435791016,65.50845023723777,64.88392049037657,65.20625544935034,484100
2009-01-22,64.60183715820312,64.98461292362308,64.40037919522474,64.95103915816956,262600
2009-01-23,64.61527252197266,64.61527252197266,64.17205576920128,64.37351886108269,361900
2009-01-26,64.4541244506836,64.54142241752038,64.17207501278628,64.36682136042602,324900
2009-01-27,64.8771743774414,64.97118912495797,64.3668049456233,64.4071006398586,269300
2009-01-28,64.46082305908203,65.01819989376288,64.18549560509807,64.97119251755002,266200
2009-01-29,63.621376037597656,64.29291263747263,63.44678021049088,64.13846208861527,325900
2009-01-30,63.59449005126953,63.89668448165779,63.540771037271924,63.80938147750717,296900
2009-02-02,64.11038970947266,64.22487645667668,63.618789792676196,63.84102242578498,347600
2009-02-03,63.5582160949707,63.9353397629964,63.436998690579344,63.86799276444759,436000
2009-02-04,63.234962463378906,63.4706615050577,62.96558992809438,63.40331965570001,325000
2009-02-05,63.38311767578125,63.61208099138887,63.127211454980056,63.32250641480326,641800
2009-02-06,62.99928283691406,63.322525868590006,62.96560933293078,63.30232382134218,667000
2009-02-09,62.87128448486328,63.01943957530262,62.70966308522567,62.97903037200447,468300
2009-02-10,63.713077545166016,63.87469896368812,63.28881939485089,63.36962753518581,437400
2009-02-11,64.20467376708984,64.30568907444825,63.854493191146275,63.88143094896532,316800
2009-02-12,64.18449401855469,64.50100636050902,64.11715216955145,64.36632266250255,379900
2009-02-13,63.67940902709961,63.995921302365325,63.58512943078889,63.91511315572908,304100
2009-02-17,64.7501220703125,64.79726183851659,64.35279676300712,64.35279676300712,416200
2009-02-18,64.27873229980469,64.77707296524517,64.20465477218112,64.74339949347065,422300
2009-02-19,63.92182540893555,64.17099577792088,63.67939076285554,63.67939076285554,229300
2009-02-20,64.1036605834961,64.56159216918435,64.06325137974156,64.29895546511258,338800
2009-02-23,64.16427612304688,64.19121388356277,63.76695571560553,63.861235308484915,440600
2009-02-24,63.92182540893555,64.50770999327075,63.87468562430061,64.26527534719075,557000
2009-02-25,63.34266662597656,64.06323472844676,63.282060542875044,63.88814706314212,428700
2009-02-26,63.18103790283203,63.34265924344964,63.07329205503688,63.187773623897286,224800
2009-02-27,63.12718963623047,63.490841662847465,63.0059722940248,63.34942228658286,288300
2009-03-02,63.76057815551758,63.89561914893121,63.40271488663612,63.44997974947926,500400
2009-03-03,63.6795539855957,63.88212063838759,63.32169069694949,63.402718388363034,528400
2009-03-04,63.355384826660156,63.38239402784526,63.09205155445338,63.11230716747261,331600
2009-03-05,64.09815216064453,64.17917980507077,63.59849456538521,63.81456313237419,475000
2009-03-06,63.7943000793457,64.26694840474939,63.78079289777395,63.78079289777395,414800
2009-03-09,63.82133483886719,63.983390186797784,63.537745707212935,63.895608918798,224900
2009-03-10,63.355384826660156,63.571453284662596,63.28786439943659,63.50393285743903,244500
2009-03-11,63.80781936645508,63.80781936645508,63.17311559941511,63.2203804447384,320700
2009-03-12,63.9901123046875,64.21293445281393,63.74028609449794,63.855071388448856,271100
2009-03-13,63.942874908447266,64.21296200830686,63.67279296007063,63.807833934258944,553200
2009-03-16,63.578285217285156,63.733581876116105,63.483750320907305,63.517513151862595,512100
2009-03-17,63.4566650390625,63.895550370977105,63.32837262737648,63.78076513498338,222200
2009-03-18,65.63086700439453,65.83343347568068,63.57146525322239,63.57146525322239,751400
2009-03-19,65.4080581665039,65.95498049462468,65.39455098595673,65.84019521737365,711100
2009-03-20,65.4080581665039,65.63762872100595,65.29326773777288,65.52284344375494,231400
2009-03-23,65.18522644042969,65.56334501632408,65.15146364551946,65.36753213909898,285100
2009-03-24,65.09065246582031,65.36748761992187,64.82056574492132,65.0974060504986,810500
2009-03-25,64.69910430908203,65.10423229891803,64.59782102375256,64.93542854052954,443500
2009-03-26,64.867919921875,65.05022574759835,64.58433079231298,64.70586972662282,507900
2009-03-27,64.82740020751953,65.09073367227202,64.69910769595421,65.00970600947042,394200
2009-03-30,65.104248046875,65.27305184609516,64.8949329843166,65.19202931941868,321200
2009-03-31,65.21900939941406,65.29328345586359,65.09747565411254,65.1042240945307,1150800
2009-04-01,65.37877655029297,65.49389070824361,65.15531600869002,65.39231726512955,230200
2009-04-02,64.95219421386719,65.20274144817105,64.80322046191581,65.15534117857214,552400
2009-04-03,64.2073745727539,64.83035144714577,64.18706089562632,64.67460981167054,1177200
2009-04-06,64.05838012695312,64.35632773903579,64.01775278575778,64.30892745222663,363600
2009-04-07,64.22093200683594,64.33605148424559,64.10581769567308,64.20739127397722,289700
2009-04-08,64.53916931152344,64.53916931152344,64.22768090992449,64.31571372241095,250800
2009-04-09,64.15994262695312,64.43757652075553,64.05836912516583,64.13962895984425,249600
2009-04-13,64.53916931152344,64.64074285179903,64.40374136865253,64.43760093749269,207300
2009-04-14,64.87088012695312,64.94536693468478,64.61356018524845,64.70836063759106,254000
2009-04-15,64.931884765625,65.01314459003025,64.66779679411073,64.95897137376008,238500
2009-04-16,64.674560546875,64.8709345532662,64.56621412973165,64.78967474040867,240100
2009-04-17,64.15319061279297,64.51885223878035,64.09224959158402,64.49176561838375,239400
2009-04-20,64.6000747680664,64.66778869680427,64.38338709636028,64.3969278156112,277700
2009-04-21,64.34954071044922,64.9115762497871,64.26151310170964,64.86417597335154,218500
2009-04-22,64.19377899169922,64.4578669011935,63.99063206151545,64.42400735741585,160900
2009-04-23,64.18023681640625,64.26149662642364,63.94323549499054,64.12606360972799,238200
2009-04-24,63.92972183227539,64.09223635484695,63.81460242780383,63.99743578615991,253500
2009-04-27,64.19377899169922,64.29534729055005,63.95677251773781,64.19377899169922,207500
2009-04-28,63.882301330566406,64.41048244540693,63.78750078421505,64.40370950174116,283800
2009-04-29,63.53693389892578,64.02448232772502,63.320246282375045,63.889049338480625,454400
2009-04-30,63.428550720214844,63.509810466632416,63.171235939248454,63.374377555936455,410500
2009-05-01,63.224857330322266,63.30636078751821,63.04827427899521,63.272404899985304,562700
2009-05-04,63.28602981567383,63.408282494820384,63.13660929874634,63.26565523277194,516400
2009-05-05,63.27243423461914,63.40826821118998,63.143388329663004,63.29280881293136,245000
2009-05-06,63.29954528808594,63.53726232591907,63.1705046700469,63.21804704126757,442600
2009-05-07,62.769832611083984,63.14338379241287,62.654373221121844,62.94642091332433,489800
2009-05-08,62.84452819824219,63.02790971059679,62.763029909846786,62.830946877420445,399900
2009-05-11,63.435394287109375,63.46935016803392,63.15692808218259,63.265599337294695,698000
2009-05-12,63.39464569091797,63.48973563857921,63.224850725795434,63.31994067345668,206800
2009-05-13,63.686710357666016,63.74783925604221,63.544083170431556,63.55087642174725,287500
2009-05-14,63.6934700012207,63.727431058147154,63.537261575510506,63.645927630561545,186500
2009-05-15,63.53728103637695,63.639153874899435,63.43540301612312,63.59161148967849,254100
2009-05-18,63.16374969482422,63.62559237298043,63.13658186884645,63.57804997295257,456100
2009-05-19,63.0754508972168,63.11620004063353,62.88527613722982,63.02790850265315,268900
2009-05-20,63.27243423461914,63.36072580121678,62.980386521431186,63.082259412992286,408600
2009-05-21,62.57963180541992,63.47614901219827,62.5252961730743,63.47614901219827,374900
2009-05-22,62.21287536621094,62.49134160153197,62.117790598474784,62.30796013394709,382200
2009-05-26,61.79859924316406,62.4777793804764,61.78501792038044,62.396281080308185,519900
2009-05-27,61.09905242919922,61.846149640474806,61.04471676757419,61.80540048512298,733500
2009-05-28,61.418235778808594,61.554069679955646,60.92922544390933,61.54048836253341,660100
2009-05-29,62.11100769042969,62.1721365837131,61.431827703954866,61.44541420545432,1119300
2009-06-01,61.097389221191406,61.54698263626087,60.920274143889536,61.485676569420505,970300
2009-06-02,61.30174255371094,61.33580494151539,60.9338905936238,61.25405832909913,1903800
2009-06-03,61.676395416259766,61.744514980745635,61.403911961126695,61.499280390844824,568800
2009-06-04,60.961151123046875,61.36987386891367,60.85896913728226,61.29494595635742,591100
2009-06-05,60.354888916015625,60.72274101344787,60.22546322785451,60.409386677974325,1273900
2009-06-08,60.04836654663086,60.51839559563535,60.000682289566804,60.42984060314331,1135800
2009-06-09,60.307212829589844,60.48432798131247,60.14372471879614,60.32083987051877,1127200
2009-06-10,59.94610595703125,60.27308700355934,59.741742153302766,60.13002922263695,1406500
2009-06-11,60.354888916015625,60.59331012809413,59.82354872989992,59.93254425381731,781400
2009-06-12,60.675052642822266,60.82491887941576,60.436631446965464,60.436631446965464,608300
2009-06-15,60.9475212097168,61.049703181945034,60.83171739988059,60.9066504997019,531500
2009-06-16,61.2880973815918,61.308532727617475,60.82487714865113,60.92705907596824,403000
2009-06-17,61.124637603759766,61.581044532767194,61.124637603759766,61.30856099999566,594800
2009-06-18,60.38213348388672,60.913473632048685,60.31401388490046,60.78404795313248,1015500
2009-06-19,60.66139221191406,60.67501404421504,60.245856164682976,60.293540373519875,850900
2009-06-22,60.9884033203125,61.06333643414108,60.83172877117418,60.906661885002755,1218000
2009-06-23,61.18592071533203,61.27447562145392,60.92025079977722,61.00880570589911,492200
2009-06-24,60.95433044433594,61.52654113310375,60.95433044433594,61.22000043514823,687600
2009-06-25,61.71730422973633,61.717304229736335,60.961164643444526,61.10421737636556,790700
2009-06-26,61.79900360107422,61.92162087794893,61.64913746298416,61.7649412252578,263700
2009-06-29,61.92845916748047,62.05107129621818,61.799028324224956,61.96932987705971,903200
2009-06-30,61.76496505737305,61.98295083401727,61.52654392622949,61.621912378686915,608800
2009-07-01,61.7253532409668,61.7253532409668,61.39746062738284,61.513592410081586,394100
2009-07-02,61.93026351928711,62.08054214858293,61.84145658870966,61.84145658870966,431700
2009-07-06,61.971248626708984,62.00540072886708,61.75948787363591,61.82779728962648,472200
2009-07-07,62.21718978881836,62.22401708477967,61.87563737040588,61.87563737040588,741600
2009-07-08,62.934417724609375,63.03688444522617,62.21716110363963,62.27181071619178,658900
2009-07-09,62.56557846069336,62.66804524322251,62.33332528452586,62.57241096930918,668900
2009-07-10,62.95490646362305,63.084692760752816,62.722648248484774,62.818282451284894,400300
2009-07-13,62.72950744628906,63.05739479208531,62.67485781809789,62.989085362684044,327400
2009-07-14,62.312774658203125,62.55186011925081,62.21030797156207,62.37425154318446,942100
2009-07-15,61.506771087646484,62.03959212139864,61.506771087646484,61.98494247391708,714400
2009-07-16,61.87560272216797,62.087363435268465,61.83461291097149,61.923419825502705,194900
2009-07-17,61.458892822265625,61.73896286661701,61.45889282226563,61.609176597529704,616000
2009-07-20,61.6843147277832,61.896075373662484,61.28128051760939,61.308605312508604,335400
2009-07-21,62.37425231933594,62.41524212150573,61.534036944102844,61.54086423473761,837700
2009-07-22,62.00545883178711,62.299194286301635,61.92348954045792,62.299194286301635,298300
2009-07-23,61.40422821044922,62.012190453192616,61.281269261822985,61.99853066408782,518100
2009-07-24,61.53406524658203,61.5613900567058,61.36328909206443,61.376948891289,292400
2009-07-27,61.2471809387207,61.356475000341455,61.05590721045103,61.199358597896136,326800
2009-07-28,61.37009048461914,61.697982856042934,61.19248711128401,61.37009048461915,299300
2009-07-29,61.411075592041016,61.663820839256026,61.17199013724086,61.64332854479773,265200
2009-07-30,61.657012939453125,61.684337744548266,61.17200937528017,61.288135888179255,367400
2009-07-31,62.2786750793457,62.3264922158727,61.79367120552126,61.923462809670404,631800
2009-08-03,61.616886138916016,61.932026348417594,61.452461069496664,61.91147452144331,453700
2009-08-04,61.4387092590332,61.82235697392091,61.212628901270904,61.77440100955995,552000
2009-08-05,61.089351654052734,61.63057229694472,61.06194748173792,61.16471182121563,393900
2009-08-06,61.089351654052734,61.31543215554143,60.952336019290065,61.06194748173792,311200
2009-08-07,60.68514633178711,60.80846248253852,60.609786171505085,60.73995467141239,507200
2009-08-10,61.075660705566406,61.09621253096806,60.698859817162216,60.760520520179334,1487700
2009-08-11,61.5003662109375,61.50036621093751,61.240034573215866,61.30169522995492,327400
2009-08-12,61.32912063598633,61.60315708320626,61.06878888587316,61.55520109695356,624700
2009-08-13,61.80864334106445,61.92510705255644,61.45239463592708,61.51405527700378,614700
2009-08-14,62.000572204589844,62.32256496282686,61.9457638145036,61.95261616996832,695000
2009-08-17,62.42524337768555,62.459494654186024,62.2402666227104,62.25397131475744,572900
2009-08-18,62.206031799316406,62.44581170547433,62.19232710364456,62.43210700980248,514700
2009-08-19,62.43891143798828,62.65128701662172,62.30189594728399,62.637587558273665,495400
2009-08-20,62.603397369384766,62.637653891741564,62.32251374794256,62.50748537895948,542900
2009-08-21,61.96617889404297,62.603310648895466,61.9456270998226,62.5553547201132,435100
2009-08-24,62.34988021850586,62.37043202876801,61.81551224445676,61.82235936333861,369100
2009-08-25,62.514320373535156,62.569128703365536,62.15122433532642,62.295092281023656,315800
2009-08-26,62.596519470214844,62.63762309538485,62.438946862381606,62.56911531116519,219600
2009-08-27,62.42524337768555,62.65131852837613,62.349883251852496,62.404686339614976,378700
2009-08-28,62.569114685058594,62.610218309817306,62.247122352958456,62.295078324113234,303500
2009-08-31,62.75407028198242,62.822578048113655,62.52114283177474,62.62390709437534,483700
2009-09-01,62.91694259643555,63.05434373489839,62.50473393952957,62.60778217261798,464500
2009-09-02,63.260433197021484,63.29478085138374,62.93753484522344,63.00623539546395,381900
2009-09-03,63.033721923828125,63.22608557716012,63.019983909240025,63.08868446521339,246400
2009-09-04,62.65587615966797,63.081828096163576,62.635266512042286,62.99938426414315,521400
2009-09-08,62.51153564453125,62.81382412618204,62.49092601923907,62.51153564453125,408700
2009-09-09,62.566551208496094,62.58028922317277,62.28487735473422,62.42227846756687,568400
2009-09-10,63.033721923828125,63.25356684785275,62.772657714522765,62.8001389852154,626900
2009-09-11,63.21923828125,63.51465550300194,63.178018980104575,63.308553755756364,1319500
2009-09-14,62.848228454589844,63.129902300064025,62.813875556634216,63.04059210350223,477100
2009-09-15,62.71767807006836,62.841341133704155,62.600886632610944,62.600886632610944,710100
2009-09-16,62.669593811035156,62.82760453927746,62.50471145588629,62.80699490007329,743200
2009-09-17,62.978721618652344,62.985593242584194,62.518422403970916,62.71078594195639,846500
2009-09-18,62.64208221435547,62.88253662450475,62.545900450295754,62.78635486044504,910200
2009-09-21,62.60089111328125,62.875693281905356,62.51844731778478,62.75203020941835,617200
2009-09-22,62.765811920166016,62.765811920166016,62.545966905655675,62.55283853653623,438800
2009-09-23,62.90321731567383,62.93757023086646,62.449789235940905,62.621543328866196,794500
2009-09-24,63.07497024536133,63.15741409539185,62.84825883043539,62.93069743894706,501200
2009-09-25,63.32914733886719,63.34975698421095,62.97876764347178,63.11617401495876,454100
2009-09-28,63.439029693603516,63.50086383459971,63.23979974537386,63.27414738680372,514000
2009-09-29,63.411556243896484,63.514604413871375,63.19857779574849,63.2741499480729,276400
2009-09-30,63.45966339111328,63.542101948208355,63.315390674681325,63.349738326299075,670900
2009-10-01,63.93708038330078,64.0335263747352,63.606409914357705,63.689074903637305,1762800
2009-10-02,63.90951156616211,64.22641148493132,63.85440333568652,64.21263048537891,936600
2009-10-05,63.90262985229492,64.10929755379529,63.86129210726554,64.08863130923642,509100
2009-10-06,63.695953369140625,63.854403328507416,63.68217762550112,63.82684658531705,382300
2009-10-07,64.10243225097656,64.16443100394018,63.916425480259164,63.93020648485992,269500
2009-10-08,63.8681526184082,64.20571338483008,63.79926341692137,64.18504714997495,422200
2009-10-09,63.255069732666016,63.68219146104587,63.11729124269186,63.558188717704134,543800
2009-10-12,63.441097259521484,63.52376754098601,63.227538935631436,63.25509569611961,464800
2009-10-13,63.585723876953125,63.627056358728815,63.427273936961775,63.551276638199575,489200
2009-10-14,63.15174102783203,63.379080294655935,63.0415192734379,63.21374503510816,523400
2009-10-15,62.945106506347656,63.20688791019476,62.84866044935578,62.89688347785172,826100
2009-10-16,63.23438262939453,63.23438262939453,62.924373245328326,63.069047444772345,765300
2009-10-19,63.33085632324219,63.33085632324218,63.075960307739045,63.11729806392875,487000
2009-10-20,63.47552490234375,63.60641816022175,63.42730190037496,63.50308165431348,640800
2009-10-21,63.33085632324219,63.33774682525931,63.082850809756174,63.282633320948406,406400
2009-10-22,63.144859313964844,63.26197157703276,63.041522799999385,63.062189051609785,421300
2009-10-23,62.834861755371094,63.007087559521075,62.82797125154905,62.88997527411855,424800
2009-10-26,62.476619720458984,62.75906723984649,62.43528196315083,62.70395373404442,762500
2009-10-27,63.01398468017578,63.034650937897545,62.60752900662611,62.60752900662611,669800
2009-10-28,63.20682907104492,63.33772227907812,62.99327089449477,63.02082763597076,684100
2009-10-29,62.90372848510742,63.05528797939633,62.74528374537815,63.027731229897206,351200
2009-10-30,63.37217712402344,63.379067624768474,63.06906341809911,63.08972966442213,600100
2009-11-02,63.20546340942383,63.41387568675457,63.14293601602919,63.41387568675457,671100
2009-11-03,63.059593200683594,63.37916836118641,62.94149233283068,63.37916836118641,353000
2009-11-04,62.8858757019043,63.01092516320977,62.68441213117479,62.858091644083615,497700
2009-11-05,62.899749755859375,62.94143112744485,62.726070307218365,62.80943835066546,147600
2009-11-06,63.08733367919922,63.10123100598792,62.82334277326301,63.0456522993875,327300
2009-11-09,63.11513137817383,63.19849944909817,63.03871197156266,63.05955266422427,531500
2009-11-10,63.163780212402344,63.33051640383753,63.04567938534535,63.27493767335913,523000
2009-11-11,63.3443717956543,63.51110259036693,63.25406038607587,63.358263820098514,275600
2009-11-12,63.36519241333008,63.38603309353391,62.95531156858875,63.19846167142468,374500
2009-11-13,63.41384506225586,63.42774238753396,63.267954948495415,63.35826636169666,229300
2009-11-16,63.754249572753906,63.83761761606727,63.47636669559495,63.53888875287287,514800
2009-11-17,63.89324188232422,63.93492328357135,63.636194207313764,63.70566497615229,506000
2009-11-18,63.733421325683594,63.85152740183035,63.65005856637666,63.78900003207299,285300
2009-11-19,63.80986022949219,63.97659109935524,63.75428150611157,63.816808894984455,378200
2009-11-20,63.802921295166016,63.90018672605632,63.7056611645553,63.84460799419889,304200
2009-11-23,63.71259307861328,63.7403824372351,63.538913562435525,63.64312233219782,505100
2009-11-24,64.03913879394531,64.094717534949,63.77514772459851,63.84461850071288,753800
2009-11-25,64.25444030761719,64.28917831365654,63.900138087338526,63.990449482655045,431200
2009-11-27,64.54624938964844,64.60877146306014,64.42119994254755,64.53930072584353,412200
2009-11-30,64.65047454833984,64.69216124488592,64.41427290245556,64.52542505926014,404100
2009-12-01,64.29396057128906,64.51677342705914,64.26611427646866,64.48195759030735,529600
2009-12-02,64.1617202758789,64.34275320110642,64.07120115718772,64.23831092454613,463800
2009-12-03,63.862274169921875,63.904048924451374,63.75783197144726,63.778719348712,463500
2009-12-04,63.38877487182617,63.45840119761531,63.214706401279244,63.3330716863356,756700
2009-12-07,63.562896728515625,63.618599960791045,63.388828111769385,63.402751263761935,399100
2009-12-08,63.7856330871582,63.97362464588168,63.709042556380986,63.8761467543737,502200
2009-12-09,63.66035842895508,63.91798182815106,63.618583671521066,63.81353962241479,721800
2009-12-10,63.44446563720703,63.555866674231766,63.256468751016314,63.53497931179882,423200
2009-12-11,63.131168365478516,63.22864630986417,62.99887990504059,63.22864630986417,454000
2009-12-14,63.131168365478516,63.263462138066,63.10331676534697,63.179907337671345,195200
2009-12-15,62.92928695678711,62.99195442366759,62.803957335178964,62.88054795461465,326000
2009-12-16,62.92928695678711,63.15209458274016,62.85966056970543,63.04069342584005,761500
2009-12-17,63.48628616333008,63.48628616333007,63.17296487650061,63.291330223778324,468800
2009-12-18,63.17294692993164,63.45145230037118,63.152054246214185,63.34701544253107,517600
2009-12-21,62.525421142578125,62.89444559418633,62.490605310024435,62.88748136524554,609900
2009-12-22,62.24692916870117,62.379217685522846,62.19819017573491,62.35137138567226,366700
2009-12-23,62.219093322753906,62.51152735465304,62.21212908995064,62.36531033870347,351400
2009-12-24,61.996299743652344,62.21910743451277,61.99629974365234,62.17733265252468,160200
2009-12-28,61.82912826538086,61.94749356077925,61.822164038549005,61.93356510711555,1181400
2009-12-29,61.99238586425781,62.0342379143119,61.824967020081615,61.901699326500726,428800
2009-12-30,62.10395050048828,62.124876511159655,61.950485992929835,62.02721824670906,473100
2009-12-31,61.804054260253906,62.05517725843761,61.58781152592169,61.7970771430874,304300
2010-01-04,61.95753479003906,62.048216048527316,61.82499613980186,61.90172848236209,619100
2010-01-05,62.22957992553711,62.327238296763014,62.12494443580019,62.12494443580019,1547500
2010-01-06,61.97845458984375,62.222600508891205,61.92962540603426,62.18772556158836,365500
2010-01-07,61.97845458984375,62.117970345000785,61.95055143881235,61.9924088263504,390900
2010-01-08,62.055145263671875,62.180706698026,61.957486961616254,62.173729584456794,382500
2010-01-11,62.09701156616211,62.1876980974595,62.03423349555272,62.09003977296965,653600
2010-01-12,62.54344177246094,62.58529380970309,62.4178803387562,62.5015844132405,403000
2010-01-13,62.243499755859375,62.55042361491696,62.22256841189667,62.417890368361306,281900
2010-01-14,62.536468505859375,62.62017258549274,62.355100796689406,62.42485597037675,511700
2010-01-15,62.81553268432617,62.88528790039125,62.75274926448031,62.76670350088243,429200
2010-01-19,62.703880310058594,62.752709462531634,62.578318871988145,62.68295429070993,411900
2010-01-20,62.920127868652344,63.00383727458351,62.87129871235388,62.878275826676195,228800
2010-01-21,63.150306701660156,63.1991358440083,62.82245160790371,62.836405832561674,349200
2010-01-22,63.20612716674805,63.25495632007428,63.08056572648364,63.10149174619795,272900
2010-01-25,63.06661605834961,63.150320136195056,63.05963894453632,63.0666160583496,1699000
2010-01-26,63.192169189453125,63.275878585322026,63.07358487012254,63.261929680333,490600
2010-01-27,63.045684814453125,63.34563684514658,62.989883869795996,63.227052520029716,342100
2010-01-28,63.02476501464844,63.094520193837624,62.84339729117331,62.84339729117331,318100
2010-01-29,63.268924713134766,63.268924713134766,62.88526848225387,62.96200079282609,396700
2010-02-01,63.05197525024414,63.17095850948547,62.98198855281219,63.17095850948547,634300
2010-02-02,63.156951904296875,63.163952175260995,63.05896946936813,63.079964942618254,426000
2010-02-03,62.85594940185547,63.023923720356535,62.834953946952226,62.97493254570311,435300
2010-02-04,63.373931884765625,63.401922295652525,63.12897040253605,63.12897040253605,503400
2010-02-05,63.576866149902344,63.688849106964376,63.28991916680311,63.33191010588073,694700
2010-02-08,63.52086639404297,63.53486159085493,63.380887727722644,63.46487492751484,257600
2010-02-09,63.17796325683594,63.499911726397904,63.16396805103235,63.35293269742052,481200
2010-02-10,63.00300216674805,63.31095013167865,62.91201996785686,63.27595944271017,496200
2010-02-11,62.925994873046875,63.00997676406434,62.758020411727735,63.00997676406434,496900
2010-02-12,63.07295608520508,63.17793342827742,63.05895554636807,63.12894222162998,219800
2010-02-16,63.212928771972656,63.23392424036666,62.92598180451956,62.946977272913564,175400
2010-02-17,62.87702178955078,63.142978782768736,62.76504411317804,63.05199124734403,358000
2010-02-18,62.65306091308594,62.91901790552251,62.50608720972871,62.91901790552251,474300
2010-02-19,62.68800354003906,62.688003540039055,62.471043306515114,62.61101661724549,527900
2010-02-22,62.63904571533203,62.69503720530684,62.58305422535723,62.59705476767212,349700
2010-02-23,63.11494064331055,63.149936647224926,62.695015294540546,62.71601076103297,557200
2010-02-24,63.14995193481445,63.2549292926899,63.023973765722104,63.135951394003186,394300
2010-02-25,63.380916595458984,63.42291288430296,63.28293415422734,63.38791686687341,256600
2010-02-26,63.47886657714844,63.62584550348168,63.41588018555406,63.42288045338894,609900
2010-03-01,63.54487991333008,63.59400329324904,63.43961399806177,63.5518937147136,468600
2010-03-02,63.5799560546875,63.593994363577046,63.38346256260265,63.41153382633565,417900
2010-03-03,63.51679611206055,63.55188117419551,63.3694260013838,63.446620633744836,476700
2010-03-04,63.629032135009766,63.70622671438859,63.41850584455654,63.488681274707616,431100
2010-03-05,63.327301025390625,63.39046268834136,63.193969255240404,63.376424383665864,549900
2010-03-08,63.15886688232422,63.21500938230116,63.137814783343735,63.16588603333221,399800
2010-03-09,63.3203125,63.3203125,63.158904056076175,63.28522207835019,350500
2010-03-10,63.215023040771484,63.229055991775994,63.07466676050323,63.109757169081455,329800
2010-03-11,63.15886688232422,63.25711358026213,63.053601033378314,63.09571058538276,283100
2010-03-12,63.25709915161133,63.33429373296104,63.01148246279057,63.018501612197525,276400
2010-03-15,63.25709915161133,63.29920333996853,63.13780038190443,63.25008000220438,190100
2010-03-16,63.50275802612305,63.5308292883567,63.25012202006602,63.27117948227562,388200
2010-03-17,63.5799560546875,63.60100816397571,63.4746901542003,63.5518847909545,288300
2010-03-18,63.411556243896484,63.57295937486358,63.390504127165826,63.530855141402256,202600
2010-03-19,63.327301025390625,63.52379445849158,63.320287227097374,63.327301025390625,171300
2010-03-22,63.5378303527832,63.5378303527832,63.432564487888364,63.48168784430005,338100
2010-03-23,63.404483795166016,63.57992509252621,63.404483795166016,63.51676879541742,244100
2010-03-24,62.77293014526367,63.1518842079272,62.68170254564057,63.06767576336636,531300
2010-03-25,62.54130935668945,62.716750636506646,62.33077767929163,62.646569841345396,601900
2010-03-26,62.68868637084961,62.70973847012536,62.47113551889858,62.47815467000501,734100
2010-03-29,62.597469329833984,62.71677351269901,62.52729386311892,62.66765015059397,521400
2010-03-30,62.6606330871582,62.6606330871582,62.47115343125982,62.5904576181031,246500
2010-03-31,62.80801010131836,62.864152624368714,62.702744209110364,62.77993883979318,398900
2010-04-01,62.677833557128906,62.74821494139433,62.593384486963615,62.71302424926162,397600
2010-04-05,62.11480712890625,62.30482286654057,62.01627965467444,62.24148607711068,656100
2010-04-06,62.297767639160156,62.35407057263008,62.192206350583135,62.32591910589512,566100
2010-04-07,62.68484878540039,62.7552247733933,62.27666053796032,62.290738957165125,562000
2010-04-08,62.61443328857422,62.85371257063697,62.57924263211072,62.74815133992712,465400
2010-04-09,62.68484878540039,62.70596104486389,62.45964240221685,62.53001839020976,314600
2010-04-12,62.85374069213867,62.924122036555104,62.720027950301436,62.78336471706496,402000
2010-04-13,62.97339630126953,63.05080612827339,62.86782963630991,63.008581610026994,309100
2010-04-14,62.80448532104492,63.03673090206825,62.77633385340481,62.97339412688558,315800
2010-04-15,62.910037994384766,62.9663409171461,62.68483167268169,62.712983134062355,299900
2010-04-16,63.29005813598633,63.31117038417119,62.93817301466301,63.0155881709014,409900
2010-04-19,63.13526153564453,63.2549012521363,63.085997807127704,63.233788992678186,215300
2010-04-20,63.16340255737305,63.16340255737305,63.02265060470377,63.10709962856821,171300
2010-04-21,63.36750030517578,63.39565177120324,63.163406203484016,63.22674297503846,446500
2010-04-22,63.21970748901367,63.515289820589054,63.198595232378715,63.44491384202487,169300
2010-04-23,63.04376983642578,63.11414582054748,62.98042769217586,63.06488209472794,174200
2010-04-26,63.085941314697266,63.20558092405372,63.02260459303994,63.18446868350127,161900
2010-04-27,63.6771240234375,63.719348513246665,63.304121342543226,63.37450265134517,442800
2010-04-28,63.35344696044922,63.543468089002175,63.24084642111936,63.45197981521258,409700
2010-04-29,63.45896911621094,63.501198986995966,63.26191428368576,63.34636865591433,350500
2010-04-30,63.84607696533203,63.85311617555024,63.529376937643,63.5364161478612,423200
2010-05-03,63.678733825683594,63.72814621876451,63.60814546207471,63.65049740313066,300500
2010-05-04,64.10939025878906,64.15880269843409,63.96115293985398,64.06703827782248,355000
2010-05-05,64.35637664794922,64.65285093658534,64.22226040435422,64.36343709831074,672000
2010-05-06,65.06230163574219,65.69054737617058,64.30699465648848,64.40581946606947,902400
2010-05-07,64.8858871459961,65.47178146946857,64.78706224632039,64.89294760613096,3856500
2010-05-10,64.39170837402344,64.52583007577373,64.22229517245106,64.22935024108632,836200
2010-05-11,64.4693832397461,64.56114763898721,64.2576126131272,64.5258561249179,891400
2010-05-12,64.30699157714844,64.47640475895376,64.2646396280841,64.39170086082508,424000
2010-05-13,64.48350524902344,64.53997813987091,64.15879420497737,64.48350524902344,420300
2010-05-14,64.89998626708984,65.09057554228959,64.73056759407751,64.77292495510625,488700
2010-05-17,64.75872039794922,65.17520069924416,64.73048398891699,64.89284199446622,535100
2010-05-18,65.23171997070312,65.28113237531144,64.75876651453989,64.7870029436801,1711400
2010-05-19,65.28816986083984,65.57052869065238,65.21052104800273,65.24581792130932,839700
2010-05-20,65.92355346679688,66.09296680984784,65.6835516796041,65.79649211312038,1221600
2010-05-21,65.9588623046875,66.50239934694022,65.83885600384512,66.45298688855361,1196200
2010-05-24,65.9588623046875,66.12121521700607,65.8812133864294,66.01532983887645,2949400
2010-05-25,66.1846923828125,66.49528240648503,66.08586754997812,66.3752815931218,1064000
2010-05-26,66.05059051513672,66.0717665020316,65.72587948312929,65.97294163948808,551600
2010-05-27,65.42232513427734,65.57762283975192,65.34467628154005,65.56350192895451,522800
2010-05-28,65.71882629394531,65.74706274144505,65.45058812102532,65.5776494419983,511700
2010-06-01,65.8037338256836,65.9665466465499,65.64092640544823,65.9453113657045,978900
2010-06-02,65.42862701416016,65.85334924982736,65.40031147836417,65.77548287654747,519100
2010-06-03,65.33653259277344,65.52057526891834,65.18080002016605,65.22327057610254,274300
2010-06-04,66.24263000488281,66.26386529018606,65.8957690094895,65.96656049467643,728300
2010-06-07,66.51158905029297,66.52574950114584,66.12933788670955,66.16473361321212,413800
2010-06-08,66.30632781982422,66.4832957100665,66.27801230930969,66.31340804761071,604300
2010-06-09,66.31340789794922,66.3912742015306,66.04441864961535,66.12228495319673,264000
2010-06-10,65.69752502441406,66.06562107657952,65.66920952804527,66.03730558021074,655200
2010-06-11,66.115234375,66.22849106696141,65.83208454414573,66.00197228240476,404800
2010-06-14,66.05859375,66.065673979919,65.69757763299341,65.78252419012233,627700
2010-06-15,65.853271484375,66.13642110733007,65.7612501521823,66.07270987686599,1114400
2010-06-16,66.03733825683594,66.09396927759569,65.84620991192962,66.05149331171019,621900
2010-06-17,66.3487548828125,66.44785639625377,66.10807592114982,66.10807592114982,792500
2010-06-18,66.21431732177734,66.33465421072853,66.20723709282954,66.30633869556961,463400
2010-06-21,66.16471862792969,66.1930341225928,65.83201831642356,65.85325358726381,569100
2010-06-22,66.5611801147461,66.58949563296086,66.17892871979598,66.21432446772266,549200
2010-06-23,66.80894470214844,66.91512656206918,66.61074144396773,66.62490190562849,632500
2010-06-24,66.75228881835938,67.00712300647476,66.66026206115414,66.94341175913027,1075100
2010-06-25,66.85848999023438,67.0213028820727,66.67444720892722,66.68860226878421,455400
2010-06-28,67.3327407836914,67.339815610422,67.09206165907415,67.09206165907415,924300
2010-06-29,67.62295532226562,67.6725061052255,67.46014792138186,67.48845802539012,920400
2010-06-30,67.72203826904297,67.72203826904297,67.48136464673034,67.67956772407693,891500
2010-07-01,67.69226837158203,68.0187349512997,67.66387926708467,67.72775610587075,1293700
2010-07-02,67.57160949707031,67.72064821429726,67.47934898107286,67.57160949707031,1072400
2010-07-06,67.73491668701172,67.82717730001005,67.45812943334374,67.53619818844732,914100
2010-07-07,67.52194213867188,67.79163052129482,67.50065166302642,67.78453730585852,473900
2010-07-08,67.35873413085938,67.45099469447601,67.21678855452215,67.31614775062316,508400
2010-07-09,67.18132781982422,67.32326802712427,67.18132781982422,67.26648977833553,439800
2010-07-12,67.29484558105469,67.46517482840898,67.2451659916318,67.29484558105469,685200
2010-07-13,66.96125793457031,67.18836532673403,66.94706609147704,67.15997622588014,679700
2010-07-14,67.29484558105469,67.40840202240365,67.06773811302591,67.19548640220891,566500
2010-07-15,67.64257049560547,67.77031872395473,67.43675360467239,67.43675360467239,703600
2010-07-16,68.03290557861328,68.07548651135652,67.69934049968217,67.69934049968217,864200
2010-07-19,67.85545349121094,68.01868395134666,67.79157670031924,67.93352211637637,489800
2010-07-20,67.92647552490234,68.2103611598145,67.9122836797574,68.06132241978594,895900
2010-07-21,68.35942077636719,68.42329763569737,67.96907723232107,67.97617586439549,470700
2010-07-22,67.98323822021484,68.16776465299678,67.9761395919283,68.16776465299678,656800
2010-07-23,67.76325225830078,68.08262024790179,67.5290461781034,68.03294066252677,799500
2010-07-26,67.74195098876953,67.81292646052997,67.5858190290341,67.7348577733281,626300
2010-07-27,67.50777435302734,67.67810363356496,67.49357708775825,67.52196620362622,528200
2010-07-28,67.79875946044922,67.85553769733168,67.49358320554435,67.55036144242682,933000
2010-07-29,67.94059753417969,68.07543886504584,67.72768219015211,67.77026309309277,737300
2010-07-30,68.33810424804688,68.38068519492427,68.153577787132,68.29552330116948,563600
2010-08-02,68.12674713134766,68.25483189788092,68.08405401881353,68.16232834441335,1160900
2010-08-03,68.44700622558594,68.49681669887644,68.30468670980272,68.33315061295937,911900
2010-08-04,68.1623764038086,68.43277535539364,68.1623764038086,68.41854611749325,777600
2010-08-05,68.48970031738281,68.5181642209349,68.33315156231356,68.39719670253939,817400
2010-08-06,68.93798828125,68.94510561372101,68.68893593410448,68.7956742054337,438400
2010-08-09,68.92372131347656,68.93795054169492,68.80986577200568,68.84544698594809,464800
2010-08-10,69.27244567871094,69.32225615773757,68.82415136747133,68.88819108524768,641200
2010-08-11,69.66377258300781,69.68511914180385,69.47876002522284,69.52145314281493,911200
2010-08-12,69.48587799072266,69.71358366818474,69.41472098444042,69.70646633887705,1701100
2010-08-13,69.78470611572266,69.79893533835988,69.57834709944508,69.62104019628565,705800
2010-08-16,70.28996276855469,70.31130932763485,70.11918486698188,70.20457653223409,1453200
2010-08-17,69.9342269897461,70.11923969465865,69.80614210618137,70.10500502485377,774300
2010-08-18,69.86300659179688,70.20456778129882,69.83454270692748,70.1191761266906,1148600
2010-08-19,70.17613220214844,70.282865027296,69.82034164116826,69.84168820619776,684100
2010-08-20,69.94843292236328,70.21883181927271,69.9128516914049,70.16902135329114,306000
2010-08-23,70.04094696044922,70.09075743385397,69.84882239986929,69.91997944345688,575600
2010-08-24,70.59600830078125,70.72409320306528,70.33272116027058,70.42523024071477,973400
2010-08-25,70.2757797241211,70.91620406207112,70.2117345758585,70.78100186046635,690100
2010-08-26,70.59600830078125,70.59600830078125,70.24021750876304,70.31137458137935,845000
2010-08-27,69.78470611572266,70.53897978086016,69.66373872205511,70.289927667742,1014100
2010-08-30,70.31847381591797,70.32559115002846,69.95556578137703,70.01249359639037,463500
2010-08-31,70.63153839111328,70.68846075061384,70.45364312395881,70.60307449689664,1276700
2010-09-01,70.12290954589844,70.40111800036688,69.85183073412637,70.3654480169836,1268700
2010-09-02,69.83045196533203,69.97312105690948,69.78765232635419,69.95885632474253,1273500
2010-09-03,69.43091583251953,69.5521850027412,69.25257689661507,69.28111177945647,1308300
2010-09-07,69.98023986816406,70.0016396826758,69.71630156588508,69.801900823932,778200
2010-09-08,69.78763580322266,69.90890504659913,69.63783165979132,69.79476544637961,1124900
2010-09-09,69.23835754394531,69.53083622584842,69.20269299607574,69.47376641828541,929300
2010-09-10,69.03861236572266,69.12421706926261,68.89594330229863,69.04574745163663,725300
2010-09-13,69.36674499511719,69.40955006160226,68.99580222125537,68.99580222125537,1450100
2010-09-14,69.71629333496094,69.75909295893135,69.48801960299365,69.49514924533867,590900
2010-09-15,69.4737319946289,69.78761033822492,69.43806202195711,69.62353608339781,900600
2010-09-16,69.23119354248047,69.45233213394712,69.09565417740157,69.39526235470615,2902900
2010-09-17,69.38813781738281,69.58074699097568,69.31680330372693,69.43807252118938,1738600
2010-09-20,69.60218811035156,69.60218811035156,69.34537935479246,69.49518355512231,619900
2010-09-21,70.25132751464844,70.25845715872993,69.55937106539608,69.80190958360028,1279500
2010-09-22,70.35833740234375,70.63654595357275,70.30840267372514,70.4510772144049,978800
2010-09-23,70.45820617675781,70.72214999259951,70.3012723472468,70.72214999259951,514000
2010-09-24,70.10862731933594,70.23703161796922,70.08009242603138,70.16569710594504,1317500
2010-09-27,70.65081024169922,70.65794532875798,70.365466626594,70.365466626594,782100
2010-09-28,70.88621520996094,70.97894956668618,70.66507106319078,70.67220614985472,776000
2010-09-29,70.71504211425781,70.93618637463935,70.67937754756866,70.90051636547092,820400
2010-09-30,70.6293716430664,70.67217125696567,70.1942240935114,70.66503617382452,813200
2010-10-01,70.66727447509766,70.75307562580953,70.34550379399147,70.43846231434563,846600
2010-10-04,70.91755676269531,70.96045735005266,70.76024733529998,70.81029983898814,1260800
2010-10-05,70.93183898925781,71.0033472256564,70.85318429346938,70.96044119275474,1092900
2010-10-06,71.3895263671875,71.58974196844419,71.32517544398584,71.41812859593846,614400
2010-10-07,71.46098327636719,71.54678444559978,71.38232856769503,71.44667944461948,534700
2010-10-08,71.48961639404297,71.77562768889699,71.48246447507688,71.64692042408637,868200
2010-10-11,71.56108856201172,71.64688973158563,71.47528193712438,71.5896907703075,400300
2010-10-12,71.35374450683594,71.68981371930484,71.31084391130878,71.57540485747934,991900
2010-10-13,71.35374450683594,71.38234672229231,71.01767529436704,71.13208415619253,473800
2010-10-14,70.94615936279297,71.36802968829664,70.8961068588296,71.32512910070339,955100
2010-10-15,70.6386947631836,70.8961092078998,70.51713945743259,70.84605670227798,807100
2010-10-18,70.97477722167969,71.13923314725602,70.85321643784044,70.95332692315364,1149600
2010-10-19,71.21788787841797,71.31799290841573,70.86752027342578,70.88181865400476,763700
2010-10-20,71.17497253417969,71.33228196452939,70.99621280974844,71.05341723084176,615100
2010-10-21,70.78173828125,71.11780762273497,70.78173828125,71.05345670474009,594300
2010-10-22,70.80314636230469,70.8675026972362,70.69589489627488,70.70304135713445,643600
2010-10-25,70.78173828125,71.14640984917166,70.75313605481331,71.07490701073839,1436800
2010-10-26,70.30975341796875,70.5886180616047,70.30975341796875,70.55286394613871,831800
2010-10-27,69.9022445678711,70.20971168980067,69.89509264727263,70.15965915624548,1223500
2010-10-28,70.30975341796875,70.374104279433,70.13099375126302,70.16674241141692,738700
2010-10-29,70.62439727783203,70.67444978795267,70.42418723734947,70.4599413682847,768600
2010-11-01,70.50613403320312,70.84299923822826,70.45596215429941,70.84299923822826,1042700
2010-11-02,70.74264526367188,70.76415218151713,70.64230152035623,70.68530988772285,356700
2010-11-03,70.97206115722656,71.0939119179406,70.54201541047642,70.97923013569877,912000
2010-11-04,71.54539489746094,71.63856966063273,71.38771032261371,71.38771032261371,1092500
2010-11-05,71.2444076538086,71.56694050623706,71.2444076538086,71.4450952480598,1108100
2010-11-08,71.26586151123047,71.43787855306789,71.18701922782098,71.35187276631076,469400
2010-11-09,70.66383361816406,71.30174121780641,70.64233215931709,71.26590180751062,744600
2010-11-10,70.92900848388672,70.9863493347972,70.28393758195507,70.70681952201424,1298900
2010-11-11,70.85016632080078,71.00785092695358,70.6566477840016,70.97201152798266,403500
2010-11-12,70.26243591308594,70.81433203182806,70.25526693966313,70.6781488784171,2041400
2010-11-15,69.35932922363281,70.04740842208118,69.35216571930184,69.85388443866636,1174200
2010-11-16,69.87537384033203,69.91121322910314,69.27331148090273,69.66751741577012,954600
2010-11-17,69.6747055053711,70.07608052179138,69.5886942297134,69.89689446541453,580200
2010-11-18,69.50987243652344,69.56004432443231,69.23750607216752,69.49553448664909,2968200
2010-11-19,69.65320587158203,69.66037484515508,69.46685083695515,69.50269023649577,530600
2010-11-22,70.02590942382812,70.0330783972938,69.78938798270582,69.86823028585476,495400
2010-11-23,70.16925048828125,70.40577736043608,70.09040819756298,70.30542815271163,659400
2010-11-24,69.41669464111328,69.911250031215,69.36652275141643,69.87541062357761,1112700
2010-11-26,69.71769714355469,69.7248661157822,69.538511116132,69.60302092953243,210100
2010-11-29,69.86820983886719,69.9613845933553,69.7391956958636,69.91838170179508,527800
2010-11-30,69.99009704589844,70.26245796989545,69.92558720149117,70.24812548687507,874200
2010-12-01,69.06966400146484,69.4648426873078,69.03374215476865,69.27084936627442,1967700
2010-12-02,68.89722442626953,69.22773501507461,68.88285678403481,69.02655513334462,983500
2010-12-03,68.90438842773438,69.36422957305436,68.83253927660415,69.3354888162545,374500
2010-12-06,69.33556365966797,69.3427502270601,69.09845627143066,69.23497364315726,902000
2010-12-07,68.18592834472656,68.78946816753282,68.02067026081974,68.72480553583597,1335700
2010-12-08,67.60391998291016,67.7476238195456,67.12971102636538,67.7188830522185,2155300
2010-12-09,67.74762725830078,67.90569874575277,67.4674116148145,67.7763680270867,1664700
2010-12-10,67.1728286743164,67.60392928002737,67.1728286743164,67.52489901118545,1002400
2010-12-13,67.38834381103516,67.58233705587126,66.97161108451193,67.07220098653636,1323400
2010-12-14,66.67707061767578,67.26624277026475,66.4615175572258,67.1081712568337,1878500
2010-12-15,66.404052734375,66.97167082022462,66.1741319701347,66.84952661335333,1871900
2010-12-16,66.7991714477539,66.81353908431444,66.14533160861026,66.43273367546749,1351000
2010-12-17,67.37396240234375,67.44581702215262,66.90694026401322,66.96441628542732,1361700
2010-12-20,67.36680603027344,67.79790649852904,67.21592114047097,67.62546740757477,804000
2010-12-21,67.5105209350586,67.51770749778701,67.15845610574323,67.48178016588615,848500
2010-12-22,67.32371520996094,67.5033409234152,67.23031181239175,67.47460563319525,308900
2010-12-23,67.08663940429688,67.20878362111112,66.99323048882633,67.20878362111112,540600
2010-12-27,67.3452377319336,67.37397300629434,66.90695079445946,67.08657640877709,407100
2010-12-28,66.6378173828125,67.26457504929118,66.6378173828125,67.22855240894934,955200
2010-12-29,67.38707733154297,67.50233994565211,66.6162397062049,66.71709655465764,1362200
2010-12-30,67.25016784667969,67.3510246501739,67.02684285269729,67.25737347443886,529800
2010-12-31,67.5887680053711,67.82650427986539,67.29340319159552,67.3078089523448,674300
2011-01-03,67.37987518310547,67.56718312403562,67.02687619527605,67.13493868028522,1396100
2011-01-04,67.53831481933594,67.63196597055718,67.34380689102038,67.46627504945174,1234100
2011-01-05,66.81076049804688,67.12053673338157,66.6738864612388,67.04129126646197,1111900
2011-01-06,67.15655517578125,67.20698360644197,66.88279612680586,67.00526988379909,1452400
2011-01-07,67.6031723022461,67.72564599924164,67.12770525983738,67.21415631131353,736500
2011-01-10,67.83369445800781,67.83369445800781,67.58875261078683,67.72563204000687,1096400
2011-01-11,67.56713104248047,67.74723321324208,67.40143462701568,67.74723321324208,760400
2011-01-12,67.37266540527344,67.49513914543216,67.17095171035692,67.29342545051564,753000
2011-01-13,67.82652282714844,67.82652282714844,67.32943875296533,67.35105014814101,1051500
2011-01-14,67.6391830444336,68.02820446318911,67.6175716594388,67.9561646811121,734500
2011-01-18,67.4734878540039,67.60315615582194,67.24295177179573,67.48789361100056,1063800
2011-01-19,67.6463851928711,67.69681358736007,67.43746598819311,67.4446716149152,732200
2011-01-20,67.12054443359375,67.40150366807292,66.95485334468947,67.35107522845583,697000
2011-01-21,67.3438491821289,67.3438491821289,66.98364461022175,67.0700901898567,523900
2011-01-24,67.35102844238281,67.47350213605046,67.30780566596121,67.37263983059361,497800
2011-01-25,67.68963623046875,67.84812710684973,67.29341453580139,67.48071693853792,1126500
2011-01-26,67.27902221679688,67.55277576452269,67.21418801981704,67.54557562904935,869900
2011-01-27,67.53112030029297,67.57434856635894,67.18532714946343,67.33661233998674,531500
2011-01-28,67.84089660644531,67.94895902766044,67.3510183937154,67.36542964789506,1056600
2011-01-31,67.57434844970703,67.86971320318558,67.4951030410531,67.7688564096775,555100
2011-02-01,67.26020812988281,67.42632081230703,67.18076365264818,67.34687633507241,1009200
2011-02-02,67.10130310058594,67.46963045645695,66.9929692564699,67.43352284847708,1120000
2011-02-03,66.71854400634766,67.0002087845932,66.6896546047212,66.87020923231911,1310900
2011-02-04,66.306884765625,66.63910464469596,66.1913326603392,66.5452182147706,1523900
2011-02-07,66.27796173095703,66.29963290541144,66.05407585238302,66.13352029511978,850700
2011-02-08,65.82292938232422,66.28514833022498,65.77237435708771,66.22736958421626,997200
2011-02-09,66.19853973388672,66.33575748001026,65.79409369191531,65.9529826180374,786000
2011-02-10,65.9818344116211,66.22738587744185,65.92405565139767,66.12627580209379,617000
2011-02-11,66.28520202636719,66.45853289472026,66.15520249758013,66.27076008320816,1492700
2011-02-14,66.306884765625,66.45855000323846,66.1913326603392,66.1913326603392,1311100
2011-02-15,66.45849609375,66.4729435389978,66.26349966359194,66.28516532137773,603700
2011-02-16,66.36466979980469,66.55967191652496,66.21300454796163,66.38633547719785,620100
2011-02-17,66.61022186279297,66.71855024140338,66.52355364981418,66.61744008130668,776500
2011-02-18,66.59575653076172,66.602980257427,66.34298119836687,66.43686760465953,418400
2011-02-22,67.238525390625,67.24574911674654,66.78352982656232,66.81963743699286,1383500
2011-02-23,67.07244110107422,67.34688217617567,67.02188602118473,67.2241063407427,651700
2011-02-24,67.24576568603516,67.41909658504066,67.1663212093889,67.27465508755107,508800
2011-02-25,67.46240234375,67.46240234375,67.22406902367739,67.22406902367739,571900
2011-02-28,67.43352508544922,67.52018775554635,67.40463569205406,67.4696326946269,372400
2011-03-01,67.5102310180664,67.53918738720996,67.09761242278053,67.12656879192407,530800
2011-03-02,67.15554809570312,67.5319755312196,67.15554809570312,67.39443410021954,425400
2011-03-03,66.69947814941406,66.96007998361179,66.68500272434238,66.92388313663744,616800
2011-03-04,67.17723083496094,67.19170625589867,66.83700045287488,66.8587163457124,637300
2011-03-07,67.01072692871094,67.24961277358166,66.85871017002812,66.89490700332175,489600
2011-03-08,66.85154724121094,67.04700153112962,66.84430676158156,66.97460778057143,538100
2011-03-09,67.24244689941406,67.36550743255448,66.91669712983827,67.00356078952916,626000
2011-03-10,67.81429290771484,67.81429290771484,67.32204547259204,67.42339004545276,1576500
2011-03-11,67.65503692626953,67.85049112274437,67.56093282754857,67.82153474093828,690300
2011-03-14,67.80706787109375,68.03147849598135,67.80706787109375,67.857740169062,806200
2011-03-15,68.05316162109375,68.52369303146956,68.02420524722376,68.42958343567624,1661100
2011-03-16,68.63225555419922,68.97972643183088,68.27754972703728,68.39337519386858,1588800
2011-03-17,68.42235565185547,68.5671375480582,68.23414747108886,68.42959612738177,639900
2011-03-18,68.37890625,68.42233804625317,68.19069259479761,68.2124140157874,1513200
2011-03-21,68.02426147460938,68.17627842093297,67.85776356794933,68.15456250329649,1029000
2011-03-22,68.06040954589844,68.06765002146199,67.88667679242573,67.90115774355283,573500
2011-03-23,67.97351837158203,68.28479242023683,67.88664926863333,68.25583605258726,696900
2011-03-24,67.6260757446289,67.87220221107903,67.59711936487803,67.77809259617248,1098100
2011-03-25,67.44512176513672,67.77087698817046,67.39444946682475,67.74192060015415,782400
2011-03-28,67.4667739868164,67.52468670817943,67.28580087470279,67.35095406695146,634900
2011-03-29,67.27140045166016,67.56095885842124,67.17729631668138,67.38722050064425,1047300
2011-03-30,67.5030288696289,67.52474477810001,67.26414283071507,67.28585873918617,773500
2011-03-31,67.32925415039062,67.64052819798736,67.3002977828395,67.6188123030396,1093100
2011-04-01,67.47303771972656,67.47303771972656,67.14641700800607,67.1681909837696,1062700
2011-04-04,67.62542724609375,67.72704277389488,67.51655188412656,67.56735964802712,886100
2011-04-05,67.2843017578125,67.56737443831237,67.21897984891199,67.52382649904536,777000
2011-04-06,66.99390411376953,67.19713499948975,66.96487033900574,67.19713499948975,857500
2011-04-07,67.00121307373047,67.12460810156705,66.8633094531132,67.00847290775164,743800
2011-04-08,66.80524444580078,66.92863394078952,66.73266271566806,66.78347048052407,595100
2011-04-11,66.89234161376953,66.97217763552437,66.7471726250546,66.82701418444015,364200
2011-04-12,67.26976013183594,67.40766926666304,67.16088479053191,67.1754044561084,1055400
2011-04-13,67.53105926513672,67.53105926513672,67.11007756219797,67.13185152310344,678700
2011-04-14,67.30606079101562,67.6399411449735,67.30606079101562,67.6399411449735,1036300
2011-04-15,67.79960632324219,67.82863457449017,67.61088946435636,67.69798529335827,881400
2011-04-18,67.96656799316406,68.04640955672109,67.60365380886155,67.74881726753016,902400
2011-04-19,68.05364227294922,68.11896414203136,67.93750712218704,67.95928107854775,532000
2011-04-20,67.78510284423828,67.97381974818182,67.76332888178909,67.95930008146215,708200
2011-04-21,67.8359146118164,68.00285756317763,67.81414064808031,67.84317444560533,670600
2011-04-25,68.07544708251953,68.09722104874866,67.8794703111948,67.9157639466642,826200
2011-04-26,68.36579132080078,68.36579132080078,68.11900673992001,68.15530038163644,519700
2011-04-27,68.16976928710938,68.20606290474605,67.98105798075862,68.13348120710125,1379500
2011-04-28,68.43109130859375,68.48189906814096,68.2278602704049,68.35850958604495,975600
2011-04-29,68.5689926147461,68.57625244745972,68.30769401335378,68.33672780657847,436000
2011-05-02,68.54788208007812,68.68614392052807,68.46056348761921,68.50422278384868,632300
2011-05-03,68.7298583984375,68.76624487570427,68.59887485279285,68.70075587878043,1660700
2011-05-04,68.90445709228516,68.96994604193942,68.73708719018045,68.73708719018045,1169500
2011-05-05,69.2464599609375,69.2682896077378,69.02087398981946,69.05726043568139,898400
2011-05-06,69.2828369140625,69.41382033920581,68.92627308242479,68.96265397442512,1034800
2011-05-09,69.38468933105469,69.41379736609652,69.28281398430332,69.29737077771924,559600
2011-05-10,69.05001068115234,69.275591194059,69.02818102529615,69.2319318823466,661600
2011-05-11,69.29737091064453,69.32647339395217,68.95535843798459,69.02084735311179,611100
2011-05-12,69.14462280273438,69.3847601731681,69.04274735196776,69.31927119130201,652000
2011-05-13,69.41382598876953,69.64668481333304,69.29739935238392,69.3265018476361,494100
2011-05-16,69.58116912841797,69.5957203704514,69.31920235749459,69.43562894913266,590800
2011-05-17,69.78497314453125,69.83591085825084,69.64671125652333,69.73403543081166,986400
2011-05-18,69.38468933105469,69.73398019976655,69.38468933105469,69.7121505614327,790700
2011-05-19,69.45746612548828,69.48657416450409,69.09362396547674,69.12273200449255,718000
2011-05-20,69.62489318847656,69.64672284773313,69.45025036262875,69.45752321451738,669600
2011-05-23,69.71945190429688,69.92320268108311,69.68307100946636,69.90137303382633,928000
2011-05-24,69.7922134399414,69.84315112584865,69.59573554301964,69.63212198372112,639300
2011-05-25,69.79949188232422,69.91592406046995,69.71217330050673,69.87225921776938,1345600
2011-05-26,70.18514251708984,70.18514251708984,69.87223807275535,69.8940732633937,806200
2011-05-27,70.17791748046875,70.22885518974573,70.0833149119587,70.10514456567826,943800
2011-05-31,70.28710174560547,70.31620981607016,70.0178618094514,70.05424273368469,2917900
2011-06-01,70.86628723144531,70.88817216168623,70.51611721588657,70.54529341230642,2997200
2011-06-02,70.44314575195312,70.76413950604253,70.43585448725176,70.5817577031919,1744400
2011-06-03,70.72039031982422,70.90277217596913,70.5307116309948,70.90277217596913,1531200
2011-06-06,70.67662048339844,70.74228085105074,70.49423861281859,70.55260214720886,1106900
2011-06-07,70.80795288085938,70.82254655093416,70.4067160074721,70.53073437383611,1710300
2011-06-08,70.9610824584961,71.06322134989067,70.82247612574045,70.85165787101764,1471600
2011-06-09,70.67662048339844,71.04138422455816,70.6036688483371,70.98302625602086,1016900
2011-06-10,70.90282440185547,71.04143092984123,70.83716399103557,70.84446082909481,1020500
2011-06-13,70.74957275390625,70.9976094090002,70.69120922358323,70.7349790883992,1009900
2011-06-14,70.18785095214844,70.43589323471822,70.1805541175821,70.37752968989545,2088800
2011-06-15,70.94657897949219,70.95387581597588,70.36295450961691,70.36295450961691,1352300
2011-06-16,71.14352416992188,71.25295441550475,70.92466924460963,71.04139075827213,1958400
2011-06-17,71.09244537353516,71.13622080383558,70.939245282115,70.99031197925505,998000
2011-06-20,70.98300170898438,71.1872684428587,70.88086834204722,71.1872684428587,774100
2011-06-21,70.8881607055664,71.00488773578995,70.76414241034225,70.93193612482581,1064900
2011-06-22,70.8589859008789,71.09243441838143,70.75685252233728,71.04866456067836,1119300
2011-06-23,71.23112487792969,71.39891879376842,71.17276129278076,71.17276129278076,1264700
2011-06-24,71.53019714355469,71.63233058190087,71.25297304016793,71.26756671184879,997200
2011-06-27,71.25294494628906,71.60312057244668,71.21647191317756,71.58852690651987,1185700
2011-06-28,70.59638214111328,71.16541833425902,70.46506695282639,71.14352783133305,1315300
2011-06-29,70.17330932617188,70.52347969532596,70.12953385563436,70.4578248383062,1376300
2011-06-30,69.93254089355469,70.3337834416846,69.68449852765914,70.32648660466701,1948200
2011-07-01,69.75772094726562,70.05755238904972,69.65534084014358,70.02830013282951,1921800
2011-07-05,70.19650268554688,70.2184404857171,70.01368024506414,70.05024696487993,2896800
2011-07-06,70.32078552246094,70.49629340163374,70.26228103630504,70.37197555302363,1234900
2011-07-07,70.05030822753906,70.10149833247073,69.94792801767574,70.07956051311473,1289100
2011-07-08,70.79619598388672,70.86201499708719,70.59875010288717,70.6280023777206,1278100
2011-07-11,71.33731842041016,71.34462730092585,71.03017248051007,71.11792926038126,1158800
2011-07-12,71.439697265625,71.46163506537674,71.1983703097598,71.439697265625,1205400
2011-07-13,71.5567398071289,71.56405427080719,71.15453357364011,71.29347490772119,1247900
2011-07-14,71.14715576171875,71.4616104682871,71.13984130455313,71.2934114292545,959000
2011-07-15,71.439697265625,71.47625840544524,71.03017121283308,71.04480013219958,874200
2011-07-18,71.39584350585938,71.59329493805082,71.34465342701347,71.50553812604349,883600
2011-07-19,71.6663818359375,71.6663818359375,71.25686143939288,71.32267482628171,1211400
2011-07-20,71.31534576416016,71.50548258617587,71.2787846386967,71.45429254709039,752900
2011-07-21,70.92050170898438,71.2276421485328,70.78155483329839,71.14719980779876,1211000
2011-07-22,71.19107055664062,71.19838501783488,71.03750034735606,71.0740670740282,813700
2011-07-25,70.96436309814453,71.31537907890788,70.87660631330448,70.93511083653118,1541700
2011-07-26,71.26421356201172,71.35197037707856,71.04482989329516,71.0740821649841,655600
2011-07-27,71.14715576171875,71.32997813578649,70.98627117985176,71.16177909675389,1066600
2011-07-28,71.2861557006836,71.40315920608808,71.22765115833123,71.3665924722928,671500
2011-07-29,72.1490478515625,72.24411350845773,71.66639394894538,71.6883317482829,1602200
2011-08-01,72.4114761352539,72.56541766068044,72.0596113893616,72.06693794334194,2389600
2011-08-02,73.07855224609375,73.15185692596758,72.5287587578572,72.66070941874553,2287600
2011-08-03,73.13724517822266,73.40114668959373,73.00529442253712,73.07860474786777,1922600
2011-08-04,74.10482788085938,74.11949217229574,73.21050185083865,73.23982484092288,2813700
2011-08-05,73.24715423583984,73.96555353880605,73.15185870896,73.5257198560541,3041500
2011-08-08,74.4127426147461,74.50803817139709,73.70167523563894,73.75298908811108,5178100
2011-08-09,74.84524536132812,76.06212472712724,74.03888241399129,74.19282397361818,3768400
2011-08-10,75.8348617553711,76.01079973440973,75.12380006305142,75.39502799335396,2768900
2011-08-11,74.7206039428711,75.52696664351352,74.530007292352,75.33636999299442,2344700
2011-08-12,75.24112701416016,75.27778217774919,74.86726559816448,74.9552346351025,1176300
2011-08-15,74.96250915527344,75.29971514843645,74.95517700963403,75.16043234522992,986300
2011-08-16,75.30705261230469,75.5269666619214,74.98450529485358,74.99916399437916,2025400
2011-08-17,75.8348617553711,75.8348617553711,75.22642775442908,75.43901528450847,826200
2011-08-18,76.23075103759766,76.76588619773024,76.05481856545224,76.34071092998572,2211800
2011-08-19,76.31131744384766,76.31131744384766,75.95945282451214,76.21602194127497,683200
2011-08-22,76.17206573486328,76.20138313562258,75.93015523268042,75.97413692660852,913600
2011-08-23,75.86419677734375,76.33335361023481,75.84220592467551,75.94483363232102,1414200
2011-08-24,75.0504379272461,75.76150472111928,75.0504379272461,75.74684602938778,1089800
2011-08-25,75.5123519897461,75.59298886612407,75.182472333802,75.24845050210764,1391200
2011-08-26,75.75421905517578,76.06943425225755,75.5196406940537,75.84952018464959,1080300
2011-08-29,75.25582122802734,75.39509860087907,75.16052000193437,75.16052000193437,1106000
2011-08-30,75.77619171142578,75.93013318827023,75.62225023458133,75.64424107516089,693800
2011-08-31,75.50504302978516,75.95954141871003,75.4903843172106,75.95220926602583,1069300
2011-09-01,76.10675048828125,76.1140989786119,75.30593880516857,75.71002169451813,1566800
2011-09-02,76.8047103881836,76.89287545529955,76.41532448428562,76.59164901326182,1137900
2011-09-06,76.9074935913086,77.186674296761,76.83402557463694,77.14994309105036,1200500
2011-09-07,76.49604797363281,76.76788012391879,76.43727133374708,76.60624716685746,945800
2011-09-08,76.87078094482422,76.89282640148109,76.54752044880135,76.73853623114373,935700
2011-09-09,77.24543762207031,77.3556424306851,76.95156000084737,77.01033664614184,1014200
2011-09-12,77.01036071777344,77.27485009902233,76.99566935448236,77.17199374023123,2177800
2011-09-13,76.78263092041016,77.00303506663826,76.71650575286476,76.92956701789556,932600
2011-09-14,76.82670593261719,77.0030303598725,76.62834165261152,76.78262622711648,1214000
2011-09-15,76.25364685058594,76.39324005744537,76.1140536437265,76.25364685058594,1037900
2011-09-16,76.40059661865234,76.42263647520772,76.07733604708424,76.1067187856558,699000
2011-09-19,77.02509307861328,77.16468632780906,76.9222366650756,76.96632198891614,896500
2011-09-20,77.1279067993164,77.1279067993164,76.92953697939004,77.01035348302662,1005000
2011-09-21,77.45854187011719,77.56139825400683,76.98833965654953,77.09854452650343,929500
2011-09-22,78.17855072021484,78.36222365515914,77.87732441638468,78.10507706203461,3436500
2011-09-23,77.53203582763672,78.20060815162111,77.52468733911645,78.1344829654475,1764700
2011-09-26,77.20869445800781,77.50992053639386,77.14257494143465,77.39236725548741,1214800
2011-09-27,76.69444274902344,76.7826077440543,76.53280972742573,76.65036305413356,1159700
2011-09-28,76.70916748046875,76.70916748046875,76.26100506938336,76.63569382205883,1270500
2011-09-29,76.70916748046875,76.92222315304743,76.48140922885366,76.5769227426853,1096000
2011-09-30,77.19405364990234,77.26752169595386,76.92221571373386,77.19405364990234,1604500
2011-10-03,77.90888214111328,77.90888214111328,77.27577541302188,77.35675457241953,2105600
2011-10-04,77.5113296508789,78.22541535442065,77.5113296508789,78.07817800411117,2056100
2011-10-05,77.18742370605469,77.47452955795727,77.12117110170703,77.43036115505883,1174300
2011-10-06,76.65000915527344,77.08434668416271,76.62791934121041,76.98864662267789,1336400
2011-10-07,76.25252532958984,76.47337306214567,76.00958776889784,76.25252532958984,2276300
2011-10-10,75.45008087158203,75.77399755106057,75.18505915501464,75.59731827885992,803900
2011-10-11,75.70033264160156,75.87701179940684,75.6193535241639,75.8107592214283,978400
2011-10-12,75.44265747070312,75.56780494543258,75.12610434157523,75.39112582719522,2324400
2011-10-13,75.74456024169922,76.0022187183717,75.60468609013408,75.6783076119264,1474100
2011-10-14,75.36906433105469,75.52365931964317,75.2586433510129,75.35434340589245,703100
2011-10-17,75.86228942871094,75.884373620949,75.5015622337258,75.5015622337258,1274600
2011-10-18,75.78129577636719,76.15673820545452,75.61197430747309,75.9432539770847,912600
2011-10-19,75.89913177490234,76.03900588306216,75.6341101049847,75.68564178432803,733400
2011-10-20,75.74456024169922,76.15681380437518,75.53843346036125,75.80345521251965,700200
2011-10-21,75.60468292236328,75.81817297024216,75.47217205183617,75.67830444107092,1276000
2011-10-24,75.56787109375,75.68565540350141,75.47952864903682,75.6488502639372,1381500
2011-10-25,76.2156982421875,76.24514572352807,75.49425460720808,75.50161226514365,1020200
2011-10-26,75.65617370605469,76.18621690155344,75.64145278019318,76.00217443736805,989900
2011-10-27,74.74332427978516,75.32489913766477,74.61817675273682,75.19238833945764,1636600
2011-10-28,75.1923599243164,75.28805994709482,75.00095426223145,75.01568079898391,936300
2011-10-31,76.2009506225586,76.2009506225586,75.6340966342094,75.6709073771264,1182700
2011-11-01,77.11493682861328,77.14444388856127,76.61332806528985,76.88626414888662,2251700
2011-11-02,76.93048858642578,77.01163155914476,76.58378781715267,76.64280191147442,1088000
2011-11-03,76.56905364990234,76.8419840462917,76.50266137247317,76.56905364990234,739700
2011-11-04,76.79769134521484,76.87145613155162,76.5395117790899,76.58376952531347,735400
2011-11-07,76.88626861572266,77.19608432133151,76.69447552886628,76.7534896521908,844100
2011-11-08,76.5395736694336,77.01167543720413,76.48793771445547,76.7977534443242,418300
2011-11-09,77.2181167602539,77.3730244195688,76.54684460866655,77.1812315722739,760300
2011-11-10,76.84201049804688,77.10756844338803,76.59858144350132,76.90102462543312,664200
2011-11-11,76.48794555664062,76.65023161118137,76.40680252937027,76.63547526373353,323600
2011-11-14,76.96736145019531,77.01900299913554,76.73868888954372,76.7755741022458,586500
2011-11-15,76.86409759521484,77.21079837022484,76.78295462115318,77.01163283346052,480100
2011-11-16,77.1444320678711,77.15918278163674,76.89362491069195,77.09279612784823,335200
2011-11-17,77.29931640625,77.46160234785049,76.95999381376429,77.01900790669059,805500
2011-11-18,77.01165771484375,77.24033037313812,76.90100765738347,77.16656554412984,1883100
2011-11-21,77.22564697265625,77.3879331146695,77.18876171205302,77.26990478305964,692300
2011-11-22,77.46162414550781,77.4763748589434,77.12967400030706,77.29933815824015,2619500
2011-11-23,77.72718811035156,77.77144588202681,77.24033011034112,77.2919660532608,2189500
2011-11-25,77.23292541503906,77.43947474367836,77.2181747055117,77.43947474367836,466700
2011-11-28,77.24031829833984,77.3362119982702,76.65756667285196,76.68707372542164,1286600
2011-11-29,77.09284210205078,77.27725708752165,76.81252772227988,77.00432088298122,602100
2011-11-30,76.64280700683594,76.86410143341395,76.57641473933663,76.73870069556367,962800
2011-12-01,76.62065124511719,76.77585783233977,76.33980203567867,76.49500862290125,1027100
2011-12-02,76.96065521240234,76.99021918771474,76.47286371662706,76.4876428849074,892400
2011-12-05,76.91622924804688,77.0197002308504,76.54668841267839,76.54668841267839,979100
2011-12-06,76.71674346923828,76.87933683545313,76.6058799986938,76.69456626412911,543000
2011-12-07,77.06409454345703,77.12322246971134,76.79803015281146,76.87193724125464,739300
2011-12-08,77.45579528808594,77.46318204813315,76.9532193062177,77.03451877672198,658200
2011-12-09,76.92367553710938,77.433638412856,76.92367553710938,77.38929528594315,961100
2011-12-12,77.18975067138672,77.36712882949648,77.13801514032346,77.21192223630669,1068900
2011-12-13,77.54449462890625,77.61101495181443,76.97540387790954,77.04191856206864,512500
2011-12-14,77.86965942382812,77.8844385788792,77.53707486708565,77.61836867798654,760100
2011-12-15,77.80316162109375,77.87707433395632,77.62578351546988,77.64056831354172,968900
2011-12-16,78.1800765991211,78.26876845039878,77.9213990813282,77.9213990813282,748700
2011-12-19,78.44615936279297,78.4757233180611,78.10618233533125,78.15791784736352,1126600
2011-12-20,77.73666381835938,78.12098407041721,77.73666381835938,78.12098407041721,1365000
2011-12-21,77.48536682128906,77.87708508177745,77.477980059982,77.84012872024581,479000
2011-12-22,77.5814208984375,77.8400984121922,77.55924934565094,77.71445585390376,731900
2011-12-23,77.263671875,77.44105006549738,77.14541598883442,77.39670692756079,435500
2011-12-27,77.3073501586914,77.32956188222454,77.18888010123032,77.32215609139242,616500
2011-12-28,77.7960205078125,77.87746725534879,77.40359835093562,77.43321586358182,919900
2011-12-29,77.89224243164062,77.98109493449601,77.67752543542133,77.76637228931602,556000
2011-12-30,78.16619873046875,78.514197299449,77.95147608899242,77.98849937678374,1230000
2012-01-03,77.67011260986328,77.88483523558618,77.57385432825222,77.67011260986328,1297700
2012-01-04,77.4258041381836,77.69235608260409,77.33695160705594,77.6627385722282,1789000
2012-01-05,77.44058990478516,77.75157085827702,77.38876068736334,77.49242477116799,1311300
2012-01-06,77.74414825439453,77.78857167430132,77.53683142954971,77.53683142954971,998200
2012-01-09,77.75900268554688,77.94410791591035,77.67015579030894,77.6997733050427,379900
2012-01-10,77.603515625,77.75160319991885,77.51466872901206,77.55168638601924,1636100
2012-01-11,78.0551528930664,78.0773646113864,77.80341255349056,77.80341255349056,931600
2012-01-12,77.89224243164062,78.04773572387772,77.81079571626337,78.01071243544781,685000
2012-01-13,78.2402114868164,78.41791642547962,78.21799978172315,78.26242319190966,554000
2012-01-17,78.31434631347656,78.35877542590792,78.18847606767929,78.20328765481152,1158100
2012-01-18,78.06993865966797,78.42533733320936,78.0329153754007,78.42533733320936,455200
2012-01-19,77.603515625,77.96632594682865,77.51466872901206,77.91449670784789,1587200
2012-01-20,77.33690643310547,77.58124651426101,77.31469472553846,77.45537640540847,650600
2012-01-23,77.1666488647461,77.24068980745508,77.00375540140922,77.10741385099416,734000
2012-01-24,77.25550079345703,77.25550079345703,77.04078374023442,77.25550079345703,1388100
2012-01-25,77.62567138671875,78.06992814223617,77.17402014347216,77.21103777379241,1149200
2012-01-26,78.0403823852539,78.08480584205707,77.83306538821984,77.83306538821984,1055000
2012-01-27,78.27725982666016,78.29947153886589,78.01811376932596,78.15878982961574,767600
2012-01-30,78.54385375976562,78.7141474105705,78.49942466258588,78.55865969284993,1152400
2012-01-31,78.83995819091797,78.84735832687066,78.43272475517034,78.43272475517034,1001800
2012-02-01,78.5662841796875,78.68496708569572,78.50694272668339,78.65529635919367,1698800
2012-02-02,78.6775131225586,78.72201636303339,78.53657864890847,78.61075826184639,839900
2012-02-03,78.05448913574219,78.1880045915682,77.95063875088807,78.09157330401362,1112600
2012-02-06,78.26958465576172,78.32150701374336,77.99514033176422,78.08414685452553,2968500
2012-02-07,77.76520538330078,77.99515213984301,77.70586957884763,77.93581067627642,1164900
2012-02-08,77.80224609375,77.88383913986341,77.68356890065496,77.7577428537281,404800
2012-02-09,77.62427520751953,77.73553903510287,77.42399918604684,77.66135937730508,1802500
2012-02-10,78.0618896484375,78.13606363181175,77.89870348954685,77.99513476113434,1322600
2012-02-13,78.01000213623047,78.10643345088764,77.88390574226386,77.91357648068801,299300
2012-02-14,78.17314910888672,78.29183200297992,78.05447187390538,78.1212267574989,615500
2012-02-15,78.23249816894531,78.38826523826684,78.1434859897134,78.15090508609416,344100
2012-02-16,77.87644958496094,78.13606134874125,77.74293415514363,78.03963573908344,1540500
2012-02-17,77.79486083984375,77.82453156580112,77.61684214321185,77.6390937729018,653600
2012-02-21,77.51298522949219,77.66875227191262,77.41655962964471,77.63908155062614,635300
2012-02-22,77.81714630126953,77.88390121450706,77.63170844123499,77.63170844123499,538200
2012-02-23,77.92839050292969,78.02482179467276,77.64652704354896,77.75037177380045,805900
2012-02-24,77.98773193359375,78.03965429869814,77.92839047087064,77.98031283597503,360100
2012-02-27,78.24736785888672,78.37346992079046,78.21769711838674,78.32896098048292,588600
2012-02-28,78.28446197509766,78.47731896932366,78.22512049085653,78.39572584327095,817900
2012-02-29,77.972900390625,78.27701548750616,77.87646909769332,78.25476385347991,787500
2012-03-01,77.72026062011719,77.7425482879466,77.51966027309709,77.62367883676383,1185200
2012-03-02,78.03233337402344,78.0843398444232,77.8094509301445,77.8094509301445,360100
2012-03-05,77.87627410888672,78.07686877254952,77.8465553312557,77.96543044177977,1406100
2012-03-06,78.20320129394531,78.32207077616741,78.15862027836775,78.18091362029611,605800
2012-03-07,78.05464935302734,78.19581225313033,78.01750509971964,78.16609344951485,436100
2012-03-08,77.82425689697266,78.0620014168481,77.79453812345368,77.98770731718886,329900
2012-03-09,77.764892578125,77.79461137962903,77.5865854373826,77.73517377662097,286800
2012-03-12,77.74254608154297,77.93571531104506,77.74254608154297,77.90599653202338,503100
2012-03-13,77.1853256225586,77.59395171643416,77.17046906836178,77.56423293976349,618600
2012-03-14,76.30126190185547,76.85105113866703,76.24182997670579,76.8139012257027,1733100
2012-03-15,76.27897644042969,76.44985810944353,76.2046822806206,76.2046822806206,2302300
2012-03-16,76.25666046142578,76.2640915751334,75.89261524565714,75.95947826418897,681200
2012-03-19,75.78863525390625,76.19725599289166,75.65490349046269,76.1526806278376,1133200
2012-03-20,75.82575225830078,75.96691508796155,75.61029529081621,75.86290216135237,769100
2012-03-21,76.21208190917969,76.24922613959713,75.97433729504894,75.9817627401652,458100
2012-03-22,76.30864715576172,76.44980993824873,76.24920959805377,76.39037238054078,326200
2012-03-23,76.59099578857422,76.7098709485908,76.48698285769952,76.50927620141233,396100
2012-03-26,76.50184631347656,76.6207158071195,76.27895821901147,76.5389905503676,471700
2012-03-27,76.92528533935547,76.97729177600225,76.62810327211253,76.64296549302674,579200
2012-03-28,76.7916030883789,77.07392311630879,76.7916030883789,76.7916030883789,314700
2012-03-29,77.1110610961914,77.1110610961914,76.94761059593867,77.06648574822403,727700
2012-03-30,76.73214721679688,77.20021100442891,76.63556541485126,77.0961924207383,502600
2012-04-02,76.91593170166016,77.05733678170002,76.84151006722061,77.04989291485404,1433800
2012-04-03,76.3503189086914,77.16897394137422,76.29078500650193,77.03501272493584,833100
2012-04-04,76.73741149902344,76.74485537487683,76.58112417418388,76.66298977453036,461300
2012-04-05,77.07972717285156,77.10205311405592,76.87134415092892,77.07972717285156,456400
2012-04-09,77.86860656738281,77.9653598822763,77.79418487147265,77.89093818636614,573700
2012-04-10,78.23323822021484,78.29277213641728,77.93554592716978,77.99508552138043,900500
2012-04-11,77.92814636230469,78.01745580439511,77.85372466623505,77.92814636230469,435000
2012-04-12,77.77182006835938,78.00997278307516,77.74949413854361,77.98764685325939,451500
2012-04-13,78.24070739746094,78.25559514091385,78.04721215665671,78.06953809382561,461400
2012-04-16,78.21834564208984,78.4564983261861,78.18113765651698,78.21090177377212,1179600
2012-04-17,78.13652038574219,78.20350387910028,78.0546548260883,78.12163831944639,923400
2012-04-18,78.29280090332031,78.31513251786072,78.20349715719992,78.24814903026011,502900
2012-04-19,78.38209533691406,78.44163494161427,78.34488166447413,78.37465146682423,408800
2012-04-20,78.3895263671875,78.3895263671875,78.1960255226109,78.2406773798177,377500
2012-04-23,78.54583740234375,78.67979869266082,78.52351146695923,78.59048927311277,746600
2012-04-24,78.34492492675781,78.48633014650285,78.33004285636945,78.46400420191414,506100
2012-04-25,78.24818420410156,78.38214556151028,77.97281761442451,78.1588747398248,681200
2012-04-26,78.50862121582031,78.53839102138498,78.3746599297842,78.51606508671394,314300
2012-04-27,78.59049987792969,78.59794375006565,78.449100375411,78.45653856953619,368100
2012-04-30,78.65746307373047,78.7467668042743,78.62024940066433,78.65746307373047,1820300
2012-05-01,78.51435852050781,78.79015771140018,78.43236262941811,78.76034619377691,864100
2012-05-02,78.66346740722656,78.72310183821762,78.55910999651842,78.69328462272209,1030200
2012-05-03,78.65599822998047,78.70072688910051,78.49946214068876,78.49946214068876,360000
2012-05-04,78.96907806396484,78.96907806396484,78.76781331053647,78.77526903508421,814100
2012-05-07,78.94667053222656,79.04357214662386,78.91685333847781,78.99884919952483,490800
2012-05-08,79.12559509277344,79.29703690670395,79.08832216606673,79.10323361156948,522300
2012-05-09,79.19268035888672,79.38648934308426,79.11814019174926,79.34176638021184,961400
2012-05-10,79.08090209960938,79.11071931700882,78.90200448226545,79.01381762575016,347000
2012-05-11,79.34173583984375,79.36409731267254,79.21501134873387,79.34173583984375,403500
2012-05-14,79.69209289550781,79.75917732422135,79.55791835103184,79.66972573222108,650200
2012-05-15,79.71446228027344,79.75918523718613,79.58028772248592,79.63991643601969,922100
2012-05-16,79.77410125732422,79.81882990704104,79.47594059014648,79.4983020714798,761600
2012-05-17,80.0722885131836,80.07974423792429,79.6846761324422,79.69958189487193,764000
2012-05-18,80.02011108398438,80.08720123361203,79.81139628434592,79.8337577718712,831900
2012-05-21,79.81140899658203,79.95303935620326,79.81140899658203,79.89340492193615,791600
2012-05-22,79.63988494873047,79.71443076351099,79.48334897437636,79.60261772838741,538300
2012-05-23,79.84862518310547,80.05733986763265,79.81880798716607,79.85607521680384,658000
2012-05-24,79.67716979980469,79.78898285168913,79.6473526068323,79.72934846574435,417700
2012-05-25,79.90830993652344,79.94558287935351,79.80395252106239,79.84122546389244,370400
2012-05-29,79.84115600585938,80.10950503703756,79.84115600585938,79.9529690500249,865400
2012-05-30,80.60152435302734,80.6611587717625,80.36299236513793,80.3928095745055,645600
2012-05-31,80.91459655761719,81.16803428896732,80.72824327737122,80.7580547976059,2994300
2012-06-01,81.60969543457031,81.6544946773257,81.31106419500524,81.42304806182926,2186400
2012-06-04,81.13924407958984,81.37068470804205,81.10937985398012,81.25869528601018,849500
2012-06-05,80.87052154541016,81.1168972863954,80.86305406040456,81.01237528040568,836700
2012-06-06,80.3404312133789,80.87050864376738,80.31803445795732,80.8481118883458,1492800
2012-06-07,80.5345687866211,80.58682979611702,80.265796253207,80.31805726270292,631800
2012-06-08,80.59427642822266,80.95264163738268,80.5270861555174,80.9227773952842,468000
2012-06-11,80.81080627441406,80.87053477218339,80.41511494473258,80.41511494473258,1050900
2012-06-12,80.37776184082031,80.70625707589451,80.36282687339535,80.57187084917561,569700
2012-06-13,80.80335998535156,80.86308279855494,80.41513037139683,80.51965241453291,1332100
2012-06-14,80.58683776855469,80.81827859121543,80.50471250321893,80.75108829922621,802600
2012-06-15,80.96012115478516,81.03477892311666,80.82573489337942,80.9227894226081,769400
2012-06-18,80.93772888183594,81.02731593039223,80.81080440300964,80.97505492006009,718800
2012-06-19,80.66145324707031,80.7883719738407,80.54199630703673,80.75850773883231,1536800
2012-06-20,80.49723815917969,80.72121717211033,80.28072663228618,80.40764541480284,913100
2012-06-21,80.6689453125,80.78092910788139,80.5345590620202,80.57935258017275,1655900
2012-06-22,80.31807708740234,80.49725692189729,80.31060959962466,80.35540313424234,1770300
2012-06-25,80.75853729248047,80.7660047779704,80.61668924430668,80.62415103377413,594900
2012-06-26,80.57937622070312,80.72122999783308,80.4972509493146,80.55697945505605,2395600
2012-06-27,80.69135284423828,80.72121709233438,80.51963484169144,80.68388535820853,3445300
2012-06-28,80.95264434814453,81.03476959265994,80.89291586194751,80.98250859124303,413400
2012-06-29,80.57937622070312,80.66150149209165,80.4673866964439,80.4972509493146,646900
2012-07-02,80.95323944091797,81.15512104428274,80.73641209579519,80.75136354203478,1580800
2012-07-03,80.7513198852539,80.9531956749965,80.71393273314526,80.93824423684013,588000
2012-07-05,80.9681625366211,81.02050113316854,80.81114674697872,80.85600677131106,1602600
2012-07-06,81.25226593017578,81.31956165491901,81.1700187690884,81.21488448707649,1146900
2012-07-09,81.47660827636719,81.49155971837611,81.30463531862469,81.32706533387807,495300
2012-07-10,81.51395416259766,81.55881987800589,81.39432556528982,81.41675557075519,631900
2012-07-11,81.4391860961914,81.75321758366667,81.40927752055411,81.55134182871187,825800
2012-07-12,81.62615203857422,81.64858205562038,81.5289533965474,81.55886198743575,840400
2012-07-13,81.55884552001953,81.59622697272202,81.43173831276837,81.59622697272202,307900
2012-07-16,81.73828887939453,81.90278323890652,81.7083802954397,81.81305748704204,349400
2012-07-17,81.5289306640625,81.72333359839175,81.49902208151347,81.61117783995262,637900
2012-07-18,81.61116790771484,81.70836651081079,81.59621076602123,81.66350649468622,606000
2012-07-19,81.49153137207031,81.648547128707,81.4541499278109,81.54386995761587,949100
2012-07-20,81.81309509277344,81.87291228817833,81.71589642860181,81.71589642860181,250900
2012-07-23,81.94766998291016,82.07477722780413,81.88785279549619,82.05234720864414,1675600
2012-07-24,82.10468292236328,82.16450010766509,81.81308127461791,81.82803842318376,905500
2012-07-25,82.14947509765625,82.15694796076636,82.0148894034908,82.06722796763982,1246800
2012-07-26,81.89529418945312,82.0523099567687,81.87286418047638,81.99249850099018,742000
2012-07-27,81.30462646484375,81.63361519801416,81.02050346177434,81.63361519801416,1072300
2012-07-30,81.56629943847656,81.58873515026094,81.28217650513182,81.33451509033948,666000
2012-07-31,81.70838165283203,81.73829023728372,81.45416724171149,81.69343021284578,2209700
2012-08-01,81.41034698486328,81.65745481479483,81.2830510893037,81.50020022269477,977300
2012-08-02,81.60504150390625,81.82968031964161,81.56759884480985,81.6574577988726,620000
2012-08-03,81.17821502685547,81.34294786014122,81.01347648062247,81.26057858702474,765500
2012-08-06,81.23066711425781,81.36545273757761,81.19322444163296,81.23066711425781,850800
2012-08-07,80.8038101196289,80.88617367857728,80.71395117403003,80.85622640965813,1228200
2012-08-08,80.69147491455078,80.9161136730718,80.63156896043334,80.8337444143969,862800
2012-08-09,80.63159942626953,80.743921704443,80.43690785829874,80.59415676256225,833700
2012-08-10,80.86370086669922,81.00597608560606,80.63157242570087,80.97602310726006,466900
2012-08-13,80.81134033203125,81.0135216471086,80.81134033203125,80.94612597109935,729500
2012-08-14,80.41446685791016,80.59417912508356,80.41446685791016,80.49683617056255,642100
2012-08-15,80.01007843017578,80.2796495811395,79.97264148378775,80.2272332858381,934600
2012-08-16,79.81536865234375,80.10740875996547,79.69556245314315,80.03252345840038,861400
2012-08-17,79.91276550292969,80.04755112899261,79.88281250681017,79.88281250681017,784300
2012-08-20,79.95768737792969,80.0625200016287,79.88280774856604,79.89778138925897,1000100
2012-08-21,80.02507781982422,80.04005145953974,79.68811094025888,79.87531285792323,684500
2012-08-22,80.64656066894531,80.64656066894531,80.2571833057978,80.31708927334279,730600
2012-08-23,80.78884887695312,80.87870784268934,80.64657360944122,80.76638556375617,440200
2012-08-24,80.75140380859375,80.97604835977121,80.72145653385512,80.92363205955624,311500
2012-08-27,80.96110534667969,80.96858931172109,80.85627270659583,80.87873602762087,467400
2012-08-28,80.99099731445312,81.14824615608312,80.97601796975725,81.01346061855082,615000
2012-08-29,80.93861389160156,80.99103591007228,80.81131796575536,80.99103591007228,764700
2012-08-30,81.08836364746094,81.20816987493575,81.08087397294759,81.13329026864552,642200
2012-08-31,81.6125259399414,81.6125259399414,81.03594669195873,81.08836298722989,912700
2012-09-04,81.42586517333984,81.60583253300737,81.37337612365614,81.43336524354532,1200200
2012-09-05,81.3958511352539,81.49332913423798,81.31336755116138,81.4033454822619,782300
2012-09-06,80.84100341796875,81.04346531210818,80.82600899512221,81.02846516838302,1376700
2012-09-07,80.94593048095703,81.41083738824388,80.94593048095703,81.3808428405923,2748500
2012-09-10,80.98343658447266,81.05842010380164,80.84846396133017,81.01343113637941,1614100
2012-09-11,80.83348083496094,80.94595326922432,80.76599165352629,80.93095885161473,375200
2012-09-12,80.43601989746094,80.83344329048236,80.38353087889192,80.52600352395382,660700
2012-09-13,80.66850280761719,80.81096977885102,80.06112313974889,80.65350267114466,1458700
2012-09-14,79.91116333007812,80.66851010593592,79.79868517986141,80.2186032259454,1050800
2012-09-17,80.07609558105469,80.20356809260413,79.97111754555822,79.98611195596891,745300
2012-09-18,80.27851867675781,80.44348572801763,80.24102980566245,80.3984967943546,578700
2012-09-19,80.46598052978516,80.54096971403105,80.36850259948567,80.50347512190811,437200
2012-09-20,80.51103210449219,80.7884716872097,80.41354838440175,80.75098278945426,422300
2012-09-21,80.68348693847656,80.69098700575678,80.40604737873458,80.42854185970013,682000
2012-09-24,80.86344909667969,80.93093826094355,80.78846558595608,80.78846558595608,943800
2012-09-25,81.16338348388672,81.1708835507248,80.75846568775226,80.94592731258072,471900
2012-09-26,81.50080108642578,81.50080108642578,81.30583943483884,81.35082838486906,444600
2012-09-27,81.32832336425781,81.3883124371019,81.22334534721709,81.3058288921595,295400
2012-09-28,81.32832336425781,81.50828486191722,81.25333988363914,81.41830697352395,612500
2012-10-01,81.4792251586914,81.49424481101724,81.26149175483735,81.39663998417512,1213500
2012-10-02,81.4266586303711,81.50924952387295,81.3065300669346,81.31403989224884,846500
2012-10-03,81.5092544555664,81.5092544555664,81.3140448121312,81.41915945961743,938000
2012-10-04,81.1864242553711,81.40416343932085,81.15639067189662,81.32908234479481,376700
2012-10-05,80.81852722167969,80.94616566205916,80.76596987985751,80.90862797694082,805200
2012-10-08,81.0813217163086,81.09634137445464,80.98371685164405,80.99873078146891,403700
2012-10-09,80.91615295410156,81.05130125770249,80.84858166646215,80.8635955987191,387200
2012-10-10,81.11136627197266,81.14139986400463,80.73595496405585,80.78851231803132,318100
2012-10-11,81.1864242553711,81.1939340833198,80.81101305442054,80.85606629379244,1217500
2012-10-12,81.19393157958984,81.37412734655982,81.17140782475862,81.24648891696943,427900
2012-10-15,81.21646118164062,81.2765283510619,81.13387025576651,81.22397100989842,635000
2012-10-16,80.83355712890625,81.03627669354994,80.83355712890625,81.03627669354994,585500
2012-10-17,80.322998046875,80.62332248095527,80.2929644578027,80.59328889188296,597300
2012-10-18,80.1803970336914,80.47321757528542,80.15036342322978,80.39813641329408,1157500
2012-10-19,80.51823425292969,80.59331538613192,80.27797118968854,80.30049495681689,808100
2012-10-22,80.24789428710938,80.4355998829863,80.24789428710938,80.36051879029957,760000
2012-10-23,80.63082885742188,80.63082885742188,80.48817074751787,80.48817074751787,414600
2012-10-24,80.45818328857422,80.57831197171804,80.40562018731401,80.45067345577647,682400
2012-10-25,80.16527557373047,80.36800075485299,80.03012736242152,80.07518058506997,437300
2012-10-26,80.67584228515625,80.68335211100978,80.42056548932342,80.44308923856529,414800
2012-10-31,81.00628662109375,81.0738636644915,80.8260907192405,80.85612432427011,728100
2012-11-01,80.8445816040039,80.95735767335486,80.7468454031153,80.92728367245934,918300
2012-11-02,80.91228485107422,80.92731899006847,80.63410452341134,80.66417853743151,527200
2012-11-05,81.10767364501953,81.1903756642288,81.0550456087978,81.07759966203201,805400
2012-11-06,80.73932647705078,81.09268882194915,80.72429234442987,81.04006075373212,486000
2012-11-07,81.41598510742188,81.60394333167872,81.34831716395391,81.44605911162654,979800
2012-11-08,81.77686309814453,81.79190296852151,81.31073036499626,81.40094664313857,514700
2012-11-09,81.7844009399414,81.81447495125015,81.61148254495511,81.7317728541589,368200
2012-11-12,81.83699798583984,81.85203785380533,81.7242219202146,81.7843699200186,267900
2012-11-13,81.93472290039062,81.9497570292043,81.80690699334929,81.94223709678357,1608900
2012-11-14,81.95728302001953,81.97231714994456,81.7016569230684,81.72421098597005,1477300
2012-11-15,81.919677734375,82.00237977756792,81.77682770776406,81.79186757163227,1448500
2012-11-16,81.97234344482422,82.10015366628433,81.88212716427829,81.90468123441477,578100
2012-11-19,81.80695343017578,81.81447336686512,81.70921719733846,81.7392912080648,712300
2012-11-20,81.4686279296875,81.72424840765953,81.4686279296875,81.67914026120113,970700
2012-11-21,81.34835815429688,81.408506193014,81.31828987097099,81.34835815429688,291500
2012-11-23,81.30317687988281,81.35580493242537,81.29565694779744,81.34828500034,466000
2012-11-26,81.43852233886719,81.58888659277241,81.41596827438426,81.49867033484072,1522400
2012-11-27,81.62652587890625,81.63404581658844,81.4460875267562,81.49119568078576,579100
2012-11-28,81.73175811767578,81.85205414122099,81.69416991234048,81.77686625849019,1057500
2012-11-29,81.8144760131836,81.8445500248827,81.68666576548587,81.7317739150189,814200
2012-11-30,81.79942321777344,81.88212529707467,81.7693492129339,81.8746053618573,557800
2012-12-03,81.76703643798828,81.78208952398444,81.57884127510296,81.63153569098043,750400
2012-12-04,81.91008758544922,81.91761700253461,81.79717504548061,81.81975755347435,479300
2012-12-05,81.97782135009766,82.09826327849841,81.95523884747632,81.99287443742483,505500
2012-12-06,82.02299499511719,82.16602518446624,82.01546557902995,82.12838384729174,443700
2012-12-07,81.7896499633789,81.94773327097609,81.77459112840998,81.81976189005401,515700
2012-12-10,81.86491394042969,81.91760836794823,81.78963700729776,81.89502586233483,707500
2012-12-11,81.70684814453125,81.71437756243442,81.61651235948241,81.68426563408481,734300
2012-12-12,81.36055755615234,81.75200108030535,81.36055755615234,81.61650029439426,1165600
2012-12-13,81.20245361328125,81.37558995258978,81.14975919567509,81.26267170250205,862900
2012-12-14,81.3831787109375,81.41329064913548,81.30037231670929,81.30037231670929,380700
2012-12-17,80.95404815673828,81.32290914169826,80.93146565159445,81.30785605268962,660100
2012-12-18,80.63789367675781,80.95406028265276,80.54755789938957,80.90889526559994,846400
2012-12-19,80.75077819824219,80.94650277632414,80.71314261151221,80.75077819824219,675300
2012-12-20,80.80348205566406,80.9841535688165,80.7658464645366,80.86370589338154,377100
2012-12-21,81.02180480957031,81.15730559897642,81.00675171886402,81.10461116661084,499200
2012-12-24,80.9389877319336,80.98415848459423,80.92393464322113,80.96157597989473,903400
2012-12-26,81.10562133789062,81.1433156284348,81.02270425110767,81.0302385081435,780000
2012-12-27,81.27149963378906,81.42980536519899,81.0528853138391,81.06796533664588,446700
2012-12-28,81.45995330810547,81.46749331892097,81.33934189177292,81.42226475671416,552200
2012-12-31,81.03019714355469,81.38450258897439,81.00004287678085,81.34681406901082,1742800
2013-01-02,80.66085052490234,80.77392763385025,80.62315623813949,80.66085052490234,2561300
2013-01-03,80.24620056152344,80.69850879544724,80.23866630860599,80.68342878693612,2131900
2013-01-04,80.28392028808594,80.28392028808594,80.06530610606087,80.16330318710386,975400
2013-01-07,80.32917022705078,80.35932451033018,80.22363311124361,80.28394167780242,1387400
2013-01-08,80.52520751953125,80.54028179248779,80.42721036695349,80.44228463991001,364200
2013-01-09,80.57038879394531,80.64577736850633,80.46485169116878,80.5477745221133,517700
2013-01-10,80.33670043945312,80.4874660861243,80.30654615985074,80.34424044718891,689100
2013-01-11,80.59303283691406,80.59303283691406,80.18595856859204,80.21611285713543,553900
2013-01-14,80.5628433227539,80.70606894153238,80.54776330940463,80.67591466617377,971700
2013-01-15,80.75883483886719,80.8643719234936,80.72868056449683,80.82668339403546,428800
2013-01-16,80.86437225341797,80.91714079594647,80.77391518127756,80.88699227279285,534000
2013-01-17,80.49501037597656,80.593013227733,80.41208754049391,80.5402389221158,436100
2013-01-18,80.72119140625,80.75887995676376,80.60811425202279,80.63072853259963,560100
2013-01-22,80.7889633178711,80.82665758663346,80.54773495127048,80.56281495931061,595400
2013-01-23,80.82667541503906,80.92467248356392,80.77390687793503,80.84928968074948,603600
2013-01-24,80.69098663330078,80.78144945035598,80.59298956166216,80.76636943851042,376300
2013-01-25,80.15581512451172,80.38196369216958,80.10304655025722,80.30658083628362,570600
2013-01-28,79.98989868164062,80.01251294328164,79.82405309448903,79.82405309448903,1328000
2013-01-29,79.86927795410156,80.14820058800194,79.85420369747841,80.02004927702254,480600
2013-01-30,79.91454315185547,79.92961741431203,79.69592896252449,79.80900606063915,453200
2013-01-31,79.98237609863281,79.98991610460152,79.85422475386179,79.98991610460152,902500
2013-02-01,79.71070098876953,80.33721641236156,79.68050684991584,80.32212222240628,2587800
2013-02-04,80.17111206054688,80.21640036706079,79.92956482757224,79.95975895156161,693400
2013-02-05,79.8842544555664,79.92199278092387,79.80877204591276,79.86915451827245,797700
2013-02-06,80.12582397460938,80.16356231049474,79.97485335424693,80.0578857557112,816800
2013-02-07,80.16355895996094,80.35226790832144,80.11827065521524,80.12582062565289,970000
2013-02-08,80.22393035888672,80.25412447535656,79.98993315491899,80.17864206365138,952800
2013-02-11,80.14090728759766,80.2465838280482,80.14090728759766,80.1635514378457,558800
2013-02-12,80.05787658691406,80.14090897886886,79.99749410462483,80.02013825535076,531500
2013-02-13,79.77861022949219,79.91448092545295,79.7408661299149,79.80125438566215,610700
2013-02-14,80.1182861328125,80.12583610470868,79.86918889070935,79.97486546149108,988000
2013-02-15,80.04275512695312,80.0880434129704,79.89933454264816,80.04275512695312,681700
2013-02-19,79.91446685791016,80.17110826124713,79.90691688753553,80.15601407943791,498800
2013-02-20,80.08806610107422,80.10316603998277,79.85406887844576,79.88426299732352,869900
2013-02-21,80.24654388427734,80.38996444304486,80.22389974530073,80.26164381621955,681000
2013-02-22,80.34473419189453,80.37492831864914,80.26170178305456,80.26924599553759,412800
2013-02-25,80.96366882324219,80.96366882324219,80.13335080728972,80.14089501692425,2909000
2013-02-26,80.81271362304688,81.05426083290124,80.7523311397881,80.81271362304688,860900
2013-02-27,80.77493286132812,81.04667404954121,80.70699468480649,81.02402415140952,398800
2013-02-28,80.88825225830078,80.8957964740764,80.75992572385191,80.8580581183683,534400
2013-03-01,81.08997344970703,81.1126444669253,80.94638265296139,81.00684254272507,876500
2013-03-04,80.90104675292969,81.05974965126384,80.90104675292969,81.02951970408978,572600
2013-03-05,80.81788635253906,80.87078729934908,80.72719654410584,80.84055736320467,224700
2013-03-06,80.56095123291016,80.69698309045934,80.56095123291016,80.5760690869556,1091700
2013-03-07,80.25115203857422,80.4325260343506,80.23603417555722,80.41741393710898,804500
2013-03-08,79.84300231933594,79.98658732640664,79.78254243963697,79.8354433929307,1651900
2013-03-11,79.88078308105469,79.95636081135136,79.84299998167766,79.91857194620303,1465800
2013-03-12,80.09993743896484,80.14528522555554,79.99413554653772,80.00169447193129,525300
2013-03-13,80.03186798095703,80.11499880436244,79.89583624863604,79.95629607761573,1116500
2013-03-14,80.05461120605469,80.11507108958536,79.85056630635346,79.8732373212345,557400
2013-03-15,80.3342056274414,80.34931771013036,80.09992510248884,80.09992510248884,1184700
2013-03-18,80.59879302978516,80.62902299195547,80.47787318110393,80.62146405996896,1442000
2013-03-19,80.84814453125,80.94638753371034,80.66676485102246,80.6894358696077,545300
2013-03-20,80.53828430175781,80.73477605390906,80.53072537435177,80.63652729494731,742800
2013-03-21,80.74992370605469,80.75748263678975,80.62145071243243,80.74992370605469,669700
2013-03-22,80.78011322021484,80.82545525037496,80.62141034888258,80.80278423529491,297000
2013-03-25,80.84059143066406,80.9539522975349,80.62142862558665,80.64409964580616,319500
2013-03-26,80.92365264892578,80.95388257177245,80.65914803122773,80.67426010976695,546300
2013-03-27,81.27135467529297,81.36204451810912,81.2108947800822,81.2108947800822,623700
2013-03-28,81.12010955810547,81.29393011101897,81.10499748495768,81.18812830168594,378400
2013-04-01,81.33586120605469,81.38883371521791,81.13910369763249,81.13910369763249,2471100
2013-04-02,81.17692565917969,81.2374673101106,81.13909145752507,81.2147656344039,984900
2013-04-03,81.51749420166016,81.59316840275527,81.28290244619387,81.28290244619387,1234000
2013-04-04,81.8428955078125,81.85046465972017,81.63856882130389,81.66127627702693,584800
2013-04-05,82.10014343261719,82.25906089317031,82.0547400934786,82.13041424989893,663800
2013-04-08,81.8353271484375,82.11532803602081,81.82775799645651,82.05478636731556,858200
2013-04-09,81.86559295654297,82.01694134544256,81.82018959458728,81.97153798348687,507800
2013-04-10,81.52507019042969,81.7066894430026,81.5099318847983,81.68398775812749,340900
2013-04-11,81.61590576171875,81.70671830687179,81.57050237592922,81.61590576171875,1132200
2013-04-12,82.06986999511719,82.06986999511719,81.82770923816268,81.91852168710857,827700
2013-04-15,82.25154113769531,82.25154113769531,82.00181109286306,82.03208192619769,587300
2013-04-16,82.01696014404297,82.11534181559102,81.97912592493181,81.99425845786182,1226700
2013-04-17,82.16826629638672,82.34231630438788,82.0320504853746,82.06232130710717,988300
2013-04-18,82.21369934082031,82.30451183882285,82.16072682704491,82.22883764393956,705600
2013-04-19,82.16826629638672,82.16826629638672,82.10015550409621,82.16826629638672,750500
2013-04-22,82.21369934082031,82.29694268726323,82.16829597860453,82.20613018926069,379900
2013-04-23,82.16069793701172,82.51637287882585,82.1379962638864,82.31204627355993,449800
2013-04-24,82.19860076904297,82.2515733047023,82.14562823338363,82.15319161449685,279400
2013-04-25,82.10778045654297,82.13805129884877,82.0245370835952,82.08507876820681,293300
2013-04-26,82.40292358398438,82.42562527497408,82.29697851031675,82.31968020130645,433300
2013-04-29,82.37261199951172,82.47855702078263,82.35747947086044,82.45585534102038,810000
2013-04-30,82.35745239257812,82.59204403775088,82.32718157165766,82.4936681999359,752700
2013-05-01,82.62645721435547,82.71737671127211,82.52795338504089,82.52795338504089,803600
2013-05-02,82.62645721435547,82.63402998527108,82.53553193669767,82.580991685156,921300
2013-05-03,81.92182922363281,82.20975069338084,81.8687909060281,82.1870208116564,879500
2013-05-06,81.81575775146484,81.97487271432006,81.74756232124494,81.94456427652715,434000
2013-05-07,81.70206451416016,81.78541123409829,81.68690741194919,81.68690741194919,544000
2013-05-08,81.80058288574219,81.8990809516306,81.75512312929249,81.77785300751734,1114400
2013-05-09,81.78543853759766,82.01274311997963,81.76270865743373,81.86120673172498,587300
2013-05-10,81.32328033447266,81.64151035637155,81.13385687656924,81.64151035637155,529700
2013-05-13,81.17928314208984,81.20201302273509,81.12624482700335,81.14897470764859,417600
2013-05-14,80.8534927368164,81.31568634886462,80.8231842956131,81.28537790766131,876900
2013-05-15,81.06563568115234,81.17171232143113,80.86863950963078,81.09594411848104,768200
2013-05-16,81.45198822021484,81.54291345092174,81.23983512930354,81.25498644405228,697900
2013-05-17,81.0125732421875,81.35353872506667,80.99742191840562,81.3232302967613,365800
2013-05-20,80.95196533203125,81.1641243536157,80.86862437090804,81.14138869431783,1440000
2013-05-21,81.16413879394531,81.1792901220973,80.75498356492234,80.9216770783106,530600
2013-05-22,80.52006530761719,81.39899231976193,80.4821841106572,81.2247203153742,1797400
2013-05-23,80.60337829589844,80.80038009215156,80.41395504816163,80.77765022734135,950100
2013-05-24,80.63374328613281,80.83074522061294,80.5882835246154,80.6943601553179,349800
2013-05-28,79.68659973144531,80.4291416787599,79.67144840958787,80.37610338114749,1157000
2013-05-29,80.01246643066406,80.01246643066406,79.70181496969514,79.74727474916739,1588400
2013-05-30,80.02002716064453,80.12610380961146,79.86849074233285,79.98971872083344,578000
2013-05-31,79.8002700805664,80.12607847960916,79.42900192654997,80.09577004937937,1639400
2013-06-03,79.91559600830078,80.30253718618214,79.07342038118834,79.65004643861363,3269200
2013-06-04,79.71075439453125,79.90802230719765,79.67282204229959,79.73351496357976,1235100
2013-06-05,80.09771728515625,80.12806664607619,79.85492818634542,79.88527754726536,1298900
2013-06-06,80.19629669189453,80.67429158269962,79.8928148553424,80.02938399720885,2471900
2013-06-07,79.57415008544922,80.08249432030263,79.57415008544922,79.93074761268034,652300
2013-06-10,79.37689208984375,79.52104423374318,79.26308350046871,79.42241321017565,694600
2013-06-11,79.57415008544922,79.57415008544922,79.05063986265111,79.09616098066529,756100
2013-06-12,79.21758270263672,79.62728446781938,79.21758270263672,79.27827561580098,528700
2013-06-13,79.81696319580078,79.90801124794137,79.40726143253508,79.41484442880338,1180100
2013-06-14,79.92317962646484,80.1507968528526,79.8700697121139,79.9762953293623,599700
2013-06-17,79.73348999023438,80.02939466082738,79.68038008290655,80.01421709385043,478400
2013-06-18,79.68799591064453,79.75628340812449,79.50590556494419,79.55142670423234,429000
2013-06-19,78.59545135498047,81.63031781442572,78.51199785281024,79.73352627727243,1281500
2013-06-20,78.23883056640625,78.47403077797354,78.0036245662927,78.3147010422138,1982500
2013-06-21,77.41183471679688,78.147790563808,77.40424593187134,78.07950886511881,1777200
2013-06-24,77.22218322753906,77.54084284579918,76.82006431089431,76.82765309853353,2731500
2013-06-25,77.131103515625,77.48011232659731,77.0552272531364,77.43458541139492,772000
2013-06-26,77.4421615600586,77.62425182552032,77.20696139264781,77.57114192357126,1015300
2013-06-27,77.85942077636719,77.8897701042772,77.55593328580939,77.760784013524,949000
2013-06-28,77.76841735839844,77.81393848207848,77.36629866310282,77.48769025576483,1017700
2013-07-01,77.79804229736328,77.8588234081398,77.51693400732626,77.65368860837052,1127100
2013-07-02,77.82845306396484,77.92721804732057,77.70689081084342,77.81325488412104,385400
2013-07-03,77.6764907836914,77.98798967205752,77.6688974911019,77.83603687416921,1233200
2013-07-05,76.3697509765625,76.6812499680115,76.31656892880395,76.65085939837684,924100
2013-07-08,76.81798553466797,76.8787666588259,76.61285068973673,76.62804886897972,1137200
2013-07-09,76.94718170166016,77.03075434239902,76.88640054541187,76.94718170166016,558400
2013-07-10,76.67366027832031,77.02314317736031,76.6584678898443,76.91677906880071,1005500
2013-07-11,77.44095611572266,77.44095611572266,77.16744692917895,77.23582712401759,818700
2013-07-12,77.38017272949219,77.72965539169317,77.25101722754067,77.65368190798084,1919500
2013-07-15,77.62334442138672,77.62334442138672,77.44860586903116,77.47139735008543,563700
2013-07-16,77.66130828857422,77.7372817989867,77.57013659823487,77.61572534160818,713300
2013-07-17,78.00321960449219,78.13997429022227,77.88925640031556,78.10958371601454,696300
2013-07-18,77.63851928710938,77.98040299305481,77.63851928710938,77.98040299305481,717800
2013-07-19,78.06398010253906,78.07157919318313,77.8284604602432,77.83605375447947,459500
2013-07-22,78.05638122558594,78.14755292434093,78.00319918374748,78.05638122558594,450300
2013-07-23,77.96516418457031,77.98795564520779,77.79041999234286,77.88159163129684,13316500
2013-07-24,77.44095611572266,77.5777107089945,77.22822803650098,77.49413813552808,837400
2013-07-25,77.55494689941406,77.56254019323306,77.19026592183985,77.20546410229284,712300
2013-07-26,77.62334442138672,77.6765264759831,77.53977179324825,77.63094351387456,544900
2013-07-29,77.46378326416016,77.5625482617487,77.3802106521975,77.52456439947993,420300
2013-07-30,77.44095611572266,77.57011162147789,77.3497844547396,77.53972106781688,306800
2013-07-31,77.49414825439453,77.55492936965311,76.84076575638028,76.90154687163886,930500
2013-08-01,76.81016540527344,77.24382003321942,76.73408676613747,77.21338741667941,1177300
2013-08-02,77.46452331542969,77.46452331542969,77.1602026748824,77.20585454384623,4360000
2013-08-05,77.22101593017578,77.33513681903732,77.15254687951656,77.3047041950456,390400
2013-08-06,77.24388885498047,77.28953491824558,77.13737750440637,77.17541976008282,257000
2013-08-07,77.52536010742188,77.57100615517356,77.31994128367671,77.33516050254813,493200
2013-08-08,77.63945770263672,77.71553636084035,77.54815983013465,77.6318480954875,804900
2013-08-09,77.69276428222656,77.70036808993159,77.51016841750544,77.52538764178222,557600
2013-08-12,77.54053497314453,77.80681312670325,77.51010235496234,77.80681312670325,400400
2013-08-13,76.84063720703125,77.0688790452602,76.77977194291273,77.0688790452602,566500
2013-08-14,76.90908813476562,76.95473997430183,76.81779606455258,76.84061908210583,1672300
2013-08-15,76.48307037353516,76.73413526535279,76.30808997337022,76.48307037353516,15452300
2013-08-16,76.18633270263672,76.50586655952502,75.96570052399584,76.50586655952502,1066900
2013-08-19,75.85920715332031,76.01897411949513,75.78312847482248,75.97332807328263,892200
2013-08-20,76.27003479003906,76.28524820312992,76.1178774414073,76.13309085449816,1221100
2013-08-21,75.79074096679688,76.2700418835521,75.76030833335398,76.07984227785745,945100
2013-08-22,75.76030731201172,75.88964164907698,75.5701077088812,75.72987467897909,755100
2013-08-23,76.18633270263672,76.23958834545144,75.63095325677321,75.69942230992226,991100
2013-08-26,76.33851623535156,76.37655848089418,76.19396847203943,76.3537354553413,512600
2013-08-27,76.77214050292969,76.81778653237207,76.48303350465063,76.59715438268557,532500
2013-08-28,76.46025085449219,76.57437179277336,76.30809347307198,76.55154876600353,761700
2013-08-29,76.53631591796875,76.63522342227031,76.2015685775594,76.23960501392608,470900
2013-08-30,76.39181518554688,76.62766097122929,76.39181518554688,76.58961870701974,1038200
2013-09-03,75.95823669433594,76.13348064541685,75.63821563844277,76.06490844190891,796000
2013-09-04,75.70674896240234,76.0343850831524,75.65341312010214,76.00390662852789,824400
2013-09-05,75.1277084350586,75.51630166411464,75.1277084350586,75.4553447236404,1722700
2013-09-06,75.5848388671875,75.88199654795093,75.46293085585509,75.6686531682409,1033900
2013-09-09,75.73725891113281,75.91250283163261,75.69915937371638,75.88202436433411,764300
2013-09-10,75.38680267333984,75.63823998029396,75.38680267333984,75.4706170467166,1895300
2013-09-11,75.76773071289062,75.78296703861287,75.43247341527413,75.63058052869958,885300
2013-09-12,75.77533721923828,76.05725862451384,75.74486457131255,75.98106537835537,796800
2013-09-13,75.87440490722656,75.95821923436442,75.77534844069659,75.7905905800887,1166500
2013-09-16,76.04203033447266,76.57538892710382,76.01155187015478,76.56015260153121,1855200
2013-09-17,76.19446563720703,76.24018045637291,76.04207903120317,76.23256519529619,943300
2013-09-18,77.13924407958984,77.32973016638182,75.88203474412799,76.11824144470839,1341800
2013-09-19,76.87255859375,77.13162267398943,76.19442864387341,77.13162267398943,1592800
2013-09-20,76.94871520996094,77.07062902804829,76.82680720504439,76.92585782236226,300600
2013-09-23,77.23828125,77.24589650608202,77.02493200307954,77.02493200307954,2003200
2013-09-24,77.5201644897461,77.56588507300498,77.26872744108789,77.30682114510512,1149800
2013-09-25,77.73357391357422,77.74881605867417,77.46689450607613,77.48975191055095,569900
2013-09-26,77.56590270996094,77.6192385582487,77.46684626801833,77.54303950654777,568100
2013-09-27,77.67259216308594,77.83259974452818,77.59639309396532,77.59639309396532,2349400
2013-09-30,77.8021011352539,77.8021011352539,77.59637300297118,77.7640016105582,3785200
2013-10-01,77.62892150878906,77.7510125247675,77.57550559769268,77.72048831529847,1937000
2013-10-02,77.7586669921875,77.94943898882099,77.72814277409823,77.73577528409538,799900
2013-10-03,77.86546325683594,78.04860265977004,77.66705884088427,77.70521555153151,651800
2013-10-04,77.65178680419922,77.80440197774847,77.56021420693226,77.77387777865948,1160900
2013-10-07,77.7204818725586,77.89599460698173,77.68995766561991,77.8807295925638,454400
2013-10-08,77.6822738647461,77.83488896533272,77.60596049255987,77.6822738647461,818100
2013-10-09,77.54496002197266,77.70520771110816,77.4839116198555,77.67468351004958,506500
2013-10-10,77.37715148925781,77.43819994791446,77.2169036517102,77.27794628846539,649100
2013-10-11,77.4915771484375,77.70524082500374,77.45342042537986,77.59840898672063,850100
2013-10-14,77.23210906982422,77.5983937447765,77.1710606536826,77.49156192747738,183200
2013-10-15,77.24734497070312,77.42285182359093,77.20155576490592,77.38470094430434,368100
2013-10-16,77.62126922607422,77.62890173197142,77.07184523939888,77.17104452847785,2339600
2013-10-17,78.0638427734375,78.14778285257046,77.86543842076915,77.9112218014254,2950500
2013-10-18,78.07147979736328,78.18594408606118,78.04858810400282,78.16305239270072,582600
2013-10-21,78.01808166503906,78.05623837725594,77.91888236393082,78.04860587043319,321700
2013-10-22,78.55986022949219,78.57512524061515,78.38435335484961,78.40724504963812,484700
2013-10-23,78.69722747802734,78.83458348830362,78.61328737053091,78.61328737053091,280800
2013-10-24,78.53697204589844,78.773533153713,78.52934536189191,78.75826814190758,591200
2013-10-25,78.6743392944336,78.70486350051372,78.5827724980902,78.60566419717604,552800
2013-10-28,78.59796905517578,78.6895416004417,78.56744487342047,78.59796905517578,600800
2013-10-29,78.7048568725586,78.7048568725586,78.50645246069438,78.52934997974899,274700
2013-10-30,78.49884796142578,78.90328358391,78.41490783352549,78.75066252322847,1753100
2013-10-31,78.40726470947266,78.69723595266113,78.26227617692973,78.681976759608,893000
2013-11-01,77.9723892211914,78.27810452888761,77.94946159354524,78.24753241501455,680100
2013-11-04,78.12523651123047,78.20166386740516,78.08701991762636,78.11759202630294,437000
2013-11-05,77.77363586425781,77.94941813222604,77.70484718863845,77.90356290250064,656900
2013-11-06,78.01056671142578,78.04113880997181,77.89592279963604,77.89592279963604,692700
2013-11-07,78.21691131591797,78.27805550537109,78.05641219187666,78.07934563619472,415000
2013-11-08,77.33802032470703,77.49851951505462,77.31509270194785,77.44501978493876,2497700
2013-11-11,77.29977416992188,77.39149045691555,77.29977416992188,77.38384597524166,144000
2013-11-12,77.23102569580078,77.383880411113,77.17752596233815,77.26159197403634,1052100
2013-11-13,77.55200958251953,77.59022033867954,77.43736565197447,77.46793775552199,1122700
2013-11-14,77.926513671875,77.94944129355025,77.61315979059164,77.61315979059164,694100
2013-11-15,77.86534118652344,77.94941298949419,77.79655834647329,77.93412985760445,359200
2013-11-18,78.14054870605469,78.16347633832922,77.91126655227367,77.91126655227367,2853000
2013-11-19,77.85004425048828,78.03347095579484,77.8271166412037,77.98761573722567,559100
2013-11-20,77.42208862304688,78.04115773337904,77.39151651708772,77.86536958187214,1562700
2013-11-21,77.49085998535156,77.52907656988583,77.16221718386598,77.26157214021013,804800
2013-11-22,77.71253967285156,77.73546730187643,77.53675146526949,77.56732358098094,807900
2013-11-25,77.77363586425781,77.83477422688128,77.65899195891305,77.6742750918111,487400
2013-11-26,77.94181060791016,78.01823796498472,77.81187768674646,77.842449795783,425400
2013-11-27,77.76600646972656,77.91886115248752,77.57493520075917,77.91122250007214,476900
2013-11-29,77.72017669677734,77.78131509129481,77.61317721757891,77.62081587249716,652100
2013-12-02,77.38640594482422,77.57013493083488,77.32516878994083,77.54717026769693,2912200
2013-12-03,77.5241928100586,77.65433562358884,77.49357715558992,77.58543579990189,477200
2013-12-04,77.17204284667969,77.26390731771656,77.09549204104168,77.14142135633406,943600
2013-12-05,76.98065948486328,77.14907475403962,76.94238700397437,77.04955929518626,374100
2013-12-06,77.049560546875,77.1720406643418,76.90410993195951,76.93473142143918,415600
2013-12-09,77.14140319824219,77.20264616451763,77.04954458927976,77.09547389376097,540900
2013-12-10,77.46294403076172,77.493565521086,77.2945287542042,77.39404421741905,334700
2013-12-11,77.16436004638672,77.40166919817858,77.16436004638672,77.34042624273239,371700
2013-12-12,76.9424057006836,77.08019951436106,76.91944103847956,77.0189565215148,1156200
2013-12-13,77.05721282958984,77.10314214087155,76.97300519860566,77.05721282958984,434000
2013-12-16,77.01893615722656,77.21797291112374,76.95003634837875,77.21031607892915,572400
2013-12-17,77.26395416259766,77.26395416259766,77.01133109442081,77.01133109442081,694800
2013-12-18,76.97300720214844,77.34811021509967,76.66679815791301,77.04955800309436,1997700
2013-12-19,76.65149688720703,76.72039670751496,76.55198141393188,76.63618906072342,978700
2013-12-20,76.88875579833984,76.90406361363402,76.68971915682509,76.75096209889861,510500
2013-12-23,76.64382934570312,76.84286024927982,76.62851568207327,76.76630945248483,5238400
2013-12-24,76.34526824951172,76.4830620038592,76.32229775674485,76.42947002785392,770600
2013-12-26,76.27931213378906,76.34065011601082,76.24097077608936,76.28697572527314,787500
2013-12-27,76.23330688476562,76.3713275924355,76.20263496638673,76.2716482452568,640400
2013-12-30,76.44036865234375,76.44803224717099,76.32535037913891,76.33301982403853,1328000
2013-12-31,76.09532165527344,76.39436568630413,76.04931668129117,76.3023557383396,1553600
2014-01-02,76.39432525634766,76.43266661442358,76.20263016610784,76.210299607737,1161800
2014-01-03,76.34832763671875,76.47867890657974,76.27932020564074,76.30232268266674,637500
2014-01-06,76.56303405761719,76.6550498264101,76.41734973628398,76.41734973628398,666200
2014-01-07,76.68573760986328,76.71640953913797,76.56304989276451,76.61672430647714,1055700
2014-01-08,76.30996704101562,76.47865963011458,76.26396209855918,76.43265468765813,1216700
2014-01-09,76.50936126708984,76.54770263407922,76.2946636521204,76.42501493977025,806100
2014-01-10,77.15350341796875,77.19183895647895,76.90046429348831,76.90813374122018,713300
2014-01-13,77.3758544921875,77.42185946885147,77.21482537371695,77.23016426598716,581600
2014-01-14,77.08443450927734,77.2761296138364,77.06910147494357,77.21478577636061,366700
2014-01-15,77.01548767089844,77.05382321192819,76.85446435839366,76.87746685302649,997300
2014-01-16,77.23014068603516,77.2684762048594,77.14579435452167,77.19946876093285,333300
2014-01-17,77.41416931152344,77.41416931152344,77.14579726932764,77.21480471586152,754400
2014-01-21,77.3298110961914,77.38348549638425,77.27613669599856,77.29147558180844,1927100
2014-01-22,77.11514282226562,77.23783055511927,77.09980978069547,77.15348420130066,1150900
2014-01-23,77.63648986816406,77.73616918122947,77.36811798678158,77.36811798678158,1080200
2014-01-24,77.95096588134766,78.01997336916632,77.78993670962025,77.90495503939329,564300
2014-01-27,77.71321868896484,77.97392715529494,77.69788564980291,77.82056751331483,758600
2014-01-28,77.8282470703125,77.83591651592604,77.68255685401961,77.82057762469894,452700
2014-01-29,78.19630432128906,78.311316754999,77.92026278023937,78.06594714629625,1420200
2014-01-30,78.11963653564453,78.14264487686859,77.93561075637041,78.01228767689513,685400
2014-01-31,78.42632293701172,78.42632293701172,78.24996666582096,78.37264852620514,670500
2014-02-03,78.85260772705078,78.86028445507384,78.23812959953845,78.31493790045306,4629800
2014-02-04,78.61447143554688,78.64519591896654,78.52998057116682,78.59142953800614,2617300
2014-02-05,78.330322265625,78.53770531490778,78.330322265625,78.50698081499567,817600
2014-02-06,78.18436431884766,78.25349003262815,78.12291533319978,78.23813071626509,885900
2014-02-07,78.39179229736328,78.50700774653313,78.23817560520426,78.2535349303797,1065800
2014-02-10,78.43010711669922,78.45314900740102,78.30720921949727,78.30720921949727,589300
2014-02-11,78.08454895019531,78.20744111622241,78.04614185200536,78.15367469481673,625800
2014-02-12,77.90021514892578,77.97702349825765,77.79268228784089,77.97702349825765,743500
2014-02-13,78.26888275146484,78.28424207323276,78.13830800608797,78.18439183149161,941400
2014-02-14,78.21509552001953,78.2688619220484,78.13060462253156,78.23045483769994,463400
2014-02-18,78.40711975097656,78.47624547115257,78.29190435725152,78.33031144185932,1003600
2014-02-19,78.25355529785156,78.58383654604857,78.2151540448675,78.56847721687548,907200
2014-02-20,78.16896057128906,78.29954106638259,78.01534404306658,78.16128384694439,842900
2014-02-21,78.26888275146484,78.27656534239874,78.06917640788265,78.08454158975044,405000
2014-02-24,78.19207763671875,78.27656856016522,78.07686220837357,78.26888596891551,1531100
2014-02-25,78.46089172363281,78.47625104250734,78.3072692343937,78.33799373224151,402600
2014-02-26,78.69132232666016,78.69132232666016,78.43017286632048,78.46089736637795,486000
2014-02-27,78.78353881835938,78.83730525777504,78.7144130505831,78.73745497317519,559400
2014-02-28,78.70667266845703,78.77579838547992,78.46856516302519,78.63754109133605,609900
2014-03-03,79.09596252441406,79.11135263454413,78.80361499762225,78.9344015856917,2540500
2014-03-04,78.48820495605469,78.81133279635607,78.4728207110922,78.81133279635607,1080200
2014-03-05,78.57283782958984,78.58053288735076,78.32664880772438,78.38050247283216,614700
2014-03-06,78.23426818847656,78.32658532835237,78.17271951548967,78.23426818847656,534700
2014-03-07,77.89576721191406,77.98809023426018,77.81883429476163,77.83421853034999,645100
2014-03-10,77.98043823242188,78.03429189112016,77.89581021595191,77.91888951687852,1013900
2014-03-11,78.05738830566406,78.1189370347016,77.88044304669344,77.94968096465328,1571000
2014-03-12,78.36507415771484,78.4112327391041,78.23428759737467,78.29583041602501,819000
2014-03-13,78.82669830322266,78.83439335867914,78.14968016323952,78.1573693490885,1638900
2014-03-14,78.83438110351562,78.94208838473283,78.695899474864,78.93439333047256,1314400
2014-03-17,78.51899719238281,78.72672269912819,78.50361294391772,78.67286902508499,1085400
2014-03-18,78.71128845214844,78.71128845214844,78.51895317130976,78.53434328075674,861200
2014-03-19,77.98043823242188,78.64207225049148,77.86503585818024,78.59591364863826,1355500
2014-03-20,77.99580383300781,78.05735253383905,77.8804073559582,77.94964524218797,1748100
2014-03-21,78.1419677734375,78.16504706507973,77.98040686233561,77.9881019160851,466500
2014-03-24,78.17274475097656,78.24967768224316,77.94194008757034,77.94963514157892,1222600
2014-03-25,78.12661743164062,78.24970899700594,78.04967859997745,78.11122731746448,739400
2014-03-26,78.45743560791016,78.45743560791016,78.1496978855464,78.15738707313909,830000
2014-03-27,78.53434753417969,78.61897553190073,78.34970142845711,78.34970142845711,303600
2014-03-28,78.25738525390625,78.49587913986291,78.19583655120539,78.45741560288037,661600
2014-03-31,78.26502990722656,78.28810918847472,77.99575597372191,78.04960958650213,1982900
2014-04-01,78.10323333740234,78.17260079867509,78.04927890732625,78.15718776747842,2562600
2014-04-02,77.7640609741211,77.91051118254744,77.74093849502006,77.88738870344639,806800
2014-04-03,77.81802368164062,77.94135142411375,77.7794881725606,77.8257331356928,298000
2014-04-04,78.29590606689453,78.3344415741063,78.04154702081838,78.04154702081838,731900
2014-04-07,78.48091125488281,78.55798816901209,78.40383434075353,78.41924737134275,1751700
2014-04-08,78.5888442993164,78.61967625057608,78.35761348575899,78.46552237487114,666100
2014-04-09,78.56564331054688,78.67355209184662,78.334406847426,78.40378013859727,1350500
2014-04-10,78.89708709716797,79.07436330700995,78.61960566554839,78.61960566554839,1056600
2014-04-11,79.05900573730469,79.12066962771286,78.95880632583561,79.09754713895785,918500
2014-04-14,78.93563079833984,79.02812069121366,78.85084447614663,78.9587532715583,1468600
2014-04-15,79.02815246582031,79.19001572401767,78.82004424259249,78.8739986619916,614300
2014-04-16,78.90481567382812,78.95106063011126,78.8123198806723,78.83544235881386,1405500
2014-04-17,78.45779418945312,78.85859769897237,78.34988532609826,78.85859769897237,584600
2014-04-21,78.44232940673828,78.58877958447727,78.39608445822641,78.52711573273574,1021100
2014-04-22,78.4114761352539,78.42688915254325,78.24960711048976,78.31898038975818,482800
2014-04-23,78.61197662353516,78.67364053376596,78.49635826200094,78.52719021711634,306400
2014-04-24,78.5888442993164,78.65050820183575,78.4269809656482,78.43469042361147,345700
2014-04-25,78.69670867919922,78.88169440153973,78.68129565258337,78.71983115941802,388900
2014-04-28,78.58110809326172,78.75068082717262,78.47319924088049,78.67360391555623,574900
2014-04-29,78.65043640136719,78.65043640136719,78.4346188201641,78.45774129235186,760100
2014-04-30,78.85858154296875,78.89712293509598,78.61964137743423,78.7583821562651,544700
2014-05-01,79.0855941772461,79.24004078323935,78.85391837649586,78.90797527776954,21829500
2014-05-02,79.20146179199219,79.34046615658163,78.76900638738638,78.8539538264001,1343700
2014-05-05,79.15511322021484,79.31728396467898,79.09333220562988,79.31728396467898,929400
2014-05-06,79.24781036376953,79.27097677878838,79.11652419238979,79.17058112468835,566300
2014-05-07,79.3095474243164,79.36360433065835,79.09331979894863,79.20143361163251,1107600
2014-05-08,79.39450073242188,79.52578685051672,79.27094460521427,79.38678252505733,1444300
2014-05-09,79.33270263671875,79.38675953142025,79.26319754823989,79.26319754823989,354500
2014-05-12,79.12423706054688,79.24007501095815,79.08562833825172,79.18601808633461,759600
2014-05-13,79.43318939208984,79.43318939208984,79.29418493703618,79.32507547057776,603700
2014-05-14,79.7960205078125,79.91185835377331,79.59523530093094,79.62612578597098,635400
2014-05-15,80.08184051513672,80.22856901714214,79.7961135060918,79.92739380169431,1347300
2014-05-16,79.91191101074219,80.05863354666647,79.89646281216396,79.9505197236648,452600
2014-05-19,79.8115234375,80.11269853074715,79.8115234375,80.01230879691879,325400
2014-05-20,80.04316711425781,80.12811450554986,79.84238183558936,79.84238183558936,34764400
2014-05-21,79.91963958740234,79.93508778798488,79.75746883185907,79.85786446035888,881700
2014-05-22,79.83467864990234,79.9119078562219,79.75745533534403,79.87329325306213,678800
2014-05-23,79.99685668945312,80.0200289885236,79.90419106021831,79.95052387483572,486800
2014-05-27,80.02003479003906,80.03547709877718,79.80380122536991,79.92736326232371,997000
2014-05-28,80.4602279663086,80.51428489375992,80.26716666944482,80.28260898081811,968200
2014-05-29,80.35981750488281,80.72277361874885,80.35981750488281,80.55287876615095,753100
2014-05-30,80.29804229736328,80.39070793194999,80.1358656533123,80.24398537993366,902400
2014-06-02,79.93061065673828,80.20135091871144,79.85325713927382,80.0853176916672,2032800
2014-06-03,79.52836608886719,79.81458060674315,79.52063486799956,79.81458060674315,1563600
2014-06-04,79.46646881103516,79.61343869626458,79.42005198786808,79.60570747714839,1566600
2014-06-05,79.58250427246094,79.67533202661656,79.42779725056282,79.42779725056282,1585800
2014-06-06,79.52063751220703,79.8300516046698,79.49742614374637,79.75269808155412,940600
2014-06-09,79.40464782714844,79.45105878613342,79.32729426160722,79.43559043370468,816500
2014-06-10,79.2653579711914,79.3349743648092,79.2112099200348,79.31176890026994,1207100
2014-06-11,79.37362670898438,79.44324307860153,79.26533064400687,79.34268413303468,814800
2014-06-12,79.68309020996094,79.7217640248104,79.33499046613898,79.40461277558182,1319500
2014-06-13,79.52836608886719,79.62893097709959,79.31177387066714,79.31951099323008,752900
2014-06-16,79.52836608886719,79.63666219796721,79.47421803431718,79.53610321143015,1401000
2014-06-17,79.19576263427734,79.41236081432916,79.18029428655069,79.3814182171789,33268500
2014-06-18,79.6135025024414,79.6135025024414,79.22672877566892,79.38917303270952,1472200
2014-06-19,79.41234588623047,79.79911942535679,79.33498645704852,79.73723424268957,1055000
2014-06-20,79.50515747070312,79.51289459295931,79.31177072616389,79.34271331349358,577000
2014-06-23,79.45101928710938,79.64440605566968,79.45101928710938,79.61346346449652,764200
2014-06-24,79.77591705322266,79.77591705322266,79.51291384976759,79.65988969975513,443800
2014-06-25,79.85324096679688,80.03889055145144,79.8300296047329,79.98474251002328,977500
2014-06-26,80.06210327148438,80.1549310230758,79.98474976267207,80.00021810375677,822300
2014-06-27,80.06210327148438,80.24002165327767,80.06210327148438,80.1549310230758,933200
2014-06-30,80.12399291992188,80.20134643305997,80.00795969936738,80.14719838369383,1268900
2014-07-01,79.86203002929688,80.02477580992394,79.84652705248291,79.93177568699994,17393000
2014-07-02,79.53656768798828,79.70706503233379,79.51331912515131,79.69931354050284,1779100
2014-07-03,79.37378692626953,79.40478696730338,79.20328965691004,79.2187926337536,1079900
2014-07-07,79.56761169433594,79.62186034180674,79.46686589550704,79.46686589550704,1031000
2014-07-08,79.93177795410156,79.97052948458231,79.7845292334588,79.81552927531271,491500
2014-07-09,79.94728088378906,80.04027509664208,79.66828641992319,79.86203224690486,1113900
2014-07-10,80.1177749633789,80.31927228581979,80.08677492049156,80.22627215715778,728600
2014-07-11,80.24957275390625,80.32706994934573,80.1798211391508,80.210821199858,688600
2014-07-14,80.07133483886719,80.1875836042608,80.04808626832002,80.1875836042608,974800
2014-07-15,80.00153350830078,80.25727351918093,79.92403044348175,80.04803061706922,933500
2014-07-16,80.1177749633789,80.14877500626623,79.97827772671269,80.0247807473705,15784300
2014-07-17,80.58277130126953,80.63701989924095,80.24177673536124,80.36577099673006,1367400
2014-07-18,80.4200439453125,80.54404415688143,80.31154671651746,80.50529261260226,386900
2014-07-21,80.44330596923828,80.6293003913921,80.44330596923828,80.47430011238386,339600
2014-07-22,80.54402923583984,80.54402923583984,80.35028337564708,80.47427765159014,484200
2014-07-23,80.5362777709961,80.63702940242658,80.51302921379043,80.62152642251985,523600
2014-07-24,80.2108154296875,80.32706417081258,80.20306393690407,80.29606411233544,600900
2014-07-25,80.52081298828125,80.54406155480835,80.36581269033924,80.42006131645475,781400
2014-07-28,80.42780303955078,80.52080320701879,80.31930580049946,80.42780303955078,1448000
2014-07-29,80.5362777709961,80.55952632820177,80.38128344785534,80.5207807037438,465700
2014-07-30,79.9705810546875,80.2108241431626,79.90082943737256,80.20307264953712,1067500
2014-07-31,79.94728088378906,80.05577807388653,79.73028059094074,79.76903212139842,1506500
2014-08-01,80.41780853271484,80.4954531997915,80.01405270957122,80.1848686075765,3466800
2014-08-04,80.46446228027344,80.57316609100577,80.43340320236229,80.49552135818459,1672600
2014-08-05,80.50325775146484,80.57313620791325,80.25479114424071,80.36349491465681,1013000
2014-08-06,80.57315063476562,80.74397256855173,80.54985781177885,80.74397256855173,1139100
2014-08-07,80.93803405761719,80.93803405761719,80.51098542811751,80.61192290260107,1386100
2014-08-08,80.86817932128906,81.1942905718246,80.83712026067947,81.07006025329633,913900
2014-08-11,80.82936096191406,80.93030439854894,80.75948251246894,80.89147908847237,419800
2014-08-12,80.7129135131836,80.90702826999636,80.7129135131836,80.86044262401322,416300
2014-08-13,80.97688293457031,81.0157023173341,80.79829481734461,80.83712012401848,732400
2014-08-14,81.13996887207031,81.17879419324866,80.99243976028734,81.13220262305218,638800
2014-08-15,81.4660873413086,81.70679369054285,81.10115061652265,81.13220969138877,1570700
2014-08-18,81.2098388671875,81.32630889465652,81.17101947397228,81.2874895014413,13822300
2014-08-19,81.12444305419922,81.3806700350631,81.08561773265895,81.3806700350631,769900
2014-08-20,80.8836898803711,81.10886358228952,80.84487050522517,81.0700442071436,1052200
2014-08-21,81.05453491210938,81.09336022227427,80.89924551927105,80.89924551927105,630300
2014-08-22,81.06229400634766,81.10887963530652,80.80606119925372,81.03123494573839,1393400
2014-08-25,81.12444305419922,81.13996962846792,80.9846801901315,81.0623249092997,837500
2014-08-26,81.10889434814453,81.24089093674505,81.08560152943987,81.225364365579,590200
2014-08-27,81.33402252197266,81.34178876515583,81.1709669585732,81.24861161868135,881300
2014-08-28,81.4427490234375,81.55921900814887,81.3806309084035,81.54368651743563,938400
2014-08-29,81.45052337646484,81.55922712664008,81.38063900911786,81.42723056198588,1407100
2014-09-02,80.93012237548828,81.13234617787222,80.93012237548828,81.12457244757341,2058600
2014-09-03,81.04684448242188,81.07795722786187,80.7901747173034,80.83684086838868,1456900
2014-09-04,80.75910186767578,81.01577769374414,80.71242975938458,80.9535521721241,1994400
2014-09-05,80.78241729736328,81.07797955922604,80.74352487131377,81.03131339528746,1098400
2014-09-08,80.69683837890625,81.03129298256553,80.63461288656276,80.99240056631346,1340900
2014-09-09,80.51018524169922,80.61907690976707,80.47129281703891,80.52573865107284,1205900
2014-09-10,80.3079833984375,80.40909543010174,80.2924299836249,80.37020892599377,1311800
2014-09-11,80.20681762695312,80.47126704065263,80.1912582884126,80.42460089332894,1224800
2014-09-12,79.90349578857422,80.06683327921426,79.86460336664307,80.0201611860668,2178400
2014-09-15,80.05126953125,80.09016195104074,79.98127029660678,80.01238304560935,1505400
2014-09-16,80.0279312133789,80.23016110158004,80.01237780697099,80.14460253096223,24978400
2014-09-17,79.8257064819336,80.32349859724022,79.8179327453023,80.15238737910052,2704700
2014-09-18,79.7712173461914,79.84122247691717,79.68565881649707,79.82566314380172,556800
2014-09-19,80.07456970214844,80.0979087049216,79.78678727690388,79.90345855417898,920600
2014-09-22,80.24568939208984,80.29236146500523,80.10568504163939,80.15235711455477,1932600
2014-09-23,80.41686248779297,80.41686248779297,80.24574528093669,80.31575047199243,963700
2014-09-24,80.19125366210938,80.43237592238543,80.16792058979364,80.37015044011106,485300
2014-09-25,80.58016967773438,80.58794934806701,80.30794055758945,80.30794055758945,399000
2014-09-26,80.40904235839844,80.49460091877958,80.3157100628183,80.48682718358057,716100
2014-09-29,80.66575622558594,80.72020206849793,80.61131038267395,80.68131557164754,2344500
2014-09-30,80.59576416015625,80.71242959526614,80.53353863866275,80.58020481270671,1544600
2014-10-01,81.27288055419922,81.28066849606412,80.91443309862528,80.91443309862528,3346000
2014-10-02,81.03131866455078,81.33521486101944,81.01573683562664,81.23391811052784,2084100
2014-10-03,81.00794219970703,81.01573608659398,80.73521560860203,80.82872441626395,1159100
2014-10-06,81.1404037475586,81.24170643610941,80.9455982018759,81.01573128971827,1201700
2014-10-07,81.61576080322266,81.64693041578877,81.30407062255722,81.39757946025556,1429800
2014-10-08,81.9040298461914,81.91961167133672,81.42091003679266,81.6702608540647,2701900
2014-10-09,81.76378631591797,81.95859186742402,81.74820448759469,81.84950123418012,5848000
2014-10-10,82.08324432373047,82.12220780253298,81.84168740113299,81.8962327044612,4675300
2014-10-13,82.51185607910156,82.5508195755029,82.16120839146899,82.22354166271832,2074300
2014-10-14,82.6754379272461,82.69881363178257,82.41829328736287,82.5273898168514,2196700
2014-10-15,83.14302825927734,84.84173334046291,82.94822265797164,83.76640856145367,2196800
2014-10-16,82.91700744628906,83.62609630282464,82.79232908536461,83.5637571223624,1786700
2014-10-17,82.6754379272461,82.80011627809529,82.50400816732395,82.70660751495839,1143300
2014-10-20,82.79230499267578,82.92477125386652,82.68321443110814,82.90139555424342,1562200
2014-10-21,82.56637573242188,82.75338737800688,82.52741819312955,82.59754533085155,1973200
2014-10-22,82.54302215576172,82.56639787460448,82.37938617886775,82.4728890542388,951800
2014-10-23,82.20011901855469,82.34817308636858,82.05985883457086,82.30920961220971,1281700
2014-10-24,82.27029418945312,82.45730588214805,82.22353680753349,82.28587602009665,678800
2014-10-27,82.3559799194336,82.43390093501174,82.24688930862571,82.24688930862571,872500
2014-10-28,82.15342712402344,82.29368740962295,82.10667567715554,82.270311686189,771500
2014-10-29,81.88068389892578,82.09107131231997,81.615745215213,82.04431987489784,1453100
2014-10-30,81.96634674072266,82.16115219950754,81.92738327096936,82.03647385228963,1363500
2014-10-31,81.83390045166016,81.94299701255451,81.73260372117795,81.91182741586937,886900
2014-11-03,81.80343627929688,81.84246106201115,81.5302330240244,81.72537480335932,2348900
2014-11-04,81.79561614990234,81.99856523614584,81.76439275546076,81.86586432095572,3854700
2014-11-05,81.81905364990234,81.82686098937226,81.66294259203471,81.67855131571943,1079700
2014-11-06,81.56932067871094,81.79568601532117,81.56151333461854,81.66299094204372,1026100
2014-11-07,82.09230041503906,82.10010775921059,81.77227076711101,81.78007215602382,994200
2014-11-10,81.75662231445312,82.08446512641702,81.74882092876217,82.08446512641702,1427900
2014-11-11,81.76443481445312,81.78004354207614,81.66296319676194,81.7566274730133,1220800
2014-11-12,81.73322296142578,82.00642039788474,81.70980688905179,81.95178091059296,658300
2014-11-13,81.86590576171875,81.9205452408368,81.74101807598748,81.83468235147178,743400
2014-11-14,82.03763580322266,82.08447389865516,81.72540763978584,81.76443839343678,629800
2014-11-17,81.94397735595703,82.1547279570062,81.88933787011041,82.1547279570062,496500
2014-11-18,82.03763580322266,82.06105187331046,81.94397152287144,81.96738759295924,510100
2014-11-19,81.81905364990234,82.04541885248901,81.78002290780788,81.81905364990234,560000
2014-11-20,81.96733856201172,82.13125690983112,81.87366838243491,82.13125690983112,811500
2014-11-21,82.13130950927734,82.13130950927734,81.96739105647946,81.9908071275567,855800
2014-11-24,82.2249755859375,82.23278292821915,81.95177815865252,81.99080891480348,13802400
2014-11-25,82.42791748046875,82.45133354997753,82.15472007743836,82.18594348853566,1244600
2014-11-26,82.56842803955078,82.66209828213019,82.53720462535765,82.59965145374392,523300
2014-11-28,82.88847351074219,82.89627489878322,82.74016376434993,82.79480325692738,367300
2014-12-01,82.68515014648438,83.16992575114034,82.68515014648438,83.12300813432351,2063400
2014-12-02,82.31767272949219,82.48969009932416,82.30203749831138,82.4349578421384,990600
2014-12-03,82.34894561767578,82.3724014461231,82.21602527956198,82.27075753439522,851900
2014-12-04,82.63822937011719,82.63822937011719,82.30201531933186,82.36456219256839,968300
2014-12-05,82.17691802978516,82.3411147738535,82.04399770821092,82.31765894832483,1035900
2014-12-08,82.4505386352539,82.59127948443134,82.16905693689904,82.1768775300102,858300
2014-12-09,82.75554656982422,82.97448160569039,82.67735846827118,82.81809943721456,945900
2014-12-10,83.1308822631836,83.16997930814607,82.70865923214929,82.71647983421609,996800
2014-12-11,82.99009704589844,83.07610572670379,82.81026505175515,82.95882061966302,15223600
2014-12-12,83.67032623291016,83.67814086360642,83.24810352600167,83.36538860548185,7233700
2014-12-15,83.36543273925781,83.62345289227011,83.27160343292691,83.37324737409114,1248100
2014-12-16,83.78765869140625,83.8814820357507,83.4749002910607,83.8814820357507,10633800
2014-12-17,83.20905303955078,83.81892863543514,83.1855972036122,83.64691718342876,2086100
2014-12-18,82.73987579345703,82.84151968527628,82.66950832189768,82.77115221371692,4833300
2014-12-19,83.04479217529297,83.04479217529297,82.81022803144165,82.87277489058259,847800
2014-12-22,83.04479217529297,83.11516559420433,82.9196924916454,82.97442472174727,2366700
2014-12-23,82.35673522949219,82.86496652765013,82.34891463449605,82.8102342934095,1360300
2014-12-24,82.41626739501953,82.43975801179916,82.17352305600893,82.24399490634781,1098200
2014-12-26,82.52588653564453,82.5650415427581,82.41625968478489,82.5650415427581,373600
2014-12-29,82.80779266357422,82.87043829041755,82.65901079337524,82.67467518719397,2447300
2014-12-30,82.90178680419922,83.06622714497924,82.85479958239232,83.01141369805256,1194700
2014-12-31,82.9957275390625,83.06620536618571,82.94874630379107,82.956578501075,1010400
2015-01-02,83.41859436035156,83.52039502409387,83.05055867436671,83.0740492970096,2028600
2015-01-05,83.92755889892578,83.98237232954286,83.52037426780116,83.5595233044043,1521700
2015-01-06,84.49139404296875,84.9377338774331,84.2016623708988,84.279966452096,1890200
2015-01-07,84.47565460205078,84.57745519397378,84.14677416863759,84.24856878634745,1558000
2015-01-08,84.13117218017578,84.23296686615619,84.02937151997823,84.20164404565057,1671000
2015-01-09,84.54613494873047,84.64792956951567,84.1467767108275,84.23291291849702,1107800
2015-01-12,84.8437271118164,84.91420493504542,84.58531838366962,84.63230559056088,2700900
2015-01-13,84.92205047607422,85.07083237901314,84.66364766336073,84.74978392567093,1038800
2015-01-14,85.31358337402344,85.62680562720091,85.2587699277837,85.50934653548215,1545800
2015-01-15,86.04181671142578,86.05748110883708,85.30575133695848,85.36056477946367,1374100
2015-01-16,85.40754699707031,85.9321908062044,85.39971479827535,85.85388674090663,1689100
2015-01-20,85.60327911376953,85.86952000832268,85.47799384955604,85.57978850011794,1346200
2015-01-21,85.19609069824219,85.76771551872277,85.15693569444387,85.65808867714526,2298200
2015-01-22,84.98467254638672,85.43101215719501,84.88287788926041,85.40752154202859,1330800
2015-01-23,85.5406494140625,85.57197222949895,85.29790506220017,85.29790506220017,1248200
2015-01-26,85.34490966796875,85.56416346184535,85.27443779460177,85.47803316358053,1546200
2015-01-27,85.46233367919922,85.90867328327228,85.36836524573607,85.81470484980913,863300
2015-01-28,86.1201400756836,86.23759320335635,85.49369551507782,85.49369551507782,3346300
2015-01-29,85.81470489501953,85.9791511472205,85.6815874282048,85.8773505173613,1393400
2015-01-30,86.56647491455078,86.59779176398719,86.19060700491863,86.54297831614686,2219800
2015-02-02,86.45818328857422,86.59152024223287,86.22287785406363,86.23856209046697,11544700
2015-02-03,85.728759765625,86.07386688807597,85.72091465391317,86.06602776043104,1465200
2015-02-04,85.86994171142578,85.91700041348369,85.39933075457908,85.46207968003422,1655500
2015-02-05,85.55622863769531,85.7052499001044,85.46995033542593,85.6738814120689,1392700
2015-02-06,84.5993423461914,85.07779265376135,84.59149723083478,84.99935945240408,2016700
2015-02-09,84.56009674072266,84.87383543370773,84.55225761184721,84.86599032076444,1599900
2015-02-10,84.34833526611328,84.50520163675598,84.28558632422882,84.41892333768196,1244500
2015-02-11,84.31697082519531,84.51305680385856,84.17578868119502,84.4346236092071,1286100
2015-02-12,84.34833526611328,84.56010546488777,84.28558632422882,84.30127655173416,1845200
2015-02-13,84.06597900390625,84.35618839966095,84.05813388940774,84.3169688112374,1302400
2015-02-17,83.4698486328125,84.04242212231735,83.33651165034804,83.97182808308688,2170100
2015-02-18,83.869873046875,84.08948832795504,83.45417183853529,83.53260501262564,8204600
2015-02-19,83.65813446044922,83.97186727524881,83.57969527267944,83.79147150514603,1459500
2015-02-20,83.61104583740234,84.08949602242114,83.44633436152067,83.94831390251284,1893000
2015-02-23,83.99536895751953,84.01890429653638,83.80712813386003,83.8385026018146,818200
2015-02-24,84.55224609375,84.56008522155756,83.69730842143093,83.87771009014425,1180900
2015-02-25,84.63070678710938,84.66992039110278,84.41893058608284,84.53658336620103,595300
2015-02-26,84.12871551513672,84.59932058630518,84.12087040179793,84.50519717844422,865900
2015-02-27,84.42684173583984,84.45821623401585,84.10526360166469,84.32487910482307,2901700
2015-03-02,83.79830169677734,84.37963857348021,83.78259264308497,84.35606600264002,10270800
2015-03-03,83.61763000488281,83.90829248236282,83.58620590043239,83.77474453359984,1224400
2015-03-04,83.68050384521484,83.83762442684677,83.56267090091258,83.76691866672806,1871100
2015-03-05,83.72757720947266,83.86112510374272,83.55474770228426,83.69615311784453,2253200
2015-03-06,82.8713150024414,83.16198345238645,82.83203936987671,83.14626840453285,1734000
2015-03-09,83.25624084472656,83.25624084472656,83.07555378798563,83.19339265163984,1218100
2015-03-10,83.60978698730469,83.73547743337953,83.49980559941316,83.62549604548799,1309200
2015-03-11,83.75900268554688,83.82970239772928,83.53118251262678,83.57831565408172,945700
2015-03-12,83.83755493164062,84.104650708706,83.70400704310794,84.06537509100765,916800
2015-03-13,83.71189880371094,84.00256728333378,83.66476564240706,83.751180433821,846900
2015-03-16,84.00255584716797,84.13610378170448,83.86115038897212,84.02612242461153,639400
2015-03-17,84.17537689208984,84.2146525193449,84.07324707545226,84.19108594428509,768500
2015-03-18,85.14167022705078,85.22023349427721,84.15968932207842,84.41107619400992,1963600
2015-03-19,84.7409896850586,85.07093368798915,84.6310083507484,84.94523730961568,985600
2015-03-20,85.08663940429688,85.08663940429688,84.93738245274369,85.02379721110589,1194800
2015-03-23,85.19661712646484,85.23589873988709,85.00022104641901,85.1651990279663,795100
2015-03-24,85.4559097290039,85.4559097290039,85.13382309217636,85.2045228440887,584500
2015-03-25,85.08663940429688,85.50299815266038,85.08663940429688,85.46372253110763,1240200
2015-03-26,84.60743713378906,84.96095370845167,84.53673741497653,84.95309618629474,928300
2015-03-27,84.93738555908203,85.00022775457128,84.772413558048,84.772413558048,2492500
2015-03-30,84.92955017089844,85.03167400952492,84.81956880821308,84.96883179765811,2017700
2015-03-31,85.14949035644531,85.15734787842423,84.85882197855662,84.92167016732172,2137200
2015-04-01,85.55473327636719,85.64915201938646,85.39735869929126,85.413099158612,2570100
2015-04-02,85.31084442138672,85.55477363010226,85.28723972449825,85.5390331633572,1126400
2015-04-06,85.42096710205078,85.79866010024165,85.36588749848404,85.72784003666925,1268500
2015-04-07,85.49175262451172,85.52322752857974,85.23208916836862,85.31864365374965,750700
2015-04-08,85.41307067871094,85.52322984431977,85.23996170326154,85.50748939024749,886400
2015-04-09,85.06688690185547,85.3658896138805,84.98820260955696,85.35802538690933,890600
2015-04-10,85.04325866699219,85.27931147852743,85.02751821095482,85.23210211686539,789700
2015-04-13,85.21633911132812,85.2714186825538,85.0747050705731,85.09043951811343,624800
2015-04-14,85.4681396484375,85.74353752826183,85.39731962035493,85.60977370137908,825400
2015-04-15,85.51537322998047,85.64913709476654,85.47602809176092,85.60192773148327,566400
2015-04-16,85.57830047607422,85.68845963016098,85.31863704005958,85.5625600236483,903300
2015-04-17,85.7514419555664,85.86160115143221,85.45243327830842,85.50751287624132,1945700
2015-04-20,85.5940933227539,85.73572747510023,85.49180432509235,85.71212278358047,878100
2015-04-21,85.41307067871094,85.54683452220391,85.37372554675451,85.53109406813162,811000
2015-04-22,84.91737365722656,85.35801645379094,84.90163920170423,85.35801645379094,725100
2015-04-23,85.17700958251953,85.27929851831706,84.92521635321287,84.97242570770032,918700
2015-04-24,85.47607421875,85.49968491635833,85.30297112555489,85.31083535486252,739100
2015-04-27,85.34225463867188,85.46815426424926,85.21636101631906,85.38159977247095,854400
2015-04-28,84.9488525390625,85.32654552472566,84.9173776233217,85.1376960302809,1101100
2015-04-29,84.63406372070312,84.76783354123278,84.43735010587946,84.54750924992285,1118000
2015-04-30,84.61053466796875,84.68135475427663,84.16202746544712,84.33513656172362,2650600
2015-05-01,84.14794158935547,84.44740430754362,84.08489617370094,84.36071836410409,1854300
2015-05-04,83.97454833984375,84.33705036912629,83.9666721741469,84.21884776027129,2784900
2015-05-05,83.83270263671875,84.02183884332788,83.62781409806956,84.02183884332788,2050800
2015-05-06,83.42292022705078,83.7460173943791,83.3283521229754,83.69085417008691,1802100
2015-05-07,83.77751922607422,83.8642051301307,83.50958534978261,83.57263073679441,2201300
2015-05-08,84.10067749023438,84.35285319135463,84.00610934768567,84.28980776298883,1004300
2015-05-11,83.2731704711914,83.84056694540368,83.24952995348909,83.84056694540368,1324400
2015-05-12,83.33617401123047,83.50954573710469,83.06035808931065,83.13916177952544,1431000
2015-05-13,83.22590637207031,83.65145381432747,83.1865014929882,83.65145381432747,1221200
2015-05-14,83.5096435546875,83.59632951916272,83.33627162573706,83.33627162573706,617500
2015-05-15,84.1085205078125,84.16368372886079,83.71449578251323,83.75389464763906,854900
2015-05-18,83.54110717773438,83.84056374442928,83.52534282497524,83.76964219403007,1000400
2015-05-19,83.17073059082031,83.51747423489886,83.0761625027063,83.16284841372594,1240400
2015-05-20,83.35197448730469,83.58839168981832,83.23377189838708,83.37562101742742,1682600
2015-05-21,83.84844207763672,83.8642004173346,83.55686168834693,83.61202489579757,836700
2015-05-22,83.65936279296875,83.75392491331424,83.48599088921223,83.69087949152235,852300
2015-05-26,84.17945861816406,84.17945861816406,83.66722517212598,83.69874787782662,1925600
2015-05-27,84.1321792602539,84.19521866058349,83.89576196890818,84.06913384758285,1015000
2015-05-28,84.21095275878906,84.2818743133023,84.05334529608899,84.12426685060223,1068200
2015-05-29,84.25821685791016,84.47099350335704,84.2503406949959,84.36066709917647,1148500
2015-06-01,83.88652038574219,84.30484701271395,83.78391389934598,84.24170780208749,2161700
2015-06-02,83.30239868164062,83.59444071349306,83.24714813743694,83.57075674724204,1484500
2015-06-03,82.59202575683594,82.98667420025424,82.5446698706201,82.98667420025424,1703400
2015-06-04,82.99457550048828,83.11297124736501,82.76567866235537,82.76567866235537,1594800
2015-06-05,82.39471435546875,82.64728915768198,82.25264065285768,82.41050366790238,1384900
2015-06-08,82.51314544677734,82.67100250756457,82.50525078717972,82.6078632963662,877800
2015-06-09,82.2447509765625,82.4736478458433,82.15003918365917,82.44207524092263,822400
2015-06-10,81.92900848388672,82.15789925172223,81.89743588994402,82.11054337173647,967000
2015-06-11,82.57623291015625,82.58412154237418,82.1026500153877,82.2131571068619,3069700
2015-06-12,82.52888488769531,82.86828280770425,82.41838379949311,82.43417311029782,1578100
2015-06-15,82.7261962890625,82.99456033440052,82.6472678128537,82.94719843118985,1478800
2015-06-16,83.04192352294922,83.0656014657097,82.78934876374193,82.90774449940163,779000
2015-06-17,83.08927154541016,83.17609467522037,82.54466084788581,82.92351993991521,1994000
2015-06-18,83.02613067626953,83.10505915033654,82.7104107581449,82.97876877434406,1481600
2015-06-19,83.4681167602539,83.49179469512876,83.27868725939975,83.33393778139285,1849600
2015-06-22,82.7656478881836,83.12872362757656,82.73407529929868,83.09715103869166,860300
2015-06-23,82.51314544677734,82.80518763328067,82.42632225678611,82.46578953291335,925000
2015-06-24,82.75778198242188,82.79724923770134,82.50520720546334,82.65517554929605,1176500
2015-06-25,82.55255126953125,82.69462493758598,82.42626691006973,82.55255126953125,919800
2015-06-26,82.15795135498047,82.31581442480815,82.06323953494424,82.2368859008245,1441500
2015-06-29,83.11295318603516,83.19188165951503,82.56833648186792,82.67883754911105,1500900
2015-06-30,82.88409423828125,83.1682416900212,82.75780380557048,82.75780380557048,1599400
2015-07-01,82.45083618164062,82.61684384804076,82.33225755388065,82.52988658976075,3738800
2015-07-02,82.743408203125,82.89360835449494,82.68016539926758,82.73550737601713,1924600
2015-07-06,83.3283920288086,83.44696474272523,83.02008487912882,83.36791425639231,1723300
2015-07-07,83.54972839355469,84.03984498405305,83.51020013831096,83.77897900540536,2083900
2015-07-08,83.8817138671875,83.98447885024285,83.6287488056058,83.71570611094602,1991200
2015-07-09,83.29672241210938,83.57340196970266,83.28090870529718,83.47063096890942,1206900
2015-07-10,82.71966552734375,82.98053748116139,82.57737228263991,82.75919377410291,3719900
2015-07-13,82.49832153320312,82.68013699286975,82.35602828899445,82.35602828899445,1322300
2015-07-14,82.75918579101562,82.7829003243181,82.64060709334011,82.71965754806942,1321600
2015-07-15,83.07539367675781,83.13863645762498,82.65642080804896,82.66432766344823,1239500
2015-07-16,83.04379272460938,83.13865088120338,82.8066352707952,82.86197120586323,811400
2015-07-17,83.0516586303711,83.13071510251217,82.95680051366107,82.96470133594553,881300
2015-07-20,82.88565826416016,82.94099418088149,82.74336504528208,82.90937279544607,842500
2015-07-21,83.11492156982422,83.15444981548931,82.76709230769458,82.79871369799396,676600
2015-07-22,83.21766662597656,83.34415215686815,83.13071536244118,83.13861618475036,523800
2015-07-23,83.5575942993164,83.5575942993164,83.11490697518623,83.13862150595571,1064800
2015-07-24,83.63668060302734,83.67620282468329,83.48648047970678,83.62086688943327,1098400
2015-07-27,83.91332244873047,83.97656521226584,83.79474377489211,83.93703697726576,1392600
2015-07-28,83.6761703491211,83.78684217666826,83.63664814280412,83.70779173287204,6205200
2015-07-29,83.5575942993164,83.86589526164455,83.439021645469,83.59712253804051,2107300
2015-07-30,83.65245819091797,83.67617272161299,83.44692220629037,83.50225812163289,683200
2015-07-31,84.14252471923828,84.20576141536942,83.98441790101434,84.0713751432479,1113000
2015-08-03,84.39909362792969,84.4782660547665,84.12990616859074,84.16157634741926,2627700
2015-08-04,83.9636459350586,84.31992489165253,83.91613764450196,84.28033565626687,1036000
2015-08-05,83.63902282714844,83.78153560375269,83.52026117323345,83.76570353544939,1283300
2015-08-06,83.93195343017578,83.97153661456365,83.72610033376891,83.76568955862442,731700
2015-08-07,84.26447296142578,84.2882240778374,83.9556963671406,84.00319859996384,1533700
2015-08-10,83.91615295410156,84.07450388406436,83.82114843659421,83.9874123827024,1123900
2015-08-11,84.47034454345703,84.66035955684538,84.35950194894147,84.36741496250089,2263800
2015-08-12,84.43871307373047,84.89000271268746,84.43079401607265,84.60497704171766,1765700
2015-08-13,84.21700286865234,84.43076903840438,84.14574345175544,84.24867304944327,1626500
2015-08-14,84.12992858886719,84.27244141134011,83.98741576639426,84.06658821433021,612500
2015-08-17,84.28036499023438,84.4782991551156,84.26453291485127,84.41496481311182,905300
2015-08-18,84.1457748413086,84.31203882213167,84.11410464870349,84.13785578303941,690400
2015-08-19,84.66039276123047,84.72373313735856,83.97157976189656,83.97949881903025,1444500
2015-08-20,84.88995361328125,84.96120696957598,84.72368974145922,84.78702404467644,1933300
2015-08-21,85.2304458618164,85.2779481246783,84.91375001497177,85.00876058116641,2123600
2015-08-24,85.37290954589844,86.10922439875198,85.17497551062026,85.9033713107318,3074800
2015-08-25,84.90579986572266,85.04831264259195,84.5970231892506,85.04039962865991,2925500
2015-08-26,84.38331604003906,84.89794620744787,84.31205658154965,84.51790985660776,3512900
2015-08-27,84.33577728271484,84.48620916486468,84.18535144103572,84.26452389041484,1414100
2015-08-28,84.35161590576172,84.7395651383894,84.28827552968801,84.6762247623157,1998000
2015-08-31,84.20906066894531,84.67618211616963,84.18530954999731,84.65243099722164,5431600
2015-09-01,84.58731079101562,84.6110992611693,84.35734549625168,84.44457392012652,3749700
2015-09-02,84.35741424560547,84.587379727786,84.31776877969484,84.39706576148801,2441700
2015-09-03,84.56356048583984,84.6032119873027,84.34945810786162,84.56356048583984,1791300
2015-09-04,84.8252182006836,84.91244663546718,84.54767593090298,84.72212675050241,1421300
2015-09-08,84.45256042480469,84.55564587925858,84.38912042976956,84.46841739857801,1583500
2015-09-09,84.48429870605469,84.59531569640652,84.10366470343965,84.1274531942333,1397200
2015-09-10,84.2939682006836,84.42084214336198,84.19087669416318,84.41291063132863,1601600
2015-09-11,84.5159683227539,84.6190537380585,84.43667138406047,84.46838531956296,1069000
2015-09-14,84.59523010253906,84.69831547499999,84.50007018567551,84.69039001940261,897500
2015-09-15,83.92916107177734,84.46046328751409,83.91330410338274,84.42874330075601,1903000
2015-09-16,83.90538024902344,84.07190565721908,83.81815178997294,83.88159176927682,1305300
2015-09-17,84.60322570800781,84.61115116960995,83.86575243097313,83.86575243097313,2394300
2015-09-18,84.99969482421875,85.01555179333378,84.73007794951013,84.82523791410773,2074200
2015-09-21,84.5159683227539,84.99968751374298,84.43667138406047,84.69042521786061,1591700
2015-09-22,84.9362564086914,85.08692484291416,84.77766251475008,84.84109644234506,1395500
2015-09-23,84.84107208251953,84.9441635289538,84.73005517864226,84.87279206219411,1364300
2015-09-24,84.96798706054688,85.2772494275219,84.94419857846727,85.19002095991662,1393000
2015-09-25,84.74590301513672,84.81726841914706,84.61902311916309,84.71418304114331,1564000
2015-09-28,85.22965240478516,85.22965240478516,84.8252301547014,84.86487559884696,1926000
2015-09-29,85.52306365966797,85.58650363914856,85.22966434201675,85.30102978145534,2460900
2015-09-30,85.53890991210938,85.5626983872592,85.31687002745176,85.34066455256983,2676000
2015-10-01,85.60563659667969,85.81212744183654,85.57386830825698,85.69299787504676,10101300
2015-10-02,86.01862335205078,86.54279109004051,85.87566906525197,86.3680685107106,3320200
2015-10-05,85.5420913696289,85.83594346343787,85.51032308441867,85.83594346343787,3034900
2015-10-06,85.71678161621094,85.75649347255809,85.44675432324307,85.47852259648509,2104000
2015-10-07,85.50238800048828,85.62151149945419,85.39119596948507,85.51032552763199,2338000
2015-10-08,85.27996826171875,85.60558849068335,85.20055061488141,85.53410836710509,2176800
2015-10-09,85.32766723632812,85.39914133719859,85.20059408920578,85.2403059624768,1069400
2015-10-12,85.61360931396484,85.62949043398908,85.42299951857284,85.49447970664072,1336300
2015-10-13,85.6929931640625,85.72476145073874,85.47062121650995,85.67710599113381,1849700
2015-10-14,86.16155242919922,86.17743960040754,85.82005095838623,85.99477348659481,1359600
2015-10-15,85.86770629882812,86.04242276762426,85.8121133180338,86.0185980700239,1075500
2015-10-16,85.79623413085938,85.95507556161066,85.7485847312245,85.95507556161066,1773000
2015-10-19,85.75654602050781,85.81213901795171,85.57387985223082,85.79625184200643,1744500
2015-10-20,85.4626693725586,85.55797422337888,85.42295750325502,85.51031876837847,1134500
2015-10-21,85.75654602050781,85.81213901795171,85.62152926170208,85.62152926170208,6576500
2015-10-22,85.84386444091797,85.93122569360891,85.65326082558303,85.79621505187916,2411400
2015-10-23,85.35943603515625,85.47062200996471,85.335605275542,85.47062200996471,2029600
2015-10-26,85.58179473876953,85.61356302082372,85.47854630729834,85.50237706322417,3131500
2015-10-27,85.79623413085938,85.9233072754604,85.72476003140707,85.77240943104194,1373100
2015-10-28,85.35144805908203,85.77236703897147,85.2402621420991,85.75648593333591,2058200
2015-10-29,84.82733154296875,85.15295196591187,84.8114504278118,85.14500837874256,1772400
2015-10-30,84.99411010742188,85.04176557102558,84.85909942210493,84.89086771144686,3424800
2015-11-02,84.74993133544922,84.86923656363972,84.7260642213865,84.81355876767594,5313500
2015-11-03,84.52717590332031,84.72602595171927,84.48740953469365,84.67830388199852,1941700
2015-11-04,84.43968963623047,84.68626176069046,84.36014476008799,84.55104518072349,1933200
2015-11-05,84.38399505615234,84.4635399221713,84.25673419368033,84.43967888973411,1554600
2015-11-06,83.81137084960938,83.93067609546443,83.7000152411943,83.86704865381691,2968600
2015-11-09,83.66815185546875,83.79541273626315,83.53292920482065,83.54884060768379,3223900
2015-11-10,83.8272705078125,83.97839856688023,83.71591490694948,83.80340946025973,1467900
2015-11-11,83.78749084472656,83.82726329951123,83.71590770822367,83.74772445836649,1638100
2015-11-12,83.83522033691406,83.97839268062052,83.79544788149713,83.79544788149713,2399100
2015-11-13,84.15332794189453,84.17718897251088,84.01015568977571,84.01015568977571,2665300
2015-11-16,84.26472473144531,84.38402994295542,84.16927449381346,84.3044911124741,1412800
2015-11-17,84.2408676147461,84.36017283181579,83.94656725298469,84.01020074770457,1180000
2015-11-18,84.20108032226562,84.28857484497777,84.0579080185933,84.14540254130544,941500
2015-11-19,84.38399505615234,84.47148955403617,84.336272991278,84.4078621570108,1967200
2015-11-20,84.27265167236328,84.49536883352759,84.27265167236328,84.43173535890922,1287900
2015-11-23,84.38399505615234,84.45558422188513,84.19310072823369,84.224917460957,1377100
2015-11-24,84.46356201171875,84.5669618687955,84.40788423199697,84.43174527067447,1094500
2015-11-25,84.51131439208984,84.56699219177587,84.38404738227891,84.51131439208984,752400
2015-11-27,84.5987548828125,84.66238834705406,84.58284348254153,84.59079918267702,759600
2015-11-30,84.63058471679688,84.64649005110903,84.58285657701622,84.59081227838334,2266900
2015-12-01,85.08067321777344,85.08863519666653,84.63455320805397,84.63455320805397,2805800
2015-12-02,84.84174346923828,84.9453039727706,84.73021490301853,84.88953968966074,1579000
2015-12-03,83.94947052001953,84.47525301593394,83.78217774709628,84.46728495688572,2750500
2015-12-04,84.26014709472656,84.3477774994056,84.03709009294263,84.11675243960154,2231500
2015-12-07,84.53102111816406,84.72221199907936,84.28406597707144,84.30796407745478,1954000
2015-12-08,84.57880401611328,84.7381347900231,84.48321162961496,84.7381347900231,1519900
2015-12-09,84.7063217163086,84.8098822258603,84.33986982345094,84.53106079410463,3711100
2015-12-10,84.52308654785156,84.74614367693884,84.51511848528389,84.73818169222211,1545000
2015-12-11,85.20018768310547,85.31171619749468,84.90543635701181,84.92933445611689,3352900
2015-12-14,84.57084655761719,84.9532282797507,84.57084655761719,84.84169977097444,2204400
2015-12-15,84.35577392578125,84.43543629923015,84.22034728313317,84.25221344808263,1591000
2015-12-16,84.13269805908203,84.42745546064734,83.96540528884708,84.19643037474721,1911800
2015-12-17,84.48319244384766,84.5309886262425,84.25216743252888,84.25216743252888,1202600
2015-12-18,84.78595733642578,84.87358776985157,84.61069646957422,84.68239685958143,4396700
2015-12-21,84.82576751708984,84.92932796457902,84.75406714740679,84.75406714740679,1603200
2015-12-22,84.5867919921875,84.73018668354814,84.50712962539802,84.68239047904426,1411800
2015-12-23,84.3956298828125,84.43545804086772,84.28410131569619,84.36376370965769,1380800
2015-12-24,84.55036163330078,84.55036163330078,84.39876424774776,84.46259536664067,654200
2015-12-28,84.56631469726562,84.70195734404864,84.47854843234092,84.5264248141992,2198300
2015-12-29,84.11956787109375,84.47860750611105,84.05573670882744,84.47860750611105,1752500
2015-12-30,84.15148162841797,84.24722228246777,83.99988414313972,84.05573488709362,1358100
2015-12-31,84.2472152709961,84.40679315992249,84.17540978643476,84.2871112650462,1906000
2016-01-04,84.60624694824219,84.89348101348126,84.56635096079725,84.64613684841409,6183700
2016-01-05,84.58232116699219,84.73391254408683,84.4387041184521,84.55040559095286,2122800
2016-01-06,85.09294128417969,85.10889602538911,84.86953838361273,84.9413438499639,1906100
2016-01-07,85.27645874023438,85.27645874023438,84.90943877433217,85.20465326500869,3106000
2016-01-08,85.49188995361328,85.53177985642242,85.12486997649269,85.1966754539132,1783200
2016-01-11,85.22061157226562,85.41210502208922,85.13284526291486,85.19667641285605,4816100
2016-01-12,85.60358428955078,85.7950716339929,85.13283721234244,85.1886879414411,8962500
2016-01-13,85.93867492675781,86.05835678063022,85.47590833832955,85.54771988556178,2664100
2016-01-14,85.76311492919922,86.01045897138427,85.5636472656174,85.8508811881568,2597300
2016-01-15,86.16207885742188,86.32165669362037,86.08229298295863,86.3056958663645,4334300
2016-01-19,86.05037689208984,86.24186420709079,85.946655864646,86.02644173862372,4896500
2016-01-20,86.47323608398438,86.79238562502378,86.40941104559344,86.46526175873,4949100
2016-01-21,86.25779724121094,86.67268730457698,86.20194653869493,86.58492104529897,2385700
2016-01-22,86.06637573242188,86.13818122453476,85.86690791574208,85.9706289889967,1735600
2016-01-25,86.35362243652344,86.36159676751281,86.17010934008312,86.25787567917081,1190900
2016-01-26,86.41737365722656,86.51312033274155,86.27375668758924,86.35354862748692,1288000
2016-01-27,86.48123931884766,86.50517447546963,86.05038823783384,86.35358312110623,1802300
2016-01-28,86.59291076660156,86.64078106325648,86.31365722399676,86.35355319605631,2222900
2016-01-29,87.05571746826172,87.1115682025793,86.7924185405044,86.896145680861,3805500
2016-02-01,86.8551025390625,87.05486129016076,86.74323812613974,86.942996877238,6813000
2016-02-02,87.47039794921875,87.53432223825672,87.26264705792319,87.27063911809188,4141600
2016-02-03,87.3745346069336,87.94984116800545,87.35056451624848,87.39051873149522,12145000
2016-02-04,87.58226776123047,87.61422990770343,87.32657668560283,87.4783953573104,2431100
2016-02-05,87.69413757324219,87.7500698089415,87.34256003675706,87.4144763947456,1440200
2016-02-08,88.34931945800781,88.41324373537584,87.95779392739915,88.00573408734786,2824800
2016-02-09,88.36528015136719,88.62896317168773,88.28537786840282,88.62896317168773,2679600
2016-02-10,88.62901306152344,88.66097521193157,88.14160093607389,88.34935186564833,2027200
2016-02-11,89.0364990234375,89.49994093605405,88.93262663453595,89.284198002594,3743000
2016-02-12,88.35736846923828,88.76487228377643,88.19755767280891,88.6450218066526,3258700
2016-02-16,88.0936279296875,88.21348442501322,87.9817634930247,88.19750030768735,2816800
2016-02-17,87.87787628173828,87.92581643331471,87.63017127423508,87.90983231868687,4856500
2016-02-18,88.28539276123047,88.32534695752923,87.79798082792699,87.79798082792699,3125700
2016-02-19,88.28539276123047,88.39725719548166,88.12558816834434,88.2054904647874,1340000
2016-02-22,88.1975326538086,88.26944901584092,88.13361444952707,88.1975326538086,1012200
2016-02-23,88.37329864501953,88.45320095188636,87.9258408496411,87.9657889549969,2257800
2016-02-24,88.37329864501953,89.00453723273138,88.28540427861945,88.70889199155336,2947700
2016-02-25,88.63697814941406,88.82075893429399,88.45319736453415,88.62898609020493,1983600
2016-02-26,88.20549774169922,88.29339210388417,88.07765527607427,88.17353560125424,2957900
2016-02-29,88.34931945800781,88.39725961795654,88.16553868461335,88.21348494071668,3861600
2016-03-01,87.65876770019531,88.45093557191014,87.61875669356606,88.45093557191014,5901200
2016-03-02,87.50676727294922,87.5387748697508,87.34673539376621,87.43474865393945,3011200
2016-03-03,87.61076354980469,87.71478973731615,87.41872412606361,87.4907366206578,2093000
2016-03-04,87.31470489501953,87.5707594974462,87.16267037629571,87.43472572051385,1781200
2016-03-07,87.13871002197266,87.2027252309701,87.06669138564395,87.1787149489763,2349400
2016-03-08,87.642822265625,87.81886105042548,87.58681047999093,87.65082569352323,1747600
2016-03-09,87.2987060546875,87.47474475465495,87.20268938548622,87.37072466141228,1537800
2016-03-10,86.98668670654297,87.41077683769754,86.85065894840417,87.30675668820795,2798700
2016-03-11,86.73863220214844,87.00269038523854,86.66661355911164,87.00269038523854,1785000
2016-03-14,86.80261993408203,86.9706552415295,86.76260891119335,86.85062827768846,2661800
2016-03-15,86.78658294677734,87.05864437733337,86.76257878330946,86.98662578210686,2960800
2016-03-16,87.24270629882812,88.78703769079611,86.57856242296904,86.6665817850624,2052300
2016-03-17,87.33878326416016,87.43480000613255,87.27476803295959,87.33878326416016,2745500
2016-03-18,87.49076843261719,87.59479465795296,87.38674831210685,87.4587669377105,2434600
2016-03-21,87.24270629882812,87.36273325666677,87.21069870308285,87.2987180651762,1725000
2016-03-22,87.05863189697266,87.4587175102771,87.03462163212393,87.44271066704461,1437700
2016-03-23,87.458740234375,87.53875615686175,87.15467118217238,87.15467118217238,1405400
2016-03-24,87.37068176269531,87.68274799402363,87.22665072478834,87.60273210736882,1548200
2016-03-28,87.49879455566406,87.6348223111917,87.40277783638669,87.46678694762927,1291400
2016-03-29,88.09086608886719,88.09086608886719,87.64277206048001,87.69878381402842,2981000
2016-03-30,87.97083282470703,88.0348418876952,87.70677483610518,87.89081081253259,2808800
2016-03-31,88.29093170166016,88.37095374578102,87.95486109372196,88.07488805507842,3759100
2016-04-01,88.26531982421875,88.4015550052124,88.08100307678878,88.29737623988834,5489100
2016-04-04,88.36946105957031,88.42555823463393,88.24124156548213,88.35343591560935,3035600
2016-04-05,88.7220687866211,88.7621408147512,88.59384930204426,88.69802801539626,1951500
2016-04-06,88.52969360351562,88.68195989966611,88.41749931607741,88.60983150681005,1646000
2016-04-07,88.98654174804688,89.0266076675593,88.74612177443667,88.77817817852696,2069600
2016-04-08,88.85033416748047,88.86635931742782,88.69806772936943,88.80224648936678,1309500
2016-04-11,88.83428192138672,88.89037910415644,88.60989319030784,88.63393396661853,879600
2016-04-12,88.48168182373047,88.68202979694156,88.41756900491055,88.58586056871167,1363200
2016-04-13,88.54578399658203,88.60188118164466,88.32941088680755,88.35345166410087,1466400
2016-04-14,88.33740997314453,88.48967023886459,88.26528154063843,88.36946026077673,1403900
2016-04-15,88.60189056396484,88.68203464894209,88.40154257979225,88.4335989909561,1657800
2016-04-18,88.51371002197266,88.53775690862814,88.37747490159197,88.53775690862814,1297800
2016-04-19,88.36946105957031,88.46563026573659,88.25726670944307,88.39350794671202,1219600
2016-04-20,87.92066955566406,88.51369761322775,87.89662878651227,88.37746251194586,1939800
2016-04-21,87.7764663696289,87.88065124456051,87.67228760883316,87.72838480528254,1636600
2016-04-22,87.68028259277344,87.8245272518438,87.62417929540018,87.77644569882035,952100
2016-04-25,87.5841293334961,87.75242091388125,87.57611370181998,87.64022652695782,1416300
2016-04-26,87.39981079101562,87.55207722967766,87.35172922686375,87.54406159760707,1127100
2016-04-27,87.88063049316406,87.9607684528635,87.50397535702878,87.63219486972102,1734000
2016-04-28,88.18512725830078,88.20916802663847,87.85655378666623,87.89662580998392,2807300
2016-04-29,88.15308380126953,88.23322174553495,87.92869511167308,88.0088330559385,2858500
2016-05-02,87.89710235595703,88.11379879405492,87.88908109758155,88.0094673272917,2226800
2016-05-03,88.41876220703125,88.49901764364132,88.34653415101138,88.39468618835797,2330900
2016-05-04,88.57926177978516,88.59531041471146,88.28230998733135,88.43479957306386,1176900
2016-05-05,88.81997680664062,88.81997680664062,88.3946178108554,88.54710730862466,1257500
2016-05-06,88.61134338378906,88.79593019398551,88.51503322862486,88.75579943189345,1675600
2016-05-09,88.7799072265625,88.78792848282393,88.65149364922313,88.72372781725062,1459900
2016-05-10,88.7638168334961,88.8039475910782,88.66751281224931,88.7397408281844,1506900
2016-05-11,88.9002914428711,88.99660163036224,88.67557379515507,88.72373195044898,1606800
2016-05-12,88.65947723388672,88.7638086216166,88.5711944738486,88.63540123080239,1261500
2016-05-13,88.99656677246094,89.02064277912955,88.67553906299293,88.71566982283677,5007300
2016-05-16,88.67555236816406,88.77988991017551,88.64344898009094,88.77988991017551,1708100
2016-05-17,88.55516815185547,88.73976110658398,88.5471468969812,88.61135367454725,1158700
2016-05-18,87.84088134765625,88.37860543605476,87.73654993028391,88.36255068070818,2946500
2016-05-19,87.92916870117188,88.06560963632622,87.88904405691093,87.93719607926222,1345000
2016-05-20,87.9853744506836,88.07365726682937,87.86499435875503,87.9452497944065,1059400
2016-05-23,88.04150390625,88.12176541945199,87.9371725114187,88.05755865812792,892300
2016-05-24,87.89710235595703,87.98538518287128,87.76869486787139,87.88908109758155,965200
2016-05-25,87.85694122314453,87.985348657925,87.81681045553445,87.8729898563313,890300
2016-05-26,88.12979888916016,88.20203303643655,87.94521207863257,88.00139147180548,998200
2016-05-27,87.96125793457031,88.19400287697088,87.85692652856775,88.16189949287138,1995300
2016-05-31,88.06561279296875,88.15388946274517,87.74458501189721,87.74458501189721,1734700
2016-06-01,88.03587341308594,88.333266961188,87.99568907342136,88.29307648931838,2786400
2016-06-02,88.30914306640625,88.37343922752662,88.17249916004046,88.17249916004046,5038500
2016-06-03,89.12895965576172,89.14503829227473,88.96821008385021,88.99232190641663,1971300
2016-06-06,88.89586639404297,89.06465528024282,88.87175457204341,88.94409617024503,1715700
2016-06-07,89.02449035644531,89.12897698528302,89.01645103662571,89.06467469113475,2672900
2016-06-08,89.12895965576172,89.16915011484114,89.04858486980596,89.08876919668229,1284200
2016-06-09,89.2656021118164,89.41831850572679,89.25756892533943,89.38616736320863,1328400
2016-06-10,89.57905578613281,89.6835485180199,89.43437873076823,89.5308321450788,1878900
2016-06-13,89.75589752197266,89.82019980788164,89.6031872581932,89.73982501659717,1026200
2016-06-14,89.73178100585938,89.98898400384302,89.70766918295516,89.98898400384302,1390600
2016-06-15,90.00509643554688,90.10154376337763,89.7318146982136,89.7318146982136,2377600
2016-06-16,90.10153198242188,90.44714917043808,90.01311785533369,90.24620908745668,3088700
2016-06-17,89.7961196899414,90.02117163788321,89.73181738132784,90.02117163788321,3140900
2016-06-20,89.41030883789062,89.46657182290484,89.34601266373541,89.40227564874962,1956500
2016-06-21,89.20933532714844,89.50672878355985,89.193262822679,89.39420285566433,1494500
2016-06-22,89.38616943359375,89.40224807132695,89.18522938735362,89.20934121174986,1378700
2016-06-23,88.96018981933594,89.20132036105231,88.93607799160519,89.01645279477584,1715000
2016-06-24,90.18994903564453,90.40696776634005,90.09349558509042,90.39892844574265,4390000
2016-06-27,90.9696044921875,91.01782815503476,90.74455255595979,90.79277621880705,4493700
2016-06-28,90.95350646972656,91.00976943800185,90.78471143269705,90.94546715077192,1799700
2016-06-29,90.58378601074219,90.95352115591336,90.57575282269404,90.88117953804783,2670900
2016-06-30,90.78470611572266,90.98564615239509,90.59984471601786,90.7284431507425,5690800
2016-07-01,91.0245590209961,91.20968551154506,90.84748925103625,91.19359049274621,5292300
2016-07-05,91.5235824584961,91.68456333617434,91.33041154607479,91.36260772161043,2926300
2016-07-06,91.53970336914062,91.62823519497637,91.39482361836428,91.61214017413185,1921600
2016-07-07,91.41897583007812,91.57190003193696,91.20970369920444,91.3706784824646,1323000
2016-07-08,91.5960693359375,91.62021494397602,91.29020859199484,91.4270377980768,2097900
2016-07-11,91.11311340332031,91.41897408278078,91.11311340332031,91.33848669268906,2728800
2016-07-12,90.57382202148438,90.81529028159791,90.45308789142761,90.74284734724667,4116200
2016-07-13,90.8072738647461,90.96824867152031,90.7750776752322,90.83947005425999,3077200
2016-07-14,90.428955078125,90.54163864456403,90.29212591041959,90.30822093099924,2761900
2016-07-15,90.0828628540039,90.22774261696058,89.98628043922906,90.17140082807711,2811600
2016-07-18,90.05873107910156,90.30824387664256,89.97019309143307,90.22775647170631,4173500
2016-07-19,90.30024719238281,90.38073463988698,90.19560798390863,90.27610157221142,4171900
2016-07-20,90.11508178710938,90.1714235902153,90.02654379068635,90.1714235902153,2213700
2016-07-21,90.31629180908203,90.34848799827083,89.8736080245253,89.8897030487221,1944700
2016-07-22,90.24388122558594,90.40485607753489,90.08290023284,90.11509643138919,1140000
2016-07-25,90.17140197753906,90.33238290553994,90.15530695513624,90.21969318554208,889100
2016-07-26,90.22773742675781,90.30822481470508,90.05871206983034,90.30822481470508,1694100
2016-07-27,90.61408996582031,90.61408996582031,90.23579246889231,90.34042546431722,1962700
2016-07-28,90.66236877441406,90.74285615533354,90.43700165152208,90.46919783204858,1220200
2016-07-29,91.00846099853516,91.03260659633308,90.75894830023263,90.83138509362642,2386800
2016-08-01,90.69251251220703,90.89401561214024,90.66027742767793,90.72475374612273,2479100
2016-08-02,90.47492980957031,90.66031544497818,90.28954417416246,90.28954417416246,2920500
2016-08-03,90.52325439453125,90.55549562978197,90.28951005100356,90.53131624069064,1148600
2016-08-04,90.7408676147461,90.91819130739323,90.70862638432061,90.71668822927346,1065000
2016-08-05,90.17672729492188,90.56361621949705,90.16867159292406,90.48301615378288,2368100
2016-08-08,90.12831115722656,90.26533179672465,89.98322867146771,90.07189053217517,1304000
2016-08-09,90.45072937011719,90.4829706100527,90.18474375268998,90.23310253789938,1817000
2016-08-10,90.69251251220703,90.75699498003844,90.48295371583485,90.4990712580994,1262500
2016-08-11,90.25728607177734,90.67640988283858,90.16862420127423,90.61998925155365,1823600
2016-08-12,90.5796890258789,90.83761279838258,90.55550963304853,90.70865398682464,1377100
2016-08-15,90.31369018554688,90.49906959041283,90.29756649419285,90.4426489694467,1031800
2016-08-16,90.1605453491211,90.31368966917634,90.0880010372157,90.23308351164003,1433500
2016-08-17,90.3056411743164,90.42654427910871,90.07189681155457,90.18473806952409,1733900
2016-08-18,90.46686553955078,90.53134803269666,90.2331211139388,90.370147949221,1245600
2016-08-19,90.1605453491211,90.30562782354542,90.047704107834,90.21696596976464,1396700
2016-08-22,90.36206817626953,90.4346063546284,90.26534445573658,90.36206817626953,1084600
2016-08-23,90.3539810180664,90.51518717379608,90.27338101489461,90.42652532549127,939900
2016-08-24,90.32173919677734,90.45070412051845,90.2492010392125,90.4265247346635,1345600
2016-08-25,90.17672729492188,90.33793357574105,90.16060974153538,90.24120980724955,1037700
2016-08-26,89.83011627197266,90.53134956064375,89.7656399271276,90.31372882933981,1988300
2016-08-29,90.20088958740234,90.25731023379116,89.98326270176743,89.99132455107704,1497400
2016-08-30,90.19282531738281,90.27342536014798,90.14446037221245,90.2411841131641,2498400
2016-08-31,90.0880126953125,90.31370135647902,90.0880126953125,90.20086010058938,2008100
2016-09-01,90.22928619384766,90.25349916835768,89.80957410924579,89.85800621619425,1775900
2016-09-02,89.99520874023438,90.13241968821366,89.84185170547644,90.05978077149328,1550100
2016-09-06,90.41490936279297,90.47948139029191,89.93063147240588,89.97099052907458,1284000
2016-09-07,90.46334838867188,90.60863238270436,90.41491628537575,90.54406035026149,836800
2016-09-08,90.01942443847656,90.37456446322717,89.91449950294935,90.29385250067331,1287300
2016-09-09,89.59162139892578,89.71269238915825,89.5512623495395,89.69654630623319,1700700
2016-09-12,89.67234802246094,89.74499309166565,89.46249201555854,89.49477802876869,1446600
2016-09-13,89.34143829345703,89.74500427196872,89.13965530420118,89.73693122817862,1993700
2016-09-14,89.54324340820312,89.66430830532838,89.35760030272829,89.35760030272829,1062100
2016-09-15,89.56742095947266,89.63199298435127,89.32527894514143,89.4947758920024,994100
2016-09-16,89.66426086425781,89.72883288051288,89.55126291477464,89.6723339057713,833600
2016-09-19,89.51094055175781,89.65622455891923,89.51094055175781,89.58357947637427,490400
2016-09-20,89.64814758300781,89.76921860998733,89.58357554756162,89.61586156528472,1177800
2016-09-21,89.79344177246094,89.83380083867631,89.45444778479595,89.55129969102656,1108300
2016-09-22,90.05976104736328,90.16468595673335,89.92255012943477,89.94676309637198,1012300
2016-09-23,90.10014343261719,90.15664242660698,89.99521848890143,90.0194314637644,952500
2016-09-26,90.35838317871094,90.43910126775076,90.20503235697167,90.22117228002426,764000
2016-09-27,90.51176452636719,90.61668944927143,90.42297953086079,90.61668944927143,1583700
2016-09-28,90.4714126586914,90.64091577843548,90.43913280133116,90.55213077587536,594800
2016-09-29,90.52790069580078,90.66511161639875,90.25347269667824,90.3099716732731,1123900
2016-09-30,90.30195617675781,90.560238256915,90.1728182156445,90.5360252740769,1774600
2016-10-03,90.09178161621094,90.30191937005061,90.07561385334913,90.2776677257579,3112000
2016-10-04,89.6795654296875,90.05942759237544,89.6714815504705,89.97860729878491,3949600
2016-10-05,89.47753143310547,89.67150141392835,89.38054335959677,89.63917822228663,1490600
2016-10-06,89.29163360595703,89.52601062864684,89.27546584606509,89.38053162058789,1577400
2016-10-07,89.42096710205078,89.48562582531822,89.21082933452922,89.37247614269782,1601100
2016-10-10,89.18656158447266,89.2269748179722,89.0491664564841,89.2269748179722,1067000
2016-10-11,89.16236877441406,89.31593175298156,89.06538065644553,89.17045265912743,1942600
2016-10-12,89.16236877441406,89.16236877441406,88.98456030790376,89.08963231058567,1037800
2016-10-13,89.34821319580078,89.46136285630088,89.31588384048732,89.31588384048732,1188400
2016-10-14,89.07343292236328,89.36439100678882,89.04918744302701,89.12192388103581,2105300
2016-10-17,89.26738739013672,89.34821386212015,89.16232160922996,89.16232160922996,1490800
2016-10-18,89.44518280029297,89.44518280029297,89.14614709558887,89.15422480866134,1484400
2016-10-19,89.48561096191406,89.55026967444181,89.3158864661744,89.3158864661744,1264200
2016-10-20,89.40480041503906,89.61493200440383,89.37247105524567,89.61493200440383,979900
2016-10-21,89.50172424316406,89.53405358197628,89.38049076416596,89.53405358197628,571100
2016-10-24,89.38053894042969,89.55834731664048,89.2754731573025,89.55834731664048,900800
2016-10-25,89.36438751220703,89.50178266720317,89.25123783559903,89.2673994324595,735100
2016-10-26,89.17044067382812,89.27550649619091,89.1381113055173,89.23509941044976,1136600
2016-10-27,88.8633041381836,88.90371738529157,88.67741800035671,88.8633041381836,3668500
2016-10-28,88.8794174194336,88.95215382020483,88.74202232940439,88.78242938554664,1313200
2016-10-31,88.9521713256836,89.01683002766617,88.87135103130197,88.98450067667488,4413900
2016-11-01,88.95539855957031,89.12536081627115,88.64784251663642,88.6964013971703,2004000
2016-11-02,89.2225341796875,89.37631229698701,89.05257181706827,89.11732114801923,1455900
2016-11-03,89.16585540771484,89.21442047991962,89.03636295644891,89.0930170616592,686600
2016-11-04,89.4410171508789,89.4814808314745,89.25486446067356,89.2710548727782,1699800
2016-11-07,89.06873321533203,89.16585100527784,89.03635856040542,89.10919690286477,2617900
2016-11-08,88.75306701660156,89.11727099226134,88.71259716382488,89.08489634500651,1182200
2016-11-09,87.40145874023438,88.3484002675269,87.33671561536944,88.3484002675269,6381300
2016-11-10,86.87535095214844,87.43380265980745,86.85916672032873,87.14243708840544,5445300
2016-11-11,86.69734191894531,87.1182000743291,86.66496726471057,87.04536173342636,2482900
2016-11-14,86.19557189941406,86.51931237156215,86.01751433099082,86.19557189941406,3753800
2016-11-15,86.19557189941406,86.34935001302249,86.13082257001727,86.18747668953048,1391700
2016-11-16,86.27647399902344,86.33312809786854,86.00938774382492,86.00938774382492,2765700
2016-11-17,85.89610290527344,86.17937965136873,85.83135975672498,86.13081457141321,2499200
2016-11-18,85.51573181152344,85.96086960639605,85.43479205351333,85.87184081245421,4093700
2016-11-21,85.58854675292969,85.70185497332031,85.4914227748085,85.58045154437754,1364300
2016-11-22,85.66947174072266,85.85562446978398,85.58853818780507,85.70184639685655,1744700
2016-11-23,85.3619384765625,85.45905628913759,84.98154391108207,85.18388092039417,4607100
2016-11-25,85.28911590576172,85.4347988369758,85.17580764535488,85.39433512959454,948200
2016-11-28,85.67756652832031,85.70994118429545,85.48332476730374,85.5723535275268,2474800
2016-11-29,85.76655578613281,85.79083522322297,85.47519019138818,85.53184426954235,1745000
2016-11-30,85.19196319580078,85.41048441575414,85.11911867259329,85.21624264525842,3362500
2016-12-01,84.866943359375,84.94799163473992,84.54274407432828,84.79400176662269,3467600
2016-12-02,85.24791717529297,85.3613860509225,85.04529329972739,85.04529329972739,1660400
2016-12-05,85.21548461914062,85.4262151514738,84.86697135487728,84.96423302755161,2281600
2016-12-06,85.24791717529297,85.32896548880122,85.16686886178474,85.23981048886516,989400
2016-12-07,85.53157043457031,85.57209767414994,85.3937877137413,85.40189439837494,1237600
2016-12-08,85.20735168457031,85.3127200100713,85.12630340743759,85.25598559771967,1357500
2016-12-09,84.76969146728516,85.26409404253053,84.72917041673631,85.16683857434309,3261000
2016-12-12,84.78592681884766,84.87508181019533,84.5914096484479,84.7129790152044,1538200
2016-12-13,84.83455657958984,84.98855269258988,84.6805666501793,84.93181825889347,1993500
2016-12-14,84.12937927246094,85.1830190096961,84.11316591046231,85.11817792887325,3941000
2016-12-15,83.89437103271484,84.14562259935738,83.82952992403662,84.11320204501827,1999200
2016-12-16,83.99971008300781,84.25906826276645,83.8538207204194,84.04023731067723,1811800
2016-12-19,84.38877868652344,84.42929974416712,84.19425534891397,84.2915170177187,1691800
2016-12-20,84.21044921875,84.25907695009752,84.0321392923592,84.08887370679378,969400
2016-12-21,84.3482437133789,84.39687145152932,84.24288155285693,84.29150929100733,1870500
2016-12-22,84.31171417236328,84.38477160999281,84.18994558290633,84.2548896564044,1872100
2016-12-23,84.39287567138672,84.49029176374637,84.37664275269674,84.400995227435,830400
2016-12-27,84.27113342285156,84.27113342285156,84.18183685865215,84.18995641723625,1148800
2016-12-28,84.57958221435547,84.66887874424172,84.25486812326051,84.31169262469666,1369800
2016-12-29,84.83936309814453,84.96113167205316,84.7175945242359,84.7175945242359,1328600
2016-12-30,85.09103393554688,85.20468298010148,84.85561628799563,84.87996876991328,2439500
2017-01-03,85.0504379272461,85.14785404327448,84.66078584994877,84.7094908112589,3230500
2017-01-04,85.1478500366211,85.18844163140822,84.92867152763085,85.01796808143631,1523000
2017-01-05,85.6998291015625,85.78912562079569,85.26146605989196,85.31829055454895,3344400
2017-01-06,85.31018829345703,85.54560587430238,85.2696028995637,85.3832519119157,1601400
2017-01-09,85.63490295410156,85.66737498546593,85.5293734972224,85.61867003512273,1275000
2017-01-10,85.59432220458984,85.72420414368844,85.55373061483007,85.59432220458984,1352700
2017-01-11,85.69174194335938,85.99210363918873,85.48879635808738,85.64303698478459,1833700
2017-01-12,85.74044799804688,86.07327551753423,85.71608932679986,85.90280197924939,1544700
2017-01-13,85.55371856689453,85.6917200431927,85.2777156142982,85.53748564932081,1833200
2017-01-17,85.98399353027344,86.0732900930784,85.8297590800354,86.02458512915149,1656800
2017-01-18,85.37513732910156,85.7972675653478,85.34266529605131,85.72420394263297,3640400
2017-01-19,85.0504379272461,85.14785404327448,84.8799643692525,85.09914908196433,1840000
2017-01-20,85.09103393554688,85.17221093974182,84.81503088260237,84.9449128506326,1306400
2017-01-23,85.53749084472656,85.6998448039495,85.10724108531333,85.24524876340004,1720200
2017-01-24,85.2127685546875,85.46441902535318,85.09911955545745,85.35077002612313,1344000
2017-01-25,84.79061126708984,84.97732381661291,84.67696230421632,84.87179440634577,1816000
2017-01-26,84.90431213378906,84.9286708064992,84.57148459431026,84.75819725797479,2212900
2017-01-27,85.00982666015625,85.07477071774962,84.9448826025629,84.95300215811362,2285200
2017-01-30,84.98545837402344,85.1965172318217,84.98545837402344,85.02604375741308,1909300
2017-01-31,85.27771759033203,85.41571906982794,85.06665249654597,85.06665249654597,1411700
2017-02-01,85.11431121826172,85.24439003958756,84.87040489943213,85.0086155854644,2055100
2017-02-02,85.14679718017578,85.44760781887547,85.1386653188401,85.39069719511124,1423500
2017-02-03,85.2118911743164,85.54522948412033,85.05742292107772,85.36636563035208,1711100
2017-02-06,85.61834716796875,85.6996533828412,85.36631526968544,85.56143653923402,1500500
2017-02-07,85.77289581298828,85.92737031167029,85.51273182735467,85.56964250537456,1540600
2017-02-08,86.1224365234375,86.17934716496295,85.77284081041124,85.77284081041124,3182200
2017-02-09,85.6102523803711,86.12244822368501,85.59398865041446,86.12244822368501,1530200
2017-02-10,85.55330657958984,85.61834286430806,85.42322160456739,85.42322160456739,1646400
2017-02-13,85.4232177734375,85.43134963470996,85.26874342322458,85.3663071501158,1045200
2017-02-14,85.11431121826172,85.44764323768042,84.92731554678633,85.38260072561982,2318100
2017-02-15,84.95169830322266,85.00860894613201,84.81348762798491,84.82161949205621,2750900
2017-02-16,85.29317474365234,85.37447478206221,85.04113656094782,85.04113656094782,2459800
2017-02-17,85.52084350585938,85.6265329678588,85.4639328412755,85.52896917023048,2237700
2017-02-21,85.48017883300781,85.5940001468097,85.30131499623444,85.3175787283755,2832700
2017-02-22,85.61834716796875,85.70777904209379,85.33379402429513,85.65900027540498,2812800
2017-02-23,85.84600830078125,85.84600830078125,85.71592949380243,85.77284013487966,1842700
2017-02-24,86.24440002441406,86.30944253762173,86.03301495788686,86.13057872769838,2677000
2017-02-27,85.9354476928711,86.17935400608187,85.88666891134703,86.17122214156278,3292600
2017-02-28,85.8947982788086,86.10618333059305,85.87853455024324,85.9760983132503,2482500
2017-03-01,85.29642486572266,85.32085399110629,85.198733209472,85.24757903759733,2249000
2017-03-02,85.05216217041016,85.15799683443063,84.93818446721302,85.12543088904303,2023300
2017-03-03,85.13359832763672,85.14174136914717,84.88121994269946,85.07660945970505,2509000
2017-03-06,85.11727142333984,85.15797418575978,85.0195736131608,85.14983114874886,1401700
2017-03-07,84.99518585205078,85.06031775243024,84.95447686148366,85.0196087618631,1596300
2017-03-08,84.71024322509766,84.79165499651992,84.58812246230424,84.60440233206069,2392800
2017-03-09,84.47413635253906,84.65324595867612,84.42528432548025,84.62068001107671,2322900
2017-03-10,84.65323638916016,84.677659294269,84.46598376446111,84.65323638916016,1333000
2017-03-13,84.44158935546875,84.60441291868756,84.417166442118,84.51485809552098,1342600
2017-03-14,84.53112030029297,84.62067509816212,84.46598840887557,84.48226827607041,864600
2017-03-15,85.27197265625,85.27197265625,84.60438631883065,84.66137516917186,3701900
2017-03-16,85.03589630126953,85.17430315488969,85.01147338925433,85.0684622543966,2749900
2017-03-17,85.2638168334961,85.33708553418963,85.125410046657,85.14169612102276,1186700
2017-03-20,85.4673843383789,85.49180724862717,85.2801316742756,85.2801316742756,1362700
2017-03-21,85.75232696533203,85.78489291546573,85.41039380590793,85.41039380590793,1407000
2017-03-22,85.91512298583984,86.0779526843536,85.84999110643435,85.91512298583984,2231300
2017-03-23,85.82562255859375,86.00473223473163,85.67907884278291,85.96402323149236,2584700
2017-03-24,85.87444305419922,85.98027772788677,85.76860216919212,85.80116811755434,2540000
2017-03-27,86.08610534667969,86.26521494233381,86.02911649454602,86.23264899664042,2614000
2017-03-28,85.79302978515625,86.183814975626,85.78489295610888,86.183814975626,1356800
2017-03-29,86.03726196289062,86.06982790950346,85.93956412305216,85.93956412305216,1860400
2017-03-30,85.79302978515625,86.00470535546569,85.77674991574162,85.99656231509844,1487800
2017-03-31,85.9639892578125,85.99655520526922,85.85001154737365,85.9151434422871,1698500
2017-04-03,86.38719177246094,86.42796216741924,86.04474284929121,86.06920259799064,4175500
2017-04-04,86.26484680175781,86.4442202696614,86.26484680175781,86.36268574412603,1319600
2017-04-05,86.42792510986328,86.50945964413157,86.1180913913693,86.15885554816033,2551100
2017-04-06,86.37085723876953,86.50946658020753,86.26486295779107,86.45239177957501,1496300
2017-04-07,86.10997009277344,86.68887360168833,86.10997009277344,86.58287928733107,1185400
2017-04-10,86.26484680175781,86.36268574412603,86.18330605553689,86.22407642864735,1752500
2017-04-11,86.6644058227539,86.75409570377889,86.45241099299595,86.46872163719401,2219200
2017-04-12,86.93347930908203,86.98239880246267,86.66440965411176,86.72963979241153,2273600
2017-04-13,87.19438934326172,87.25146415628836,86.9253197015555,87.08023971720843,1868200
2017-04-17,87.05580139160156,87.27595161223726,86.9824221318497,87.20256613179535,1110500
2017-04-18,87.55313873291016,87.62652418677297,87.24330493613597,87.29222442491933,1678400
2017-04-19,87.32484436035156,87.38191917401063,87.235154478789,87.34115500464738,1750000
2017-04-20,87.12910461425781,87.25140948573407,87.01495505972909,87.18617939152217,1694700
2017-04-21,87.169921875,87.3411462989104,87.14545591099493,87.21068604030009,2792500
2017-04-24,86.99051666259766,86.99051666259766,86.72960244244925,86.77852191476279,3558000
2017-04-25,86.54212951660156,86.81119924872966,86.50135911330088,86.71335401322213,1985700
2017-04-26,86.77034759521484,86.77034759521484,86.52574406652364,86.54204848016266,1314400
2017-04-27,86.82750701904297,86.93350758342793,86.69705292070277,86.73781710488204,1988200
2017-04-28,86.91714477539062,86.95791515579452,86.64807519437288,86.68884557477678,5489800
2017-05-01,86.72933959960938,86.95798200076221,86.59868946896697,86.81916429006773,2044400
2017-05-02,86.90902709960938,86.95802014133429,86.67221701453741,86.68855218180633,1585300
2017-05-03,86.72933959960938,86.95798200076221,86.68034657937325,86.92531791059207,1861300
2017-05-04,86.5333251953125,86.54965411856764,86.41083646577442,86.43533296567493,1237100
2017-05-05,86.54969024658203,86.57418675670799,86.39454360577157,86.5415288965655,980000
2017-05-08,86.33737182617188,86.4680219399393,86.28837258222639,86.4680219399393,4887400
2017-05-09,86.2394027709961,86.28023444693018,86.12508155442751,86.22306760860684,1457900
2017-05-10,86.20672607421875,86.44353605393275,86.14956547429041,86.42720089393143,995500
2017-05-11,86.27204895019531,86.31287438761241,86.07607065249509,86.07607065249509,1088800
2017-05-12,86.71298217773438,86.78647168394167,86.60682236205342,86.60682236205342,2005600
2017-05-15,86.65587615966797,86.69670161214377,86.5987155421698,86.67220509465028,672200
2017-05-16,86.7701644897461,86.89265326080351,86.64767571868867,86.64767571868867,1314500
2017-05-17,87.46432495117188,87.51331800439957,87.15402523065922,87.21118586943898,5644700
2017-05-18,87.4397964477539,87.57861420116151,87.3499717296572,87.5377825183757,1715200
2017-05-19,87.415283203125,87.43161213509072,87.2111372883396,87.34995501518434,3503100
2017-05-22,87.3172607421875,87.38258890754912,87.27642908132731,87.3172607421875,1425800
2017-05-23,87.08868408203125,87.41531892517418,87.04785239037284,87.41531892517418,2984700
2017-05-24,87.2682876586914,87.31728067888056,87.00698116761895,87.08863827794693,1776300
2017-05-25,87.3172607421875,87.3580924030477,87.21110714600243,87.3172607421875,1361000
2017-05-26,87.37445068359375,87.43977887090296,87.32545765813127,87.398947196325,1016600
2017-05-30,87.59490966796875,87.59490966796875,87.45609196760066,87.5214201430813,2335200
2017-05-31,87.63574981689453,87.70107799869791,87.5050996833261,87.55409270465947,1752300
2017-06-01,87.58992004394531,87.60628019941082,87.42635592671706,87.45906999807694,1769300
2017-06-02,87.97433471679688,88.07247696672431,87.8434846231337,87.91708663089923,1803200
2017-06-05,87.82711791992188,87.90890000231653,87.81076399927211,87.83529800003322,1414900
2017-06-06,88.10519409179688,88.1869761831065,88.04794600392277,88.14608201766488,2078900
2017-06-07,87.94163513183594,88.08884541120995,87.85985302986691,88.01524339131015,1795800
2017-06-08,87.80257415771484,87.85982223298384,87.64718385073947,87.85982223298384,3863000
2017-06-09,87.72081756591797,87.78623949982068,87.59814130054254,87.63085538728092,1203400
2017-06-12,87.70445251464844,87.87619678077243,87.60631649947685,87.60631649947685,766700
2017-06-13,87.73717498779297,87.76988907583575,87.62267879943042,87.62267879943042,682300
2017-06-14,88.19515228271484,88.46503880656311,88.08883618524754,88.26058045326724,3712100
2017-06-15,88.03976440429688,88.09701249118348,87.97433623654833,88.07247848817114,2000400
2017-06-16,88.08881378173828,88.18695601260649,88.05609970478221,88.05609970478221,3460300
2017-06-19,87.84346008300781,88.02337813158573,87.84346008300781,87.99066405741566,1105900
2017-06-20,88.06430053710938,88.12972870644029,87.91709027590167,87.91709027590167,1252000
2017-06-21,88.05611419677734,88.11336228097912,87.94979810885211,87.96615203023552,1159800
2017-06-22,88.13790893554688,88.21151719127216,88.03159283235935,88.18698318588844,1160100
2017-06-23,88.16243743896484,88.19514528207102,88.0561151103633,88.09700927360593,1581000
2017-06-26,88.23603820800781,88.33418045466996,88.22785812755934,88.2442182884563,3625000
2017-06-27,87.80257415771484,87.95796446469022,87.72079208441232,87.93342422708446,1755200
2017-06-28,87.72081756591797,87.7617054946604,87.58178113738633,87.7617054946604,1530900
2017-06-29,87.3936538696289,87.48361601834314,87.21372957220042,87.26279756620019,1997200
2017-06-30,87.18922424316406,87.37732244172487,87.13197615148373,87.37732244172487,1909600
2017-07-03,86.86897277832031,87.19659603367316,86.82802377695987,87.18840373384353,1255300
2017-07-05,86.93447875976562,87.0327675885186,86.80343323698742,86.85257452691769,10477800
2017-07-06,86.77067565917969,86.79524630566405,86.59867488489634,86.77067565917969,1794300
2017-07-07,86.63146209716797,86.7297509666208,86.59051308823386,86.66422505365225,1799900
2017-07-10,86.74609375,86.8279979772781,86.68056786862073,86.68875391712415,1247700
2017-07-11,86.86077117919922,86.88534182539608,86.68876415803571,86.7133410531253,1112600
2017-07-12,87.11469268798828,87.23755219113498,87.0819297372229,87.18840464053996,2451700
2017-07-13,87.02455139160156,87.1064556019567,86.8607429708913,87.1064556019567,2095900
2017-07-14,87.14745330810547,87.42592900882286,87.13106870871401,87.38498000813169,1260400
2017-07-17,87.25391387939453,87.31943976841197,87.14743899641074,87.19658028872746,1289200
2017-07-18,87.57337951660156,87.61433477570712,87.45871228978022,87.5324305063912,1776100
2017-07-19,87.57337951660156,87.64709773321253,87.5160459031909,87.58157181820171,2466000
2017-07-20,87.59790802001953,87.76991502637622,87.56515132717198,87.72076748932051,2317200
2017-07-21,87.75357818603516,87.8600531179632,87.73719983069837,87.76177048815134,1664200
2017-07-24,87.69622039794922,87.7617462990271,87.63069449687134,87.70441269780741,2342700
2017-07-25,87.20478057861328,87.39315971568577,87.18020993020325,87.39315971568577,2513600
2017-07-26,87.48330688476562,87.57340348033588,87.1556897178522,87.20483104310983,3010400
2017-07-27,87.34407043457031,87.41778867259488,87.24578153350323,87.31130746754795,1853000
2017-07-28,87.49141693115234,87.5159875706804,87.31122390942524,87.33579454895329,1001600
2017-07-31,87.51603698730469,87.52422928807023,87.38499141952879,87.44232502709848,921800
2017-08-01,87.7334213256836,87.7662349514481,87.339670333628,87.38068267191424,1958300
2017-08-02,87.65139770507812,87.81546584759212,87.6431927333125,87.69241630534654,516100
2017-08-03,87.9548568725586,87.97946551189237,87.75798149933304,87.8318074173344,1576200
2017-08-04,87.71699523925781,87.74980885664175,87.52831850393959,87.74980885664175,1266100
2017-08-07,87.76625061035156,87.77445558289638,87.62679736989115,87.67601468803947,554100
2017-08-08,87.69236755371094,87.74158483982346,87.55291440402131,87.73337987261931,1277800
2017-08-09,87.79902648925781,88.03692052228305,87.79902648925781,88.01231187379038,1268000
2017-08-10,88.12720489501953,88.16001853058364,87.95493800222873,87.97134169073026,1412000
2017-08-11,88.2255859375,88.28300819613388,88.0369092256705,88.07792780693333,911000
2017-08-14,88.01232147216797,88.1435696979617,87.97950785107997,88.05333380460927,1386100
2017-08-15,87.74980163574219,87.82362757486274,87.63495711362772,87.65956576000124,1146300
2017-08-16,87.91387176513672,88.04512623628509,87.65136908139766,87.66777901957003,2160100
2017-08-17,88.2255859375,88.2583932922421,87.91385974043881,87.94667335373771,1637300
2017-08-18,88.24203491210938,88.43891043440802,88.11078665009695,88.38148814629758,1235700
2017-08-21,88.29944610595703,88.35686838685272,88.23381885391646,88.26663247993675,718800
2017-08-22,88.12720489501953,88.21744082818059,88.07798757095388,88.21744082818059,984500
2017-08-23,88.43073272705078,88.43073272705078,88.24205587354871,88.31588812354917,1246100
2017-08-24,88.2912368774414,88.38967775075548,88.24201957006383,88.2912368774414,2520900
2017-08-25,88.4388427734375,88.48806631027324,88.24196740176022,88.29938964593923,1007500
2017-08-28,88.52092742919922,88.52912614094318,88.36506428624394,88.3978779088955,921700
2017-08-29,88.7259750366211,88.94745908434284,88.6275342051024,88.93105540836785,1590200
2017-08-30,88.65217590332031,88.70139320815277,88.58654865783798,88.58654865783798,1299900
2017-08-31,88.7916488647461,88.79985383689687,88.65219563098273,88.66040060313351,1023600
2017-09-01,88.53038787841797,88.71934120586567,88.48109052817661,88.69469566471513,3460000
2017-09-05,89.14654541015625,89.15475641135394,88.83435186232832,88.85900366974093,3054800
2017-09-06,88.93292236328125,89.17939024421175,88.83433395732135,89.12188190771977,1601500
2017-09-07,89.31904602050781,89.39298261870019,89.0150698249724,89.0150698249724,4292500
2017-09-08,89.25334167480469,89.28620448225061,89.13832498271378,89.28620448225061,1249100
2017-09-11,88.74394989013672,88.9246921407624,88.74394989013672,88.8918293435634,2206200
2017-09-12,88.53038787841797,88.60432450186961,88.4482339852694,88.60432450186961,3167800
2017-09-13,88.34964752197266,88.54681812351208,88.33321298221246,88.54681812351208,1590900
2017-09-14,88.36608123779297,88.38251577856565,88.23463625131551,88.25928179453373,1377700
2017-09-15,88.47286224365234,88.47286224365234,88.21817707632098,88.37427383036868,1477000
2017-09-18,88.12781524658203,88.2017581313456,88.04566136079785,88.11960424556142,3032500
2017-09-19,88.02922058105469,88.1935283292734,88.00457504561577,88.15245452618814,673300
2017-09-20,87.85668182373047,88.12778893909469,87.71701336485684,88.11136067401782,2397500
2017-09-21,87.74168395996094,88.01279113340037,87.74168395996094,87.8977744494105,2390000
2017-09-22,87.89781188964844,88.03748043793323,87.87316634228696,88.02104589439767,826600
2017-09-25,88.16062927246094,88.22635485189616,87.90595048706977,87.99632159180914,1927000
2017-09-26,88.08674621582031,88.13603729637661,88.0045923255798,88.07852894641424,1061000
2017-09-27,87.6349105834961,87.76636185248158,87.6102650375467,87.65134512609002,4039100
2017-09-28,87.618408203125,87.6841337820285,87.47874604890723,87.52803709911674,1873300
2017-09-29,87.51165008544922,87.71703793008717,87.46235900847678,87.70882692921816,2037800
2017-10-02,87.41211700439453,87.60135910484586,87.41211700439453,87.5602176073052,3221600
2017-10-03,87.53548431396484,87.56839623739539,87.41206617042718,87.4367485436732,2521700
2017-10-04,87.51081085205078,87.61776990611116,87.42853417374984,87.61776990611116,2198300
2017-10-05,87.42030334472656,87.59308624982505,87.37093859392931,87.5437214990278,1779900
2017-10-06,87.3133544921875,87.4120840053156,87.09120053303161,87.18993632346854,2350600
2017-10-09,87.41211700439453,87.44502894696481,87.32984028662443,87.38743461679462,893100
2017-10-10,87.44499969482422,87.65069455909594,87.42031731548107,87.46145879925905,1123100
2017-10-11,87.54375457763672,87.57666651637344,87.44501876142657,87.56843696236164,2841200
2017-10-12,87.62601470947266,87.65892664198337,87.51082608433978,87.60133232941693,1349300
2017-10-13,87.9222412109375,87.97160598530225,87.78237016536332,87.88932926892397,1521700
2017-10-16,87.77411651611328,87.86462276247832,87.68361026974826,87.76588696354118,1666100
2017-10-17,87.74116516113281,87.77407707932457,87.62597658611493,87.64242940655754,673800
2017-10-18,87.5190658569336,87.55197779328765,87.43678287739348,87.46969481374752,1788500
2017-10-19,87.60958862304688,87.79059489114066,87.55199429290086,87.75768922589538,1518700
2017-10-20,87.24755096435547,87.38742199208885,87.21463902653991,87.3298276702392,2651400
2017-10-23,87.32979583740234,87.38739013825813,87.28865436080193,87.28865436080193,709800
2017-10-24,87.06652069091797,87.18170931112866,87.01715593291597,87.11588544891998,1605600
2017-10-25,86.9266586303711,87.00070577498836,86.77855806382689,86.77855806382689,1838800
2017-10-26,86.81149291992188,87.02541113461648,86.80326336479938,87.00895830168278,2062400
2017-10-27,87.0911865234375,87.09941607397731,86.83612695247399,86.90195080217677,1315000
2017-10-30,87.40387725830078,87.41210053441056,87.23931757645533,87.28868234235397,1692700
2017-10-31,87.34628295898438,87.42033010784928,87.32982385214105,87.41210055442761,1178000
2017-11-01,87.39897918701172,87.53083056412322,87.283612375549,87.283612375549,1321500
2017-11-02,87.51437377929688,87.63798291282284,87.44845435683517,87.49789549543686,1997900
2017-11-03,87.65445709228516,87.67917765865539,87.47316455620884,87.62973023889398,2532400
2017-11-06,87.7615966796875,87.81103782089943,87.67919268199361,87.73687610908154,858400
2017-11-07,87.79457092285156,87.86049664436584,87.72864520133727,87.77808634896157,734800
2017-11-08,87.6874771118164,87.86876347906316,87.6627502423043,87.83580060673874,947800
2017-11-09,87.65445709228516,87.72861879139586,87.53909025787677,87.57204682168978,925900
2017-11-10,87.20943450927734,87.37424241306654,87.1764716711158,87.34952185620001,1862000
2017-11-13,87.16831970214844,87.3166494840459,87.16007741231384,87.27545060892302,868300
2017-11-14,87.29185485839844,87.34953826426197,87.17648804667137,87.19296632533822,1629200
2017-11-15,87.60499572753906,87.63795857312599,87.42370322032093,87.58027516510386,1933100
2017-11-16,87.38253021240234,87.51437534670885,87.3660456412254,87.46493420722163,1749200
2017-11-17,87.49788665771484,87.58029064273504,87.43196095489026,87.53909179373547,941200
2017-11-20,87.35779571533203,87.47316254709064,87.30834829670634,87.39075856540889,1153400
2017-11-21,87.37429809570312,87.5391123915451,87.30837237736633,87.49790724582897,835600
2017-11-22,87.65445709228516,87.6956559405619,87.43195942091116,87.46492227174512,1657900
2017-11-24,87.58028411865234,87.62972524857724,87.54732126969554,87.572041834658,614400
2017-11-27,87.63796997070312,87.69565338622715,87.50612485822852,87.62149168927658,1927500
2017-11-28,87.65445709228516,87.80278677752752,87.58028910615351,87.76982392669355,1388000
2017-11-29,87.37429809570312,87.41550324141926,87.25068894557727,87.36605580915538,3193600
2017-11-30,87.10234069824219,87.35780123071126,87.01169442656303,87.31659609375849,3306400
2017-12-01,87.4242172241211,87.76258767745658,87.06933720922612,87.23439504550399,4341500
2017-12-04,87.38292694091797,87.38292694091797,87.18485632947325,87.19311110811088,2356200
2017-12-05,87.44900512695312,87.47376318119248,87.22617634224399,87.24267961288523,1586000
2017-12-06,87.63052368164062,87.73781062232106,87.61402042020958,87.64702694307165,1459000
2017-12-07,87.47371673583984,87.70480018145021,87.36642979224979,87.63052605816901,1953400
2017-12-08,87.40769958496094,87.49847697239848,87.34167394268654,87.45721566839083,2519500
2017-12-11,87.34994506835938,87.4984996537091,87.32518702022666,87.45723833900573,702200
2017-12-12,87.27565002441406,87.28390480399938,87.1518535168421,87.26739524482875,2557500
2017-12-13,87.63052368164062,87.66353650105418,87.30865656304779,87.3994402422972,1477800
2017-12-14,87.5975570678711,87.67183752487065,87.36647350663655,87.47376050390837,982100
2017-12-15,87.58100891113281,87.62227021360347,87.41594481159544,87.46546718973244,1845200
2017-12-18,87.38292694091797,87.53148147363932,87.34991412291865,87.50672343427762,1610300
2017-12-19,86.98682403564453,87.17663995206536,86.86302748775262,87.16839146634548,4535100
2017-12-20,86.73096466064453,86.89602880147106,86.68970334785276,86.73921944182415,3027000
2017-12-21,86.79217529296875,86.80044298021654,86.68472058433773,86.74258178227714,2098800
2017-12-22,86.82520294189453,86.82520294189453,86.75080640098633,86.78387082956831,696900
2017-12-26,86.85826110839844,86.95744808059855,86.81692899905208,86.8334643653484,2584800
2017-12-27,87.23020935058594,87.26327377090269,86.98223565780029,86.98223565780029,2291500
2017-12-28,87.1227798461914,87.18890870590076,87.07318004821181,87.14757659198362,1540500
2017-12-29,87.26329803466797,87.32115920971239,87.17237243011316,87.18064011408953,1849600
2018-01-02,86.97399139404297,87.18063934686805,86.8665304224811,87.15584260155225,3902000
2018-01-03,87.06493377685547,87.1310626480386,86.97400815557775,87.08146284145312,2135900
2018-01-04,87.0235824584961,87.0318501421692,86.80866682775914,86.87479568435434,2430000
2018-01-05,86.91613006591797,87.0566491600559,86.84173352370698,87.02358473089491,2163600
2018-01-08,86.87479400634766,86.97398728932451,86.80040377391109,86.95745192229766,2450600
2018-01-09,86.46148681640625,86.72599589670173,86.44495775793513,86.72599589670173,5924200
2018-01-10,86.43670654296875,86.47803865661183,86.15566835066022,86.20526184191581,2142500
2018-01-11,86.49454498291016,86.56894150663335,86.31269382091288,86.39535172007706,1798700
2018-01-12,86.43670654296875,86.46977097260418,86.29618744681449,86.31271650843465,1430700
2018-01-16,86.4780044555664,86.59372676032605,86.36228215080678,86.57719139885032,5927500
2018-01-17,86.28790283203125,86.48628306452403,86.2300416681211,86.34576399594138,2186100
2018-01-18,86.01513671875,86.13912674430455,85.94901417066296,86.05646882939975,3326100
2018-01-19,85.7919692993164,85.9655528319211,85.74237580611374,85.9655528319211,2921600
2018-01-22,85.75892639160156,85.92424228136395,85.69279751313783,85.85811970929717,8047400
2018-01-23,86.00689697265625,86.05649047279307,85.88290691591794,85.95729716612317,1780100
2018-01-24,85.8415298461914,85.92418773860321,85.74234289785443,85.85806520850954,1952200
2018-01-25,86.03166961669922,86.03993099347636,85.65143817393297,85.75062514641448,3342000
2018-01-26,85.77542114257812,85.93247558949882,85.68450185405999,85.93247558949882,3324500
2018-01-29,85.56048583984375,85.59355025580284,85.39516376004833,85.55221815925586,2328200
2018-01-30,85.36210632324219,85.5356960978181,85.32078052970895,85.48609631662798,2346900
2018-01-31,85.3869400024414,85.54398816444282,85.15548898876376,85.50266235608258,2966400
2018-02-01,84.94645690917969,85.36042600358765,84.92161977418195,85.36042600358765,8958300
2018-02-02,84.63182830810547,84.75602027868399,84.54075461745896,84.68978371881998,5753500
2018-02-05,85.32727813720703,85.53426261265469,84.52417736180375,84.6566504580894,6902000
2018-02-06,84.95471954345703,85.31073313971973,84.95471954345703,85.2362154343009,5382900
2018-02-07,84.70632934570312,85.08718004336586,84.60698083471777,85.07062406375671,4773700
2018-02-08,84.7808609008789,84.88849057759077,84.35861071018942,84.47452153639182,5685300
2018-02-09,84.63182830810547,85.12030872460402,84.54075461745896,84.54075461745896,4376900
2018-02-12,84.60700225830078,84.74775022894606,84.51592855572635,84.6318393923362,2836300
2018-02-13,84.74778747558594,84.77262462053727,84.59875828920828,84.6732697240623,2698100
2018-02-14,84.23442077636719,84.4993607164901,84.14334707976246,84.4993607164901,4141900
2018-02-15,84.25926208496094,84.41657235355986,84.23442495132254,84.25098725152597,3057300
2018-02-16,84.45795440673828,84.59870234616915,84.41655498141606,84.52418464392223,2277800
2018-02-20,84.36690521240234,84.41657948387494,84.21787608131727,84.29238748852617,2138300
2018-02-21,84.11854553222656,84.44972217664527,84.01091580737484,84.44972217664527,2253900
2018-02-22,84.23442077636719,84.34205677235447,84.20130249426852,84.25098307574974,4411800
2018-02-23,84.557373046875,84.62360965565644,84.43318730124815,84.45802445037353,4484700
2018-02-26,84.6567153930664,84.82230057376881,84.61531593955593,84.74778913745365,2725600
2018-02-27,84.39177703857422,84.72295372341671,84.2344666920233,84.68983542326546,3308900
2018-02-28,84.59044647216797,84.60700877391162,84.42486135473553,84.49109792837544,2521400
2018-03-01,84.9544906616211,85.0871703104586,84.60621607319345,84.7140198695024,5352600
2018-03-02,84.63937377929688,84.85497501430837,84.58962208141459,84.84668095582367,2140800
2018-03-05,84.5315933227539,84.87157387083477,84.43208358046687,84.87157387083477,2059300
2018-03-06,84.5233154296875,84.70574682885098,84.51502136794859,84.55648535012772,2331300
2018-03-07,84.5233154296875,84.7637926079925,84.51502136794859,84.7140408905899,1258100
2018-03-08,84.69742584228516,84.78034745376767,84.59791611259809,84.63938008159606,1636700
2018-03-09,84.51499938964844,84.58133921327706,84.39061380197322,84.49012353741615,1604500
2018-03-12,84.7140121459961,84.72229987840744,84.531580808734,84.5813325092552,1885700
2018-03-13,84.85498046875,84.89643811081247,84.68913092096005,84.84668640973216,1742100
2018-03-14,85.02081298828125,85.12861676240357,84.78862997711404,84.80521176654918,2598900
2018-03-15,84.9876937866211,85.09549762505927,84.9047721369492,85.00428191246527,2758000
2018-03-16,84.88809204101562,84.90467382114251,84.78028832740932,84.87979798769769,3595300
2018-03-19,84.80520629882812,84.96276175761018,84.69740885816849,84.70570291560759,2825000
2018-03-20,84.63937377929688,84.71400765263326,84.61449793035574,84.65595556975332,2600600
2018-03-21,84.69742584228516,84.76376566207655,84.31598136825484,84.53158261932012,3365600
2018-03-22,85.04566192626953,85.21979912954593,84.90469461788062,85.01249203138205,5026500
2018-03-23,85.16177368164062,85.20323764175482,84.96276059141904,84.96276059141904,2519000
2018-03-26,84.92960357666016,85.12032896501105,84.90472772742156,85.01252518295979,4184900
2018-03-27,85.41053009033203,85.45199404331036,85.0124976518773,85.02079170777516,3495900
2018-03-28,85.39395141601562,85.62613437752658,85.31931756323785,85.58467042303768,2762500
2018-03-29,85.5681381225586,85.66764154845843,85.41887665719396,85.41887665719396,2572100
2018-04-02,85.65531921386719,85.83805409348943,85.46426984969267,85.50580424889657,2748800
2018-04-03,85.3812026977539,85.55563575775979,85.34797644766815,85.52240950767403,4229600
2018-04-04,85.33141326904297,85.55568265849003,85.28987884935222,85.55568265849003,2216900
2018-04-05,85.11540985107422,85.23169857252316,85.08218359676594,85.19847231821488,1789300
2018-04-06,85.48918151855469,85.52240776796457,85.27322040327913,85.38950910758415,2651200
2018-04-09,85.50579833984375,85.50579833984375,85.26491278307913,85.33966709176859,2071100
2018-04-10,85.35627746582031,85.4476480616104,85.28982497119867,85.39780552201482,1622400
2018-04-11,85.43936157226562,85.55565029870051,85.35629910156361,85.52242404296764,2520600
2018-04-12,85.13201141357422,85.3313689197625,85.10709330961554,85.3230607726898,2188600
2018-04-13,85.20675659179688,85.24828464510134,85.05724165793265,85.05724165793265,2937700
2018-04-16,85.16524505615234,85.18186135173987,84.98250382824922,84.99912012383675,1637400
2018-04-17,85.2151107788086,85.27326149624288,85.09052020505554,85.12374647047707,1301800
2018-04-18,84.8828353881836,85.14033094653765,84.8828353881836,85.04065218011337,2127600
2018-04-19,84.65026092529297,84.74162520949841,84.55058215535001,84.68348084468015,3181500
2018-04-20,84.36782836914062,84.59209764659373,84.36782836914062,84.54226143766182,2309400
2018-04-23,84.2847671508789,84.33460336054542,84.17678024692198,84.2930752982432,5022800
2018-04-24,84.18509674072266,84.26815921082185,84.11034241881147,84.16848678160693,3178800
2018-04-25,84.00238037109375,84.1020591670765,83.944235991086,84.0522229377162,3295800
2018-04-26,84.24323272705078,84.27645897923875,84.15186211784876,84.20170466476054,1989500
2018-04-27,84.38444519042969,84.43428774067546,84.3096908709511,84.31799901886873,2409300
2018-04-30,84.47579956054688,84.56717015828963,84.40935340176392,84.42596335714495,3504400
2018-05-01,84.3435287475586,84.46836010622285,84.310239961969,84.46836010622285,1894000
2018-05-02,84.3601303100586,84.47663782149269,84.30187655434155,84.37677151918496,3852600
2018-05-03,84.57652282714844,84.69303037309339,84.51826905417596,84.53491661741671,6026900
2018-05-04,84.5848159790039,84.70964726136546,84.45998469664235,84.67635849612353,2370500
2018-05-07,84.543212890625,84.60147299820137,84.50160669130635,84.57650165959001,1854900
2018-05-08,84.40172576904297,84.48494450245323,84.3185070356327,84.41004954713871,1654600
2018-05-09,84.2103500366211,84.30189257717308,84.18538504359499,84.2103500366211,2838400
2018-05-10,84.38513946533203,84.45171703505041,84.30192067777733,84.4101044666798,4183700
2018-05-11,84.39347076416016,84.443400771302,84.30192818494207,84.443400771302,2816300
2018-05-14,84.2103500366211,84.28524501569942,84.20202625588426,84.26028002267331,4762000
2018-05-15,83.74429321289062,83.8857720543161,83.62778570761047,83.8857720543161,6812500
2018-05-16,83.56954956054688,83.80256462019642,83.56954956054688,83.63612710592794,4784200
2018-05-17,83.51962280273438,83.65277154945628,83.49465780954804,83.60284156308362,1702300
2018-05-18,83.84420776367188,83.89413776633239,83.67777018867913,83.67777018867913,2642300
2018-05-21,83.90241241455078,83.91073619318176,83.75261614510704,83.80254611852736,2845100
2018-05-22,83.86917114257812,83.91078371011457,83.79427614003616,83.90245992677,1977000
2018-05-23,84.2519760131836,84.30191236013866,84.11050345338032,84.12714466957475,5102500
2018-05-24,84.46834564208984,84.58485319710961,84.41009186457997,84.44338064446926,2994100
2018-05-25,84.80120086669922,84.80952464639377,84.68469334770985,84.72629954781543,2838400
2018-05-29,85.71661376953125,85.88305125659494,85.08413989015955,85.17568241279952,11256200
2018-05-30,85.3504638671875,85.48361896768057,85.20066755372511,85.35878764826448,4512200
2018-05-31,85.30883026123047,85.50023272023503,85.16735142509968,85.35876023328686,5321700
2018-06-01,84.9936752319336,85.12708689486158,84.86025720728405,84.92696621960883,7891000
2018-06-04,84.69348907470703,84.91029017887557,84.69348907470703,84.90194996209793,3131800
2018-06-05,84.9102783203125,85.02701589201014,84.81855503373286,84.91861217420481,4305500
2018-06-06,84.56837463378906,84.71012644899298,84.51834607823913,84.68511217121801,3910500
2018-06-07,84.9269027709961,85.16037777798282,84.54333577927264,84.56835004977596,4400400
2018-06-08,84.81021118164062,84.93528896358802,84.78519689759518,84.83522546568605,7342800
2018-06-11,84.72683715820312,84.75185144491864,84.64345408191109,84.66012815248112,1875800
2018-06-12,84.67678833007812,84.71847667739182,84.59339891201192,84.61007934031292,1664800
2018-06-13,84.57677459716797,84.76022124607388,84.35163957642544,84.7018524361241,3294700
2018-06-14,84.84354400634766,84.85188421947225,84.668437701043,84.73514668260248,3626400
2018-06-15,84.9102783203125,85.13541324809493,84.88526403519451,85.02701589201014,5826500
2018-06-18,84.95199584960938,85.03538531093477,84.88529318696085,85.0187048739806,4600500
2018-06-19,85.17710876464844,85.28550612175158,85.12707383222187,85.20212305000142,4172800
2018-06-20,84.90193176269531,85.16042117189993,84.89359154770547,85.1437471036403,3059000
2018-06-21,85.12705993652344,85.19376892772257,85.03534302577407,85.03534302577407,2680500
2018-06-22,85.14375305175781,85.18544776789975,85.01033504948,85.0186752650525,2309500
2018-06-25,85.260498046875,85.38557584447135,85.22714354340124,85.23548375969995,8110800
2018-06-26,85.30220031738281,85.35222889616134,85.22715108749341,85.27717966627193,3873200
2018-06-27,85.62736511230469,85.66071960560738,85.45225879375484,85.51896141864113,3044200
2018-06-28,85.54399871826172,85.64406222509713,85.4772960754256,85.61904793881848,3705600
2018-06-29,85.47726440429688,85.61901621516772,85.46892419138727,85.53563317122713,2721200
2018-07-02,85.41879272460938,85.5858684983742,85.39373199589787,85.5608077696627,3911500
2018-07-03,85.63600158691406,85.63600158691406,85.44385869910897,85.45221440036988,1463800
2018-07-05,85.64437103271484,85.74462035079665,85.594249560441,85.61096096688836,1682300
2018-07-06,85.7195053100586,85.80304316877054,85.64431677574677,85.74456603031916,3206500
2018-07-09,85.50232696533203,85.57751552179242,85.4856219380808,85.51903836611521,2258800
2018-07-10,85.43551635742188,85.51070493346204,85.38539488908418,85.41881132582051,4461100
2018-07-11,85.61093139648438,85.63599212396521,85.47726568521071,85.59421999580921,2198700
2018-07-12,85.57750701904297,85.6109234437572,85.48561344446165,85.50231847005311,1385900
2018-07-13,85.7195053100586,85.74456603031916,85.61090673108606,85.66938386953743,2891800
2018-07-16,85.57750701904297,85.6109234437572,85.42713629459456,85.53573489476734,1782600
2018-07-17,85.52738952636719,85.62763881261937,85.50232879818716,85.62763881261937,1034700
2018-07-18,85.46060180664062,85.5859055043775,85.43553469355828,85.5692004691909,1355300
2018-07-19,85.69447326660156,85.76965545254227,85.5023303910883,85.51904179254105,4201700
2018-07-20,85.39376068115234,85.59425295172544,85.36034424046777,85.59425295172544,3362700
2018-07-23,84.97604370117188,85.30184595029189,84.9593322981985,85.2934902488052,5285700
2018-07-24,85.03447723388672,85.07624297282484,84.9008115728139,84.95928870615087,3293800
2018-07-25,84.97604370117188,85.19324732509614,84.92592223931734,85.13477016175493,2403800
2018-07-26,84.88419342041016,85.10139715516989,84.86748200890923,85.05962499995363,2598200
2018-07-27,85.01781463623047,85.07629180313096,84.94263243887264,85.07629180313096,1435100
2018-07-30,84.90923309326172,85.00948241678152,84.84240021091519,84.85075591459211,3832700
2018-07-31,85.02616882324219,85.06794095894104,84.96769165738364,85.04288022693495,3053600
2018-08-01,84.82530212402344,84.88390082781606,84.6997517189926,84.75834403670154,5366800
2018-08-02,84.92574310302734,84.9424874132906,84.80855847551749,84.88389509953568,3370800
2018-08-03,85.14334106445312,85.16845113392363,84.98430210969897,84.99267426154938,2174800
2018-08-06,85.18518829345703,85.33585509501994,85.1768225277618,85.20193259700883,3867200
2018-08-07,85.00940704345703,85.13496376930495,84.99266912684814,85.13496376930495,2181400
2018-08-08,85.08474731445312,85.13496745253285,85.02615502466658,85.03452079029277,2777900
2018-08-09,85.31916809082031,85.31916809082031,85.2019834403517,85.218721367811,4318000
2018-08-10,85.68743896484375,85.79625142375737,85.52002781334305,85.54513788954753,4327800
2018-08-13,85.6623306274414,85.76277732786897,85.57026246798662,85.63722054885528,1764700
2018-08-14,85.5786361694336,85.65397279825831,85.536788163272,85.64560064259253,2487600
2018-08-15,85.78787231445312,85.94691129896418,85.73765216611571,85.76276224028442,4810700
2018-08-16,85.76277923583984,85.81299939412935,85.61211237488811,85.80463362513657,2594400
2018-08-17,85.79625701904297,85.91344163969455,85.71255463087512,85.83811140616834,3043400
2018-08-20,86.06411743164062,86.09759966760188,85.946932798818,85.96367072375686,2901100
2018-08-21,85.94690704345703,85.98876142238716,85.88831474460383,85.98876142238716,2516700
2018-08-22,86.1059341430664,86.181264351452,86.02222539675253,86.181264351452,2396500
2018-08-23,86.09757232666016,86.17290254408864,86.07246225418399,86.13942670484144,871000
2018-08-24,86.12271881103516,86.13946312381961,85.91345960381891,85.9469418433036,1296600
2018-08-27,85.93018341064453,86.03062371904586,85.91343910185586,86.00551364194553,1851900
2018-08-28,85.73762512207031,85.81295532081518,85.70414290504596,85.77947948987074,1506300
2018-08-29,85.71258544921875,85.77117778061168,85.62888303095532,85.76280562295979,1420400
2018-08-30,85.87161254882812,85.94694919063005,85.80465445021889,85.82976453545794,2780900
2018-08-31,85.88833618164062,86.0724852771647,85.87996402654866,86.06411312207274,2132200
2018-09-04,85.69204711914062,85.81785643747205,85.65011494564864,85.76753526971058,3419500
2018-09-05,85.68367004394531,85.74238020975866,85.59141029782032,85.67528104913536,1332300
2018-09-06,85.85982513427734,85.92691791518993,85.7256267745922,85.73401577180502,1656700
2018-09-07,85.47399139404297,85.5830227326811,85.44044181317086,85.55786214675909,4405000
2018-09-10,85.52430725097656,85.55785682976372,85.45720809340223,85.45720809340223,3110800
2018-09-11,85.2139663696289,85.38171423979101,85.2139663696289,85.35654726007148,3360500
2018-09-12,85.31465911865234,85.39014089998271,85.31465911865234,85.34820870999815,1398800
2018-09-13,85.3062744140625,85.43208378820798,85.28950281701071,85.43208378820798,1281600
2018-09-14,85.14689636230469,85.2307735255554,85.09657518349756,85.13851376512292,3749900
2018-09-17,85.16366577148438,85.19721535361761,85.02946744295144,85.05463442874773,3808400
2018-09-18,84.8114242553711,85.06303658082251,84.78625726378898,85.05465398255845,4972900
2018-09-19,84.66879272460938,84.76944144163656,84.5429898269837,84.7610524488193,5515900
2018-09-20,84.6772232055664,84.76109397805209,84.54303124937528,84.568191841228,2973500
2018-09-21,84.71076202392578,84.76108320123322,84.62689126210373,84.62689126210373,1024100
2018-09-24,84.61849212646484,84.71914086794801,84.5765535511148,84.58494254597045,2389800
2018-09-25,84.53462982177734,84.55140141423634,84.4423700659308,84.51785183038952,2878300
2018-09-26,84.8114242553711,84.8281958508292,84.57657712644782,84.61851571348804,2502900
2018-09-27,84.8114242553711,84.83658484802324,84.70238648863851,84.75271407287276,6342800
2018-09-28,84.85334014892578,84.96237789471964,84.8197905655222,84.95398889913656,3931000
2018-10-01,84.63822174072266,84.78949674699177,84.63822174072266,84.73907388218863,6408000
2018-10-02,84.85669708251953,84.91552587154355,84.76425092664506,84.76425092664506,2915000
2018-10-03,84.2264175415039,84.70545397844297,84.11715945520548,84.69704803060628,6612700
2018-10-04,84.00788116455078,84.15075017321175,83.94064642687827,84.02469305489765,6427500
2018-10-05,83.80618286132812,83.96586375937935,83.70533075542355,83.89022307698656,5676600
2018-10-08,83.83978271484375,83.92382291294518,83.82297082810979,83.89020555133338,1947800
2018-10-09,83.99948120117188,83.99948120117188,83.83980670265075,83.86501812810893,3066300
2018-10-10,84.04148864746094,84.0667000681581,83.7641501960787,83.7977675609605,3001900
2018-10-11,84.38604736328125,84.50370491427049,84.117108490328,84.22636651042916,5821500
2018-10-12,84.28520202636719,84.48689978535664,84.24317872114365,84.28520202636719,2647900
2018-10-15,84.3356704711914,84.41131117912842,84.26003617511401,84.36928785117901,1860000
2018-10-16,84.32725524902344,84.33566119606077,84.20959763793647,84.26842644347995,2703900
2018-10-17,84.08352661132812,84.39447606993036,84.08352661132812,84.31043584900699,3336200
2018-10-18,84.23480224609375,84.37767126398964,83.999480649029,84.04150396575504,2587700
2018-10-19,84.13392639160156,84.24317800765886,84.06669166855579,84.22637253282547,5531900
2018-10-22,84.1507797241211,84.26003781417104,84.14238018785552,84.2264204335295,1690100
2018-10-23,84.36927795410156,84.70544530268332,84.32725463108177,84.58778769245853,4420100
2018-10-24,84.82308959960938,84.84830102472068,84.54575109966932,84.60457989554831,4881200
2018-10-25,84.62136840820312,84.73062002412138,84.54572774190888,84.67179124449522,3559900
2018-10-26,84.99954223632812,85.13401166600487,84.91550204870781,84.94071346380836,4220800
2018-10-29,84.99118041992188,85.08362659785723,84.75586520767139,84.89033470716232,3766900
2018-10-30,84.8062744140625,84.93233152519176,84.77265704714232,84.83148583628835,5746600
2018-10-31,84.59615325927734,84.66338156741661,84.50370712224806,84.55412995631647,3956700
2018-11-01,84.66859436035156,84.70228401848298,84.50015249533969,84.52541813252694,4834300
2018-11-02,84.19698333740234,84.4917599237168,84.16329366673104,84.46649427712522,5250900
2018-11-05,84.24749755859375,84.39067381069773,84.24749755859375,84.35699057249967,2446700
2018-11-06,84.1548080444336,84.30640823866493,84.14639045216288,84.30640823866493,2456700
2018-11-07,84.1548080444336,84.36536351277473,84.14639045216288,84.29798422075126,3297600
2018-11-08,84.03693389892578,84.23906543691162,84.01166825988327,84.22222381943185,2188900
2018-11-09,84.36539459228516,84.4075082717249,84.1548390463771,84.16326306739411,2772700
2018-11-12,84.61804962158203,84.65173927435278,84.50013904970656,84.5422462964368,3704900
2018-11-13,84.68546295166016,84.71072859497826,84.51701462012805,84.57596992975257,3265000
2018-11-14,84.86228942871094,85.03073125628892,84.55066497948346,84.58435463012782,4626400
2018-11-15,84.92129516601562,85.11500274025522,84.82022615403346,85.07289547116505,2621300
2018-11-16,85.1823501586914,85.21603981672662,85.04759795219583,85.11497084262099,7226700
2018-11-19,85.30867004394531,85.33393567669906,85.11495615009304,85.11495615009304,3447800
2018-11-20,85.2918472290039,85.41818185577864,85.25816399246695,85.33396091314417,3658600
2018-11-21,85.27500915527344,85.27500915527344,85.12340888197154,85.21605385041417,1897000
2018-11-23,85.3255386352539,85.4602972867404,85.3255386352539,85.45187326461095,531200
2018-11-26,85.25820922851562,85.25820922851562,85.17398181554597,85.22451954845765,2345600
2018-11-27,85.34239959716797,85.4013549097054,85.22448897209311,85.2329065698505,2334400
2018-11-28,85.33395385742188,85.45186445249009,85.20761924109294,85.27499855988778,3582500
2018-11-29,85.55294799804688,85.6792826358872,85.4518790026453,85.5613655950954,4313000
2018-11-30,85.72142791748047,85.75511759755646,85.62036530290192,85.67932063662255,3069700
2018-12-03,85.90876770019531,85.90876770019531,85.58805745874746,85.61337584109076,6008500
2018-12-04,86.3054428100586,86.4742363248065,86.03536932302605,86.06068770633225,7748800
2018-12-06,86.52487182617188,86.9046668873907,86.50799505056781,86.63459340430742,9429900
2018-12-07,86.77803802490234,86.81179800330115,86.38980793190228,86.49952303240529,7319100
2018-12-10,86.82867431640625,86.96371422929141,86.68519923825885,86.79491433818495,9045700
2018-12-11,86.6092529296875,86.80336477539042,86.50797298471764,86.62612970098675,5290100
2018-12-12,86.3729019165039,86.507941794442,86.34758354915446,86.4657402228224,3727200
2018-12-13,86.42355346679688,86.50795017916039,86.37291028813364,86.4741902064037,4116000
2018-12-14,86.55860137939453,86.69364129298127,86.52484140099784,86.56704298375807,3530000
2018-12-17,86.81178283691406,86.87086117902636,86.63454781057715,86.64298941346644,7627000
2018-12-18,87.02576446533203,87.06804716490845,86.8397025204235,86.89890346176543,4461400
2018-12-19,87.3302230834961,87.51628501730565,86.9242691867827,87.11879024097038,7710900
2018-12-20,87.22026824951172,87.50782025205507,87.18643822259969,87.49090201239011,9245200
2018-12-21,87.29644012451172,87.30489924945103,87.16111993517005,87.27952187463313,4918800
2018-12-24,87.51628112792969,87.5247337955139,87.33021920238906,87.43170283274358,6373000
2018-12-26,87.10191345214844,87.63472859842847,87.06808340695436,87.50786754205602,5477700
2018-12-27,87.3217544555664,87.64313001834367,87.30484266906974,87.47398634370671,4602100
2018-12-28,87.79540252685547,87.80386165022638,87.44019677432394,87.46556769201611,4543100
2018-12-31,88.12519073486328,88.51423277503723,87.64312419651061,87.69387245746474,7227500
2019-01-02,88.311279296875,88.31973841832398,88.108305549033,88.21824831819343,18668600
2019-01-03,89.01325988769531,89.07246084757605,88.32821928730098,88.34513108194375,10616700
2019-01-04,88.29435729980469,88.45504187424613,88.184408090935,88.42121829719831,6616700
2019-01-07,88.04912567138672,88.43816146967706,88.0152956299153,88.39587230473262,5459200
2019-01-08,87.82920837402344,88.03218211206915,87.82920837402344,87.95606937995906,6879500
2019-01-09,87.87997436523438,87.94762798994333,87.7615660040485,87.82076695843139,3248700
2019-01-10,87.83766174316406,88.07446549744718,87.77846080459328,88.0152645588764,14413000
2019-01-11,88.09983825683594,88.17595743797902,88.01526640744692,88.07446734726109,3825700
2019-01-14,88.04912567138672,88.20135763179778,87.99838383538992,88.13369754885494,3090100
2019-01-15,87.96453857421875,88.20134237112605,87.93070853860064,88.20134237112605,4148000
2019-01-16,87.913818359375,87.95610753050254,87.79541642312383,87.86307651595924,4820800
2019-01-17,87.75312042236328,87.91380505299965,87.6854603397687,87.8715223406935,5328100
2019-01-18,87.4739990234375,87.71926190390532,87.40633896280806,87.62623093364446,6617500
2019-01-22,87.77848052978516,87.87997064117792,87.67699041839239,87.719279577911,5814400
2019-01-23,87.7362060546875,87.82923705926318,87.60089233593617,87.62626325492573,3507300
2019-01-24,88.01526641845703,88.10829738852215,87.93915368972294,88.00680729779153,6030700
2019-01-25,87.81231689453125,87.90534789024,87.72774502181974,87.8630587276741,2763300
2019-01-28,87.83766174316406,87.93915183175041,87.77846080459328,87.77846080459328,3116100
2019-01-29,88.09136962890625,88.09136962890625,87.8968486033766,87.9053077225085,2836700
2019-01-30,88.29435729980469,88.31972820879975,87.92223342809498,87.99835260749849,5788300
2019-01-31,88.7003173828125,88.74260653877339,88.47197271691384,88.49734362952266,10206500
2019-02-01,88.22576141357422,88.55628969029765,88.217284505816,88.5393423407673,9191900
2019-02-04,88.0307846069336,88.11553423534991,87.97992965709805,88.11553423534991,7283500
2019-02-05,88.183349609375,88.29352349606593,88.13249465199345,88.14097155588757,3331100
2019-02-06,88.25113677978516,88.3867413648474,88.20028829337808,88.37826446178538,3489800
2019-02-07,88.5392837524414,88.60708603766874,88.4375803246004,88.49690570767888,6937400
2019-02-08,88.65797424316406,88.75967771657487,88.64102043126991,88.67492158907352,2602700
2019-02-11,88.52233123779297,88.59861042628046,88.45453541755975,88.52233123779297,2637200
2019-02-12,88.40370178222656,88.47150408478743,88.32742904133319,88.46302718047146,3305300
2019-02-13,88.183349609375,88.28504659217182,88.14097155588757,88.20029695118009,3772100
2019-02-14,88.5986557006836,88.66645802154608,88.48848177877097,88.65798111494196,10568700
2019-02-15,88.51388549804688,88.53930974597577,88.42912938363895,88.43760628827648,6879000
2019-02-19,88.66643524169922,88.73423107915863,88.6071098426825,88.67490568014193,8557400
2019-02-20,88.64947509765625,88.73422473791169,88.58167279905867,88.66642890529718,4751100
2019-02-21,88.3867416381836,88.4291132216597,88.32741624853104,88.39521854127183,4140200
2019-02-22,88.64947509765625,88.75117854555262,88.53082430810201,88.5647254574008,3351000
2019-02-25,88.51388549804688,88.56473399390467,88.44608319291402,88.50540859340934,2849600
2019-02-26,88.77661895751953,88.81052011299182,88.6494912409945,88.77661895751953,2647700
2019-02-27,88.46305847167969,88.63256428803955,88.39526261112148,88.62408738072511,2530600
2019-02-28,88.23419952392578,88.43759995878325,88.19182146975483,88.42912305475241,4949900
2019-03-01,87.94461822509766,88.1823741951789,87.94461822509766,88.08896913859493,9003000
2019-03-04,88.21635437011719,88.26730023517969,88.02105756846738,88.08049657049541,3506600
2019-03-05,88.2673110961914,88.27580423420198,88.05502799448978,88.11446700383158,2112200
2019-03-06,88.5135269165039,88.55598611219055,88.30124389479812,88.30124389479812,2401600
2019-03-07,88.81071472167969,88.87864683797939,88.67485696744349,88.68335010157175,4822900
2019-03-08,88.93811798095703,89.01454325902102,88.80226017759345,88.89566525169083,5212000
2019-03-11,88.87019348144531,88.92963248588826,88.79376820238119,88.92963248588826,4654100
2019-03-12,89.11644744873047,89.15890666229718,88.90416433762977,88.93813041280984,4942800
2019-03-13,89.08245086669922,89.10792379291684,88.98904581832547,89.0230054010398,1715000
2019-03-14,88.95515441894531,89.08252563530213,88.8617492921749,89.0400664037268,2514700
2019-03-15,89.23532104492188,89.30325319191132,89.13342930280379,89.22683438532277,7846600
2019-03-18,89.11644744873047,89.22683881265735,89.10796078871027,89.15041352391056,4166200
2019-03-19,89.05705261230469,89.15045774579067,88.94666767198927,88.97214062141825,2138000
2019-03-20,89.67682647705078,89.70229939921707,89.16734859863688,89.1843283872935,8061700
2019-03-21,89.6343994140625,89.79573661675806,89.5664737567278,89.77875682201565,4633500
2019-03-22,90.29673767089844,90.44109510463812,90.04200183406867,90.08445456769054,4721900
2019-03-25,90.52597045898438,90.73825347638592,90.22028239565707,90.29670117230711,7828800
2019-03-26,90.4495849609375,90.59394239977894,90.29674086209147,90.33920007558008,7483700
2019-03-27,90.71282958984375,90.92511272200474,90.64489743274413,90.6958433113853,3555900
2019-03-28,90.72129821777344,90.78074370219475,90.56846061222988,90.68733862434095,3769600
2019-03-29,90.57693481445312,90.58542795082609,90.38163802642924,90.40711095718324,2748900
2019-04-01,89.95408630371094,90.30294005025996,89.92005068352529,90.27741495802843,9430400
2019-04-02,90.10731506347656,90.12432964129557,89.98819354383556,90.03924376892857,7318600
2019-04-03,89.82649230957031,89.92859921327533,89.78394614345152,89.82649230957031,5207300
2019-04-04,89.92008209228516,89.95411772435932,89.80947115676888,89.86903188999042,2293700
2019-04-05,89.96263122558594,90.022191960774,89.84350326357657,89.85201379478436,1749900
2019-04-08,89.81797790527344,89.98815607077744,89.81797790527344,89.94560990649313,3591500
2019-04-09,89.97962188720703,90.0902327969841,89.95409679199938,90.03918260656877,3210600
2019-04-10,90.19235229492188,90.25191302262114,90.11577699857956,90.12428103708486,2059800
2019-04-11,89.98814392089844,90.08174027638029,89.95410829239302,90.04770464787485,1547500
2019-04-12,89.57119750976562,89.72435456686505,89.57119750976562,89.67330437837566,6032100
2019-04-15,89.69037628173828,89.69888032355333,89.5882693552431,89.5882693552431,2410700
2019-04-16,89.384033203125,89.55420486750273,89.36701214170749,89.50315466651598,5003600
2019-04-17,89.40104675292969,89.49464311475947,89.34148602191372,89.34148602191372,2348800
2019-04-18,89.61376190185547,89.73288336033167,89.58823680241522,89.62227243221308,4893200
2019-04-22,89.48616027832031,89.5712461358708,89.44362059536248,89.56274209426012,3630000
2019-04-23,89.64781188964844,89.67333699317678,89.57974061915043,89.61377625439943,2462100
2019-04-24,89.98814392089844,89.99664795930052,89.88603703538215,89.90305809545104,3266700
2019-04-25,89.8775405883789,90.01368312373299,89.84350495454039,89.9626329187919,1457600
2019-04-26,90.11577606201172,90.18384082750889,90.06471937334837,90.1668262590427,2156100
2019-04-29,89.9285659790039,89.99663073135285,89.86049473502385,89.95409107258865,2715000
2019-04-30,90.10731506347656,90.13284017602307,89.86907202419457,89.87757606728611,3621900
2019-05-01,90.06632995605469,90.46704261478406,89.9896010663337,90.11748254920201,6870700
2019-05-02,89.81056213378906,90.00665793307697,89.75088193481514,89.97255403299847,3126200
2019-05-03,89.9299545288086,90.04931496059149,89.88732301546227,89.9128993216078,2625200
2019-05-06,90.16011047363281,90.30504715157537,90.14306177814375,90.27094325594423,3370100
2019-05-07,90.46708679199219,90.53529461926495,90.33919874201987,90.38183026022945,3965800
2019-05-08,90.29653930664062,90.58641270506294,90.25390780468256,90.55230880442726,4226600
2019-05-09,90.53526306152344,90.73987996736227,90.41590265772962,90.62904716516918,4224100
2019-05-10,90.47557067871094,90.73134015041116,90.4158904848489,90.57787586552972,2855400
2019-05-13,90.92747497558594,91.00420389864608,90.81663563606872,90.85926715198397,5653400
2019-05-14,90.84215545654297,90.90183563464717,90.74837139028615,90.8592041482935,2573200
2019-05-15,91.132080078125,91.20028789284764,91.00419205168386,91.17471158849045,5512300
2019-05-16,90.9530258178711,90.98712972012352,90.84219301404138,90.92744951734532,3898400
2019-05-17,90.99565124511719,91.14911554267758,90.90186714634952,91.14911554267758,2128400
2019-05-20,90.84215545654297,91.08939726250927,90.82510026014089,91.01266839265453,2439600
2019-05-21,90.7398910522461,90.81661996206363,90.6631556377736,90.78252256080359,2675300
2019-05-22,91.0126953125,91.05532681146327,90.85923102274711,90.88480732026368,3561900
2019-05-23,91.5668716430664,91.70328073043007,91.23436676834154,91.23436676834154,6184500
2019-05-24,91.54132843017578,91.54132843017578,91.42196799634884,91.50722451984582,2422800
2019-05-28,91.94200134277344,91.94200134277344,91.67770426454302,91.75443966107493,7039000
2019-05-29,91.90791320800781,92.28304311384771,91.89085800499223,92.15515510984713,5251800
2019-05-30,92.24040985107422,92.28303484548593,91.83969717661392,91.95905756841229,3461100
2019-05-31,92.85426330566406,92.88836069797117,92.49617563990704,92.55585583342433,6020600
2019-06-03,93.301025390625,93.4035310429811,92.91660964209247,93.01057750168492,23830900
2019-06-04,92.95934295654297,93.10456367087204,92.77140720039931,92.90809012028572,5503200
2019-06-05,92.95934295654297,93.22415796707249,92.90809012028572,93.07893725274342,7712300
2019-06-06,92.94226837158203,93.19853909100719,92.88247121864273,93.03623625725818,2392400
2019-06-07,93.30957794189453,93.47188074492597,93.23269217843784,93.45479864049094,2805900
2019-06-10,92.8482666015625,93.01056937608021,92.83972229214625,92.99348727464621,6071200
2019-06-11,92.8482666015625,92.91660152469699,92.75429875017927,92.78846947044576,2735800
2019-06-12,93.08747863769531,93.10456074344384,92.90808719903512,92.91662499320933,2062800
2019-06-13,93.31813049316406,93.39501626877981,93.15582766446532,93.1729097716018,1684700
2019-06-14,93.38648223876953,93.43773508322275,93.24126150121783,93.24980581442716,3880700
2019-06-17,93.369384765625,93.43771970785085,93.25832826438243,93.369384765625,3038800
2019-06-18,93.54881286621094,93.7965458663797,93.46338926690515,93.75383080802538,4564900
2019-06-19,93.80503845214844,93.88192421664839,93.29249058594776,93.35228772838117,4541500
2019-06-20,93.95880126953125,94.20653414451289,93.94171916526335,94.00151630630033,4575000
2019-06-21,93.57441711425781,93.77089069435057,93.49753133092489,93.73672647664851,4305200
2019-06-24,93.89900970458984,93.9160983272721,93.71961827082593,93.74524468744936,3046300
2019-06-25,94.04426574707031,94.16386659858566,93.92467141295738,93.99301289456545,5251000
2019-06-26,93.65982818603516,93.92464320097142,93.62565745549492,93.92464320097142,6675000
2019-06-27,93.94171905517578,93.99297188531897,93.69398618048446,93.77086542569923,2538400
2019-06-28,93.98441314697266,94.06129889778428,93.80502175161027,93.85628109128422,4341500
2019-07-01,93.86637115478516,94.02040502366606,93.70377803518996,93.97761529888983,8183600
2019-07-02,94.2000961303711,94.25999781888721,93.95193012686305,93.96904209695577,3117100
2019-07-03,94.37981414794922,94.47394631836322,94.30279394997626,94.31135320059443,2607000
2019-07-05,93.78077697753906,93.83212594496555,93.56684144484593,93.83212594496555,3664100
2019-07-08,93.68663787841797,93.97758702722369,93.68663787841797,93.91768534783466,3254100
2019-07-09,93.62675476074219,93.70376842288475,93.56684654068283,93.69520917304845,2061800
2019-07-10,93.67811584472656,93.80647850263719,93.56686516109922,93.71234632208912,4343700
2019-07-11,93.21601867675781,93.61821864411685,93.17322894579763,93.55831693805038,4769800
2019-07-12,93.3187026977539,93.42138759782391,93.18178079259954,93.20745201761703,4141900
2019-07-15,93.51551055908203,93.51551055908203,93.33580547287443,93.39570716827696,1753200
2019-07-16,93.31015014648438,93.34438062523084,93.13044502966262,93.21601796213066,2766100
2019-07-17,93.74657440185547,93.75512712438038,93.46417786743365,93.47273711875438,2624400
2019-07-18,93.97762298583984,94.03752468814903,93.61821277198473,93.64388399743211,2386700
2019-07-19,93.80646514892578,93.90059731607377,93.71233298177779,93.78078739796219,1728100
2019-07-22,93.8492431640625,93.96049382571374,93.81501269346171,93.95193457586487,1629800
2019-07-23,93.69522857666016,93.84070973882648,93.63532687299026,93.74657755751723,2329800
2019-07-24,93.83212280273438,93.91769570718711,93.75510261857103,93.82356355365087,2268500
2019-07-25,93.66954803466797,93.72944973238029,93.47273096881122,93.7208904816227,3172000
2019-07-26,93.65242004394531,93.71232173141225,93.54972863880445,93.7037624821186,3004100
2019-07-29,93.73800659179688,93.84069801188198,93.7208880907184,93.80646753852028,2505600
2019-07-30,93.78077697753906,93.8492379149115,93.66097360153445,93.81500744622528,2514800
2019-07-31,94.02039337158203,94.1230782522465,93.6096342625405,93.7551088626782,6669300
2019-08-01,95.0867919921875,95.0867919921875,94.11809549415979,94.16095435104128,16938700
2019-08-02,95.28397369384766,95.32683255524108,95.0182199757035,95.10395077917441,8503000
2019-08-05,96.10694122314453,96.18409110013022,95.80690302318541,95.8583362745092,7626200
2019-08-06,96.2612533569336,96.26982774612178,95.83262546232102,95.90977534398682,6462400
2019-08-07,96.2612533569336,97.10136036778238,96.15838030770323,96.92991182607439,9665300
2019-08-08,96.26985931396484,96.3641580049285,95.72121595218255,96.00410548472874,5178800
2019-08-09,96.12407684326172,96.52698805847551,96.06406920740062,96.33839076281443,2869000
2019-08-12,96.73277282714844,96.85279469534078,96.44988329170498,96.47559992762304,4739900
2019-08-13,96.38987731933594,96.77563994556625,96.14127226719053,96.74992330919689,5888000
2019-08-14,97.03277587890625,97.1185001418123,96.86989520114531,96.94704507565817,8124300
2019-08-15,97.65003967285156,97.87292153652494,97.10996417620584,97.16139744623129,5240200
2019-08-16,97.39279174804688,97.44422498190059,97.01559725887964,97.3070675115107,4957800
2019-08-19,96.92993927001953,97.09282000899867,96.87850600101328,96.9042226355164,3691400
2019-08-20,97.35852813720703,97.43568455003559,97.26422948838427,97.31566273670875,3161800
2019-08-21,97.10136413574219,97.35854349862647,97.04993087930248,97.10136413574219,4921700
2019-08-22,96.8870620727539,97.1871068797296,96.86991983195081,96.9127852444741,5860400
2019-08-23,97.53854370117188,97.67570774016326,96.8784597494646,96.98132623836678,8192600
2019-08-26,97.44425964355469,97.66714797010384,97.36710976533134,97.49569943604592,7581600
2019-08-27,97.86432647705078,97.89004310491383,97.5642817110678,97.5642817110678,3266900
2019-08-28,97.89862060546875,98.06150131844961,97.83004510452093,98.02721029780399,2505400
2019-08-29,97.71003723144531,97.81290376085983,97.46143221812035,97.81290376085983,4232400
2019-08-30,97.73572540283203,97.7700164160992,97.50426269836422,97.53855371163138,3651100
2019-09-03,97.95039367675781,98.268110120925,97.63267723259062,97.78724110390712,11754000
2019-09-04,98.10497283935547,98.14790980245907,97.84736416325548,97.84736416325548,3447000
2019-09-05,97.31498718261719,97.56400716780665,97.10031545930845,97.53824105795029,4597800
2019-09-06,97.37509155273438,97.48671848644557,97.26345806776233,97.32356588610848,3111000
2019-09-09,96.77400207519531,96.98009162907688,96.76541992389565,96.91139511111636,4818700
2019-09-10,96.06986999511719,96.71388504932864,96.06986999511719,96.62801768568576,4797200
2019-09-11,95.97544860839844,96.14718994899914,95.9582777499695,95.98403731324404,4737000
2019-09-12,95.7607421875,96.31030772725626,95.61476701426875,96.25878206809354,8612500
2019-09-13,94.8849105834961,95.49457754860516,94.8849105834961,95.40012145740754,24187700
2019-09-16,95.29708099365234,95.40011923527756,95.09958011176808,95.22838446506115,5388300
2019-09-17,95.54611206054688,95.64056816695886,95.26275029257367,95.3486176935129,8211700
2019-09-18,95.58041381835938,96.00117501535102,95.48595775791306,95.8036741931652,5170400
2019-09-19,95.62334442138672,95.8208386791936,95.58899616975528,95.81225652973008,7131900
2019-09-20,96.17292785644531,96.19009871100778,95.72641357395227,95.77793268890049,9915000
2019-09-23,96.31034088134766,96.5851204701866,96.22446693693499,96.29316347196026,13163900
2019-09-24,96.79120635986328,96.8770737555296,96.35327412532399,96.36186283026932,10459100
2019-09-25,96.15576934814453,96.76543630793499,96.08707281855251,96.67956237031414,8430900
2019-09-26,96.36186981201172,96.54219332135474,96.31035068113167,96.38762937745174,4233000
2019-09-27,96.49922180175781,96.59367787540148,96.33607576195006,96.37042402066234,4545500
2019-09-30,96.5765151977539,96.61086345937409,96.31890651123308,96.35325477285326,2797900
2019-10-01,96.8439712524414,97.05896985542414,96.15597309840199,96.19037366222763,8555100
2019-10-02,97.17935943603516,97.33415867811722,96.92996029261205,96.94716385353009,3908600
2019-10-03,97.686767578125,97.9361667589146,97.29977269555594,97.31697625905153,6128300
2019-10-04,97.87596130371094,97.9447624309274,97.61796691850411,97.67816626450937,4707600
2019-10-07,97.54914093017578,97.76413947700583,97.52334215435377,97.66093781248283,3193100
2019-10-08,97.75557708740234,97.9275799309138,97.59218258761346,97.88457757972652,4304900
2019-10-09,97.50617218017578,97.65237622891554,97.35137291069154,97.65237622891554,3336800
2019-10-10,96.89556121826172,97.24816204889332,96.80096131546964,97.2309584877114,3924400
2019-10-11,96.23339080810547,96.47418823068314,96.07859152770017,96.43118587897813,8685300
2019-10-14,96.49995422363281,96.56875533848508,96.45695844777673,96.53435478105895,1932200
2019-10-15,96.03556823730469,96.52576475817072,96.00976945640167,96.45697019617475,6638500
2019-10-16,96.22478485107422,96.33658177492451,96.10438614500855,96.18178250123474,2755500
2019-10-17,96.19038391113281,96.39678075484117,96.07858698771524,96.14738812269714,3188700
2019-10-18,96.27635192871094,96.42255593511618,96.2075573764891,96.25055315147334,2406400
2019-10-21,95.92378997802734,96.13878860899085,95.89799119210971,96.02699168293533,1735300
2019-10-22,96.14737701416016,96.19037279762824,95.88937606840523,96.15597223411181,3334400
2019-10-23,96.18180084228516,96.3796025035335,96.13880504548413,96.33660014549385,3305600
2019-10-24,96.16455078125,96.37954933035503,96.130150226045,96.22475011255001,2645400
2019-10-25,95.95814514160156,96.2505399919648,95.82054293350045,96.23334299656936,2381000
2019-10-28,95.59698486328125,95.6485824299578,95.50238495021635,95.62278364661952,5837600
2019-10-29,95.68299865722656,95.76039501991043,95.58839872867654,95.71739922772092,2199500
2019-10-30,96.14737701416016,96.15597223411181,95.72597503201133,95.76037559552776,5276700
2019-10-31,96.75794219970703,96.81814152685305,96.37954267979798,96.41394323262922,5540700
2019-11-01,96.57538604736328,96.82515819627224,96.36006590910202,96.6184527034352,8149400
2019-11-04,96.08446502685547,96.19643571428182,96.03279029176622,96.14475440814283,4145200
2019-11-05,95.56768035888672,95.74854846943224,95.47293898130832,95.71409646203568,6853500
2019-11-06,95.84330749511719,95.93804889014079,95.58492724863896,95.76579539248864,4129800
2019-11-07,95.07673645019531,95.35234589685864,94.72361492683646,95.35234589685864,5890100
2019-11-08,94.94754791259766,95.2920613812067,94.94754791259766,94.99061456031674,3037300
2019-11-11,95.05093383789062,95.1887353260729,94.94757779346646,95.16289795772934,1563000
2019-11-12,95.09397888183594,95.1714909692461,94.89588148448479,95.0422975858474,4446200
2019-11-13,95.35240936279297,95.48160281432335,95.28350531250318,95.44715078917847,2475200
2019-11-14,95.83467102050781,95.94664168242274,95.72270692964112,95.76577357976967,3189600
2019-11-15,95.75714874267578,95.85189010603527,95.67102202263467,95.67963009490552,2104500
2019-11-18,95.92078399658203,96.02413342131516,95.8863319979887,95.91216935417198,1893600
2019-11-19,96.1016616821289,96.13611368417139,95.93801631518896,95.93801631518896,8306500
2019-11-20,96.4548110961914,96.48064846243295,96.22226822896808,96.29117225297847,3838000
2019-11-21,96.21361541748047,96.31697141249711,96.09303670881776,96.22223005982688,3034700
2019-11-22,96.19644165039062,96.29979112694664,96.11892297192348,96.26533911107792,1879700
2019-11-25,96.23950958251953,96.27396160119504,96.18783484003161,96.20505756384402,3573100
2019-11-26,96.42036437988281,96.45481639378022,96.33423763066418,96.38591893703517,3579300
2019-11-27,96.1705551147461,96.26528989613992,96.12748847416518,96.22222982660578,2351800
2019-11-29,96.09304809570312,96.14472281381143,95.98108401611927,96.13611474149175,2882300
2019-12-02,95.74808502197266,95.84296248877502,95.57557754574684,95.62733307885827,6826400
2019-12-03,96.60193634033203,96.7485627001037,96.23105364294886,96.23968065837211,6561900
2019-12-04,96.23103332519531,96.48116407578044,96.07577998277984,96.40353411433105,2072200
2019-12-05,96.00680541992188,96.1016828561426,95.8601790477572,95.8688060639096,3062000
2019-12-06,95.71355438232422,95.90330925814932,95.5928024759783,95.63592439653878,2717400
2019-12-09,95.79121398925781,95.92921998037174,95.7739665306125,95.92059296080515,1928500
2019-12-10,95.6790542602539,95.90331062401249,95.66180680788115,95.86880913878151,1707000
2019-12-11,96.07581329345703,96.14481626522884,95.80843500344828,95.82568245614844,2462600
2019-12-12,95.31682586669922,95.99821558929669,95.14431839108049,95.98096155149115,5490400
2019-12-13,95.87743377685547,95.93780972939061,95.29092170344903,95.5755474336945,4162000
2019-12-16,95.4289321899414,95.63593453984865,95.36855623036487,95.63593453984865,3028500
2019-12-17,95.43755340576172,95.5841797871794,95.37717744985528,95.54105128418095,3471400
2019-12-18,95.17876434326172,95.4030206404544,95.07526649877549,95.37714617933284,2249500
2019-12-19,95.2530517578125,95.373974583854,95.08030674626745,95.11485706653642,1962500
2019-12-20,95.2530517578125,95.27033021284687,95.08030674626745,95.10621783901924,4660500
2019-12-23,95.16670227050781,95.33944732383561,95.08896238364935,95.27898589619075,1809400
2019-12-24,95.33080291748047,95.3653532418418,95.04576768384986,95.04576768384986,857600
2019-12-26,95.4690170288086,95.4690170288086,95.24444316971648,95.36537262445985,1285100
2019-12-27,95.60723876953125,95.6417891082924,95.54677732415009,95.54677732415009,1771100
2019-12-30,95.54676055908203,95.54676055908203,95.21853569334462,95.27899712811697,2035400
2019-12-31,95.20124816894531,95.43445463906572,95.19260893974054,95.39127167264398,2801600
2020-01-02,95.64176177978516,95.8317787039714,95.55538266266245,95.60721145089637,4022300
2020-01-03,96.28092956542969,96.29820143554306,95.90952175487651,96.00453351500418,3839600
2020-01-06,96.17726135253906,96.45365735346935,96.09952806624638,96.44502471485937,2714300
2020-01-07,96.03907012939453,96.24636549015877,96.03907012939453,96.15999297232372,2038800
2020-01-08,95.81451416015625,96.23774418925056,95.69359129470074,96.12546055412814,5081100
2020-01-09,95.88365936279297,95.90957047602646,95.55543435568886,95.59862393761466,3680600
2020-01-10,96.09091186523438,96.1513732989957,95.95271053675017,95.95271053675017,2600000
2020-01-13,95.97859954833984,95.99587141433825,95.85767671695076,95.9699603204406,2672600
2020-01-14,96.16864013671875,96.18591859677595,96.01317353501418,96.03044540526967,2376300
2020-01-15,96.41048431396484,96.41048431396484,96.24637190627747,96.35002288846967,2734800
2020-01-16,96.21183776855469,96.31548876818836,96.13410446118112,96.2636599734704,2200500
2020-01-17,96.13407135009766,96.13407135009766,95.9526805157639,95.9872308370751,2627000
2020-01-21,96.51416015625,96.54871049490589,96.3414150527738,96.35005428488859,2355600
2020-01-22,96.53142547607422,96.58324768209994,96.46232480817166,96.51414701419738,1787600
2020-01-23,96.7732925415039,96.94603765951084,96.73010296710025,96.7646533086624,1891300
2020-01-24,97.1187744140625,97.26560840074093,96.87692865016797,96.89420052338778,7932600
2020-01-27,97.77516174316406,97.78380097032021,97.62832783050708,97.76652910580742,3824600
2020-01-28,97.44695281982422,97.70607694063192,97.41240249772984,97.68015925671104,1923600
2020-01-29,97.91339874267578,97.95658830441495,97.57654124847636,97.57654124847636,2429500
2020-01-30,98.00841522216797,98.31936163020531,97.94795378670527,98.07751588835454,4405500
2020-01-31,98.50076293945312,98.56986361756762,98.19845570995645,98.22436681679854,9764500
2020-02-03,98.4168472290039,98.46008821507726,98.01034368771539,98.26116516209883,5722100
2020-02-04,97.84598541259766,97.94977562983982,97.69895422049456,97.94112479540632,2569600
2020-02-05,97.42218780517578,97.62111740706163,97.40489273480252,97.4827304494622,9027500
2020-02-06,97.49137878417969,97.5605722612052,97.35299183012866,97.39623940293289,1697100
2020-02-07,97.95843505859375,98.04492361455694,97.8113972549371,97.88924157436166,6177900
2020-02-10,98.14872741699219,98.26981273182012,98.0535880126767,98.16602249111557,1909100
2020-02-11,97.91519165039062,98.05357862474715,97.85464899877319,98.01898188115801,1657100
2020-02-12,97.66439819335938,97.72494086232487,97.58656044697062,97.7076457849016,1473800
2020-02-13,97.75090026855469,97.85469054338667,97.68171335065698,97.7163101089343,1868000
2020-02-14,97.9930648803711,98.05360754984818,97.9152205346685,97.96711236603285,2043600
2020-02-18,98.14872741699219,98.29575864233257,98.03628633989857,98.12277490782498,8356600
2020-02-19,98.13140106201172,98.1746486344246,97.99302070786611,98.04491251583907,1681800
2020-02-20,98.4168472290039,98.54658338453396,98.2698159987755,98.27846023679719,3452900
2020-02-21,98.814697265625,99.0568678967932,98.66766603936642,98.67631027715473,5381000
2020-02-24,99.5844497680664,99.71418591100723,99.48065953398289,99.636341585781,6803600
2020-02-25,99.8612060546875,100.07743073606314,99.53254691451183,99.55849282049232,10014300
2020-02-26,99.80931091308594,100.14662087688698,99.54118783004029,99.64497804915345,19649400
2020-02-27,100.29364776611328,100.6223068812158,99.96498865101076,100.44932978877301,8629700
2020-02-28,101.41803741455078,101.58236370315846,100.98558800483337,101.09802247584435,13437000
2020-03-02,101.3487777709961,102.1281186281932,101.28816273802204,101.79040535783165,19402100
2020-03-03,102.52642822265625,103.29710776121229,101.34009810059469,101.45267357453467,11462300
2020-03-04,102.30130004882812,102.96807200178962,102.22336926828463,102.67365141558064,7627100
2020-03-05,103.21051788330078,103.323086752953,102.97671236085273,103.0459885605812,5284200
2020-03-06,104.25830078125,105.0462961208359,103.98985714567344,104.760543344285,11614800
2020-03-09,105.19353485107422,106.86478566400487,105.16755131377417,106.72623322458034,24791700
2020-03-10,103.26248931884766,105.43598255811628,103.26248931884766,104.67395744438916,15072900
2020-03-11,102.23204040527344,104.42284967834667,101.83371204712776,104.14575140283037,13316100
2020-03-12,102.28400421142578,104.5787212836035,99.06273252434976,104.04184707345364,10671600
2020-03-13,101.61723327636719,103.02870825354755,101.32281923606226,102.00690707897255,8697200
2020-03-16,104.30158996582031,104.50075739158586,103.04599020675819,103.93789982124893,6971700
2020-03-17,101.68649291992188,104.16306135268775,101.67783174175325,103.83400925425586,5680300
2020-03-18,100.27500915527344,102.00687455272865,99.87667430010161,100.9677513503302,13256300
2020-03-19,100.60406494140625,101.85966475860903,100.37892058153773,100.56942683938475,6702900
2020-03-20,103.16724395751953,103.80803244610993,101.66918375789864,101.86834462287906,9641600
2020-03-23,104.3882064819336,104.82982747352646,103.43567507290595,103.43567507290595,12234700
2020-03-24,103.67813873291016,103.88596075844976,103.27114925326046,103.49628702820206,5235500
2020-03-25,103.7387466430664,104.13707491739487,103.39237221991998,103.7041085400975,5527600
2020-03-26,103.9898681640625,104.34490378792557,103.83400660027058,104.07646673044876,3384400
2020-03-27,104.76052856445312,105.11555749406735,104.50074614255674,104.61331500188975,5282300
2020-03-30,105.00300598144531,105.7217251352152,104.93372977662284,105.46194927694472,4649400
2020-03-31,105.19353485107422,105.47928769593541,105.04632123254969,105.16755131377417,6356500
2020-04-01,105.62175750732422,105.9945506393832,105.53506281450653,105.88184158577725,9256400
2020-04-02,105.63912200927734,105.95989973418023,105.48306887478174,105.91654906900477,4789400
2020-04-03,105.71717071533203,106.02060558246305,105.61313306900823,105.80386544674317,3441100
2020-04-06,105.2403335571289,105.42239446665782,105.14496737389229,105.36170749681486,4697500
2020-04-07,104.77214050292969,104.80681970520352,104.26930199153135,104.5120564074482,9340600
2020-04-08,104.64212799072266,104.78951630024076,104.43405932615724,104.55543326501903,3341000
2020-04-09,104.86756134033203,104.99760676307766,104.49476798946658,104.59013419185437,4543600
2020-04-13,104.64212799072266,104.91955508160441,104.61612023444992,104.77217338646989,2103100
2020-04-14,104.78082275390625,104.94554732808511,104.72880725232648,104.76347984379153,2180100
2020-04-15,105.71717071533203,105.79519398928684,105.31836965933353,105.35304226039077,3137400
2020-04-16,105.82987213134766,105.98592529205857,105.7605137011686,105.8645513464372,1901600
2020-04-17,105.55242156982422,106.02925240336698,105.45705540311567,105.74315390324132,2375000
2020-04-20,105.82987213134766,105.83854358871604,105.58712424010491,105.75184885818419,4230700
2020-04-21,106.1246337890625,106.36738166117505,106.0292676086778,106.26334402410534,3287700
2020-04-22,105.7951889038086,105.98592127237521,105.604456535242,105.8818836310524,3168700
2020-04-23,105.8645248413086,105.89053259251824,105.65645621724919,105.74315092607542,2345900
2020-04-24,105.89053344726562,105.89920490253293,105.66512191099206,105.67379336625937,2373500
2020-04-27,105.3270263671875,105.66514042364463,105.30101861121133,105.63913266766848,2508100
2020-04-28,105.78652954101562,105.84721651846282,105.54378163122685,105.55245308925772,2847600
2020-04-29,105.73448181152344,105.95122189557814,105.51774172746872,105.79516877048346,2600100
2020-04-30,105.48307800292969,105.9945881158563,105.48307800292969,105.81252721225363,5371500
2020-05-01,105.6288833618164,105.80246203540062,105.50738160098214,105.69831483125009,8357700
2020-05-04,105.646240234375,105.72434566829278,105.49002274519033,105.60284391241017,3580500
2020-05-05,105.56813049316406,105.60284622722709,105.33380756492525,105.40323241170205,3487600
2020-05-06,105.17757415771484,105.25567958152644,104.88249377350293,105.00399551366424,3279500
2020-05-07,105.8198013305664,105.86319764804111,105.2383277559565,105.27304348566659,3252800
2020-05-08,105.47264099121094,105.86318794865537,105.39453557253073,105.55075303123894,3486800
2020-05-11,105.17757415771484,105.51604423692821,105.09078152501542,105.45529336684757,4569400
2020-05-12,105.52471160888672,105.55942733552746,105.10813613189353,105.12549068453998,4267700
2020-05-13,105.74169158935547,105.87187392327012,105.57680014632221,105.65490557386188,2615800
2020-05-14,105.9065933227539,106.06281080459377,105.8632036241782,105.9239544992632,2257600
2020-05-15,105.83715057373047,106.08016066950653,105.75904515181351,106.05411890751947,1828900
2020-05-18,105.18626403808594,105.59416563663312,105.06476227954201,105.58549166912944,3091200
2020-05-19,105.48130798339844,105.49866253375251,105.16019252039916,105.16019252039916,1941700
2020-05-20,105.50736236572266,105.6288641044057,105.2556783009226,105.33379034513207,2366700
2020-05-21,105.57682037353516,105.7503924377766,105.5334240467999,105.61153611065342,2063800
2020-05-22,105.77641296386719,105.77641296386719,105.61152151203562,105.62887606752092,1352400
2020-05-26,105.4986801147461,105.55943098312967,105.35114323743569,105.44660983365961,3484800
2020-05-27,105.58551025390625,105.74172115265907,105.42929273380302,105.43796670283348,2542900
2020-05-28,105.49000549316406,105.54207577392691,105.33378802952748,105.39453889753348,3873900
2020-05-29,105.8284912109375,105.87188091087376,105.55944593739711,105.66359313567233,2993800
2020-06-01,105.78678894042969,105.78678894042969,105.54354206036383,105.65648284609468,8531700
2020-06-02,105.61302185058594,105.76070647982384,105.5435208622461,105.6651442778513,4711800
2020-06-03,104.98751068115234,105.28288652391356,104.90063777256778,105.2655079654098,4226600
2020-06-04,104.570556640625,104.83117546251049,104.51842757386349,104.822492808034,4744100
2020-06-05,104.04930114746094,104.08405164777432,103.68443083614075,103.90161649211423,10611700
2020-06-08,104.1622543334961,104.25781656374181,103.95375793476951,103.96244058989656,3314700
2020-06-09,104.53579711914062,104.70954298540634,104.46629612144235,104.57054761798976,3238600
2020-06-10,105.31764221191406,105.31764221191406,104.72689712520777,104.7790195473359,4944600
2020-06-11,105.6912612915039,105.85631793062856,105.63044292742698,105.7086332326815,6365800
2020-06-12,105.45667266845703,105.69123690211025,105.40455022896991,105.50011245335003,3051000
2020-06-15,105.36979675292969,105.76072829401147,105.36979675292969,105.69123391931679,2658000
2020-06-16,105.15260314941406,105.35241023204003,104.88329506936171,104.97885065584809,5252000
2020-06-17,105.31764221191406,105.35238607468055,105.0917673360615,105.2568305101051,2308300
2020-06-18,105.55220031738281,105.60432273979632,105.4826993355125,105.56088959711121,1694600
2020-06-19,105.5869369506836,105.64774864484433,105.31762896625422,105.31762896625422,2033200
2020-06-22,105.49142456054688,105.7346714519988,105.43930212037309,105.69123829451422,2284900
2020-06-23,105.45667266845703,105.4914231707753,105.32635994175864,105.38717166382048,2010600
2020-06-24,105.65647888183594,105.69122938168155,105.3697922290947,105.3697922290947,2310700
2020-06-25,105.67384338378906,105.83890658944878,105.64778216773324,105.81284537339296,1650900
2020-06-26,105.96052551269531,106.04739843851553,105.7954623140513,105.812840876003,3413900
2020-06-29,106.06478118896484,106.10822097029462,105.91709653721165,105.92578581907362,28632400
2020-06-30,105.8736343383789,106.15163162987534,105.80413335851024,106.116881139941,4126700
2020-07-01,105.70841979980469,105.78668069625373,105.51712275733585,105.67363791626799,8416500
2020-07-02,105.8388442993164,105.85623192313163,105.51711687002721,105.5953777621097,3054100
2020-07-06,105.68232727050781,105.69971489401397,105.46494548987093,105.5692911328042,2821900
2020-07-07,106.0214614868164,106.0301586171247,105.70843113538452,105.76060064930094,2920400
2020-07-08,105.85624694824219,105.96928973796588,105.74321079248503,105.83885932195899,2096700
2020-07-09,106.19536590576172,106.29101443870897,105.87364505309075,105.88233554956467,2769400
2020-07-10,105.98670959472656,106.33452193185892,105.95192769761647,106.29974003474882,1939000
2020-07-13,106.09973907470703,106.11713333914626,105.80410291892123,105.83018768161196,2051100
2020-07-14,106.09105682373047,106.28235394362433,106.07366255793903,106.2388749131144,1721500
2020-07-15,106.05625915527344,106.16059819863194,105.92582871710763,105.93452584871007,2085400
2020-07-16,106.134521484375,106.29973382750842,106.134521484375,106.22147953905669,1907100
2020-07-17,106.10838317871094,106.21272881129472,106.05621367940145,106.18664406163998,2405200
2020-07-20,106.177978515625,106.27362704878556,106.09971760941784,106.25623278786539,2695900
2020-07-21,106.29103088378906,106.3258127769664,106.18669183822482,106.22147373140217,3228400
2020-07-22,106.3258285522461,106.42147711418298,106.29104665390825,106.42147711418298,2431500
2020-07-23,106.43013763427734,106.47361001676815,106.33448910524447,106.45622239056513,2006500
2020-07-24,106.37800598144531,106.45626691700862,106.31713931332686,106.34323071449415,3395600
2020-07-27,106.21279907226562,106.48235050896238,106.18671430535552,106.46496287567871,1976500
2020-07-28,106.46492004394531,106.49100480036131,106.30840487148282,106.34318675802632,1870300
2020-07-29,106.60406494140625,106.60406494140625,106.35190118270548,106.47363449601372,1874200
2020-07-30,106.7518539428711,106.76055107258672,106.6649025476135,106.73446631740606,28331800
2020-07-31,106.77798461914062,106.85623891347493,106.59537799775663,106.63885702836589,4039200
2020-08-03,106.72575378417969,106.73445800412392,106.56911102205578,106.62132306297225,6595900
2020-08-04,107.09123992919922,107.11734594687353,106.85627913075669,106.89108936744702,3842000
2020-08-05,106.73443603515625,106.84756431364843,106.69962580191871,106.82145829856356,2423700
2020-08-06,106.85630798339844,107.09126884528355,106.80409593395187,106.94333027893457,2286500
2020-08-07,106.63004302978516,106.95203282152787,106.59523278424199,106.89111655167119,2363400
2020-08-10,106.5168685913086,106.79534379570346,106.5168685913086,106.7779353607817,1994900
2020-08-11,106.15139770507812,106.20360974416934,105.8990284505135,106.13398926579822,7166500
2020-08-12,105.83809661865234,105.95992911818811,105.70755990075737,105.86420263435669,5538100
2020-08-13,105.62055206298828,105.91642913388515,105.51612134653247,105.82070263697753,5748400
2020-08-14,105.67276000976562,105.81199432027455,105.66405579055447,105.7162744664475,2722800
2020-08-17,105.8468017578125,106.02085294056195,105.82069574024352,105.8990204323242,3357700
2020-08-18,106.02953338623047,106.09915384807987,105.8990033194787,105.95991956375374,1853600
2020-08-19,105.89031219482422,106.14268142070323,105.86420617824595,106.08176516889613,4493800
2020-08-20,106.19487762451172,106.23839207190491,106.12525716443162,106.212286059218,2880300
2020-08-21,106.27322387695312,106.29932989493993,106.09917269141793,106.2645196578329,2103700
2020-08-24,106.12525939941406,106.35152257975322,106.10785760371381,106.24709188743377,1974900
2020-08-25,105.8729476928711,105.92515974442041,105.6379801821475,105.78591875445446,3562800
2020-08-26,105.82941436767578,105.88162640992229,105.62925714010638,105.76849810526329,3337400
2020-08-27,105.45521545410156,106.05568051384002,105.45521545410156,106.05568051384002,4672900
2020-08-28,105.62922668457031,105.75976339192427,105.52480263018532,105.65533933753929,2277200
2020-08-31,105.74238586425781,105.91643042109182,105.62925092687887,105.64665936618682,3273300
2020-09-01,106.08904266357422,106.08904266357422,105.63619464034826,105.7232800320237,4622900
2020-09-02,106.23703002929688,106.28057602326503,105.98447788149039,106.001898936752,3013400
2020-09-03,106.37637329101562,106.5853794475975,106.26315636288659,106.3154128851715,5750500
2020-09-04,105.78416442871094,106.17605173164081,105.70578298161413,106.09767692872872,7512800
2020-09-08,106.01058959960938,106.17604972847482,105.98445802161365,106.01929348142336,3442700
2020-09-09,105.95835876464844,106.09770063765399,105.84514847597109,106.03674022926062,3964300
2020-09-10,106.08904266357422,106.1064570842335,105.75811551753176,105.81907595612351,3164200
2020-09-11,106.25447845458984,106.25447845458984,106.10642602347286,106.14126149878348,4905000
2020-09-14,106.15863800048828,106.332808659749,106.09767760532856,106.26313773837082,1797100
2020-09-15,106.10638427734375,106.15864079184382,106.03671999831856,106.09768039508118,2897600
2020-09-16,106.0454330444336,106.24573530492549,105.94964382197327,106.24573530492549,4015700
2020-09-17,106.08029174804688,106.2893045815274,106.04545627580012,106.2893045815274,3426800
2020-09-18,105.98448181152344,106.14123809376134,105.98448181152344,106.11511315408605,5606900
2020-09-21,106.17610931396484,106.37641165923326,106.15869489637939,106.25449080357015,5838100
2020-09-22,106.17610931396484,106.2719052211556,106.14127383460563,106.17610931396484,3387900
2020-09-23,106.17610931396484,106.21094479332406,106.0367740407163,106.17610931396484,3172000
2020-09-24,106.22832489013672,106.26315371187654,106.16736448581341,106.2196143626089,2866900
2020-09-25,106.31538391113281,106.35021936843377,106.2457129965309,106.29796286039027,2187400
2020-09-28,106.2979965209961,106.31541757725522,106.24574664059112,106.28058210892317,4167200
2020-09-29,106.37637329101562,106.43733369685975,106.32411676873072,106.35895223552535,2577100
2020-09-30,106.08904266357422,106.27192397934947,105.94970736573141,106.27192397934947,4276400
2020-10-01,106.14912414550781,106.22755647855456,105.81798239658352,105.905124262248,8733800
2020-10-02,106.0445556640625,106.25369746957786,105.96612333168292,106.23627175599248,7509700
2020-10-05,105.37355041503906,105.75698260280244,105.37355041503906,105.74826642167194,6132200
2020-10-06,105.61750793457031,105.79179824477978,105.32994055759184,105.39965003318011,8516400
2020-10-07,105.31253814697266,105.53039611030876,105.25153818317844,105.41711236283305,7116700
2020-10-08,105.50423431396484,105.52166002240533,105.39095058786133,105.43451818321061,3499000
2020-10-09,105.45195007324219,105.5565176204144,105.25151786033524,105.41709200801941,4358500
2020-10-12,105.56526184082031,105.56526184082031,105.43454572363596,105.4955456918556,3287900
2020-10-13,105.8005599975586,105.81798571183816,105.67855340360808,105.67855340360808,6583300
2020-10-14,105.83538818359375,105.92253668134806,105.79182058321352,105.8615367220182,5200600
2020-10-15,105.72212982177734,105.96612971766612,105.69598792557476,105.94870400303057,3839200
2020-10-16,105.66112518310547,105.84412509694302,105.62626710687476,105.72212515438466,2726200
2020-10-19,105.48681640625,105.55652589366308,105.35610031354342,105.46066786891136,3635800
2020-10-20,105.26028442382812,105.4258586507679,105.22542634191979,105.35614248695123,6129700
2020-10-21,105.12080383300781,105.23409420932073,105.05980387979943,105.12952001160795,6425300
2020-10-22,104.75483703613281,105.06855307936966,104.74612085479336,105.0336950025102,6749000
2020-10-23,104.90296936035156,104.99882740089494,104.72868564036237,104.73740182091116,5049900
2020-10-26,105.18180847167969,105.29509885303928,105.08595044829691,105.12952469474237,4817800
2020-10-27,105.41707611083984,105.45193417080594,105.2863600480908,105.32993428517219,3620100
2020-10-28,105.40838623046875,105.60010228386302,105.33867009314415,105.5739603944905,5586600
2020-10-29,104.9639663696289,105.39097277401683,104.89425687269608,105.37354041341045,7504800
2020-10-30,104.6241226196289,104.96398056393916,104.6241226196289,104.92041295352668,7246800
2020-11-02,104.8037338256836,105.00428637182235,104.75141027445353,104.93452607198785,7674300
2020-11-03,104.56829833984375,104.6642170924825,104.48982298916219,104.64678034323391,9203500
2020-11-04,105.4489974975586,105.5623529926034,105.31819860160955,105.4489974975586,14922300
2020-11-05,105.43158721923828,105.52749933745872,105.30950334038252,105.49262583231122,6250700
2020-11-06,105.07405090332031,105.15252625426331,104.95197370004766,105.10020935363464,10402200
2020-11-09,104.29798889160156,104.31542564141986,103.9317572710379,104.28054548907444,11195800
2020-11-10,104.00152587890625,104.20208512055653,103.94920896921913,103.9579306717369,4810500
2020-11-11,104.16718292236328,104.21078477301666,103.99278882516656,104.01022557380288,1699900
2020-11-12,104.7601318359375,104.76885353658231,104.4462171398076,104.48109728967852,6324000
2020-11-13,104.6205825805664,104.7513747825556,104.60313918516378,104.71649464445646,6766000
2020-11-16,104.54216766357422,104.63808644169593,104.5334459602785,104.55088936686992,3911400
2020-11-17,104.81242370605469,104.85602554615866,104.71650497999136,104.7426700756778,4707900
2020-11-18,104.77757263183594,104.88220642613852,104.62933033539365,104.88220642613852,7931200
2020-11-19,104.89096069335938,104.99560117285917,104.85608053352611,104.89096069335938,9323000
2020-11-20,105.07405090332031,105.091487652627,104.92581524973333,104.94325199904002,16772200
2020-11-23,104.86477661132812,104.95197366324821,104.81245305800918,104.93453026123902,2511900
2020-11-24,104.69911193847656,104.80375240678048,104.64679503067937,104.78630900237505,4349300
2020-11-25,104.73397827148438,104.92581577836751,104.72525657043279,104.77758012403369,2125500
2020-11-27,105.04788208007812,105.04788208007812,104.89964644112864,104.90836148856711,2988100
2020-11-30,104.97814178466797,105.08278224823725,104.94326163014487,105.00430023738298,2390900
2020-12-01,104.41964721679688,104.71632219682074,104.29748888888399,104.68141886639854,13902200
2020-12-02,104.24517059326172,104.34115311836672,104.09683638432915,104.32369811900305,5578500
2020-12-03,104.52440643310547,104.62038897268641,104.35861719980515,104.40224804766294,4484900
2020-12-04,104.1142807006836,104.21899072142152,104.00957067994567,104.1928148805199,4709100
2020-12-07,104.43714904785156,104.4982282392004,104.34988735409674,104.36734235570073,4441600
2020-12-08,104.54186248779297,104.74255508275378,104.53314164328444,104.62912418994397,4735700
2020-12-09,104.39351654052734,104.50694742061883,104.24518231491561,104.34988569434391,3444100
2020-12-10,104.62908935546875,104.66398603615104,104.39349348951181,104.48074850547954,3557600
2020-12-11,104.83851623535156,104.94321960515315,104.75126120813962,104.77743705059002,4336600
2020-12-14,104.77743530273438,104.84724198619219,104.5156635683335,104.56801525236098,2870600
2020-12-15,104.6727294921875,104.7338086783895,104.56801946278466,104.6465536491198,2889200
2020-12-16,104.58547973632812,104.70763811489158,104.39351466797632,104.43714551337713,5058400
2020-12-17,104.50953674316406,104.83258450109932,104.43969416028365,104.76273525702837,3233200
2020-12-18,104.42221069335938,104.64048454792793,104.40475171591723,104.58810095441208,3189500
2020-12-21,104.4920883178711,104.62305399843582,104.40478008455835,104.58812937287249,2850500
2020-12-22,104.66667175292969,104.68413739079502,104.51824713701996,104.6230209806446,3688500
2020-12-23,104.4483871459961,104.47458560009471,104.26503793443638,104.46585278206184,3047100
2020-12-24,104.59683227539062,104.59683227539062,104.51825022505312,104.54444202143586,1529300
2020-12-28,104.60558319091797,104.60558319091797,104.36985030649203,104.43096673291289,3677500
2020-12-29,104.58808898925781,104.62301360133604,104.4571233592616,104.4571233592616,2157300
2020-12-30,104.65792083740234,104.65792083740234,104.53568804601677,104.54441420169607,2549100
2020-12-31,104.72779083251953,104.77144826710655,104.64048262453481,104.64048262453481,2626200
2021-01-04,104.75401306152344,104.82385564704683,104.46588991472048,104.49208171694059,5499000
2021-01-05,104.50953674316406,104.67542703253494,104.40476953824817,104.65796805211248,5004400
2021-01-06,103.89833068847656,104.00310451240854,103.69751585790391,104.00310451240854,10039300
2021-01-07,103.53165435791016,103.60150358874888,103.44434614995639,103.53165435791016,7751700
2021-01-08,103.23481750488281,103.40070779343522,103.13877646005675,103.33085854970889,8378700
2021-01-11,103.03401947021484,103.16498514988771,103.0165538269565,103.15625232825855,6061000
2021-01-12,103.01654815673828,103.06020560128998,102.64984960279092,102.8244660586161,6516600
2021-01-13,103.3744888305664,103.50545446284427,103.14748217869736,103.17367397291518,7562900
2021-01-14,103.13874053955078,103.43559639140534,103.05143234589526,103.36574717200565,8113000
2021-01-15,103.41818237304688,103.48803162730904,103.20864127145187,103.35706594086535,5978400
2021-01-19,103.47927856445312,103.47927856445312,103.22608672436279,103.26973750384482,4035700
2021-01-20,103.52296447753906,103.52296447753906,103.33961516643058,103.36580697356149,4277700
2021-01-21,103.3744888305664,103.44433805593977,103.28718062944408,103.34829703634858,4254500
2021-01-22,103.53165435791016,103.5491133350252,103.40942153453703,103.46180512707143,4706200
2021-01-25,103.95075988769531,103.95075988769531,103.6451777602766,103.68010238358028,5689200
2021-01-26,103.91583251953125,103.95075714191242,103.82852429417363,103.84598993595952,4257100
2021-01-27,104.03805541992188,104.19520620376382,104.00313080311604,104.09043901453586,5764700
2021-01-28,103.76739501953125,103.90709349175538,103.65389500674148,103.89836067194392,5394200
2021-01-29,103.58406066894531,103.71502634019456,103.43563601675186,103.47056063983104,7952100
2021-02-01,103.71336364746094,103.76578171384443,103.55610278273744,103.59105038218412,3640700
2021-02-02,103.45125579833984,103.4949352938866,103.35515157633571,103.39009250654418,3609800
2021-02-03,103.19786834716797,103.36386105916185,103.18039122028173,103.31144300964493,3844200
2021-02-04,103.1629638671875,103.20664337151345,102.99696442025731,103.07559819296192,2146000
2021-02-05,102.94452667236328,103.2503098064933,102.94452667236328,103.1367351182657,5498000
2021-02-08,102.98818969726562,103.12798005940952,102.86587646317538,102.92703308022051,2861300
2021-02-09,103.06681823730469,103.20660192681792,103.02313208494812,103.10176582607575,4458500
2021-02-10,103.32889556884766,103.32889556884766,103.17163478197202,103.18037334390114,6726800
2021-02-11,103.25028991699219,103.36386458334147,103.20660376385801,103.32891699394835,5949900
2021-02-12,102.9095687866211,103.11050911228409,102.8746211939902,102.99693443541247,8802400
2021-02-16,102.1669692993164,102.55137955681732,102.09707410138061,102.45527532604886,8909000
2021-02-17,102.23684692382812,102.36789873958232,102.11453367327681,102.23684692382812,4789700
2021-02-18,102.2281265258789,102.30675362483441,101.99223189786643,102.07086566239492,4469900
2021-02-19,101.81748962402344,102.01842996569421,101.66896734268899,101.92233241026837,5851800
2021-02-22,101.6514663696289,101.93104040180177,101.57283929756656,101.73883200488842,3828000
2021-02-23,101.73011016845703,101.85242340303137,101.4942155977984,101.58158124169846,7344900
2021-02-24,101.59029388427734,101.64271192412826,101.16219767249893,101.22335427418157,7133700
2021-02-25,100.23615264892578,101.10108400159201,99.68573633448796,101.00497977734327,35760600
2021-02-26,101.1360092163086,101.17968870320904,100.21865333897577,100.59433158728899,28188400
2021-03-01,101.0223617553711,101.13601181230183,100.75136239426726,100.94368710328455,9616500
2021-03-02,101.2059555053711,101.21469935769598,100.89125018733164,100.9349561097458,6271000
2021-03-03,100.66390228271484,100.74257690228217,100.47157765319272,100.72509587668993,8377300
2021-03-04,100.1656265258789,100.76881871945791,100.01701443975094,100.65517535999582,12327900
2021-03-05,100.02578735351562,100.15691845795868,99.67610663153582,99.76353181423454,8634600
2021-03-08,99.63238525390625,99.81596610380578,99.59741652017243,99.78974122090642,7416400
2021-03-09,100.10446166992188,100.19188017689034,99.9121369528285,100.06949293321357,7035000
2021-03-10,100.31428527832031,100.41044765398564,100.05202304112294,100.10447949032586,5683100
2021-03-11,100.27928924560547,100.4191641792737,100.13067713078594,100.30551412826728,7576500
2021-03-12,99.55372619628906,99.64988856815842,99.44882664123557,99.64115138497428,7332600
2021-03-15,99.67610931396484,99.7722716818373,99.5886907985186,99.61491568619195,4465500
2021-03-16,99.6585922241211,99.8683979192094,99.5449488621155,99.78972328465234,5479400
2021-03-17,99.49249267578125,99.70230504097772,99.09910616284279,99.28268698018759,8975900
2021-03-18,98.87183380126953,98.98548385732795,98.60083444224573,98.69699679601628,8281400
2021-03-19,98.81066131591797,98.95927346912856,98.63582427327088,98.66204916270739,8748100
2021-03-22,99.13409423828125,99.18654400501553,98.9854821194647,99.06415676956613,4679800
2021-03-23,99.62364196777344,99.64112966954147,99.28270514894119,99.35264261680524,7544000
2021-03-24,99.75479888916016,99.77227992585175,99.39637427572772,99.42260583517375,14634800
2021-03-25,99.62364196777344,99.86841643569362,99.47502985076534,99.80722281871357,10573800
2021-03-26,99.29145050048828,99.56244985555227,99.2827066494721,99.35264411839319,6409700
2021-03-29,98.95053100585938,99.38763025875976,98.86310581959506,99.37888640621226,6298000
2021-03-30,98.86309814453125,98.92429843800721,98.59209876304529,98.6795172729177,5784900
2021-03-31,98.72319030761719,98.95048367790058,98.60080310891124,98.83683365795783,8620000
2021-04-01,99.16060638427734,99.213088690732,98.95941308663129,99.02939394439878,8535300
2021-04-05,98.88065338134766,98.95937681217286,98.670717558741,98.81942182168157,9944500
2021-04-06,99.36178588867188,99.37928443873089,99.05562800005346,99.09061842643005,8765200
2021-04-07,99.3005599975586,99.54549299622126,99.26557624292003,99.34429970146952,6316800
2021-04-08,99.64168548583984,99.65042808503847,99.45798412283102,99.47548266870798,6334700
2021-04-09,99.3792495727539,99.56294424147796,99.2305453181305,99.31801801651255,5887400
2021-04-12,99.31805419921875,99.34429535091941,99.21308291867459,99.30055564892396,5466000
2021-04-13,99.72920227050781,99.72920227050781,99.31807301931387,99.34431417598705,7663800
2021-04-14,99.60669708251953,99.64168750124134,99.47548468074777,99.56295739068229,4876900
2021-04-15,100.24527740478516,100.39398171395734,99.9216276346741,99.9216276346741,9958500
2021-04-16,99.97409057617188,100.13154413001936,99.92160828280281,99.94784942948733,7334900
2021-04-19,99.86911010742188,100.03531291941982,99.75539625769359,99.80787854622362,5738600
2021-04-20,100.16653442382812,100.23650859031854,99.84287804306648,99.84287804306648,6468300
2021-04-21,100.21902465820312,100.27150695566455,100.01783139503303,100.15779308658453,7976500
2021-04-22,100.2977523803711,100.32399352847447,99.97409598170132,100.21027298837235,7681300
2021-04-23,100.16653442382812,100.28899755736167,100.00908087017925,100.28024828389776,5509900
2021-04-26,100.06157684326172,100.20153854285772,100.06157684326172,100.12280841839969,7145300
2021-04-27,99.66796112060547,100.00910947212081,99.66796112060547,99.92163673368599,7720500
2021-04-28,99.79915618896484,99.81665473902058,99.42302412140555,99.67669303354056,8692900
2021-04-29,99.62421417236328,99.63296344769338,99.23058354115034,99.32680554855646,5547800
2021-04-30,99.71170806884766,99.74669850385334,99.51926401318799,99.66797503039788,5160000
2021-05-03,99.8814926147461,100.0915648672168,99.715181797582,99.75019495267321,8593300
2021-05-04,100.01277923583984,100.27536785292047,99.96025616996312,100.08279886021589,11171000
2021-05-05,100.13533020019531,100.1615883962655,99.90774803745991,99.90774803745991,6810000
2021-05-06,100.17911529541016,100.29290974269293,100.04782428404987,100.06532752620528,6546200
2021-05-07,100.21410369873047,100.61674494960651,100.12657415342285,100.41542766320661,10657600
2021-05-10,100.01277923583984,100.33663919804685,99.96901112728852,100.2578646163454,5906800
2021-05-11,99.84647369384766,99.93400323748287,99.80270558299199,99.86397693134425,6591300
2021-05-12,99.36508178710938,99.54890256685152,99.32132034085309,99.47887623914768,14509800
2021-05-13,99.69768524169922,99.73269839913732,99.42633494107322,99.4876129751476,8242700
2021-05-14,99.91653442382812,99.95154758896038,99.74146859816686,99.84650809356363,7943100
2021-05-17,99.82024383544922,99.89027016146684,99.7764757121687,99.84650203818633,6711100
2021-05-18,99.82024383544922,99.86400528065172,99.71520434642278,99.81148887517752,4319600
2021-05-19,99.5226058959961,100.00402839758688,99.43507635336395,99.80270443926455,13156500
2021-05-20,99.93402099609375,99.94277595543589,99.67143231852522,99.69769051847435,8412700
2021-05-21,99.96902465820312,100.05655420907722,99.85523690987448,100.03029601162265,6648700
2021-05-24,100.06532287597656,100.16160739855151,99.9777933131114,100.02155475550519,4826000
2021-05-25,100.43292999267578,100.45043990842468,100.1703413591279,100.1703413591279,5748200
2021-05-26,100.31913757324219,100.4941966541085,100.27536946398767,100.3629056824967,4501600
2021-05-27,100.14409637451172,100.14409637451172,99.96027562527966,100.10032825744179,5998100
2021-05-28,100.13533020019531,100.34540244683306,100.10031704607631,100.10031704607631,5575700
2021-06-01,100.11693572998047,100.1344510630972,99.89795731122084,100.02058469111095,9498100
2021-06-02,100.23079681396484,100.30087150811674,100.17824413469624,100.2220358065232,4269900
2021-06-03,99.97682189941406,100.14324769533577,99.93302352700516,100.14324769533577,3591200
2021-06-04,100.52860260009766,100.53736360739639,100.21327984693941,100.23079517884634,6326000
2021-06-07,100.44979858398438,100.48483593920938,100.37972387353435,100.40600021928006,3068500
2021-06-08,100.73883819580078,100.79139088022,100.69503983699056,100.7651145380104,4760500
2021-06-09,101.05414581298828,101.21181051483951,100.92275744766395,101.09793747963649,5679300
2021-06-10,101.41329193115234,101.42205293972178,100.79139397655199,100.83519233670769,6494800
2021-06-11,101.26436614990234,101.3607171751125,101.17677613135405,101.3431951617888,3914200
2021-06-14,100.94905090332031,101.1680293217657,100.90525254655485,101.1592683138744,3730900
2021-06-15,100.96654510498047,100.98406711709585,100.84391775093118,100.89647710458773,4212700
2021-06-16,100.27459716796875,101.06291410347953,100.125686769254,101.01036142316302,13529000
2021-06-17,100.63372039794922,100.95781085964144,100.36218930036632,100.4322639973848,8838100
2021-06-18,101.20305633544922,101.23809368074528,100.56363647850435,100.76509954328407,13435000
2021-06-21,100.87901306152344,101.03667784771427,100.80018400977472,100.95784879596557,6460000
2021-06-22,101.06289672851562,101.08917974684603,100.73881301202665,100.76508934766741,5459700
2021-06-23,100.86145782470703,101.05415989634656,100.81765946926504,100.94904785290025,5429800
2021-06-24,100.84392547607422,100.97531384624618,100.8001338078103,100.86144748953187,3631700
2021-06-25,100.63372039794922,100.9490498518414,100.45854033809398,100.91401250333216,6716800
2021-06-28,100.94905090332031,101.04540194205157,100.81766251571489,100.82642352360618,4968900
2021-06-29,101.00160217285156,101.01036318062033,100.80890009808387,100.81766110585264,3373200
2021-06-30,101.15926361083984,101.30817400730481,101.13298727107858,101.15050928604654,6572800
2021-07-01,101.08650970458984,101.1916851783217,100.94626682341585,101.13033058959525,11966200
2021-07-02,101.45465087890625,101.45465087890625,101.18293861903203,101.20923249100056,5071900
2021-07-06,101.98931121826172,102.05943266551738,101.5773560745713,101.5773560745713,9095300
2021-07-07,102.2873306274414,102.47140112218908,102.0857397993275,102.18215513004289,7456400
2021-07-08,102.5502700805664,102.71680684708075,102.39250016680263,102.48014863286043,7368000
2021-07-09,102.03316497802734,102.14710734369538,102.02439812308334,102.12957363380738,5531200
2021-07-12,101.98057556152344,102.1646394015129,101.9016939245928,102.12081849893521,3867700
2021-07-13,101.66499328613281,102.138302971991,101.57734483034022,102.03312749989931,6926500
2021-07-14,102.10326385498047,102.12955772856657,101.85784545197684,101.94549392631386,6029200
2021-07-15,102.53275299072266,102.58534073801968,102.13832482454511,102.36621620808214,5704500
2021-07-16,102.51522064208984,102.53275434952118,102.25227521497013,102.26103538153575,3577900
2021-07-19,103.3917007446289,103.52317677883778,103.14628238058506,103.19887011940907,20557500
2021-07-20,103.26025390625,103.88256684449946,103.17260542104528,103.8387459454725,8729000
2021-07-21,102.6642074584961,102.90963251361164,102.56779214434509,102.83951106929291,7438300
2021-07-22,102.90086364746094,103.11122128915132,102.65544528429736,102.66420544930402,6363500
2021-07-23,102.74308776855469,102.76938163634304,102.52396328745374,102.53273013909934,6804600
2021-07-26,102.6729965209961,102.91841494205143,102.65546949969946,102.90088792075481,6179600
2021-07-27,103.11123657226562,103.17259117215048,102.99729422595085,103.0937095525056,8621200
2021-07-28,103.19888305664062,103.20764990992662,102.7781677190091,102.91840393583637,11533500
2021-07-29,102.88334655761719,103.01482261258636,102.7956980833544,102.82199195691824,6203800
2021-07-30,103.17257690429688,103.23393149569694,103.04986772149677,103.05863457373933,5656400
2021-08-02,103.62516021728516,103.82688128209873,103.23924973994392,103.33572735927923,19495800
2021-08-03,103.65145874023438,103.81810309769848,103.5988370237592,103.65145874023438,6627300
2021-08-04,103.62516021728516,104.04614738213891,103.30064398029636,103.9584422804169,7545000
2021-08-05,103.24803161621094,103.45852521771747,103.1778648518851,103.40590349020857,5164600
2021-08-06,102.64282989501953,102.8357851040161,102.61651903769624,102.73930749951782,7807600
2021-08-09,102.42356872558594,102.88841173777318,102.42356872558594,102.79193412866229,10842500
2021-08-10,102.2306137084961,102.51127401969734,102.22184788326487,102.50250819446612,7192400
2021-08-11,102.34464263916016,102.60775793312521,102.12537654845426,102.30078674443097,7254300
2021-08-12,102.23941040039062,102.3534263785833,102.11662190342277,102.23941040039062,6932200
2021-08-13,102.8270263671875,102.8270263671875,102.37972834981228,102.39726669322161,6896500
2021-08-16,103.05508422851562,103.33574461577697,103.05508422851562,103.09894013243549,6928100
2021-08-17,103.00244140625,103.2304733238215,102.98489637168599,103.03752478390794,7785500
2021-08-18,102.94982147216797,103.04629909580493,102.73055536235135,102.9585939901724,7025800
2021-08-19,103.1778335571289,103.24800030017254,103.08135595831115,103.16906104138123,6242600
2021-08-20,103.08139038085938,103.23926225969213,102.97614692261831,103.17786801189446,6510200
2021-08-23,103.10770416259766,103.12524920044832,102.96737731714897,103.05508243198831,3958500
2021-08-24,102.8270263671875,103.06383749776988,102.80071550633839,102.97613239778279,3649700
2021-08-25,102.42356872558594,102.82701750392712,102.3709470084235,102.79193412866229,5874700
2021-08-26,102.42356872558594,102.46742461753439,102.25692436594538,102.3709470084235,6850600
2021-08-27,102.75686645507812,102.75686645507812,102.29201671066103,102.42357770657266,6360700
2021-08-30,102.9585952758789,102.9673677939929,102.70424578233894,102.73932916332419,6546200
2021-08-31,102.76560974121094,103.04627001491168,102.72176054650477,102.90594322379569,7418400
2021-09-01,102.80952453613281,102.94117542938582,102.72175950597833,102.90606807811552,11908600
2021-09-02,102.93238830566406,102.93238830566406,102.80951593451945,102.9236097945703,2976200
2021-09-03,102.68663787841797,102.73052373541515,102.58131583924973,102.69541638902574,4988900
2021-09-07,102.28292846679688,102.40580084919186,102.19516343594938,102.32680763419928,7098600
2021-09-08,102.56375122070312,102.63396590369678,102.36188568110657,102.42332185471582,6046200
2021-09-09,102.8533935546875,102.96748740559865,102.51987712026164,102.60764883208412,7009500
2021-09-10,102.52867126464844,102.71297983470512,102.43212772375554,102.62521480554135,8147100
2021-09-13,102.65150451660156,102.7392695123116,102.60762536676651,102.62517568749254,4269300
2021-09-14,103.03771209716797,103.14302744791016,102.77441032822823,102.82707469964146,6991000
2021-09-15,102.86216735839844,102.99381823263683,102.68663732344169,102.9762679075578,5108900
2021-09-16,102.53742980957031,102.69540950971918,102.40577894343937,102.50232246553264,5682700
2021-09-17,102.23902130126953,102.30923598973494,102.14247777863991,102.28290715557073,7611700
2021-09-20,102.7568359375,102.87092977276549,102.52864157092844,102.60763476152806,8781600
2021-09-21,102.69541931152344,102.81829167936226,102.63398312760403,102.79196284283134,4867900
2021-09-22,102.79197692871094,102.87974196118795,102.5023462950983,102.69543338417338,10966400
2021-09-23,101.86163330078125,102.34435094985048,101.86163330078125,102.31802211372703,10650100
2021-09-24,101.55445861816406,101.72999536316242,101.49302243142517,101.72121685190197,10528000
2021-09-27,101.28236389160156,101.45789390391731,101.25603505935828,101.28236389160156,6742100
2021-09-28,100.89622497558594,101.12441942791858,100.69436606071109,100.9137820005578,10295500
2021-09-29,101.00153350830078,101.2472782566451,100.81722494704253,101.1068488598528,8364000
2021-09-30,101.12440490722656,101.15951225608606,100.8611031388014,100.90498899888631,7307900
2021-10-01,101.53718566894531,101.5811020180807,101.22979132707988,101.31761732465655,19830100
2021-10-04,101.41426086425781,101.58991291645033,101.22982419924679,101.36156658873931,7691800
2021-10-05,101.09806060791016,101.28249723424193,100.99266537827991,101.25615010200809,6861900
2021-10-06,101.12439727783203,101.22979249655812,101.04535588930811,101.13318188789943,7473500
2021-10-07,100.72042083740234,100.92242672197436,100.71163622484806,100.89607288431152,8160200
2021-10-08,100.50081634521484,100.66769042035236,100.3866432257855,100.66769042035236,9455100
2021-10-11,100.25492858886719,100.40423348645834,100.23735936521204,100.32519208209673,2261300
2021-10-12,100.71159362792969,100.74672536259143,100.36906759084415,100.43054645132891,7938400
2021-10-13,100.90486907958984,101.04539609380494,100.72043239895517,100.7731266789374,11662400
2021-10-14,101.14199829101562,101.18590795376679,100.91364526234223,101.01903381350203,9518200
2021-10-15,100.64134979248047,100.79943927895303,100.58865553055446,100.77309214799003,8689700
2021-10-18,100.50081634521484,100.57985772773661,100.18463741374043,100.34272687947764,8703300
2021-10-19,100.14073181152344,100.40421651625259,100.12316929153221,100.36030016523294,7445200
2021-10-20,100.09680938720703,100.30759310367428,100.07046226023532,100.14071903192871,6230000
2021-10-21,99.83332824707031,100.0792437084287,99.7981965096343,100.035334062154,7103900
2021-10-22,100.0880355834961,100.1670836736388,99.8333354941162,99.92994610390492,10204600
2021-10-25,100.21099090576172,100.31638612317819,100.10560238903935,100.10560238903935,4835000
2021-10-26,100.33395385742188,100.33395385742188,100.0353441102623,100.22856533522176,5603100
2021-10-27,100.89603424072266,101.05412370267045,100.40420333719332,100.68525052502345,16140300
2021-10-28,100.63258361816406,100.92241549394569,100.52718838132655,100.79067312307265,9940400
2021-10-29,100.67647552490234,100.87848135138577,100.290039792686,100.36029657082905,11254300
2021-11-01,100.6685791015625,100.74767638973587,100.36096736072211,100.38733312344657,14479000
2021-11-02,100.91466522216797,101.03770991451451,100.77404559038598,100.7828297073873,12191100
2021-11-03,100.59825134277344,100.96738537825323,100.43125926249026,100.93222879790773,17031100
2021-11-04,101.14318084716797,101.22227813369928,100.77404676582273,100.77404676582273,12665400
2021-11-05,101.69686889648438,101.7847569942547,101.26621252360731,101.3716755587589,12955100
2021-11-08,101.25743103027344,101.5298861700903,101.21349033005637,101.5298861700903,7404300
2021-11-09,101.72323608398438,101.93417556811428,101.64413880650976,101.68807950329605,12345400
2021-11-10,100.85314178466797,101.57383499151321,100.66857474814535,101.54746922992894,19425100
2021-11-11,100.52793884277344,100.89707958611137,100.52793884277344,100.85313218403263,3746100
2021-11-12,100.7389144897461,101.02016052988897,100.65101965403589,100.89711580641611,10613400
2021-11-15,100.34334564208984,100.70369546990261,100.30818907068638,100.67732971770761,8021400
2021-11-16,100.25548553466797,100.54552230058565,100.23791059677852,100.35216445664054,6573700
2021-11-17,100.61585998535156,100.62464410372107,100.23793502701338,100.25550996918624,10006200
2021-11-18,100.67736053466797,100.70372629493343,100.4488461033132,100.46642104167938,10183400
2021-11-19,100.94979095458984,101.1695145102623,100.88826862721878,101.00252246221338,10731600
2021-11-22,100.2115478515625,100.58068863736716,100.15002550483386,100.48400970601747,10876200
2021-11-23,99.7984619140625,100.08849197025924,99.7984619140625,100.03576045193842,11543700
2021-11-24,100.10606384277344,100.12363877868765,99.75450477560571,99.8160271094527,8322900
2021-11-26,101.39806365966797,101.41563859975946,101.00255710056197,101.05529533170262,13878500
2021-11-29,101.16956329345703,101.24866059303247,100.77406338471187,100.80042915123701,13908200
2021-11-30,101.7759780883789,102.08358979903831,101.26621770761055,101.79355302665985,19416800
2021-12-01,101.96773529052734,101.96773529052734,101.29047475685955,101.41361303570825,24991000
2021-12-02,101.74787139892578,101.98535051065114,101.51039228720043,101.94137637690517,11448900
2021-12-03,102.34593200683594,102.59220852692532,101.49275498328926,101.58070992467377,19790900
2021-12-06,101.8357925415039,102.27557399605215,101.72145177911305,102.19641655528903,9863200
2021-12-07,101.44878387451172,101.76542706225084,101.37842394098388,101.55433384060227,7678400
2021-12-08,101.12335205078125,101.32564776861342,100.99141626798094,101.2992619541599,11126500
2021-12-09,101.37841033935547,101.53673191198351,101.23767707011648,101.36961283239512,9198400
2021-12-10,101.44878387451172,101.73025045075318,101.39601224673271,101.53674553485344,5051500
2021-12-13,101.93252563476562,102.02048056686044,101.68624914068764,101.70383744289414,5706900
2021-12-14,101.75662994384766,101.86217319284968,101.52794172012311,101.72144662400295,4749500
2021-12-15,101.60710906982422,101.79182319466297,101.3960158406935,101.51036331897774,8428000
2021-12-16,101.90289306640625,102.0437555810513,101.73562050943885,101.75323168211668,9085400
2021-12-17,102.1318130493164,102.42233029343934,102.07018736520598,102.22865436958932,7933100
2021-12-20,102.04376983642578,102.43112837242437,102.01735307371867,102.29907142567005,13772100
2021-12-21,101.63880157470703,101.718038435804,101.44512564949463,101.67401721111726,7672800
2021-12-22,101.73564910888672,101.80608038600855,101.5419664551498,101.79727479719425,5538200
2021-12-23,101.52433013916016,101.67399151856294,101.40107880121737,101.66519264920572,7209700
2021-12-27,101.5595703125,101.61239040818603,101.46272899261173,101.48913904045476,3471800
2021-12-28,101.54195404052734,101.75324784605986,101.48913394749194,101.72683779954215,8314500
2021-12-29,101.02254486083984,101.30426323579265,100.95211358792767,101.21622750300037,11879900
2021-12-30,101.3570785522461,101.36588414011882,101.0577557315289,101.22502831763296,10296000
2021-12-31,101.24264526367188,101.51555807112676,101.24264526367188,101.3835078202269,7584500
2022-01-03,100.3006362915039,100.72321719200013,100.3006362915039,100.68800155723416,27744600
2022-01-04,100.24783325195312,100.26543771398323,99.99252489398813,100.07175504816864,15911800
2022-01-05,99.8252182006836,100.2742090711842,99.75478694321401,100.2654034848269,13715700
2022-01-06,99.57872009277344,99.66675581030925,99.46427433164635,99.59632454960271,10957400
2022-01-07,99.25299835205078,99.48189663205602,99.01530120040003,99.4466809953863,13318200
2022-01-10,99.22657775878906,99.26179339171638,98.93605382466012,98.99767950310913,8430700
2022-01-11,99.46427154541016,99.47307041523096,99.0945107954061,99.18255322717033,8086500
2022-01-12,99.48190307617188,99.8604627990234,99.46429861504461,99.63156450419085,7996500
2022-01-13,99.79881286621094,99.83402849660699,99.4642744524905,99.54350458336059,8431100
2022-01-14,99.11212158203125,99.56110574214473,99.08571153928274,99.54350128587724,10595700
2022-01-18,98.36380767822266,98.7775762080399,98.32859204908394,98.68954049354038,11594100
2022-01-19,98.60152435302734,98.79520699339211,98.46066180850903,98.52229420925765,10349700
2022-01-20,98.81278991699219,98.81278991699219,98.62791290512746,98.75996983265779,8297300
2022-01-21,99.38506317138672,99.52592572920733,99.17377605135223,99.36745871000736,13250000
2022-01-24,99.2970199584961,99.73720534351467,99.27940878174563,99.69318411833444,22377400
2022-01-25,99.16495513916016,99.56111926759583,99.10332945881026,99.3850478142234,13534000
2022-01-26,98.46068572998047,99.2706321243493,98.46068572998047,99.18259637098458,12694700
2022-01-27,98.87445068359375,99.05932776108152,98.68076801669321,98.69837919551875,11609400
2022-01-28,99.10335540771484,99.18259228416635,98.70719117554879,98.73360122880024,6713500
2022-01-31,99.10335540771484,99.17378669418348,98.85685262177178,98.91847831825754,8258600
2022-02-01,98.9693832397461,99.1720659115796,98.81076406448595,99.13681645895004,16338700
2022-02-02,99.17207336425781,99.40999878345507,99.04870363235611,99.04870363235611,5997100
2022-02-03,98.74906921386719,98.8371961980991,98.62569950371648,98.73144785090778,8032600
2022-02-04,97.99124908447266,98.21155315770497,97.89431475439869,98.18511774462057,8616400
2022-02-07,98.0176773071289,98.12341894445649,97.89430085833703,98.0176773071289,10294700
2022-02-08,97.70040893554688,97.80615054039092,97.6475314099811,97.7532797379689,8111500
2022-02-09,97.83260345458984,98.14103445231379,97.7973607287622,97.92953775847823,10113400
2022-02-10,96.93377685546875,97.53300410859202,96.89852740256201,97.47131924679165,16633900
2022-02-11,97.9383773803711,98.01769034206006,96.86329243693115,97.34796408295627,18315600
2022-02-14,97.25983428955078,97.6651929342532,97.11883647062157,97.40963942980353,11090000
2022-02-15,96.968994140625,97.14523462354836,96.89849525819827,96.97780818171421,8490500
2022-02-16,97.17170715332031,97.23339201822783,96.88091091769685,97.2157706524597,9007700
2022-02-17,97.69161987304688,97.72686932472247,97.39200289537703,97.4008169390823,8749500
2022-02-18,98.0088882446289,98.01770229103478,97.78858414651498,97.85026902506098,8486800
2022-02-22,98.00003814697266,98.0088521901361,97.67398578137573,97.78854817306535,8392500
2022-02-23,97.48893737792969,97.7268694963715,97.38319574586264,97.63874922860047,7941800
2022-02-24,97.71807098388672,98.29967694527741,97.57707987767314,98.27323480991247,19162100
2022-02-25,97.69161987304688,97.70924123731193,97.35676016684691,97.56825015375502,8101900
2022-02-28,98.80194854736328,98.81956991064341,98.3260910610586,98.36134051076397,12291800
2022-03-01,99.76422119140625,100.09938280255956,99.27029740039991,99.3143938936215,28285600
2022-03-02,98.26480865478516,99.2791155076503,98.24716467362514,99.19091578947166,12303800
2022-03-03,98.68818664550781,98.87340810369777,98.33538098405674,98.51178717938642,12247400
2022-03-04,99.66722869873047,99.93183465244607,99.46436323698732,99.56138497140245,20102300
2022-03-07,99.24383544921875,99.73776598943836,99.17327971136501,99.19973895421107,13633200
2022-03-08,98.5999755859375,98.84693750182143,98.47649462799554,98.67053805596362,10819400
2022-03-09,97.99139404296875,98.28245920863851,97.88555705851287,98.19425947852261,7932300
2022-03-10,97.54154968261719,97.75323707307551,97.33869101160325,97.65621536808383,11100100
2022-03-11,97.51513671875,97.63861772384747,97.3299152111038,97.43575895656309,5567600
2022-03-14,96.2802963256836,96.79185744449657,96.2802963256836,96.73011696140495,8622500
2022-03-15,96.2362060546875,96.84479570511327,96.16564357045083,96.79187047733133,9294400
2022-03-16,96.10387420654297,96.24499913261813,95.47764748779987,96.13915543806176,12847300
2022-03-17,95.91865539550781,96.35083871724984,95.74225596232533,96.16561729364612,7215900
2022-03-18,96.200927734375,96.33323071403484,96.0774467478149,96.0774467478149,7509200
2022-03-21,94.94847869873047,95.65408341069215,94.87791620877148,95.50414316643635,11003600
2022-03-22,94.42804718017578,94.58680934809271,94.34866946082053,94.55152811864379,7710300
2022-03-23,95.06310272216797,95.06310272216797,94.4545132463018,94.65737864799284,11222700
2022-03-24,94.5339126586914,94.81615583013372,94.47217217522615,94.50745341280745,11112300
2022-03-25,93.5636978149414,94.11054014893436,93.46667609841859,94.10172488685606,9055600
2022-03-28,93.77537536621094,94.11053700258869,93.59897592163475,93.71363488768853,12858500
2022-03-29,94.24283599853516,94.35750168898787,93.80183067638085,94.00469608542299,7539900
2022-03-30,94.61329650878906,94.63976248559085,93.9870696419821,94.04881012943608,6430100
2022-03-31,94.78971862792969,94.92202161732504,94.61331239899935,94.75443738214362,9147200
2022-04-01,94.1724624633789,94.49034472760842,93.77510626469606,93.8722373308102,10237000
2022-04-04,94.11064147949219,94.28723972278034,93.93403649941287,94.26958259316798,7372100
2022-04-05,92.98924255371094,93.85459030771354,92.89211147713536,93.83692643735834,9675600
2022-04-06,92.66254425048828,92.99808371580863,92.40647199927274,92.40647199927274,9054400
2022-04-07,92.43295288085938,92.6890251093863,92.23869072564635,92.43295288085938,5518900
2022-04-08,91.96497344970703,92.20338183902369,91.83252135040061,91.90316336826986,8091800
2022-04-11,91.52346801757812,91.74421926376775,91.40867305801174,91.63825624035111,7356400
2022-04-12,91.96497344970703,92.35349107440061,91.85901042290318,92.00029445864165,12211000
2022-04-13,92.1680679321289,92.63606628397915,92.10625784592892,92.2210528180104,6346100
2022-04-14,91.33802795410156,92.07091689265239,91.2320649420832,92.03560262543895,6158700
2022-04-18,91.07312774658203,91.4351630007688,91.04663867662553,91.41749912960248,4591500
2022-04-19,90.47266387939453,90.88767718061973,90.41085381773065,90.71990412605003,7004900
2022-04-20,91.17909240722656,91.32036969513955,90.73758993520968,90.84354621694615,7479300
2022-04-21,90.67572784423828,90.93179993953248,90.30486086052197,90.92296800885634,9137500
2022-04-22,90.71991729736328,90.96715757991474,90.40203500928499,90.44618794693736,5451600
2022-04-25,91.30269622802734,91.81484062078378,91.24971135984407,91.43514829329771,8617400
2022-04-26,91.91199493408203,92.07093611689987,91.62060837957772,91.92082687112583,9575400
2022-04-27,91.39985656738281,91.94731539854808,91.35570361922056,91.85901623901762,7908900
2022-04-28,91.26737976074219,91.2938688277534,90.91417648141083,91.09078148947262,6943500
2022-04-29,90.78172302246094,91.1349262963955,90.55214662067677,90.59629281942351,10012500
2022-05-02,90.10542297363281,90.37064964511694,90.01701633146958,90.30876432110324,11327000
2022-05-03,90.21150207519531,90.70658459642152,90.1938167022981,90.63585659481964,8129100
2022-05-04,90.79498291015625,90.86571090528027,90.00815251313196,90.17612981530327,11934700
2022-05-05,89.88438415527344,90.20265339634496,89.42466566538849,90.0788827742608,11675700
2022-05-06,89.37164306640625,89.83136843899453,89.2832364162916,89.42469245247108,12538400
2022-05-09,90.03466033935547,90.07886701593476,89.37160066061712,89.41580733719641,7301200
2022-05-10,90.33525085449219,90.6888840319685,90.28220823861788,90.45017877055045,8054600
2022-05-11,90.89222717285156,90.92759116845093,89.99046889254133,90.11423950464288,7167900
2022-05-12,91.19281005859375,91.56412186352841,91.06903945694886,91.16628875038298,8132400
2022-05-13,90.71540069580078,91.00714855815733,90.66235808264196,90.94526326114153,6016900
2022-05-16,91.0955810546875,91.35196499948204,90.94528911135764,91.04253842645188,3315600
2022-05-17,90.40596771240234,90.7507581631344,90.37944640772926,90.48553162642158,4286800
2022-05-18,91.0513916015625,91.1486409350636,90.34413169291189,90.40601701923124,4465500
2022-05-19,91.37844848632812,91.88237348094061,91.30772051463043,91.85585217780164,5137600
2022-05-20,91.80282592773438,91.93543922179062,91.2989008063145,91.32542886111962,5908800
2022-05-23,91.2458724975586,91.74095501169144,91.23702981123668,91.56414175521353,5720600
2022-05-24,92.03271484375,92.35982682998171,91.6879242275842,91.71444554498245,6786600
2022-05-25,92.21835327148438,92.35980926403049,92.00617602765817,92.35980926403049,4274500
2022-05-26,92.17413330078125,92.30674657872476,91.83817876399215,92.27138258827372,3478900
2022-05-27,92.30677032470703,92.4658982051852,92.1387930131002,92.34212757926224,2508200
2022-05-31,91.34313201904297,91.61719462070623,91.19284005974339,91.60835867839035,6773200
2022-06-01,90.82881164550781,91.50155397540989,90.6606243746763,91.41303009386236,5555900
2022-06-02,90.96160888671875,91.10323496932568,90.74915963267036,91.09438798214266,3014300
2022-06-03,90.78455352783203,90.86422367389505,90.5809647999168,90.60751926412972,2687800
2022-06-06,90.10294342041016,90.65176031689627,90.04983450422277,90.56323645202038,4800600
2022-06-07,90.46591186523438,90.66950740377045,90.32428576517002,90.34198649514326,3230000
2022-06-08,90.1295166015625,90.43932993271912,90.12066286255114,90.29770387565786,2917900
2022-06-09,90.04986572265625,90.23575374717832,89.85512395789264,90.01445751511514,4178600
2022-06-10,89.16468811035156,89.67809027825967,89.04960973804452,89.58957312885659,4443400
2022-06-13,87.58018493652344,88.34144439317969,87.11988506563065,88.21751906334485,9200800
2022-06-14,86.88089752197266,87.8988614869926,86.73926469920393,87.77493614378231,7829800
2022-06-15,88.09364318847656,88.12905141293939,87.1022399172303,87.58908780838065,10256200
2022-06-16,88.66897583007812,88.71323777945209,87.12875589050346,87.23498051694578,9168800
2022-06-17,88.69551849365234,88.92566844360024,88.12015374891917,88.74863417651687,7029700
2022-06-21,88.23521423339844,88.47421113920026,88.12014264963067,88.21751351028938,10342000
2022-06-22,89.3505859375,89.50991952524903,89.14699039348822,89.2620620249745,9501900
2022-06-23,89.8551254272461,90.43934397766527,89.75775454327203,89.89938062232737,9247200
2022-06-24,89.53645324707031,90.07641657188996,89.46563683483254,89.74004199047293,5127000
2022-06-27,89.03189849853516,89.42137526061266,88.91682013981412,89.02304475861243,5439400
2022-06-28,89.14698028564453,89.17353475502078,88.81061241783593,88.93453777720886,3763300
2022-06-29,89.86397552490234,89.86397552490234,89.21779427626129,89.2974576822203,3559600
2022-06-30,90.5544204711914,90.76686296209708,90.29771603269391,90.37737943424916,5409500
2022-07-01,91.52516174316406,92.1723302505149,91.2946693004783,91.41878269690073,63222900
2022-07-05,91.86204528808594,92.21665112151435,91.70246995757407,91.9772915075829,6651400
2022-07-06,91.08191680908203,92.20781155208998,91.06418921887271,92.19894437514819,4754700
2022-07-07,90.52338409423828,91.10848911835932,90.45246022353494,91.10848911835932,4058100
2022-07-08,89.9737548828125,90.28403843373147,89.8673758160255,90.27517802061531,3664900
2022-07-11,90.68294525146484,90.83365338040551,90.40812375002348,90.45244608953286,2765700
2022-07-12,90.89569854736328,91.33896246831105,90.82477469673067,91.1616596054002,3669200
2022-07-13,91.28580474853516,91.35672862386396,90.23083408495658,90.34608707328414,6809400
2022-07-14,90.78052520751953,90.99329016647488,90.36385570529475,90.60321543866,5370400
2022-07-15,91.09076690673828,91.3035317677285,90.81594534613953,90.84254010830419,3834000
2022-07-18,90.82482147216797,90.9578020696724,90.45248121009487,90.7982267054019,3150700
2022-07-19,90.40815734863281,90.78936478117453,90.3194991093227,90.70957371853024,2996100
2022-07-20,90.31945037841797,90.86023288080074,90.2485332943761,90.85137247258949,53057500
2022-07-21,91.34786224365234,91.34786224365234,90.59431466182552,90.68296612492166,5344300
2022-07-22,92.39395904541016,92.60672389415689,92.03934645505052,92.19892178252873,7747100
2022-07-25,92.06595611572266,92.1102852330691,91.80000170266509,91.82659646760347,2994500
2022-07-26,92.10139465332031,92.81948017888152,92.065932721189,92.68650638797905,4736300
2022-07-27,92.28756713867188,92.73969833058479,92.21664327255375,92.32302907173094,7475300
2022-07-28,93.20067596435547,93.36911843022231,92.86379779629291,93.17408120946514,5768100
2022-07-29,93.23617553710938,93.59965537049189,92.91702482222313,93.01454347197581,5961100
2022-08-01,93.78144073486328,93.84360619250033,93.36404118693162,93.50613753326014,9672400
2022-08-02,92.48484802246094,93.91466041574999,92.42268256081911,93.74592268749626,9269700
2022-08-03,92.86674499511719,92.87562771327184,91.85433194240575,92.34277980798089,7829500
2022-08-04,93.33738708496094,93.36402845238207,92.83118077738219,92.96439439001361,9873200
2022-08-05,91.98753356933594,92.15626453901127,91.78327173169377,92.12074722210014,10047200
2022-08-08,92.52923583984375,92.57363586017551,92.28057404430345,92.36049814621607,6681300
2022-08-09,92.25393676757812,92.43155719640343,92.16512994092875,92.27170219822393,3814700
2022-08-10,92.30722045898438,92.99104043411162,92.29833774422201,92.67133045792778,7260300
2022-08-11,91.6944580078125,92.61806401533704,91.59676845481769,92.52037446234222,8309300
2022-08-12,92.05857849121094,92.09409580686318,91.75662710394619,92.04969577453409,4128600
2022-08-15,92.35165405273438,92.65360548468277,92.31612995629759,92.51150909893562,3441100
2022-08-16,92.24506378173828,92.28058786864094,91.8187815144333,92.17401560793299,3241800
2022-08-17,91.62337493896484,91.79211260725263,91.43687862031638,91.74770581806382,6366700
2022-08-18,91.80101013183594,92.12072009410973,91.72107925350457,91.87205152026557,3709200
2022-08-19,91.01065063476562,91.19714705050045,90.90407835054789,91.13498157858884,6678000
2022-08-22,90.61099243164062,90.98398519222987,90.56659240330019,90.93958516388942,4125800
2022-08-23,90.38895416259766,91.01949135528369,90.32678871474201,90.46000232458287,7755000
2022-08-24,90.08702087402344,90.2646345256146,89.95380724756681,90.17582769981901,3504600
2022-08-25,90.66426086425781,90.69978494663879,90.04260636140562,90.15805454749933,6645300
2022-08-26,90.55773162841797,90.78863486852497,90.24690425261738,90.46004205666226,5535900
2022-08-29,90.04261016845703,90.21134787301949,89.91827926262981,90.21134787301949,4416900
2022-08-30,90.0159912109375,90.33570126995686,89.71403981051792,90.04263258660113,4474200
2022-08-31,89.64299011230469,90.08703106705076,89.49201103829031,89.88276924663558,5797600
2022-09-01,88.93035125732422,89.24173068437696,88.72573339993059,89.0460045337831,10324200
2022-09-02,89.4285888671875,89.66880078402663,89.16169503327873,89.28624684661578,5741900
2022-09-06,88.43215942382812,88.91257638879662,88.38767373190815,88.8858876886701,6769400
2022-09-07,89.01042938232422,89.11718417071855,88.73463034132558,88.77911602819844,7169700
2022-09-08,88.6812515258789,89.19725562005787,88.6812515258789,89.00152946105463,5773600
2022-09-09,88.6901626586914,89.04602104842847,88.58340106923207,88.87699034957248,5780600
2022-09-12,88.47664642333984,89.01044762496508,88.31650742036513,88.93927322640648,4034200
2022-09-13,87.97840881347656,88.03178620017239,87.76489247913136,87.86275554644831,5100500
2022-09-14,88.02291870117188,88.23643509423596,87.80050381202403,87.84498271731535,3866600
2022-09-15,87.7204360961914,87.88947359393408,87.63147149279784,87.78271199732332,4622600
2022-09-16,87.79158782958984,88.0673800651804,87.58696318580296,87.64923907085767,4718200
2022-09-19,87.54251861572266,87.72934634414396,87.40016980117402,87.46244571064778,3879000
2022-09-20,86.99980926513672,87.22222415533672,86.77739437493673,86.91973637513155,4869100
2022-09-21,87.3467788696289,87.43574347116899,86.56388087348653,87.15105267370231,5414900
2022-09-22,86.03006744384766,86.49269416610957,85.9322043598139,86.43931677029592,6662400
2022-09-23,86.13684844970703,86.27029875690164,85.65643141634519,85.99450643291347,7630600
2022-09-26,84.70447540283203,85.6742077326683,84.5799236228623,85.66530923765248,8015500
2022-09-27,84.12619018554688,84.8290219218234,84.08171128835218,84.73115884540752,8668400
2022-09-28,86.02117919921875,86.11904228719219,84.98027242600703,85.3183473799383,8471700
2022-09-29,85.62084197998047,85.92332978756227,85.30946246303185,85.38953536028401,6056500
2022-09-30,85.39842987060547,86.19022643434371,85.10484733789018,85.99450700838838,8847200
2022-10-03,86.41194152832031,87.04483195360883,86.01080919625002,86.21583329497209,10579900
2022-10-04,86.59022521972656,87.08940490910071,86.42977363374013,86.75959267182702,7361400
2022-10-05,85.77013397216797,86.09994617719413,85.5562008120412,86.07320538227985,8603700
2022-10-06,85.29768371582031,85.74338170693517,85.181797885611,85.62749587672586,11298400
2022-10-07,84.87874603271484,85.15507667448468,84.74503524447314,84.85200523522914,5085300
2022-10-10,84.37958526611328,84.80745172345914,84.0765069580798,84.75397011649459,3829100
2022-10-11,84.59349822998047,85.06593711383145,84.36173332063002,84.66481155605955,5498500
2022-10-12,84.86981201171875,84.98569104297296,84.42411401346322,84.47759559699414,5847400
2022-10-13,84.5132827758789,84.8965834648445,83.76451313277265,83.77342900018512,6220100
2022-10-14,84.04084777832031,84.97681667715453,83.99628204078482,84.96790080932163,5886200
2022-10-17,84.12996673583984,84.78068892192944,84.08540100853776,84.64697813839729,3215200
2022-10-18,84.34391784667969,84.5043694479419,83.85364717593022,84.3528269128287,4006600
2022-10-19,83.46142578125,83.85364229501964,83.39902831776969,83.68427483665303,5762600
2022-10-20,82.83745574951172,83.47926215286614,82.77505828256415,83.26532895201927,5738400
2022-10-21,83.02464294433594,83.19401040149376,82.43632497869379,82.54328817200323,7528500
2022-10-24,82.91764831542969,83.28312391949011,82.62349282040874,82.99787748738913,6210800
2022-10-25,83.95169067382812,84.18345557980207,83.75558243037425,83.82689575541438,6301500
2022-10-26,84.37958526611328,84.52220515162367,84.14782030124236,84.15673616934136,6692700
2022-10-27,84.976806640625,85.10160157228822,84.38848184780093,84.64698757790723,7238100
2022-10-28,84.53999328613281,84.851987326452,84.30823522296258,84.43303011876554,5659800
2022-10-31,84.15670776367188,84.29041173595374,83.80014796902455,84.17453269303864,4586900
2022-11-01,84.14153289794922,84.85618242979164,83.9985989022999,84.82938400947441,6066400
2022-11-02,83.99857330322266,84.74896292075965,83.78417919055465,84.248700903913,7581400
2022-11-03,83.63232421875,83.7841864443933,83.23926263193998,83.24819770858564,8403900
2022-11-04,83.45364379882812,83.92710055549887,83.43578046377841,83.65017456170251,5287000
2022-11-07,83.15886688232422,83.605525331963,83.14100354314418,83.56086357627936,4289300
2022-11-08,83.71273040771484,83.86459265321434,83.36433734311368,83.391135761088,4679200
2022-11-09,83.99857330322266,84.05217012752317,83.56085000201456,83.62338190218715,3658100
2022-11-10,85.88348388671875,85.91921737960367,85.24922972281183,85.24922972281183,9608300
2022-11-11,85.70482635498047,85.81202002206716,85.44576363374242,85.49042538987283,2840200
2022-11-14,85.49935150146484,85.62441531026269,85.33855420222956,85.61548023378673,4130800
2022-11-15,86.13359832763672,86.19613022674007,85.7048101096325,85.9192042186346,6841600
2022-11-16,86.76787567138672,86.8572128216142,86.33015226023628,86.53561816410475,6140100
2022-11-17,86.17827606201172,86.32120321140174,85.99068034473737,86.23187289109966,5986800
2022-11-18,85.8745346069336,86.28545948394746,85.85667127117897,86.17826583848822,3102100
2022-11-21,85.82093048095703,86.30332229087,85.79413207187272,86.24079039785157,4477700
2022-11-22,86.3122787475586,86.40160907179082,86.09787779084103,86.18721493054011,5532800
2022-11-23,86.77678680419922,86.81252029133633,86.33906351383473,86.42839382394462,5236500
2022-11-25,86.75000762939453,86.75894270702659,86.51774331923194,86.53561347449606,1345400
2022-11-28,86.78572845458984,86.96438908834465,86.66066464786823,86.84826035795065,4218400
2022-11-29,86.41950225830078,86.72323364415432,86.39270383332207,86.4373724185994,3356600
2022-11-30,87.19666290283203,87.19666290283203,86.11575027480457,86.26761251165462,7127100
2022-12-01,88.14907836914062,88.16697728868465,87.3345375345232,87.3613893283603,17629100
2022-12-02,88.32804870605469,88.33700157566756,87.37029652863663,87.6477740252879,5783700
2022-12-05,87.4329833984375,87.83577389374959,87.38822586382905,87.79996923187103,6295800
2022-12-06,87.97002410888672,88.08639094666997,87.58513259807089,87.65674190916215,5745500
2022-12-07,88.73983001708984,88.83829113797415,88.2743830330344,88.32808661568346,5386200
2022-12-08,88.23855590820312,88.50708058214028,88.12218907002787,88.27436056386937,5325800
2022-12-09,87.58515167236328,88.05060546678325,87.58515167236328,87.97899614009691,4343100
2022-12-12,87.4598159790039,88.06848143917779,87.34345597523519,87.98792608942394,5192200
2022-12-13,88.24749755859375,88.84721697485784,88.16694220913348,88.73980301320469,7856600
2022-12-14,88.48917388916016,88.60553388806564,87.90736023655438,88.30120458521783,6533200
2022-12-15,88.661376953125,88.79590397869029,88.38335945133115,88.61653233049365,4344200
2022-12-16,88.43718719482422,88.59861829294232,87.9528939004699,88.04257632335101,4432800
2022-12-19,87.71969604492188,87.94390547707214,87.64795422680372,87.9349420262629,3951100
2022-12-20,87.08295440673828,87.27128953532701,86.98430169523992,87.06502066025213,4199800
2022-12-21,87.19054412841797,87.47753185895,87.07395087261209,87.44165753734259,4406600
2022-12-22,87.16365814208984,87.4237418958397,87.11881352021521,87.20849592163584,2143100
2022-12-23,86.76905059814453,86.94841540766909,86.71524252375295,86.75111685412364,3164900
2022-12-27,86.04263305664062,86.46414797784182,86.00675871841814,86.29374658186762,4780800
2022-12-28,85.8363265991211,86.23990762792283,85.81839285759405,86.1681589771588,3161200
2022-12-29,86.25785827636719,86.33857039255071,86.0246785368438,86.06952316294304,4021800
2022-12-30,85.89910125732422,86.33854975024808,85.75561080430583,85.97084990499724,5043800
2023-01-03,86.57173919677734,86.9932539964813,86.40133784991956,86.91254189049292,6808300
2023-01-04,87.23540496826172,87.36993199928364,86.98429149292961,87.29818333709474,7800100
2023-01-05,87.1098403930664,87.19055934134865,86.60761348758905,86.72419992140959,3177900
2023-01-06,88.23089599609375,88.27574062083761,87.06501101837337,87.14572313211741,6807700
2023-01-09,88.45509338378906,88.61652443161242,88.0694529274515,88.12326783827804,4988000
2023-01-10,87.89907836914062,88.18606620344715,87.7376472846976,88.08741349393587,4026900
2023-01-11,88.46408081054688,88.48202139840667,88.10534431897501,88.15915924022495,7118700
2023-01-12,89.25330352783203,89.25330352783203,88.32059814634943,88.75107650052138,5768000
2023-01-13,88.7779769897461,89.23536620978932,88.66139053230872,89.02012704131654,5573500
2023-01-17,88.49993896484375,88.80486047942154,88.46406463801196,88.48200522259197,3709000
2023-01-18,89.70170593261719,89.73758026257217,89.280197950886,89.56718574819703,7926400
2023-01-19,89.53129577636719,89.66582277961315,89.35192415793003,89.52232548486343,4234100
2023-01-20,88.93938446044922,89.19049789737716,88.84073177560924,89.07391147089719,8822700
2023-01-23,88.65238952636719,88.91247323423961,88.61651520366125,88.64341923510885,4334900
2023-01-24,89.16358947753906,89.1815300606245,88.47302755995797,88.76898559991886,3540300
2023-01-25,89.26225280761719,89.44162444823458,88.97526502495782,89.2263784794937,2924700
2023-01-26,88.93938446044922,89.26224654859314,88.81382774198525,89.0918452125372,2875400
2023-01-27,88.80488586425781,88.80488586425781,88.58067638921518,88.60758727377764,5524100
2023-01-30,88.52684020996094,88.74207932184135,88.4820024345802,88.55374424365499,2584600
2023-01-31,88.97528076171875,89.0111550961872,88.55376588462653,88.93044297538043,4856400
2023-02-01,89.61519622802734,89.6691195359799,88.82429133113364,89.15682753948401,20159100
2023-02-02,89.5792236328125,90.06455385918566,89.55226198528852,89.89378761555977,5823000
2023-02-03,88.61756134033203,88.97706600873326,88.50072523731865,88.8062997484219,5267000
2023-02-06,87.85364532470703,88.11428611832933,87.8087046559164,87.98846047409558,5500400
2023-02-07,87.63790130615234,88.19512692096121,87.59296065987039,87.76372688736595,5678900
2023-02-08,87.9614486694336,87.97043131248411,87.53903130875877,87.72776966751103,6137600
2023-02-09,87.5660400390625,88.20415774473727,87.46717605650892,88.18618559199258,7358300
2023-02-10,87.14359283447266,87.52106962666929,87.08068003577323,87.49410797822392,5290000
2023-02-13,87.35032653808594,87.39526034155482,87.13461959629988,87.15259860327308,17262300
2023-02-14,86.95487213134766,87.28741519612582,86.72119303563915,87.08069775434865,7133600
2023-02-15,86.69422912597656,86.99981052887236,86.5773930096534,86.80208259587778,4964700
2023-02-16,86.4066162109375,86.6672569220658,86.32573126109484,86.48750801776133,27126400
2023-02-17,86.6492691040039,86.67623074907547,86.19090056684745,86.21786221191901,4540500
2023-02-21,85.70561218261719,86.12802978002821,85.68763317248128,86.05612745345117,11382100
2023-02-22,85.85835266113281,86.11000380993161,85.81341887426419,85.95721659201513,30136400
2023-02-23,86.19090270996094,86.28077714809419,85.84038760135522,85.88532139193178,7059800
2023-02-24,85.66963958740234,85.78647569612376,85.48090117009164,85.64267793592676,10757200
2023-02-27,85.9302978515625,86.06511299343761,85.78649320503361,85.97523851784852,3693200
2023-02-28,86.06507873535156,86.09204038159794,85.5617695298249,85.66962297179066,4690000
2023-03-01,85.37705993652344,85.82736087105985,85.332027094651,85.68326127390564,8328600
2023-03-02,85.02581024169922,85.0978531560829,84.84568577812571,84.91773556355511,12952800
2023-03-03,85.71024322509766,85.71024322509766,85.2239175898963,85.47609178192394,5696900
2023-03-06,85.55714416503906,85.93539515334966,85.49410233365397,85.90837820719095,3766400
2023-03-07,85.56615447998047,85.81832181252267,85.35901310193825,85.71024715384266,5053300
2023-03-08,85.53913116455078,86.06147479833699,85.4310565139171,85.89936625790844,5163500
2023-03-09,86.07051086425781,86.20560250393598,85.62921792095227,85.68325182840505,12498800
2023-03-10,87.65553283691406,87.73658366197073,87.06113263565923,87.18721627755393,11041300
2023-03-13,88.71824645996094,89.5377901667648,88.38502146604883,89.1145064064299,23930600
2023-03-14,87.8807144165039,88.42107405541705,87.70058995616911,88.34001633050501,47886700
2023-03-15,89.15055084228516,89.86202693386056,88.72726698910341,89.39371712311274,25157400
2023-03-16,88.3489990234375,89.84400069727843,88.24093124916519,89.63685934485045,13961000
2023-03-17,89.39373016357422,89.72694840814272,88.95243036615473,89.03348809527,12293700
2023-03-20,89.03348541259766,89.54682811137367,88.82634399647418,89.53782017039985,7982400
2023-03-21,88.25896453857422,88.67324048637268,88.13288085320275,88.42107311562975,9851600
2023-03-22,89.42074584960938,89.49279563645881,88.03381837246398,88.10586815931342,10705200
2023-03-23,89.93408966064453,90.00613944837848,89.1415626087089,89.27664737190263,7118800
2023-03-24,89.96107482910156,90.58249200442334,89.8439991186824,90.45640835595856,9135800
2023-03-27,88.85336303710938,89.28564798594594,88.82633921564239,89.10553040243826,8284400
2023-03-28,88.79931640625,88.93440802049011,88.58317394609278,88.66422479200989,13324800
2023-03-29,88.64622497558594,88.81734149610395,88.43008249301546,88.46610738528481,13404700
2023-03-30,88.78130340576172,88.86235424803466,88.53813713685368,88.56515408427798,4157500
2023-03-31,89.26763916015625,89.33068100161852,88.78131343842789,88.92540613132219,6330100
2023-04-03,89.68812561035156,89.84152954659794,89.10157345361597,89.1647401852855,7226600
2023-04-04,90.26566314697266,90.36492614968311,89.29108469381094,89.3091362677537,6763200
2023-04-05,90.64468383789062,90.93344712357303,90.50933142636745,90.59956866226949,6257100
2023-04-06,90.67173767089844,90.88830835778413,90.65368609760746,90.68075657288591,4264700
2023-04-10,89.77837371826172,90.02202177333272,89.67009181348193,89.95885503399177,6025100
2023-04-11,89.74229431152344,89.85960890994787,89.53474936527326,89.85058312130148,5459000
2023-04-12,90.00395965576172,90.19345985158526,89.59788879109091,90.15737047732524,5857200
2023-04-13,89.70619201660156,90.3017631730231,89.63399948713878,90.14835921140862,39858200
2023-04-14,89.26399993896484,89.42642965517635,89.14669226573432,89.40838496877825,4968500
2023-04-17,88.69551849365234,88.97525594339425,88.66844801589134,88.92111498787224,5681000
2023-04-18,88.83988189697266,89.03840788041917,88.70452953067503,88.72257421796222,5061300
2023-04-19,88.65039825439453,88.7135649986819,88.41578285256072,88.63235356373761,4648100
2023-04-20,89.1647720336914,89.23696457700201,89.04746431430658,89.1377015511149,4608000
2023-04-21,88.94818878173828,89.42645226576936,88.8759962485784,89.35425973260949,5948100
2023-04-24,89.38129425048828,89.39933893279895,89.12862050554966,89.19178722062041,5143700
2023-04-25,90.26566314697266,90.30175941019994,89.86861113613087,89.88666271007364,13076800
2023-04-26,89.91373443603516,90.35590161856302,89.77837516821609,90.24761971203444,5903000
2023-04-27,89.32718658447266,89.58887934586285,89.22792357550884,89.54376417748028,5065800
2023-04-28,89.99495697021484,90.0039758730762,89.6700974660806,89.86861659891049,8525900
2023-05-01,88.93571472167969,89.70458394506188,88.81812523143897,89.65031293436566,17442000
2023-05-02,90.09356689453125,90.12070240728971,89.18901299619017,89.24329092290566,8540700
2023-05-03,90.6814956665039,90.70863116949452,90.17494787415606,90.33776779329588,9534800
2023-05-04,90.66341400146484,91.17900929809996,90.41918065499756,90.43727559239336,12014100
2023-05-05,90.17495727539062,90.21114025021576,89.94881885863116,90.1387743005655,11254400
2023-05-08,89.62317657470703,89.8131320115298,89.57794613209353,89.614129105945,7022400
2023-05-09,89.5146255493164,89.70458098167472,89.4965375134141,89.61412699977025,7317200
2023-05-10,90.18399810791016,90.25636405777284,89.91263614772036,89.9216836167524,9930800
2023-05-11,90.51868438720703,90.82623621991355,90.41918293261347,90.71768729639417,5979600
2023-05-12,89.9759521484375,90.51868295505398,89.94881664328616,90.44631700718601,5107300
2023-05-15,89.77696228027344,89.77696228027344,89.65937277380851,89.72269126208926,4459100
2023-05-16,89.48748779296875,89.55080626882815,89.23421388953115,89.43321678543106,7194000
2023-05-17,89.19805145263672,89.56891492485168,89.08950251137489,89.5417794148357,5542600
2023-05-18,88.6462631225586,88.88144901828016,88.61008014620165,88.87240154889166,9448900
2023-05-19,88.31159210205078,88.7367335263864,88.15781959998849,88.3296870441748,12923500
2023-05-22,88.14876556396484,88.55581891705914,88.1035420144196,88.32968046573937,7034700
2023-05-23,88.29346466064453,88.40201356135417,87.94973682685693,88.02209585946807,8264200
2023-05-24,88.06732177734375,88.43818509199222,88.0220913457353,88.40200902813939,7415400
2023-05-25,87.51557159423828,87.97689591947334,87.4432056410255,87.90452996626055,11647700
2023-05-26,87.67838287353516,87.67838287353516,87.18992308941672,87.37987852193004,7408900
2023-05-30,88.3658676147461,88.3658676147461,87.8774077087086,87.94072620201727,7883000
2023-05-31,88.7005386352539,88.83622307817487,88.30253967753583,88.42012918076203,10817900
2023-06-01,88.9471435546875,89.20101809092235,88.82927521073913,88.96528140302559,18161600
2023-06-02,88.23993682861328,88.82022357224274,88.1673992562687,88.79302371200443,7585400
2023-06-05,88.21273803710938,88.45754369978376,87.78658844137647,87.87725694912388,6243100
2023-06-06,88.26713562011719,88.29433548002616,88.00419211172448,88.2490046860324,3986200
2023-06-07,87.62336730957031,88.23992274093779,87.53269881739679,88.14925424876427,8226600
2023-06-08,88.21273803710938,88.23086897163337,87.7412507287209,87.77751951533261,5841900
2023-06-09,87.8953857421875,88.0223230234637,87.74124168558382,87.91351667484281,6421900
2023-06-12,88.04045104980469,88.05858889942425,87.65057029373733,88.03138212499489,5261700
2023-06-13,87.4148178100586,88.23990996218043,87.27881163271323,88.17644133509414,9173500
2023-06-14,87.53270721435547,87.79565070917646,87.20629507716826,87.6777754322369,7704400
2023-06-15,88.21273803710938,88.27620668428894,87.9316635878233,88.04953195613855,5959100
2023-06-16,87.83193969726562,87.995145803402,87.57805815183644,87.77753305017698,6538100
2023-06-20,88.0948486328125,88.3033854590791,87.99511122283731,87.99511122283731,5477300
2023-06-21,88.1764907836914,88.2490283746289,87.72314121668015,87.8591474702966,5119600
2023-06-22,87.6777572631836,88.06763796194386,87.61428863396968,87.91350085064747,4102100
2023-06-23,88.04045104980469,88.40313194900547,87.93165162233839,88.3759320921389,4112100
2023-06-26,88.25806427001953,88.33967076506845,88.09486511504842,88.2671331955946,2976600
2023-06-27,87.94979858398438,88.4031480612214,87.83193021022579,88.23994197271351,4752500
2023-06-28,88.30339813232422,88.33966691548065,87.9044484351665,88.07672342576879,5257300
2023-06-29,87.39671325683594,87.56898827493771,87.24257609198919,87.50551962367351,8268700
2023-06-30,87.58709716796875,87.64150379647734,87.32415370245826,87.42389111756785,7450600
2023-07-03,87.20718383789062,87.8161397595859,87.20718383789062,87.54347251499303,4687100
2023-07-05,86.7890853881836,87.25261685681562,86.68002405501016,87.20717001185004,10181200
2023-07-06,86.0801773071289,86.21651093682813,85.76207012730835,86.12562416176746,9285100
2023-07-07,85.97110748291016,86.29830541466491,85.92566756329865,85.96202365951766,6577600
2023-07-10,86.41646575927734,86.54370863084745,86.0983585803521,86.10744240388108,6622700
2023-07-11,86.5982437133789,86.72548659142073,86.46191007712929,86.58006913118012,6327100
2023-07-12,87.44349670410156,87.56164881416255,87.04358658663942,87.17083638837246,8255100
2023-07-13,88.17060089111328,88.22513156503062,87.77978154820192,87.87066831613612,9742600
2023-07-14,87.73436737060547,88.08883075150698,87.6980112630491,87.97976936305635,7491100
2023-07-17,87.87974548339844,87.96154148162545,87.68888121998727,87.7979425509566,3182400
2023-07-18,87.97974395751953,88.27058579976685,87.92520634482432,88.16151750859292,3626500
2023-07-19,88.27965545654297,88.33419306048617,87.97063908246484,88.14332878222343,5059300
2023-07-20,87.57984161376953,87.8615927232582,87.42533338819297,87.82523662296659,9486600
2023-07-21,87.65254974365234,87.85250481886152,87.62528440325414,87.77070186345013,4560100
2023-07-24,87.44349670410156,87.89793749786628,87.40714060849444,87.80705072595659,7451100
2023-07-25,87.2798843383789,87.33441500630782,87.08902006641257,87.09811082247244,4079300
2023-07-26,87.57984161376953,87.62528847268833,87.22537830369761,87.47986407152185,4880100
2023-07-27,86.6255111694336,87.3435285326153,86.50735904671393,87.24355099253829,8522800
2023-07-28,86.9072494506836,87.0163107901809,86.74365050722226,86.82544651184524,5794100
2023-07-31,87.01631164550781,87.1708267683401,86.86180345689098,86.87089421334358,6347000
2023-08-01,86.5079116821289,86.72659414967664,86.36211873590355,86.59902879762461,7714000
2023-08-02,86.33476257324219,86.37121080062758,85.97940104597035,86.25275927546649,8009200
2023-08-03,85.69693756103516,85.8791717495495,85.61492730995163,85.75160642723172,11057900
2023-08-04,86.6081314086914,86.68102092059961,86.01585980677977,86.01585980677977,10189900
2023-08-07,86.39852905273438,86.54432193497223,86.29829818414267,86.49875992132608,4007400
2023-08-08,86.83592224121094,87.05460466690855,86.73569134781016,86.84502908476448,5401400
2023-08-09,86.89059448242188,87.0363804546161,86.79947738082683,86.83592561182269,5317200
2023-08-10,86.22541809082031,87.05459962423438,86.2163112477943,86.8905860765145,8462100
2023-08-11,85.76981353759766,86.16162323771637,85.73336531528574,85.87004441100855,5915000
2023-08-14,85.6331558227539,85.88828647013902,85.45091468048685,85.6331558227539,6218400
2023-08-15,85.4691390991211,85.81538682889722,85.42357707729781,85.54202860153447,9602600
2023-08-16,85.14112854003906,85.65138991495968,85.07734586817398,85.45092810287234,7199600
2023-08-17,85.03177642822266,85.16845555653532,84.79486640259996,85.11378668592596,9858300
2023-08-18,85.28689575195312,85.4782437254296,85.14110979911841,85.18666486797187,7510500
2023-08-21,84.7584228515625,84.92243642423593,84.65819890050783,84.88599514301039,10864000
2023-08-22,84.79486083984375,84.88598488726706,84.60351285347461,84.68552310579783,6330500
2023-08-23,85.71515655517578,85.71515655517578,85.28689857341341,85.31423300598743,8550500
2023-08-24,85.396240234375,85.69693288562846,85.36890580276801,85.45090909758898,5735800
2023-08-25,85.36891174316406,85.58759416302526,85.04999148078835,85.27778769574884,7895700
2023-08-28,85.6058120727539,85.63315345718024,85.38712965986319,85.56937079709593,3301700
2023-08-29,86.21632385253906,86.25277208533758,85.38714219789942,85.40536979019348,7064200
2023-08-30,86.20719146728516,86.37120500361696,86.15252260577059,86.32564298449608,6346700
2023-08-31,86.38030242919922,86.50786771641903,86.22539576461509,86.30740599313455,6167300
2023-09-01,85.85230255126953,86.40041117747276,85.74267803819716,86.39127405898857,7746600
2023-09-05,85.33161163330078,85.61479962430953,85.29507012323829,85.60566250439881,4993400
2023-09-06,85.11235809326172,85.49603347435347,85.06668643527273,85.47776620507388,7344100
2023-09-07,85.40470123291016,85.44124274876978,85.22200062319352,85.31335092805183,7137500
2023-09-08,85.42295837402344,85.74268786180872,85.38641686547939,85.61479606669461,4648500
2023-09-11,85.27680206298828,85.35902220898204,85.17631464542974,85.24026055027782,4321700
2023-09-12,85.39554595947266,85.41381322723785,85.20370131525107,85.3041887119083,4998400
2023-09-13,85.49604034423828,85.61480199762863,85.24939385645474,85.26766112720217,6675400
2023-09-14,85.30420684814453,85.63307349447294,85.24939806361678,85.55999743829625,6421000
2023-09-15,85.03926849365234,85.22197602020411,84.9753226017541,85.16716724702833,9367700
2023-09-18,85.12150573730469,85.18545164205973,84.92966802303957,84.92966802303957,4622200
2023-09-19,84.81090545654297,85.08496331374823,84.77437091385771,84.92966711380296,7536800
2023-09-20,84.7469482421875,85.17630224203664,84.7286809732828,85.04841045096411,10751800
2023-09-21,84.11662292480469,84.24451471058427,84.06180718119944,84.16229457996619,8702500
2023-09-22,84.44550323486328,84.51857928891623,84.13490386921046,84.19884977249475,8637800
2023-09-25,83.82430267333984,84.06181202084471,83.78776116535909,83.90651583911152,11712000
2023-09-26,83.79691314697266,84.03442253660221,83.69642572459814,83.97961374970019,8281800
2023-09-27,83.4223403930664,84.05266911329636,83.20309834803905,84.01612761086199,10586100
2023-09-28,83.65071868896484,83.6689859552032,82.99298559112196,83.23050186969387,11654600
2023-09-29,83.66899871826172,84.08008545191106,83.54110692634768,83.99786531734921,13488300
2023-10-02,82.99031829833984,83.33836037759406,82.88956798816884,83.24677109229711,21010000
2023-10-03,82.30339050292969,82.97199859352652,82.2575923650796,82.81629610533983,21364700
2023-10-04,82.8254623413086,82.87126048204,82.36750888525532,82.55984849825987,14054000
2023-10-05,82.98114013671875,83.03609928679874,82.80712262693594,83.01777724083438,11315900
2023-10-06,82.49573516845703,82.76134901110179,82.14769305799935,82.2209603001169,12257100
2023-10-09,83.54901123046875,83.54901123046875,82.99030757816833,83.11853395858347,5816700
2023-10-10,83.38414764404297,83.6131243213428,83.02694458648033,83.12769488351734,11508300
2023-10-11,83.84212493896484,83.89707712110751,83.53071293525325,83.7138985220882,14815800
2023-10-12,83.0361099243164,83.70471794359392,82.93535962204488,83.65891981062904,12855900
2023-10-13,83.56730651855469,83.67721781339779,83.40244307019603,83.64058071511676,9872500
2023-10-16,83.07275390625,83.13686711040991,82.96284954929884,83.08191493193432,7248000
2023-10-17,82.25758361816406,82.46824524693295,82.11104217069293,82.34001885996545,11191600
2023-10-18,81.87290954589844,82.14768438522913,81.73552212623309,82.02861202720575,13794200
2023-10-19,81.46990203857422,81.97365354262091,81.38747378581053,81.64392655593834,27116700
2023-10-20,81.9461669921875,82.06523233802154,81.74466641630451,81.76298147419706,12587100
2023-10-23,82.33085632324219,82.43160662369625,81.52486090742349,81.65308729203524,12365000
2023-10-24,82.47742462158203,82.48657865996354,82.0744233226977,82.26676294594279,10906000
2023-10-25,81.75382995605469,82.07439588764075,81.65307966501146,82.04691980604954,15170200
2023-10-26,82.37665557861328,82.41329268726103,81.81795190040945,81.83626696082635,15901300
2023-10-27,82.50486755371094,82.51402158841346,82.1659795987738,82.31252800776697,11628200
2023-10-30,82.23009490966797,82.3674822997028,81.95532711741124,82.10186854238557,11022500
2023-10-31,82.05608367919922,82.4499238674554,82.037768618547,82.27590633391016,11574700
2023-11-01,83.00119018554688,83.04710895763786,82.25723320185587,82.29397242390272,22448900
2023-11-02,83.5155258178711,83.78187992395979,83.3318367137431,83.63492303482528,14046200
2023-11-03,84.1584243774414,84.71868511928652,84.14924482955367,84.53499605949304,23133700
2023-11-06,83.67164611816406,83.87370829810433,83.57980158381544,83.84615563852863,11246700
2023-11-07,84.1492691040039,84.33295821678598,83.93802031774308,83.93802031774308,13189400
2023-11-08,84.48908996582031,84.57175496707944,84.15844397536397,84.16763053267944,11117600
2023-11-09,83.65328979492188,84.35131394341524,83.60736401873353,84.34213439400926,17067900
2023-11-10,83.74512481689453,84.02066542811211,83.65328028225161,84.00229231681024,10674700
2023-11-13,83.69921112060547,83.72677079153412,83.29509370841978,83.42367747692748,8930200
2023-11-14,84.95748901367188,85.02178088722852,84.75542683755425,84.89319714011523,14313600
2023-11-15,84.29621124267578,84.55337877984321,84.22273280140229,84.5441992301514,12969400
2023-11-16,84.92994689941406,85.05853066249213,84.78299002315939,84.79217657974769,10375600
2023-11-17,84.98505401611328,85.07689856206406,84.81973103048603,85.03097979273352,8462000
2023-11-20,85.10446166992188,85.15956699826019,84.78299523517506,84.81054789934423,7481200
2023-11-21,85.21468353271484,85.3340877695367,84.99425518308426,85.20549697435372,9153300
2023-11-22,85.18710327148438,85.40753154971479,84.97585454135078,85.3432396765939,7255100
2023-11-24,84.74624633789062,84.88401665029639,84.73706678907564,84.81972477214559,4125800
2023-11-27,85.38916778564453,85.39835434128166,84.94830420981673,85.0034165363507,9539800
2023-11-28,85.76576232910156,85.7933220056048,85.24224059220019,85.28816637908099,13563300
2023-11-29,86.2157974243164,86.30764197460198,85.95862287331079,86.07802709524304,19075400
2023-11-30,85.79329681396484,85.9218805707253,85.61878728380884,85.89432090231446,18446700
2023-12-01,86.60279083251953,86.64883233680875,85.74634016132416,85.77396646910154,21393200
2023-12-04,86.2436294555664,86.46464693016141,86.05944237172154,86.27125576163843,16402000
2023-12-05,86.8514175415039,86.94351458400185,86.55672527315701,86.61198490385935,25452100
2023-12-06,87.21058654785156,87.29347249327415,86.9435275679827,87.0448216830253,14023400
2023-12-07,87.08165740966797,87.35793452102091,86.98956738122327,87.0264047978049,13730100
2023-12-08,86.51988983154297,86.70407689471516,86.31729460108063,86.59356465681185,13825300
2023-12-11,86.52909851074219,86.56593592234192,86.1607314207627,86.33570736935697,10484600
2023-12-12,86.71329498291016,86.76854759329942,86.4370178789266,86.5198967945105,7248000
2023-12-13,88.0025863647461,88.11309863284883,86.90670289997885,86.97116663320045,16155200
2023-12-14,88.7341079711914,88.91883318047219,88.41083533154253,88.45701311045521,32373200
2023-12-15,88.66019439697266,88.80798016739197,88.52164699890791,88.56783181386729,9407100
2023-12-18,88.46623992919922,88.5031863755923,88.32769251692866,88.49394800229051,8634100
2023-12-19,88.63249969482422,88.79875518821493,88.56784517221752,88.61402999414278,9047100
2023-12-20,89.06661987304688,89.12203602702041,88.65098462461509,88.83570983573698,12659100
2023-12-21,88.92807006835938,89.315997229453,88.8079993890156,89.26058107695818,8939700
2023-12-22,88.84493255615234,89.11278899785421,88.71562352178783,89.0943122519085,4956400
2023-12-26,88.90036010742188,88.98348433440188,88.7895207579671,88.80799750628361,3342500
2023-12-27,89.59308624267578,89.63003269086781,89.21439043381827,89.27905200326518,7362400
2023-12-28,89.25133514404297,89.55613805058105,89.15897254876866,89.40835930750504,4858500
2023-12-29,89.0296630859375,89.26057309644088,88.937300491099,88.99271663863924,7820500
