Price,Close,High,Low,Open,Volume
Ticker,SHY,SHY,SHY,SHY,SHY
Date,,,,,
2002-07-30,51.787899017333984,51.864609236413216,51.78150487330977,51.858219969691845,95300
2002-07-31,51.947731018066406,51.97969199129784,51.877410048731626,51.890193462563396,38800
2002-08-01,52.04999923706055,52.069176791403834,51.99246657403069,51.99246657403069,86800
2002-08-02,52.15226364135742,52.19061873357842,52.0371934873938,52.0755485796148,83400
2002-08-05,52.235374450683594,52.24816273454503,52.14587597285846,52.1842310698403,93100
2002-08-06,52.107513427734375,52.1714402060003,52.06915345893438,52.1714402060003,58200
2002-08-07,52.18424987792969,52.22260986603837,52.12671721172117,52.15867817829157,127000
2002-08-08,52.107513427734375,52.177834347017054,52.08194174096789,52.1714402060003,111800
2002-08-09,52.12033462524414,52.13951218489963,52.075585360279966,52.08837365158635,50900
2002-08-12,52.11393356323242,52.14589940995191,52.08197259381637,52.10754429573127,52300
2002-08-13,52.20343780517578,52.216221217688826,52.08836758334433,52.15868366812134,36200
2002-08-14,52.08832931518555,52.235360398930844,52.07554103476426,52.22257699580949,108700
2002-08-15,52.04360580444336,52.12671015904609,51.97328485927862,52.024423374332876,87700
2002-08-16,52.01163101196289,52.13309532857618,51.97966517791681,52.12670118630667,274500
2002-08-19,52.01805877685547,52.05641390066095,51.979698775745334,52.043630485160676,36000
2002-08-20,52.13946533203125,52.14585947193862,52.0755385648566,52.107504387093776,51400
2002-08-21,52.09477615356445,52.1267420126466,52.050026877232625,52.075598589037284,43100
2002-08-22,52.03718185424805,52.10110861942547,52.024393574832835,52.10110861942547,47700
2002-08-23,52.101131439208984,52.113914846923656,52.062776338763285,52.08834803149431,60900
2002-08-26,52.09477615356445,52.1331361599241,52.069204441759794,52.09477615356445,49700
2002-08-27,52.056396484375,52.06917989559838,52.00525308487541,52.037218928888414,54700
2002-08-28,52.09477615356445,52.12034786536911,52.075598589037284,52.10756444811944,50600
2002-08-29,52.15226364135742,52.19061873357842,52.13308609524693,52.19061873357842,53700
2002-08-30,52.17149353027344,52.18427694807229,52.11395595691481,52.18427694807229,143800
2002-09-03,52.29502868652344,52.365464405916626,52.25661097967727,52.26301555923924,83000
2002-09-04,52.27586364746094,52.333495141296126,52.250250193008284,52.295072516983694,49500
2002-09-05,52.33345413208008,52.33345413208008,52.275822683405686,52.307840697698474,49000
2002-09-06,52.23099899291992,52.25661242661418,52.205385559225654,52.21819471870427,33700
2002-09-09,52.16059494018555,52.23103070429317,52.154190356557784,52.19901267142028,65200
2002-09-10,52.19257736206055,52.21178621457171,52.13494591926446,52.1477550777803,51000
2002-09-11,52.16059494018555,52.16059494018555,52.09656375970569,52.122177208950816,24700
2002-09-12,52.19902038574219,52.21823413946502,52.16060264882983,52.173411817978376,50100
2002-09-13,52.237430572509766,52.243830270293905,52.19900795947747,52.21822170862636,95100
2002-09-16,52.218177795410156,52.25659549086935,52.2117732177465,52.25659549086935,39000
2002-09-17,52.25663375854492,52.263038340898675,52.17339372900597,52.19900228789107,28800
2002-09-18,52.25019073486328,52.31422185549718,52.25019073486328,52.27580416016911,173700
2002-09-19,52.35907745361328,52.35907745361328,52.288646595771596,52.35267775715961,191100
2002-09-20,52.3654670715332,52.37187165142119,52.31424020295544,52.339853637244325,360800
2002-09-23,52.37828826904297,52.41030140531412,52.346270247507626,52.39109254649859,263600
2002-09-24,52.4039306640625,52.46796674848482,52.36551292162299,52.423144420549605,659400
2002-09-25,52.352699279785156,52.39752159971004,52.31427665894492,52.37190814757204,240400
2002-09-26,52.37186813354492,52.391076986655534,52.3078369947553,52.35265928043431,81100
2002-09-27,52.48073196411133,52.48073196411133,52.384682794250494,52.41029623189763,136200
2002-09-30,52.557594299316406,52.58960744584144,52.50636740255745,52.52557626752562,216900
2002-10-01,52.49345016479492,52.58322601293586,52.480622247965194,52.525515064452456,94100
2002-10-02,52.53832244873047,52.551145469326116,52.47419756092154,52.51267151512383,79400
2002-10-03,52.54474639892578,52.56398337968569,52.4549705604354,52.51909546044049,196500
2002-10-04,52.499839782714844,52.53831373053277,52.42930095010561,52.43571001313226,205600
2002-10-07,52.563968658447266,52.56396865844726,52.50625283991537,52.56396865844726,171600
2002-10-08,52.51267623901367,52.58321508967357,52.48702530309955,52.48702530309955,167100
2002-10-09,52.6217155456543,52.621715545654304,52.531939670955,52.57682760830465,332800
2002-10-10,52.570430755615234,52.63455569638355,52.53836583902138,52.602490779789704,166200
2002-10-11,52.487060546875,52.55118548351074,52.45500052476665,52.55118548351074,407000
2002-10-14,52.499839782714844,52.50624884574148,52.46777489792355,52.46777489792355,54500
2002-10-15,52.30104446411133,52.39082026747242,52.28822144609447,52.371583294239954,100800
2002-10-16,52.32034683227539,52.37164875329355,52.29470076418678,52.358825719249246,51300
2002-10-17,52.27542495727539,52.307489860212584,52.24977890582639,52.27542495727539,239200
2002-10-18,52.32034683227539,52.32034683227539,52.204924848615235,52.25622187721293,100600
2002-10-21,52.20490646362305,52.30750537710666,52.179255512147456,52.301091416133076,595800
2002-10-22,52.19845962524414,52.24976149588264,52.179222646858626,52.24334753894891,325800
2002-10-23,52.23695373535156,52.31390657099817,52.217716749544294,52.2626046805671,126700
2002-10-24,52.32671356201172,52.352364499366594,52.262588664832556,52.26900262227529,69400
2002-10-25,52.4164924621582,52.44214340101328,52.365195476864365,52.39725548112097,56000
2002-10-28,52.487060546875,52.5191254614024,52.47423751651547,52.51271150001311,31100
2002-10-29,52.60244369506836,52.64091764660724,52.53831881169855,52.54473276776003,25000
2002-10-30,52.596031188964844,52.64733305404096,52.56397119260362,52.58962212514168,28800
2002-10-31,52.685787200927734,52.69219626174645,52.57676956564266,52.602420486156035,153700
2002-11-01,52.62992858886719,52.681308732819566,52.578543544567275,52.64919675539277,50300
2002-11-04,52.57851028442383,52.60420279032121,52.55924213008691,52.57208593286338,255200
2002-11-05,52.572147369384766,52.597839905306785,52.52718665660876,52.597839905306785,342100
2002-11-06,52.5914192199707,52.66207247360415,52.5400390448877,52.565726682253946,176100
2002-11-07,52.6170768737793,52.6170768737793,52.56569183241289,52.604233063611325,39900
2002-11-08,52.597835540771484,52.6106842578414,52.55929919026125,52.57856736551637,27800
2002-11-11,52.64921951293945,52.64921951293945,52.578566271574196,52.58499062997549,83800
2002-11-12,52.66206359863281,52.66848795706695,52.62352724872735,52.62995160716149,50300
2002-11-13,52.668495178222656,52.694187715132124,52.62995882303363,52.62995882303363,46400
2002-11-14,52.53999710083008,52.62991846087688,52.53999710083008,52.62991846087688,30900
2002-11-15,52.565765380859375,52.565765380859375,52.50796080370417,52.54007772458203,27500
2002-11-18,52.565765380859375,52.57861410935216,52.52080463184284,52.54007772458203,27300
2002-11-19,52.55290985107422,52.578602401984874,52.527217300163564,52.57217803916895,22400
2002-11-20,52.50790023803711,52.59139727551343,52.47578335420473,52.59139727551343,19400
2002-11-21,52.437259674072266,52.48864474047083,52.43083531568504,52.46295220727155,72500
2002-11-22,52.4179801940918,52.4629408924063,52.4179801940918,52.450097078751554,43400
2002-11-25,52.4500846862793,52.482196663003315,52.41796780920786,52.42439216469163,49100
2002-11-26,52.54643249511719,52.55285685145414,52.46935982046614,52.4886279891289,28500
2002-11-27,52.45649719238281,52.49503841983239,52.41796086528002,52.49503841983239,542100
2002-11-29,52.48219680786133,52.488621163362836,52.45650428620275,52.488621163362836,69100
2002-12-02,52.50149917602539,52.514361877619926,52.37284762230518,52.42430824379327,74100
2002-12-03,52.52082443237305,52.527258240469706,52.47579759081179,52.527258240469706,88900
2002-12-04,52.55298614501953,52.58515027946744,52.50153040048394,52.559419953420694,220000
2002-12-05,52.59797668457031,52.61084429249116,52.507923059342396,52.53365336762958,122300
2002-12-06,52.64948654174805,52.68808449405494,52.604459687022576,52.68808449405494,470600
2002-12-09,52.66229248046875,52.694451677572104,52.64299107314271,52.68158898024143,83500
2002-12-10,52.655853271484375,52.68801737283857,52.63012297191159,52.68158357105716,32500
2002-12-11,52.700931549072266,52.720228065713194,52.668767416298955,52.675201224365146,108700
2002-12-12,52.72020721435547,52.745937528885996,52.662317687328546,52.66874658529441,41200
2002-12-13,52.68159103393555,52.720184034985394,52.6687234285499,52.69445373176765,91600
2002-12-16,52.655853271484375,52.70088006884854,52.636556773692995,52.70088006884854,36500
2002-12-17,52.70738220214844,52.70738220214844,52.66235534641003,52.69451458190363,47200
2002-12-18,52.79093933105469,52.79093933105469,52.73947872638446,52.765209028719575,275400
2002-12-19,52.84883499145508,52.84883499145508,52.771644082619225,52.78450678031513,419200
2002-12-20,52.82311248779297,52.842408990962674,52.790948377473995,52.82311248779297,46800
2002-12-23,52.829551696777344,52.82955169677735,52.790958682904126,52.81668899467133,49100
2002-12-24,52.88748550415039,52.90678202545482,52.87461788490822,52.90034821583373,73300
2002-12-26,52.92604064941406,52.92604064941406,52.86815112695218,52.89388143945368,24800
2002-12-27,52.99033737182617,52.99677117361013,52.93888168021305,52.971040874027146,45600
2002-12-30,52.99679946899414,53.01609597709572,52.96463535045454,52.97750296089257,101400
2002-12-31,53.03481674194336,53.041261420326855,52.98971382495747,53.002603181724446,207600
2003-01-02,52.8350944519043,52.95107412416447,52.80932064519637,52.938189678736,323800
2003-01-03,52.841548919677734,52.841548919677734,52.777116848899524,52.7964459785478,55100
2003-01-06,52.809329986572266,52.822219350131704,52.751342598110355,52.80288530479255,133000
2003-01-07,52.84796142578125,52.873735223968346,52.78997406674729,52.79641874525641,99900
2003-01-08,52.8930549621582,52.92527343313992,52.88017052327461,52.899499639524244,85000
2003-01-09,52.79641342163086,52.86084545267705,52.77708430390189,52.86084545267705,120500
2003-01-10,52.867332458496094,52.87377222566247,52.7964556928435,52.87377222566247,43700
2003-01-13,52.854393005371094,52.87372212025873,52.8157347755958,52.84794832845916,71500
2003-01-14,52.87369918823242,52.90591764297035,52.86081475584486,52.899472968853566,40700
2003-01-15,52.8930549621582,52.94460254938956,52.8930549621582,52.899499639524244,199300
2003-01-16,52.92530059814453,52.92530059814453,52.84797917761068,52.893082110626004,31300
2003-01-17,52.91239929199219,52.9768313306468,52.91239929199219,52.97038665202651,40300
2003-01-21,52.976837158203125,52.98328183753235,52.918844875940096,52.938178913927764,92800
2003-01-22,53.0155029296875,53.0155029296875,52.96395531943489,52.96395531943489,48100
2003-01-23,52.98326873779297,53.009037617038715,52.963934704585505,52.963934704585505,49700
2003-01-24,52.976837158203125,53.02838476113694,52.97683715820313,53.00261095967004,134500
2003-01-27,52.976837158203125,53.00905072314927,52.95750803606545,52.99616628034081,333200
2003-01-28,52.989715576171875,52.99616025476835,52.94461265769541,52.983275813424825,1039400
2003-01-29,52.94462585449219,53.009057908968764,52.92529672973428,53.00261814461656,27400
2003-01-30,53.00908660888672,53.00908660888672,52.931770067994755,52.93821475168686,138300
2003-01-31,52.99616622924805,53.01549535136709,52.96394774848298,53.01549535136709,136600
2003-02-03,52.965179443359375,52.98453727344095,52.9458216132778,52.97162877128584,94800
2003-02-04,53.023250579833984,53.02970483062502,52.99098917218052,53.023250579833984,85700
2003-02-05,53.00391387939453,53.04262955327214,52.97810178909184,53.02327171633333,27300
2003-02-06,53.02973175048828,53.04908958953729,53.01037391143927,53.04263533546983,66400
2003-02-07,53.074886322021484,53.08134057422099,52.99100073603566,53.01681282168175,70100
2003-02-10,53.03611755371094,53.0748331818408,53.010305493908696,53.068378936103485,60900
2003-02-11,53.05553436279297,53.06198861570708,52.99745593287094,52.99745593287094,59000
2003-02-12,53.100685119628906,53.10713937021328,53.061969462424045,53.06841878985771,77900
2003-02-13,53.14584732055664,53.158750896703495,53.087768920020785,53.10713166896607,63500
2003-02-14,53.100685119628906,53.12649719881571,53.07487304044209,53.100685119628906,152100
2003-02-18,53.08137130737305,53.08782064015465,53.036201362127805,53.06846279550024,155900
2003-02-19,53.10715103149414,53.126508864347166,53.074884694637895,53.09424252749093,76800
2003-02-20,53.1394157409668,53.145869993368706,53.09424582045765,53.09424582045765,50000
2003-02-21,53.09425735473633,53.145881538862305,53.08780310093229,53.113615192995276,76400
2003-02-24,53.12005615234375,53.13941398575798,53.100698318929524,53.13295973356926,103100
2003-02-25,53.1523551940918,53.18461662858157,53.13299242561197,53.15880452709677,84200
2003-02-26,53.17817306518555,53.17817306518554,53.14590670404003,53.17171880832534,151800
2003-02-27,53.17817306518555,53.17817306518554,53.13299819031963,53.17171880832534,57400
2003-02-28,53.203922271728516,53.203922271728516,53.12649096640247,53.1523030425612,57100
2003-03-03,53.221439361572266,53.221439361572266,53.15682277062205,53.15682277062205,47900
2003-03-04,53.21491622924805,53.24722448799962,53.19553324581638,53.19553324581638,51400
2003-03-05,53.2601432800293,53.29245153783835,53.240760297163085,53.26660591750072,60200
2003-03-06,53.279541015625,53.286003654885874,53.227849760636786,53.286003654885874,69100
2003-03-07,53.33126449584961,53.357110138960856,53.292498495958924,53.357110138960856,149300
2003-03-10,53.382930755615234,53.389388466201325,53.33770213376228,53.33770213376228,64900
2003-03-11,53.33772659301758,53.37002994941168,53.324801306818074,53.36356730631193,75400
2003-03-12,53.29893112182617,53.33123939289587,53.27954813100438,53.29247341125228,59800
2003-03-13,53.137420654296875,53.23434057631118,53.137420654296875,53.21495757781872,68100
2003-03-14,53.18907165527344,53.22783762289995,53.16968867146018,53.18260901748626,338700
2003-03-17,53.12447738647461,53.273083597192574,53.105094396341826,53.273083597192574,133700
2003-03-18,53.079288482666016,53.16974579066991,53.06636319320628,53.12451713666796,126800
2003-03-19,53.06633758544922,53.11156621762559,53.059879873389164,53.11156621762559,62700
2003-03-20,53.130889892578125,53.143810230625185,53.059815709456224,53.09858165314264,93200
2003-03-21,52.995235443115234,53.07923495122769,52.995235443115234,53.07277231301552,131400
2003-03-24,53.111534118652344,53.130922031768634,53.092151135084265,53.09861377278969,54800
2003-03-25,53.111534118652344,53.15676272349393,53.05984780565353,53.15676272349393,31000
2003-03-26,53.176170349121094,53.17617034912109,53.10509609665863,53.10509609665863,62600
2003-03-27,53.18907165527344,53.22137991466105,53.163226033673,53.201992001299516,47700
2003-03-28,53.2601432800293,53.2601432800293,53.214914676825444,53.25368064255788,88700
2003-03-31,53.29893112182617,53.32477675277192,53.27308549088043,53.30539376195012,86900
2003-04-01,53.287254333496094,53.31313508803084,53.24196424712258,53.26784500165733,41300
2003-04-02,53.229061126708984,53.248475409285874,53.19024243406098,53.23553255423462,171700
2003-04-03,53.26142501831055,53.280834368894666,53.20966345925026,53.20966345925026,298000
2003-04-04,53.2484130859375,53.30016963680665,53.24194166598619,53.28076031319983,71700
2003-04-07,53.216094970703125,53.216094970703125,53.14492411444411,53.16433345046925,83600
2003-04-08,53.26786804199219,53.26786804199219,53.209635085038784,53.209635085038784,116800
2003-04-09,53.300174713134766,53.300174713134766,53.235475316201,53.24194673676865,164800
2003-04-10,53.229061126708984,53.29376552945951,53.22906112670899,53.26788475560988,32100
2003-04-11,53.203155517578125,53.22903134069523,53.15139399884367,53.183741245865114,270100
2003-04-14,53.157867431640625,53.170805343688116,53.11904382299755,53.15139600749173,261700
2003-04-15,53.19670867919922,53.216118023632376,53.15141856343771,53.177299334766055,91500
2003-04-16,53.203155517578125,53.21609342913668,53.15786542274801,53.15786542274801,101300
2003-04-17,53.157867431640625,53.23550477642618,53.15139600749173,53.229033352277284,106800
2003-04-21,53.190277099609375,53.19027709960938,53.12557759094531,53.157929813405396,37800
2003-04-22,53.18372344970703,53.22901352938233,53.17078554247772,53.216075622153014,225400
2003-04-23,53.22256088256836,53.229027369740166,53.18373727828876,53.22256088256836,145700
2003-04-24,53.27433776855469,53.29375204621979,53.24846193750448,53.254928427141216,45300
2003-04-25,53.32613754272461,53.33260897325356,53.274375971003295,53.293790262590164,346200
2003-04-28,53.31311798095703,53.33899872718718,53.28076581410743,53.3260558859483,164700
2003-04-29,53.27433776855469,53.30021853585652,53.254928427141216,53.28728062033142,68200
2003-04-30,53.38433837890625,53.390804869283734,53.29375815109953,53.306696068106696,81600
2003-05-01,53.384300231933594,53.43614342094208,53.37134190670078,53.410221826437834,90700
2003-05-02,53.32601547241211,53.40378030714014,53.32601547241211,53.40378030714014,68400
2003-05-05,53.364871978759766,53.371353614817366,53.3065520863605,53.32599205049359,120700
2003-05-06,53.442710876464844,53.442710876464844,53.28718600372864,53.33254763094531,107400
2003-05-07,53.45558547973633,53.45558547973633,53.41022392358244,53.442627153994714,48200
2003-05-08,53.42967987060547,53.46208311071293,53.39728157453831,53.46208311071293,81900
2003-05-09,53.4167366027832,53.44265821337017,53.39081499219624,53.40377826951057,213900
2003-05-12,53.45558547973633,53.475025440368164,53.416705558472664,53.442627153994714,94800
2003-05-13,53.442710876464844,53.442710876464844,53.40383089429243,53.442710876464844,62600
2003-05-14,53.475040435791016,53.50096203858198,53.44264214033246,53.462082106415636,50500
2003-05-15,53.45558547973633,53.475025440368164,53.42318719336288,53.42318719336288,107600
2003-05-16,53.51394271850586,53.52690105209621,53.45561785724478,53.48153946846728,50000
2003-05-19,53.52690887451172,53.57227046476978,53.52690887451172,53.57227046476978,68700
2003-05-20,53.598201751708984,53.59820175170899,53.50747855482164,53.50747855482164,104800
2003-05-21,53.52690887451172,53.58523374429639,53.50746889926434,53.50746889926434,40400
2003-05-22,53.54633331298828,53.57225492047766,53.526893343381516,53.57225492047766,45500
2003-05-23,53.565799713134766,53.57227640957424,53.5269148142825,53.55931807265221,48400
2003-05-27,53.54633331298828,53.57873655836028,53.5204117054989,53.56577822663614,79100
2003-05-28,53.578731536865234,53.585213174140385,53.526888326745315,53.53336996402046,51200
2003-05-29,53.598201751708984,53.611165033574856,53.55932179419825,53.58524341388655,57400
2003-05-30,53.578731536865234,53.585213174140385,53.53985160129561,53.578731536865234,191900
2003-06-02,53.55082321166992,53.57677840356854,53.53135805535762,53.55731324725624,100300
2003-06-03,53.65468978881836,53.68064500287715,53.576824146642,53.596289319573366,52700
2003-06-04,53.7000846862793,53.71305981192441,53.6676394464937,53.71305981192441,104100
2003-06-05,53.667625427246094,53.726025853514905,53.64167023228743,53.693580622204756,96100
2003-06-06,53.65468978881836,53.66117487949489,53.596289319573366,53.60926940182821,156100
2003-06-09,53.72602081298828,53.72602081298829,53.674110427941145,53.70655070576051,105900
2003-06-10,53.784385681152344,53.784385681152344,53.725990244035174,53.758430503396724,49100
2003-06-11,53.74546432495117,53.777904589705926,53.732484258693425,53.777904589705926,147300
2003-06-12,53.77796173095703,53.80391694060617,53.73254135168355,53.75849656133269,208400
2003-06-13,53.823360443115234,53.84283055535175,53.77145499516205,53.80389528132679,115700
2003-06-16,53.758453369140625,53.81685378154194,53.73898821515555,53.810363746731554,141300
2003-06-17,53.680641174316406,53.72606155806713,53.667661092987316,53.72606155806713,163700
2003-06-18,53.68707275390625,53.72600800863569,53.66760760176434,53.68058767015602,106600
2003-06-19,53.739036560058594,53.771481812852954,53.70010621706579,53.73254651940961,145300
2003-06-20,53.72602081298828,53.75197105506506,53.70655070576051,53.72602081298829,87900
2003-06-23,53.77796173095703,53.77796173095703,53.73254135168355,53.75849656133269,84900
2003-06-24,53.81692886352539,53.823413956937294,53.771508457377166,53.803948775795625,211300
2003-06-25,53.706546783447266,53.88174308257469,53.67410650799709,53.875253047306074,818400
2003-06-26,53.60923767089844,53.700078391110765,53.57030239763032,53.700078391110765,177200
2003-06-27,53.62223434448242,53.628724384376625,53.544368717101875,53.628724384376625,137300
2003-06-30,53.667625427246094,53.67411546359757,53.58975984237011,53.58975984237011,225300
2003-07-01,53.66893768310547,53.7209121807896,53.629959288122826,53.642950434263405,105900
2003-07-02,53.69490432739258,53.7014023762498,53.60395146962751,53.62993870849739,72100
2003-07-03,53.6364631652832,53.7144249274818,53.6364631652832,53.7144249274818,160900
2003-07-07,53.623497009277344,53.63648816408438,53.59750974309904,53.63648816408438,109500
2003-07-08,53.60395812988281,53.64293651475116,53.57797088778403,53.61045122298779,108700
2003-07-09,53.616939544677734,53.64942483054715,53.6039484042652,53.6039484042652,66600
2003-07-10,53.66246795654297,53.66896601132359,53.623489540986256,53.623489540986256,282900
2003-07-11,53.68199920654297,53.70149338615214,53.623531537417676,53.623531537417676,47700
2003-07-14,53.6364631652832,53.69493572607263,53.62997006918808,53.68193962075858,134100
2003-07-15,53.571434020996094,53.649395690802464,53.538953709327124,53.62990651248988,136700
2003-07-16,53.5780029296875,53.59099408022633,53.51303726386816,53.51953036085629,104100
2003-07-17,53.54549026489258,53.57797555948849,53.52600107075905,53.558486365354966,84900
2003-07-18,53.53903579711914,53.57801421350729,53.51954163236144,53.56501810366882,116000
2003-07-21,53.448081970214844,53.5325418209091,53.43509081595019,53.50655455581579,96000
2003-07-22,53.500022888183594,53.50652093951542,53.45454644198258,53.480533690749,146900
2003-07-23,53.525978088378906,53.57795255479214,53.525978088378906,53.55196532158553,221600
2003-07-24,53.51951599121094,53.54550324187378,53.4935287405481,53.4935287405481,111900
2003-07-25,53.54549026489258,53.57797555948849,53.51950302052786,53.51950302052786,86500
2003-07-28,53.474029541015625,53.51301288799988,53.46753644698519,53.474029541015625,86400
2003-07-29,53.4285888671875,53.55852518318558,53.4090996589287,53.46757224026875,120500
2003-07-30,53.45454406738281,53.51950970813246,53.44804601633965,53.461042118425986,59000
2003-07-31,53.39604187011719,53.448011375097515,53.292092947041596,53.42852219116021,130700
2003-08-01,53.33883285522461,53.40387921982122,53.26077424007696,53.27378649062799,276500
2003-08-04,53.423397064208984,53.449416604749764,53.32582999058098,53.32582999058098,127300
2003-08-05,53.325828552246094,53.44291400016153,53.27378947256817,53.44291400016153,124500
2003-08-06,53.37788391113281,53.40390346132635,53.29983022327395,53.29983022327395,80000
2003-08-07,53.436405181884766,53.436405181884766,53.35184044098937,53.41689176866876,99100
2003-08-08,53.44942092895508,53.50796614058827,53.429907512650786,53.46893434525937,187100
2003-08-11,53.37788391113281,53.42992301151989,53.358370489168095,53.42992301151989,84800
2003-08-12,53.46896743774414,53.475473568112385,53.37140029583739,53.40392102223184,46100
2003-08-13,53.364830017089844,53.41036294948692,53.3388104896176,53.39735070439208,83200
2003-08-14,53.35182189941406,53.36483414551555,53.299787803161514,53.31930120959595,134600
2003-08-15,53.390865325927734,53.46891896869828,53.3713519152351,53.40387261214986,21100
2003-08-18,53.38435363769531,53.41687929393912,53.34532682037745,53.41687929393912,134100
2003-08-19,53.44942092895508,53.44942092895508,53.32583430478779,53.364861137396375,88900
2003-08-20,53.41036605834961,53.45589899339702,53.37784040643672,53.429879464410256,81200
2003-08-21,53.33232116699219,53.403873649400865,53.26076868458352,53.390866362926104,99200
2003-08-22,53.31929397583008,53.35181466123615,53.26074880175173,53.26074880175173,174500
2003-08-25,53.293312072753906,53.34535116140163,53.280304781952296,53.33884503464051,77100
2003-08-26,53.35182189941406,53.351821899414055,53.26075602757484,53.286775557060025,350400
2003-08-27,53.2998161315918,53.358356382008765,53.273796588277435,53.358356382008765,43300
2003-08-28,53.37788391113281,53.41040958955517,53.33235093897456,53.35186436093927,91000
2003-08-29,53.371334075927734,53.38434135780219,53.33230230486989,53.38434135780219,156800
2003-09-02,53.30171203613281,53.34730722678411,53.28868838806208,53.31474065316504,378800
2003-09-03,53.34076690673828,53.34076690673828,53.29517670728045,53.30820034900023,117700
2003-09-04,53.412391662597656,53.438443906364945,53.3537728718819,53.366801478244255,79900
2003-09-05,53.59477615356445,53.601290459632814,53.5035957444459,53.54918594900518,66800
2003-09-08,53.52959442138672,53.66636489816944,53.529594421386726,53.555646650624574,194400
2003-09-09,53.620826721191406,53.620826721191406,53.53615565184656,53.58826016083424,102100
2003-09-10,53.653377532958984,53.6794297822186,53.60778733899427,53.63383958825389,91000
2003-09-11,53.61431121826172,53.64036347217388,53.60128757578532,53.61431121826172,75800
2003-09-12,53.65986251831055,53.72499062139502,53.646838885275955,53.69893838637008,222200
2003-09-15,53.71200942993164,53.71852373607421,53.63385266309975,53.66641922485296,66200
2003-09-16,53.71851348876953,53.73153712961063,53.65989468258778,53.73153712961063,102200
2003-09-17,53.71200942993164,53.75108532886774,53.679442868178434,53.71200942993163,86400
2003-09-18,53.65986251831055,53.69893838637008,53.63381028328561,53.69893838637008,192800
2003-09-19,53.65986251831055,53.672891120300896,53.61427234925584,53.653348217315376,59500
2003-09-22,53.679420471191406,53.68593477461599,53.59475440250236,53.64685889198375,86700
2003-09-23,53.692447662353516,53.692447662353516,53.627314567740314,53.659881115046915,265000
2003-09-24,53.72500991821289,53.73803852488282,53.64685815402346,53.67291039840578,62400
2003-09-25,53.731529235839844,53.75106717871051,53.69896268508341,53.72501493189696,103100
2003-09-26,53.79667663574219,53.79667663574219,53.718524836269374,53.74457212345379,76100
2003-09-29,53.77062225341797,53.80318881455043,53.75108430432233,53.79016020251361,159300
2003-09-30,53.88135528564453,53.88135528564453,53.783660553608804,53.8097128134157,92900
2003-10-01,53.88981246948242,53.909372403672094,53.85720926279904,53.87025253529276,115000
2003-10-02,53.88981246948242,53.89633410572929,53.81156775817285,53.82461103066657,93500
2003-10-03,53.75288772583008,53.77244765993613,53.713762883067076,53.75288772583008,134300
2003-10-06,53.7919921875,53.79851382185112,53.713747498934914,53.713747498934914,98900
2003-10-07,53.73982620239258,53.79198932532713,53.72678790893354,53.79198932532713,171400
2003-10-08,53.73982620239258,53.78546769132301,53.72678790893354,53.72678790893354,71900
2003-10-09,53.73329544067383,53.73329544067383,53.69417062146659,53.700692253759115,143600
2003-10-10,53.76587677001953,53.78543668620719,53.73327856788888,53.778920030508864,212200
2003-10-13,53.772457122802734,53.772457122802734,53.726815610339656,53.759413848069414,165500
2003-10-14,53.72022247314453,53.739782384659144,53.687619304256735,53.7071841903165,59900
2003-10-15,53.65507888793945,53.67463882051702,53.63551895536188,53.66160052364881,82300
2003-10-16,53.53116226196289,53.68764660820829,53.51160234050067,53.68112995075267,121800
2003-10-17,53.59639358520508,53.59639358520508,53.518153855669155,53.54423542369795,118200
2003-10-20,53.6028938293457,53.628975386966026,53.53117078952691,53.55725234714724,185700
2003-10-21,53.61592102050781,53.6485192268484,53.589839470707155,53.63548093922156,126400
2003-10-22,53.6746826171875,53.70076420675609,53.609481130543294,53.63556272011189,95300
2003-10-23,53.661590576171875,53.687667165074366,53.615949083768136,53.66810723612271,102000
2003-10-24,53.72677993774414,53.73330157078068,53.66157853102418,53.694176747109935,70700
2003-10-27,53.66810989379883,53.70071309336585,53.66159323352529,53.694191458542484,120100
2003-10-28,53.75937271118164,53.7724159759342,53.60940998836294,53.628969910943816,97600
2003-10-29,53.70071792602539,53.792000923568025,53.68767465520485,53.71375622229565,216500
2003-10-30,53.65507888793945,53.67463882051702,53.622475683943165,53.64855725223009,117500
2003-10-31,53.661590576171875,53.69418879957478,53.64854730717105,53.674628870623124,73900
2003-11-03,53.62960433959961,53.64919068822776,53.58390119904433,53.623073896300646,378300
2003-11-04,53.66877365112305,53.67530409401003,53.63613139922496,53.63613139922496,89900
2003-11-05,53.616519927978516,53.67527894262259,53.590403149936904,53.66874850279567,309100
2003-11-06,53.55777359008789,53.5773599347602,53.53818724541557,53.55124314810787,120900
2003-11-07,53.512046813964844,53.52510769215379,53.46634370283454,53.48593003885245,81900
2003-11-10,53.525169372558594,53.55781164311567,53.47946620876168,53.53822528452717,180300
2003-11-11,53.525169372558594,53.53169483790725,53.46640531552184,53.47293576214176,167300
2003-11-12,53.55777359008789,53.55777359008788,53.52513134272326,53.54471768739558,66200
2003-11-13,53.675315856933594,53.675315856933594,53.603495913242696,53.636143153563836,83800
2003-11-14,53.740562438964844,53.740562438964844,53.668742552629475,53.70138976687847,110200
2003-11-17,53.77323532104492,53.79935210865746,53.747118533432385,53.7601744366047,93000
2003-11-18,53.77973175048828,53.779731750488274,53.701381437203004,53.720967770208134,102300
2003-11-19,53.68185043334961,53.7993735337746,53.68185043334961,53.792843088953795,125300
2003-11-20,53.786285400390625,53.78628540039063,53.707940027303934,53.78628540039063,102200
2003-11-21,53.76670455932617,53.81893813424086,53.75364865623144,53.76670455932617,111100
2003-11-24,53.694881439208984,53.74058456921871,53.67529509510018,53.73405910869416,99300
2003-11-25,53.75368881225586,53.76674472510385,53.688399285472705,53.71451111116869,165400
2003-11-26,53.694881439208984,53.73405910869416,53.66876465330806,53.71446778331779,150100
2003-11-28,53.62960433959961,53.64266522619753,53.61001799097145,53.64266522619753,57800
2003-12-01,53.55636215209961,53.5759742800788,53.517137896141236,53.56944022930242,158100
2003-12-02,53.6152229309082,53.6152229309082,53.52369630865884,53.58907175486169,220300
2003-12-03,53.569454193115234,53.641368673001374,53.5498420600238,53.61521749960402,254000
2003-12-04,53.621768951416016,53.63484703627146,53.56947157547804,53.59562275736099,76600
2003-12-05,53.79169845581055,53.81131057678673,53.72632305661552,53.76554729856789,105300
2003-12-08,53.73283386230469,53.79167019432135,53.72629482947374,53.79167019432135,110300
2003-12-09,53.70022964477539,53.80483438623052,53.63485417528023,53.77868320086673,92300
2003-12-10,53.76557540893555,53.77211444862084,53.70673901524544,53.75250231739081,489600
2003-12-11,53.8767204284668,53.88979352032605,53.719813399199886,53.74596457074437,214900
2003-12-12,53.86362838745117,53.92900380545424,53.83747722268502,53.90285264068808,113700
2003-12-15,53.85057830810547,53.88326353716032,53.804814997167234,53.85057830810547,139300
2003-12-16,54.103302001953125,54.10330200195312,54.03765958791159,54.08360977856018,107800
2003-12-17,54.10981369018555,54.14919809762646,54.08355574916155,54.14263736851308,130900
2003-12-18,54.12300491333008,54.12300491333007,54.04423600420335,54.09675194908527,134000
2003-12-19,54.13611602783203,54.155808247701934,54.07047362553428,54.09673158809223,97400
2003-12-22,54.103302001953125,54.16238368032711,54.07048329902994,54.15581793646441,81700
2003-12-23,54.01797103881836,54.09017920163419,54.004839550199755,54.09017920163419,121500
2003-12-24,54.14271545410156,54.14271545410156,54.09019949631412,54.10332598166229,97600
2003-12-26,54.18864059448242,54.18864059448242,54.15581688400197,54.17550910701222,151300
2003-12-29,54.1164436340332,54.16895457019272,54.10987788893972,54.16895457019272,101300
2003-12-30,54.14271545410156,54.17553417157068,54.0967652430869,54.116457475207845,97000
2003-12-31,54.2123908996582,54.218965893124086,54.133506023819194,54.159800982432195,191000
2004-01-02,54.08090591430664,54.14664580607484,54.03489099921867,54.14664580607484,142700
2004-01-05,54.08744812011719,54.08744812011719,54.034858244681104,54.0677281706403,272400
2004-01-06,54.15319061279297,54.18606054339921,54.09403075599845,54.09403075599845,243500
2004-01-07,54.19267272949219,54.212392695292465,54.146657804207955,54.16637777000823,115400
2004-01-08,54.19924545288086,54.20582044689752,54.16638051329949,54.17952548608184,104200
2004-01-09,54.33071517944336,54.36358011595332,54.29784522768291,54.31756519263899,196600
2004-01-12,54.363555908203125,54.4095708110273,54.324115995853326,54.34383595202822,116900
2004-01-13,54.4293327331543,54.4293327331543,54.337302865029166,54.36359281427777,160000
2004-01-14,54.37672424316406,54.435884131657254,54.37014925047039,54.396444205995124,252400
2004-01-15,54.3701286315918,54.38327861199226,54.33726371108677,54.363553641391576,279800
2004-01-16,54.33071517944336,54.403025061115954,54.33071517944337,54.37673010275769,111700
2004-01-20,54.356964111328125,54.37668405958643,54.31094922697665,54.34381413565842,288600
2004-01-21,54.389869689941406,54.3898696899414,54.34385477118236,54.357004756684944,267700
2004-01-22,54.4293327331543,54.4293327331543,54.36359281427777,54.389887778778046,237500
2004-01-23,54.350379943847656,54.44898468373135,54.33723498564435,54.42926473880369,113100
2004-01-26,54.31100845336914,54.363593367653294,54.31100845336914,54.363593367653294,421700
2004-01-27,54.37672424316406,54.38986921330145,54.31755933942092,54.31755933942092,137100
2004-01-28,54.23870086669922,54.42933560795624,54.107226037253724,54.38989065149663,221000
2004-01-29,54.25181579589844,54.25181579589844,54.179505933563554,54.25181579589844,353000
2004-01-30,54.278072357177734,54.291217315919056,54.23863246570818,54.2846473441712,108400
2004-02-02,54.29713821411133,54.31688661129177,54.25763639726896,54.283969267670045,240100
2004-02-03,54.34983444213867,54.34983444213868,54.29717368941185,54.29717368941185,148600
2004-02-04,54.31694412231445,54.34327702059692,54.31035964212213,54.33010806021229,94100
2004-02-05,54.27742004394531,54.34325477394395,54.25109217892755,54.33008581895032,256600
2004-02-06,54.363014221191406,54.36959367753929,54.33668132834257,54.36959367753929,177600
2004-02-09,54.382747650146484,54.38274765014648,54.310333470387214,54.310333470387214,96000
2004-02-10,54.310359954833984,54.35644127147195,54.310359954833984,54.35644127147195,236500
2004-02-11,54.395938873291016,54.442020190577395,54.290612300559395,54.290612300559395,510900
2004-02-12,54.415687561035156,54.42885149804415,54.389354664530714,54.415687561035156,167400
2004-02-13,54.494651794433594,54.494651794433594,54.43540657616294,54.455154982253156,133900
2004-02-17,54.448551177978516,54.47488405091244,54.435387252752534,54.468299577058474,129700
2004-02-18,54.45512771606445,54.494624508468476,54.43537931986244,54.494624508468476,122100
2004-02-19,54.481510162353516,54.481510162353516,54.428844376235745,54.44200831152229,153200
2004-02-20,54.4222526550293,54.455170022593826,54.40250424348463,54.455170022593826,124900
2004-02-23,54.474910736083984,54.48149521316344,54.428829441496646,54.44199337317113,133500
2004-02-24,54.481510162353516,54.5078430554124,54.45517726929463,54.481510162353516,156300
2004-02-25,54.52096176147461,54.52096176147462,54.48146496589474,54.507797837108534,119900
2004-02-26,54.501258850097656,54.521007264369494,54.48151043582581,54.50784332901687,227000
2004-02-27,54.5407600402832,54.5407600402832,54.501263208580944,54.507847688026736,148600
2004-03-01,54.522926330566406,54.54270170539068,54.48337558091787,54.54270170539068,175900
2004-03-02,54.47024917602539,54.509804998973706,54.43069838242519,54.509804998973706,218800
2004-03-03,54.43065643310547,54.45702528496602,54.391105669986764,54.41747452184732,188400
2004-03-04,54.47685241699219,54.48344589355688,54.410932739392315,54.44389006351774,191500
2004-03-05,54.59543228149414,54.641576493189184,54.59543228149415,54.63498302599221,451000
2004-03-08,54.68113708496094,54.6877305533453,54.641586333340356,54.674548645919366,152600
2004-03-09,54.71415710449219,54.71415710449219,54.65483091449006,54.681194757147836,114500
2004-03-10,54.68113708496094,54.70750592915559,54.66136170915065,54.667955177535006,251200
2004-03-11,54.7273063659668,54.733899837370465,54.64820482650306,54.7273063659668,162900
2004-03-12,54.687782287597656,54.727333076633,54.66800689307998,54.71415115673707,133200
2004-03-15,54.6613883972168,54.69435072588944,54.6416130117513,54.68116378268229,141700
2004-03-16,54.700965881347656,54.73392319373958,54.628452752999294,54.66141006539122,165600
2004-03-17,54.700965881347656,54.740516667956854,54.69437240713037,54.740516667956854,147100
2004-03-18,54.68113708496094,54.72728130496588,54.654773270109075,54.70091749011401,455600
2004-03-19,54.700965881347656,54.71414780043498,54.6680035396085,54.70096588134765,127500
2004-03-22,54.733909606933594,54.733909606933594,54.69435883014223,54.70754074595736,233300
2004-03-23,54.74706268310547,54.74706268310547,54.714100369940645,54.72728227760085,208200
2004-03-24,54.76026916503906,54.76026916503906,54.72730683708203,54.75367569357863,245900
2004-03-25,54.75365447998047,54.76024794888634,54.71410372523156,54.747066040417764,181500
2004-03-26,54.700965881347656,54.76688553547873,54.674597013825775,54.76688553547873,344100
2004-03-29,54.6613883972168,54.6613883972168,54.62183762628581,54.62843109788938,174200
2004-03-30,54.654788970947266,54.68774626365122,54.63500856011182,54.68115279337274,190300
2004-03-31,54.69435501098633,54.707536925881,54.661392679731215,54.661392679731215,179400
2004-04-01,54.62831497192383,54.68112905319496,54.62171195260793,54.68112905319496,270900
2004-04-02,54.43682861328125,54.55565769249522,54.410421591608774,54.43682861328125,412100
2004-04-05,54.384071350097656,54.417081420808806,54.38407135009766,54.41047839934065,291000
2004-04-06,54.45005798339844,54.46986199898604,54.417047933001406,54.42365095040612,125900
2004-04-07,54.463314056396484,54.489721116092355,54.43690699670062,54.45671103231461,134300
2004-04-08,54.463314056396484,54.46991708047836,54.41049993700475,54.41710296108663,146500
2004-04-12,54.410484313964844,54.43689136607838,54.38407726185131,54.410484313964844,233600
2004-04-13,54.337894439697266,54.37090453116452,54.31148737385002,54.35769847992449,181500
2004-04-14,54.2454948425293,54.27190191938566,54.21248977393502,54.258700899274935,291200
2004-04-15,54.27846908569336,54.28507210970353,54.219051942865015,54.27846908569336,209300
2004-04-16,54.3510627746582,54.364263780104736,54.318052706097895,54.364263780104736,133100
2004-04-19,54.285037994384766,54.364254086197256,54.285037994384766,54.364254086197256,438900
2004-04-20,54.15959548950195,54.31803267959275,54.15959548950195,54.29822866040983,185400
2004-04-21,54.1662483215332,54.25206749579104,54.15964529685734,54.15964529685734,145200
2004-04-22,54.2454948425293,54.2454948425293,54.19928371718938,54.23229382241857,334000
2004-04-23,54.13319396972656,54.19260603333142,54.11338994852495,54.19260603333142,256800
2004-04-26,54.13984680175781,54.14644479047702,54.11343973698317,54.14644479047702,1060700
2004-04-27,54.20584487915039,54.20584487915039,54.12662370976852,54.13982975631435,978500
2004-04-28,54.09357833862305,54.18600044901684,54.09357833862305,54.18600044901684,229400
2004-04-29,54.08702850341797,54.15964666679301,54.06062144067866,54.11343556615727,1179200
2004-04-30,54.113380432128906,54.146385449451344,54.08697339629471,54.12658143173246,114700
2004-05-03,54.13718795776367,54.13718795776368,54.08429903119079,54.097523784716834,143000
2004-05-04,54.124000549316406,54.2363858025313,54.09094368953854,54.18349684439418,248800
2004-05-05,54.104122161865234,54.18345553859252,54.104122161865234,54.18345553859252,123400
2004-05-06,54.0909423828125,54.13721895912238,54.06449790438278,54.13721895912238,574000
2004-05-07,53.86618423461914,53.945512644331664,53.852959470487264,53.945512644331664,733300
2004-05-10,53.89262390136719,53.94551287057715,53.872791798855886,53.94551287057715,382200
2004-05-11,53.89918518066406,53.92562964019657,53.7603555509421,53.87935309695591,192400
2004-05-12,53.91246032714844,53.94551214963567,53.89262318113253,53.94551214963567,260000
2004-05-13,53.885990142822266,53.91243461446156,53.852933292331336,53.87937776397063,200200
2004-05-14,53.971954345703125,53.971954345703125,53.892620896311826,53.892620896311826,259600
2004-05-17,54.044673919677734,54.051286301219946,54.00500971796304,54.051286301219946,206600
2004-05-18,53.991783142089844,54.01822762360152,53.96533866057816,54.01822762360152,210500
2004-05-19,53.96531295776367,53.96531295776367,53.9190363981013,53.96531295776367,165000
2004-05-20,53.991783142089844,54.02484000492172,53.96533866057816,53.97856342321857,102200
2004-05-21,53.991783142089844,54.051284486433396,53.96533866057816,54.04467210511319,226400
2004-05-24,54.00499725341797,54.004997253417976,53.958720680841864,53.99838487340192,180700
2004-05-25,54.00499725341797,54.03804906596198,53.98516515713794,53.99838487340192,158200
2004-05-26,54.104122161865234,54.104122161865234,54.02479382890276,54.02479382890276,143800
2004-05-27,54.13060760498047,54.14383236633036,54.090943408468064,54.110775506724266,275000
2004-05-28,54.110774993896484,54.13060709196473,54.0644984171477,54.13060709196473,153400
2004-06-01,54.033966064453125,54.073690436720725,53.99424169218552,54.04720583806876,117700
2004-06-02,54.00083923339844,54.02070141224224,53.967737285798385,54.00083923339844,166400
2004-06-03,54.01411819458008,54.02735797170488,53.987633588908466,54.00749578030667,158500
2004-06-04,53.928009033203125,53.98760062243132,53.928009033203125,53.98760062243132,303000
2004-06-07,53.94790267944336,53.97438223048943,53.908173250031425,53.934657852498916,119300
2004-06-08,53.95450210571289,53.95450210571289,53.901537969805894,53.94788474586185,184300
2004-06-09,53.86845016479492,53.921419371001065,53.848587975323,53.921419371001065,419300
2004-06-10,53.861812591552734,53.88167477543437,53.82208822378947,53.86843500331999,349900
2004-06-14,53.722755432128906,53.81544896216718,53.722755432128906,53.81544896216718,141200
2004-06-15,53.90156173706055,53.93466370517088,53.828730335227085,53.84859252637767,569800
2004-06-16,53.861812591552734,53.914781782850504,53.861812591552734,53.88167477543437,180200
2004-06-17,53.928009033203125,53.928009033203125,53.81545331639522,53.83531549566497,181000
2004-06-18,53.8949089050293,53.94787808581681,53.8949089050293,53.914771084969836,184000
2004-06-21,53.934635162353516,53.96111975367901,53.92139539240041,53.947879983725905,115800
2004-06-22,53.95450210571289,53.961124516983666,53.908155329656935,53.94126233459107,101900
2004-06-23,53.96774673461914,53.98098650569345,53.91477754748246,53.934639729803784,258200
2004-06-24,54.02074432373047,54.04722893369992,53.98764234983579,54.033989154426614,161500
2004-06-25,54.02738952636719,54.02738952636719,53.98104270222853,53.98104270222853,252000
2004-06-28,53.90156173706055,53.967770724703165,53.8949393228697,53.967770724703165,193700
2004-06-29,53.95450210571289,53.961124516983666,53.88829314726434,53.89491555853512,191100
2004-06-30,54.10018539428711,54.10018539428711,53.947905237156114,53.9810072032438,130900
2004-07-01,54.11145782470703,54.15788814401577,54.045129520055305,54.05175880815279,632000
2004-07-02,54.257381439208984,54.29717740865391,54.2109511213482,54.24411274237727,164900
2004-07-06,54.244083404541016,54.25735209419638,54.19765311179199,54.25735209419638,203300
2004-07-07,54.25074768066406,54.264011317114885,54.22421534723726,54.264011317114885,206500
2004-07-08,54.270633697509766,54.29053167806055,54.24410136993403,54.27063369750976,259600
2004-07-09,54.270633697509766,54.297166025085495,54.25073571695897,54.29053167806055,250200
2004-07-12,54.29053497314453,54.310432954903,54.27063699138607,54.310432954903,285500
2004-07-13,54.25074768066406,54.264011317114885,54.21095171078644,54.25074768066407,204800
2004-07-14,54.23085403442383,54.25738636997334,54.2109560478931,54.25075202095457,99800
2004-07-15,54.23085403442383,54.244117671935804,54.197687349855556,54.22421968540507,232400
2004-07-16,54.336936950683594,54.336936950683594,54.277243036534934,54.30377535188602,181100
2004-07-19,54.31043243408203,54.33696476301367,54.297168799878364,54.33696476301367,178900
2004-07-20,54.21094512939453,54.310435042010184,54.191042086346854,54.270639076963924,137500
2004-07-21,54.19770431518555,54.19770431518554,54.14463962747587,54.19770431518554,171400
2004-07-22,54.21094512939453,54.230843111917665,54.18441279918884,54.217574416552544,117100
2004-07-23,54.21094512939453,54.23747239907567,54.20431078171197,54.230843111917665,138700
2004-07-26,54.17116165161133,54.21096269007498,54.157898012474234,54.21096269007498,156000
2004-07-27,54.1247444152832,54.18444345715531,54.09821207006531,54.177809105718985,117500
2004-07-28,54.157894134521484,54.17115777270884,54.08493147317647,54.11809309890777,74400
2004-07-29,54.17116165161133,54.19769399041169,54.13136567367386,54.13136567367386,198500
2004-07-30,54.25074768066406,54.27064566560288,54.22421534723726,54.25074768066407,102200
2004-08-02,54.2926025390625,54.3125353724889,54.25938283981448,54.29924850666728,212200
2004-08-03,54.30588912963867,54.31917599415263,54.252731532807914,54.27931033122329,280700
2004-08-04,54.29927062988281,54.33913631297814,54.285978689257696,54.305916600195374,82900
2004-08-05,54.332454681396484,54.3457466132974,54.29923499041756,54.32581378483271,480600
2004-08-06,54.525150299072266,54.58495385731917,54.498571503116644,54.57166192464786,632300
2004-08-09,54.518524169921875,54.54509790368872,54.49194536676667,54.54509790368872,212400
2004-08-10,54.385658264160156,54.525193250804385,54.385658264160156,54.518552348624404,163000
2004-08-11,54.47199630737305,54.47199630737305,54.412192750739116,54.41883871689552,180000
2004-08-12,54.48526382446289,54.49190978825954,54.42546535844818,54.458685038661336,110700
2004-08-13,54.5384407043457,54.545081601108386,54.50521594298492,54.531794738196176,117100
2004-08-16,54.525150299072266,54.525150299072266,54.46535181021235,54.48528463983232,97600
2004-08-17,54.5783576965332,54.5783576965332,54.52520005611289,54.55842484872348,197400
2004-08-18,54.56501007080078,54.618162582651784,54.551718140798556,54.611521687036635,192000
2004-08-19,54.598270416259766,54.598270416259766,54.53847189487581,54.53847189487581,265400
2004-08-20,54.56501007080078,54.59822975703441,54.54507217579744,54.59158886141927,132500
2004-08-23,54.518524169921875,54.538457004941186,54.51187820178598,54.538457004941186,98600
2004-08-24,54.54511642456055,54.54511642456055,54.47867192880539,54.51189671137801,188000
2004-08-25,54.525150299072266,54.57830789098352,54.50521746945229,54.55837506136354,114800
2004-08-26,54.5783576965332,54.5783576965332,54.52520005611289,54.55177887632304,111400
2004-08-27,54.55842208862305,54.59164687955281,54.5451301444946,54.578354935424365,90500
2004-08-30,54.57168960571289,54.59162751483319,54.55175676598214,54.55840273568891,66100
2004-08-31,54.65142059326172,54.67135343100807,54.57833014193237,54.60490894872386,100200
2004-09-01,54.66609573364258,54.672752389848796,54.59954440420331,54.672752389848796,285100
2004-09-02,54.57952880859375,54.63942342618454,54.57952880859375,54.63942342618454,133700
2004-09-03,54.50632858276367,54.53295010907287,54.453085530145266,54.53295010907287,435400
2004-09-07,54.50632858276367,54.51298523372521,54.47305040549293,54.499671931802126,126900
2004-09-08,54.586212158203125,54.60618211989506,54.46641777574752,54.47973108354215,86800
2004-09-09,54.592872619628906,54.62615081389722,54.57290773408374,54.606185928352055,94500
2004-09-10,54.60615921020508,54.64608896175825,54.59284590799597,54.64608896175825,79600
2004-09-13,54.61280059814453,54.61945724800758,54.57952750390155,54.59283572609152,87000
2004-09-14,54.6261100769043,54.65273159695825,54.572867036796396,54.572867036796396,140200
2004-09-15,54.592872619628906,54.63945904508081,54.586215965267336,54.62615081389722,203000
2004-09-16,54.68601989746094,54.70598477366984,54.59950374137665,54.59950374137665,341400
2004-09-17,54.6194953918457,54.69270335885604,54.6194953918457,54.686046704344285,165600
2004-09-20,54.7059326171875,54.7059326171875,54.64603804566412,54.679316192643114,1060900
2004-09-21,54.6261100769043,54.692661338271286,54.606145206247774,54.68600468887385,133600
2004-09-22,54.67935562133789,54.686007193504196,54.61945592908914,54.65273410006467,153900
2004-09-23,54.61280059814453,54.71263003594573,54.57952750390155,54.71263003594573,441400
2004-09-24,54.57952880859375,54.592837031101844,54.53959398599697,54.57287215857158,194100
2004-09-27,54.61280059814453,54.63276547019755,54.59283572609152,54.626113897870624,105900
2004-09-28,54.64611053466797,54.65941876459376,54.61283234354488,54.639453880935534,282800
2004-09-29,54.57952880859375,54.6128019036321,54.55956393606349,54.6128019036321,117100
2004-09-30,54.5994987487793,54.60615539941931,54.51963417370936,54.54625569873268,228200
2004-10-01,54.56085205078125,54.594183867029344,54.52752532025429,54.58084910624166,451800
2004-10-04,54.567440032958984,54.57410740365149,54.52744598023143,54.52744598023143,98800
2004-10-05,54.57420349121094,54.594200552783086,54.554201343916105,54.58086578791986,168200
2004-10-06,54.52750015258789,54.58749129127963,54.52750015258789,54.58749129127963,133600
2004-10-07,54.50749969482422,54.54749887423272,54.487502647979426,54.54083149671148,160400
2004-10-08,54.647499084472656,54.674158427944654,54.62749694828888,54.66082875620866,137900
2004-10-11,54.68749237060547,54.68749237060547,54.647498270273495,54.67415761334829,64800
2004-10-12,54.700809478759766,54.707476855857024,54.66748276471068,54.66748276471068,162700
2004-10-13,54.740840911865234,54.74084091186523,54.66084759671757,54.674177273048045,130600
2004-10-14,54.754188537597656,54.780852984721285,54.72085670726229,54.74752115438592,180400
2004-10-15,54.73417282104492,54.74750249720254,54.6608468878742,54.73417282104492,221900
2004-10-18,54.740840911865234,54.74084091186523,54.7008417114306,54.72083876878711,149000
2004-10-19,54.72079849243164,54.72746586855027,54.67413703103699,54.68080440715561,297400
2004-10-20,54.76747131347656,54.76747131347657,54.72080476101812,54.727472137900534,164000
2004-10-21,54.700809478759766,54.77413536967381,54.700809478759766,54.75413832410063,161300
2004-10-22,54.754188537597656,54.75418853759765,54.70752702656211,54.72752409047402,106700
2004-10-25,54.774147033691406,54.7941440835229,54.75414998385991,54.7941440835229,120600
2004-10-26,54.76747131347656,54.787468358405356,54.74746918282933,54.787468358405356,121300
2004-10-27,54.69416046142578,54.78748342056209,54.68082570399497,54.76748637013572,263400
2004-10-28,54.71413803100586,54.73413507431233,54.66747656805141,54.707470654664355,102800
2004-10-29,54.760807037353516,54.760807037353516,54.70747819071143,54.74747228283363,181800
2004-11-01,54.72608947753906,54.766150870861566,54.699380183898434,54.746120174200314,237800
2004-11-02,54.752769470214844,54.752769470214844,54.68599881898404,54.73273878427302,303600
2004-11-03,54.74611282348633,54.746112823486335,54.659311451516686,54.686020741571085,232000
2004-11-04,54.699363708496094,54.75278227968772,54.67265442290028,54.72607299409191,279700
2004-11-05,54.559146881103516,54.605886859984174,54.54579478468431,54.58585616821755,335100
2004-11-08,54.53242111206055,54.565808984430824,54.499038333964364,54.55913039110195,224400
2004-11-09,54.572509765625,54.57918326739306,54.53912187968002,54.572509765625,198700
2004-11-10,54.5057373046875,54.56583448418384,54.49906380251405,54.552477291284,170600
2004-11-11,54.545780181884766,54.57248946184829,54.48568302839827,54.52574949548069,121500
2004-11-12,54.53242111206055,54.572487577759695,54.51239042634802,54.5457782987183,179500
2004-11-15,54.53242111206055,54.55245179777308,54.49235974063549,54.539099705389425,210300
2004-11-16,54.49237060546875,54.519079889835524,54.479013416147815,54.485692010808286,143600
2004-11-17,54.572509765625,54.572509765625,54.505733993735035,54.525769781867716,122300
2004-11-18,54.565853118896484,54.56585311889648,54.51911311633786,54.55249592143504,287700
2004-11-19,54.47905731201172,54.55250662963249,54.459026606165914,54.545833123870025,209400
2004-11-22,54.49237060546875,54.50572270051458,54.46566132110198,54.49904920012922,466700
2004-11-23,54.485721588134766,54.52578808357239,54.452338785260935,54.485721588134766,262600
2004-11-24,54.47905731201172,54.49909311213674,54.45235310040345,54.479057312011726,184200
2004-11-26,54.42558670043945,54.45229597830809,54.41890810740382,54.42558670043945,138700
2004-11-29,54.43232345581055,54.43232345581055,54.398940640385476,54.41897134849648,144100
2004-11-30,54.445655822753906,54.48571722070244,54.42562512377964,54.42562512377964,398000
2004-12-01,54.4824333190918,54.52925657076167,54.46236694028352,54.52925657076167,188300
2004-12-02,54.46238327026367,54.475764262382455,54.40886950849494,54.44900738149809,227800
2004-12-03,54.582794189453125,54.60955107401742,54.56272780186838,54.576103692473566,418300
2004-12-06,54.58945083618164,54.60282671849261,54.542627593067124,54.56938446103981,197200
2004-12-07,54.58945083618164,54.58945083618164,54.52256121792529,54.57606985051992,516500
2004-12-08,54.609561920166016,54.6296283117362,54.54936274545547,54.54936274545547,141300
2004-12-09,54.60283660888672,54.64965986048249,54.57607973606747,54.60952710292945,263600
2004-12-10,54.609561920166016,54.622942916782755,54.58280503028747,54.61625241847438,245900
2004-12-13,54.56943130493164,54.60956408966638,54.542674413990106,54.58280719872484,237400
2004-12-14,54.582794189453125,54.60955107401742,54.535970917304084,54.576103692473566,300400
2004-12-15,54.63631820678711,54.63631820678712,54.58949492585537,54.61625181543849,325700
2004-12-16,54.57610321044922,54.62961697910517,54.53597043563419,54.60286009477719,326100
2004-12-17,54.55598449707031,54.58274135573513,54.52922763840549,54.52922763840549,92700
2004-12-20,54.55598449707031,54.589431846238575,54.52254225125101,54.57605086523168,260100
2004-12-21,54.56266784667969,54.569358336307516,54.529220501888844,54.54929197077233,283300
2004-12-22,54.56266784667969,54.57604372258704,54.53591099151667,54.56266784667969,709900
2004-12-23,54.549312591552734,54.60282121875784,54.54262209939576,54.60282121875784,417600
2004-12-27,54.515892028808594,54.5627152902207,54.49582564582523,54.54264890723733,142900
2004-12-28,54.53593063354492,54.55599700630735,54.5024883800576,54.52255475282002,243500
2004-12-29,54.529293060302734,54.556049951069326,54.50254127289125,54.556049951069326,214600
2004-12-30,54.549312591552734,54.57606435348017,54.50917474196111,54.52924111508181,208000
2004-12-31,54.572086334228516,54.59889381804806,54.55868514882111,54.58548751963592,170600
2005-01-03,54.578819274902344,54.58551731475976,54.53190743086282,54.53190743086282,370200
2005-01-04,54.458229064941406,54.56545402642319,54.458229064941406,54.5587559815259,425300
2005-01-05,54.47158432006836,54.498391816079085,54.44477682405764,54.45818312856653,273500
2005-01-06,54.49842834472656,54.53193901545293,54.485027144242316,54.485027144242316,318800
2005-01-07,54.50510787963867,54.5118059204727,54.47830037727772,54.50510787963867,142500
2005-01-10,54.47158432006836,54.50509496833353,54.45818312856653,54.498391816079085,296100
2005-01-11,54.48501968383789,54.498420882487174,54.46491021634929,54.498420882487174,296000
2005-01-12,54.49168395996094,54.5318977570092,54.47828276961593,54.47828276961593,126400
2005-01-13,54.558719635009766,54.55871963500977,54.51180267391614,54.53191213424539,104500
2005-01-14,54.531883239746094,54.54528442652349,54.471565116734666,54.51847693996344,213100
2005-01-18,54.51178741455078,54.51178741455078,54.45817754103689,54.45817754103689,167000
2005-01-19,54.518497467041016,54.518497467041016,54.47158562614919,54.511794314625845,221700
2005-01-20,54.565406799316406,54.5721099514234,54.511791808474335,54.53190126479532,156500
2005-01-21,54.61901092529297,54.61901092529297,54.55199475657478,54.55199475657478,188000
2005-01-24,54.58553695678711,54.61234446488574,54.55203140642085,54.61234446488574,325700
2005-01-25,54.565406799316406,54.5721099514234,54.52519811268833,54.5721099514234,219300
2005-01-26,54.5452995300293,54.57881017575971,54.53189833954113,54.53859637828188,114100
2005-01-27,54.531883239746094,54.53858127663216,54.50507575318604,54.531883239746094,273700
2005-01-28,54.558719635009766,54.585522022766185,54.5453133281236,54.55201648156668,101400
2005-01-31,54.552024841308594,54.558727995778895,54.51181102749553,54.552024841308594,179500
2005-02-01,54.566131591796875,54.5862782667348,54.54598491685895,54.55941432555994,215200
2005-02-02,54.54594421386719,54.57952027245115,54.532509691418355,54.5526614750916,179400
2005-02-03,54.51237487792969,54.53252154221207,54.498945476331485,54.498945476331485,270600
2005-02-04,54.566131591796875,54.59971279920867,54.53255038438508,54.566131591796875,451400
2005-02-07,54.552711486816406,54.56614089780773,54.525847541060024,54.559423630425194,345800
2005-02-08,54.53255081176758,54.55270261063631,54.512404136671755,54.539268078057155,154400
2005-02-09,54.633262634277344,54.64669716029659,54.559388112482736,54.559388112482736,415000
2005-02-10,54.59295654296875,54.626532602627826,54.57280988241946,54.626532602627826,506600
2005-02-11,54.566131591796875,54.61314220790966,54.54598491685895,54.59971279920867,298600
2005-02-14,54.53926467895508,54.56612861866621,54.51911800511488,54.56612861866621,640800
2005-02-15,54.54594421386719,54.55937361254696,54.525797553962995,54.525797553962995,261000
2005-02-16,54.51908874511719,54.57281659570411,54.49222481982373,54.54595267041065,163100
2005-02-17,54.54594421386719,54.5526614750916,54.49893363283439,54.51908029273858,443800
2005-02-18,54.47207260131836,54.5258004464257,54.46535533973761,54.512365923264205,199100
2005-02-22,54.49225997924805,54.51240665527469,54.4721133032214,54.4721133032214,177600
2005-02-23,54.48549270629883,54.532503281806115,54.48549270629882,54.49220996673371,727500
2005-02-24,54.47207260131836,54.512365923264205,54.45192594034544,54.48550200071053,223400
2005-02-25,54.44522476196289,54.4720886924522,54.43179535860365,54.4720886924522,595100
2005-02-28,54.41164016723633,54.4519386223371,54.36462957276085,54.43850409604667,502900
2005-03-01,54.40017318725586,54.44728366145675,54.38671671898204,54.44055286027133,265100
2005-03-02,54.433868408203125,54.46078650176787,54.400219507721836,54.42713760128659,390100
2005-03-03,54.45405960083008,54.47424688892633,54.42041583203692,54.460790408229414,1341100
2005-03-04,54.45405960083008,54.49443931112433,54.447333927532505,54.49443931112433,438000
2005-03-07,54.433868408203125,54.47424298149955,54.42713760128659,54.440599215119654,429300
2005-03-08,54.433868408203125,54.433868408203125,54.386763027990156,54.42713760128659,242400
2005-03-09,54.413665771484375,54.44058385745555,54.38674768551321,54.38674768551321,376400
2005-03-10,54.373291015625,54.42039638238153,54.36656021063123,54.42039638238153,236900
2005-03-11,54.35981750488281,54.39346638838513,54.33289942490072,54.39346638838513,758700
2005-03-14,54.33965301513672,54.3598403000639,54.319465730209544,54.3598403000639,214900
2005-03-15,54.31940460205078,54.366509925238034,54.31940460205078,54.34632266302852,258900
2005-03-16,54.38673782348633,54.42711237807194,54.359819742396255,54.38673782348633,376100
2005-03-17,54.406890869140625,54.440539732856834,54.38670360454921,54.42707813373204,224400
2005-03-18,54.380043029785156,54.40696112870021,54.3733173556332,54.40696112870021,111200
2005-03-21,54.413665771484375,54.413665771484375,54.36656040455981,54.38001688049543,1622400
2005-03-22,54.31940460205078,54.45398977284432,54.29248654107304,54.42034604719352,1623900
2005-03-23,54.31273651123047,54.31946731776989,54.25217465467892,54.27909274673553,216000
2005-03-24,54.32618713378906,54.346374415222236,54.285807436822665,54.31272552343358,270500
2005-03-28,54.29927444458008,54.312730922173095,54.27235635529348,54.29927444458008,865700
2005-03-29,54.33965301513672,54.33965301513672,54.29254763893965,54.29254763893965,263600
2005-03-30,54.34634017944336,54.35979664722181,54.312691308851996,54.312691308851996,168300
2005-03-31,54.420433044433594,54.4204330444336,54.36659683641482,54.373327645943014,189200
2005-04-01,54.45412063598633,54.48109696618759,54.400157683202956,54.45412063598633,779200
2005-04-04,54.45412063598633,54.487843621833115,54.43388066904974,54.4473739803408,543700
2005-04-05,54.46761703491211,54.48785185871715,54.440635554441656,54.48110520205174,134500
2005-04-06,54.508113861083984,54.521607181142784,54.48113236716015,54.48787902718955,175200
2005-04-07,54.48783493041992,54.54179787459561,54.48108827585056,54.528304565456885,294200
2005-04-08,54.481101989746094,54.48784864601372,54.4473790007898,54.45412565705742,136900
2005-04-11,54.481101989746094,54.501341958548956,54.4473790007898,54.467613823401756,208000
2005-04-12,54.51481628417969,54.555285919128806,54.454111831756,54.467599994675844,140300
2005-04-13,54.595760345458984,54.595760345458984,54.53505074724025,54.548544056261996,262800
2005-04-14,54.64299011230469,54.66322493463865,54.59577381146184,54.602515321445935,163100
2005-04-15,54.7307014465332,54.7307014465332,54.64301546034627,54.69023178309204,292000
2005-04-18,54.70366668701172,54.75762961651489,54.690178527730026,54.730648151763305,725600
2005-04-19,54.7711296081543,54.784622916539185,54.690190342602214,54.690190342602214,1463600
2005-04-20,54.75088119506836,54.77111600643132,54.68343010846249,54.70366491982544,496600
2005-04-21,54.656463623046875,54.730661382503456,54.642975460504516,54.71042656559519,200900
2005-04-22,54.66999435424805,54.717210674750774,54.65650103627985,54.717210674750774,141300
2005-04-25,54.683448791503906,54.683448791503906,54.65646731840551,54.683448791503906,315100
2005-04-26,54.66999435424805,54.696970697798484,54.629519546536436,54.69022918500736,192400
2005-04-27,54.71039962768555,54.73738108567477,54.676671518652284,54.723887783586704,479900
2005-04-28,54.75766372680664,54.777898551428194,54.730682245247436,54.75766372680664,273700
2005-04-29,54.70366668701172,54.75762961651489,54.690178527730026,54.73739480449825,428400
2005-05-02,54.71046829223633,54.730750636535205,54.676666104497116,54.69694844879599,246600
2005-05-03,54.74423599243164,54.75099848839279,54.68338384532739,54.71042867089894,303200
2005-05-04,54.76450729370117,54.77126978830051,54.72394264264918,54.75098746277451,621300
2005-05-05,54.8185920715332,54.852394224987606,54.7645024360803,54.8118295775337,214600
2005-05-06,54.69694519042969,54.72399003397603,54.65637534597194,54.71722753352032,213600
2005-05-09,54.66989517211914,54.676657671934734,54.64285033113272,54.66989517211913,118700
2005-05-10,54.71046829223633,54.73751313739376,54.66990360363856,54.676666104497116,229200
2005-05-11,54.74423599243164,54.784800651652446,54.730711000509345,54.757755826080896,92800
2005-05-12,54.77130126953125,54.77130126953125,54.69016676252108,54.737493935374935,216200
2005-05-13,54.832130432128906,54.838892928413834,54.78480327468098,54.81184810154741,129900
2005-05-16,54.8185920715332,54.852394224987606,54.8185920715332,54.852394224987606,129300
2005-05-17,54.8185920715332,54.865919212986604,54.8185920715332,54.84563688925965,118800
2005-05-18,54.87271499633789,54.90651717029888,54.845670162204286,54.87271499633789,302100
2005-05-19,54.79161834716797,54.85922790007324,54.79161834716796,54.82542054448148,200900
2005-05-20,54.79161834716797,54.82542054448148,54.778093341619964,54.81866319998572,143500
2005-05-23,54.82542037963867,54.84570788789968,54.8051380296559,54.82542037963867,1662900
2005-05-24,54.85922622680664,54.85922622680664,54.82541887224605,54.83894387738152,123700
2005-05-25,54.87943649291992,54.90648130938983,54.838871847350724,54.90648130938983,228300
2005-05-26,54.85922622680664,54.86598872937438,54.83218137481378,54.85246372423891,191400
2005-05-27,54.87943649291992,54.87943649291993,54.838871847350724,54.84563434103603,130100
2005-05-31,54.920066833496094,54.92682417635851,54.86597714093485,54.879496984936665,164200
2005-06-01,55.028465270996094,55.08946010319,54.913259129524164,54.913259129524164,782400
2005-06-02,55.008087158203125,55.02164385141356,54.97420576590413,54.98775728875102,401400
2005-06-03,54.94040298461914,55.04883601420339,54.93362462767727,55.04883601420339,180400
2005-06-06,54.96746826171875,54.97424661336048,54.92680849260316,54.96068991007702,1264700
2005-06-07,54.981014251708984,54.99457095362571,54.94035448669251,54.99457095362571,190000
2005-06-08,54.96746826171875,54.994576497918274,54.947138377160954,54.994576497918274,149300
2005-06-09,54.933589935302734,54.94714664062497,54.89970851273346,54.94714664062497,338200
2005-06-10,54.886173248291016,54.91328149915697,54.859064997425065,54.899729958909084,313900
2005-06-13,54.886173248291016,54.899729958909084,54.859064997425065,54.89295160360005,153100
2005-06-14,54.89970016479492,54.89970016479492,54.87259192864063,54.892921813164506,264200
2005-06-15,54.886173248291016,54.906503143847935,54.859064997425065,54.88617324829102,135000
2005-06-16,54.933589935302734,54.933589935302734,54.865821919796026,54.886151807411224,379600
2005-06-17,54.926849365234375,54.93362255154884,54.89296275217713,54.91329265186298,887800
2005-06-20,54.91328811645508,54.920066472580935,54.892958218448314,54.90650976032922,211600
2005-06-21,54.92008972167969,54.953971175910254,54.90653300368906,54.926868080675,253700
2005-06-22,55.04197692871094,55.04197692871094,54.947100752162704,55.00131718743708,274500
2005-06-23,55.021690368652344,55.035241902956166,54.98102542500504,55.021690368652344,198300
2005-06-24,55.04884338378906,55.082724832291404,55.035286668090436,55.082724832291404,383000
2005-06-27,55.06913375854492,55.075906941160355,55.035247163994136,55.062355405561085,144500
2005-06-28,55.008087158203125,55.04875206747088,55.008087158203125,55.02841702765523,189000
2005-06-29,55.021690368652344,55.06235014193173,54.99458212967678,55.06235014193173,291500
2005-06-30,55.055606842041016,55.069163555343955,54.994617143291414,55.06238519869248,474900
2005-07-01,54.90347671508789,55.025741249791025,54.88988888776659,55.025741249791025,206400
2005-07-05,54.91701126098633,54.94418170959391,54.889840812378736,54.91021735327613,198600
2005-07-06,54.95098876953125,54.95098876953125,54.90344176864615,54.90344176864615,130500
2005-07-07,54.99848556518555,55.025655995493786,54.978109038011794,55.01206818922482,151400
2005-07-08,54.93742752075195,54.99176845725475,54.92384487774473,54.99176845725475,126300
2005-07-11,54.89665603637695,54.92382649553479,54.88307339791564,54.92382649553479,1435900
2005-07-12,54.89665603637695,54.930620405883055,54.889862126028696,54.91703258518653,168100
2005-07-13,54.90347671508789,54.92385327383213,54.89668280142724,54.9034767150879,404800
2005-07-14,54.90347671508789,54.93743591891571,54.88988888776659,54.93743591891571,280300
2005-07-15,54.91017150878906,54.930553214902964,54.88300626509491,54.88979498490402,299200
2005-07-18,54.89665603637695,54.910238674838276,54.869485577219116,54.90344994672522,309300
2005-07-19,54.91701126098633,54.92380516869652,54.86946427148134,54.88305208690173,216100
2005-07-20,54.91017150878906,54.93734193471207,54.8558358391719,54.903382788979954,196200
2005-07-21,54.855865478515625,54.910201177491075,54.84227766709802,54.88303591911918,322600
2005-07-22,54.91017150878906,54.923759312864995,54.84904193713394,54.84904193713394,547000
2005-07-25,54.88987350463867,54.91704396942892,54.87629086336168,54.88308477511831,191600
2005-07-26,54.8762321472168,54.903402582935385,54.86264433824214,54.896608678448054,207200
2005-07-27,54.8762321472168,54.88981477396073,54.85585561598555,54.85585561598555,160000
2005-07-28,54.88306427001953,54.89664690622185,54.862682542364546,54.862682542364546,359100
2005-07-29,54.849090576171875,54.88305493425174,54.83550794228,54.88305493425174,1124300
2005-08-01,54.81575012207031,54.85659996717617,54.808946142783775,54.85659996717617,273300
2005-08-02,54.82255172729492,54.85659239453779,54.80212940449983,54.815742555071026,512700
2005-08-03,54.84297180175781,54.863394123715665,54.81574030785521,54.829358651744705,253500
2005-08-04,54.84297180175781,54.88382163954991,54.83616782368945,54.84297180175781,230700
2005-08-05,54.79530715942383,54.822538647946025,54.76807567090163,54.822538647946025,289400
2005-08-08,54.74086380004883,54.79532159756707,54.74086380004883,54.79532159756707,156600
2005-08-09,54.80214309692383,54.80214309692383,54.72725776538053,54.7408761132309,168100
2005-08-10,54.80214309692383,54.849796926644295,54.78172076902618,54.849796926644295,260300
2005-08-11,54.84297180175781,54.87020329566042,54.788514007828994,54.808936329786846,177800
2005-08-12,54.91101837158203,54.91101837158204,54.85655541825505,54.86335939201609,224900
2005-08-15,54.88383102416992,54.911062522728855,54.85659952561099,54.911062522728855,148500
2005-08-16,54.91101837158203,54.938244654372426,54.89740003631374,54.91101837158204,252800
2005-08-17,54.9246711730957,54.93828432432071,54.8906305042179,54.91786200054477,178400
2005-08-18,54.972312927246094,54.972312927246094,54.91784994654651,54.93827226583993,115000
2005-08-19,54.95185089111328,54.96546402951133,54.92461942044523,54.95866005724828,218000
2005-08-22,54.958709716796875,54.98593601819409,54.924669049235376,54.93828219993399,974800
2005-08-23,55.01318359375,55.01999276802794,54.979148110116626,54.99276126479434,192500
2005-08-24,55.01998519897461,55.040407525120784,54.97914054668227,55.040407525120784,145900
2005-08-25,55.01318359375,55.02680194230588,54.99957043907228,55.02680194230588,186200
2005-08-26,54.972312927246094,55.019966736889295,54.95869977900905,55.01315756583292,272100
2005-08-29,54.9859504699707,55.01318197240174,54.965528141616936,54.9723373156942,183200
2005-08-30,55.067596435546875,55.088018745898516,54.992711168341906,55.01313347869355,455500
2005-08-31,55.210567474365234,55.21056747436524,55.094837566181965,55.13568219404092,289000
2005-09-01,55.27744674682617,55.34571475034177,55.19552201749858,55.21600189770178,624000
2005-09-02,55.34578323364258,55.34578323364258,55.25703524010954,55.26385840294353,204400
2005-09-06,55.2569694519043,55.2706209698402,55.19552459990511,55.229661207517445,238600
2005-09-07,55.21607971191406,55.25021636603693,55.18194826631334,55.25021636603693,887200
2005-09-08,55.18869400024414,55.2433104868046,55.18869400024414,55.2433104868046,225800
2005-09-09,55.20238494873047,55.236521576122385,55.181905055702536,55.18872821436647,454400
2005-09-12,55.18195343017578,55.18877659482115,55.13416523504509,55.18195343017578,157100
2005-09-13,55.21607971191406,55.23656482950107,55.1887714303202,55.1955998028492,683300
2005-09-14,55.20920181274414,55.24333322450651,55.1955450812256,55.24333322450651,335000
2005-09-15,55.195556640625,55.250173161103305,55.175076747575154,55.209213375003614,347600
2005-09-16,55.154579162597656,55.22967555203715,55.127270911118174,55.21601882203921,240800
2005-09-19,55.168277740478516,55.216065919199984,55.140969465706135,55.17510611130182,188800
2005-09-20,55.127296447753906,55.188736135656185,55.099988183624404,55.16825623968876,284200
2005-09-21,55.18195343017578,55.21608487897049,55.1682966838398,55.20243334115713,465100
2005-09-22,55.20238494873047,55.236521576122385,55.181905055702536,55.209213315912464,411000
2005-09-23,55.154579162597656,55.209195665556635,55.1204425461192,55.195538935558695,131200
2005-09-26,55.11365509033203,55.12730662065656,55.06586692141652,55.06586692141652,162800
2005-09-27,55.09315872192383,55.147775249098764,55.05902729882853,55.134123721564386,265200
2005-09-28,55.11365509033203,55.12730662065656,55.0726900823189,55.0726900823189,243700
2005-09-29,55.09315872192383,55.1204669855113,55.06585566685507,55.099987089950375,243900
2005-09-30,55.045413970947266,55.093202167780866,55.01810568582481,55.093202167780866,199800
2005-10-03,55.020751953125,55.06867922809346,54.986515946569874,55.06867922809346,212300
2005-10-04,55.013877868652344,55.05496210195866,54.98649012100771,55.05496210195866,488400
2005-10-05,55.04127883911133,55.0823578586075,55.02758757383927,55.02758757383927,569000
2005-10-06,55.04127883911133,55.0823578586075,55.0344305946353,55.0823578586075,333000
2005-10-07,55.08240509033203,55.09610159102847,55.01393825790322,55.04817428595986,156100
2005-10-10,55.07551193237305,55.18505771981055,55.06866368825829,55.17136645526076,114400
2005-10-11,55.06181716918945,55.06866541351876,55.02073815057337,55.027586394902684,215800
2005-10-12,55.020751953125,55.06867922809346,55.01390370707774,55.06867922809346,509100
2005-10-13,55.020751953125,55.041291467585594,55.000212438664406,55.041291467585594,548500
2005-10-14,55.03443145751953,55.06866745675646,54.986504192795884,55.01389194744941,340700
2005-10-17,55.00701141357422,55.06863513129135,55.00016839668777,55.04809563327798,308200
2005-10-18,55.05498123168945,55.061824253219264,55.02074522931813,55.02074522931813,241200
2005-10-19,55.08240509033203,55.109792868040444,55.04817428595986,55.109792868040444,575200
2005-10-20,55.08240509033203,55.082405090332024,55.02763475859967,55.05502253630809,323600
2005-10-21,55.11661148071289,55.12345972737862,55.082375471065866,55.10976323404715,362700
2005-10-24,55.09606170654297,55.10975297364372,55.05498268156002,55.1029099519337,277500
2005-10-25,55.00017166137695,55.096026140247076,54.993323420406995,55.061790159074604,373200
2005-10-26,54.979679107666016,55.027606388024765,54.95913436721359,55.02075814120729,224400
2005-10-27,55.020751953125,55.048139713632864,54.979672924203804,55.020751953125,307900
2005-10-28,55.020751953125,55.054987959680126,54.97282467815654,55.048139713632864,369900
2005-10-31,55.00017166137695,55.0344024188721,54.9796321621444,54.993323420406995,294900
2005-11-01,55.01523971557617,55.05643766808779,54.974036524260825,55.04956959640128,639300
2005-11-02,55.0084228515625,55.02902184699404,54.98095577805091,55.015290929642546,150800
2005-11-03,54.98095703125,55.022155023052115,54.953489957112346,55.001556027151054,228600
2005-11-04,54.98095703125,55.008424105387654,54.953489957112346,54.99468794891446,174800
2005-11-07,54.97412109375,55.00845626619837,54.967258250309754,54.99472010169431,243500
2005-11-08,55.04270935058594,55.06330832780992,55.01524230135263,55.03584127857661,238100
2005-11-09,54.97412109375,55.049654282087,54.97412109375,55.049654282087,199200
2005-11-10,55.04963302612305,55.06336918532326,55.00156694654184,55.0359021057326,291600
2005-11-11,55.0702018737793,55.09766893833103,55.001536831803385,55.00840490764305,211600
2005-11-14,54.987815856933594,55.056480911319404,54.987815856933594,55.056480911319404,448500
2005-11-15,55.02906799316406,55.070266018574905,55.00160089661917,55.02906799316407,249700
2005-11-16,55.097721099853516,55.12518819040861,55.06339116576854,55.070254009298424,328700
2005-11-17,55.1457633972168,55.17323047591685,55.07709831987147,55.07709831987147,456400
2005-11-18,55.1457633972168,55.15949955597162,55.104565398571516,55.104565398571516,206400
2005-11-21,55.18012237548828,55.20072138370311,55.138924359058606,55.17325429314605,255300
2005-11-22,55.255592346191406,55.269323256354305,55.15946025863355,55.1869273177652,1358500
2005-11-23,55.186973571777344,55.255638657754005,55.166369331055115,55.255638657754005,238400
2005-11-25,55.235069274902344,55.25566828786026,55.21447026194442,55.21447026194442,85700
2005-11-28,55.248748779296875,55.26934777308158,55.2212817079812,55.24188070176591,214400
2005-11-29,55.207603454589844,55.26253764962325,55.180136357073145,55.26253764962325,175900
2005-11-30,55.21440887451172,55.235007864567656,55.1732056555926,55.20754079822399,219800
2005-12-01,55.160030364990234,55.2082349263585,55.1462598848435,55.180688712161896,745500
2005-12-02,55.20823287963867,55.20823287963867,55.16691618682706,55.18757453323286,449400
2005-12-05,55.146236419677734,55.19444096053458,55.13934855558364,55.180665232346385,1608600
2005-12-06,55.22195053100586,55.24949671520831,55.173746022125925,55.19440434680341,260100
2005-12-07,55.22886276245117,55.256408961429926,55.21509228991191,55.24263848889067,317400
2005-12-08,55.29776382446289,55.31842217252686,55.26332974175403,55.283988089817996,155300
2005-12-09,55.24264144897461,55.29084598629533,55.23575358538578,55.27707025911768,869500
2005-12-12,55.23574447631836,55.27017853468335,55.20131567185303,55.27017853468335,1200500
2005-12-13,55.26332092285156,55.304637612386195,55.23577471186097,55.24955044430754,354600
2005-12-14,55.32526779174805,55.35281398871522,55.29772684868074,55.31149732021439,368200
2005-12-15,55.32526779174805,55.339043517181565,55.27706326053047,55.325267791748054,420900
2005-12-16,55.35970687866211,55.38036521478851,55.325272815851214,55.3734826053466,161500
2005-12-19,55.32526779174805,55.36658971414874,55.304609457497634,55.304609457497634,182100
2005-12-20,55.31840896606445,55.33906730919654,55.290862757254295,55.33906730919654,389300
2005-12-21,55.31840896606445,55.33906730919654,55.290862757254295,55.33906730919654,363400
2005-12-22,55.36666488647461,55.38732324877326,55.325342907970324,55.35288914233752,1288100
2005-12-23,55.394195556640625,55.43551226962909,55.332215233252406,55.34599097351891,196100
2005-12-27,55.40102767944336,55.44234960867585,55.3597110041116,55.3597110041116,552500
2005-12-28,55.469444274902344,55.48325750822865,55.400362297626025,55.46253502313173,401000
2005-12-29,55.4279899597168,55.44871244329031,55.37963574130708,55.44871244329031,418800
2005-12-30,55.40726089477539,55.45561510744152,55.37962916322134,55.41417014521739,410400
2006-01-03,55.483211517333984,55.50393398525373,55.37959390752467,55.37959390752467,1075400
2006-01-04,55.538543701171875,55.538543701171875,55.462557711256196,55.469466965853194,345500
2006-01-05,55.49013900756836,55.53849320534932,55.483229759253284,55.483229759253284,274400
2006-01-06,55.50395965576172,55.51086890500068,55.46942394999294,55.47632792901889,500200
2006-01-09,55.51091766357422,55.510917663574226,55.46947267216286,55.50400840826645,351500
2006-01-10,55.45562744140625,55.49016843108461,55.44871818942756,55.45562744140625,406000
2006-01-11,55.45562744140625,55.51089091680559,55.43490495568527,55.46944594536363,484700
2006-01-12,55.483211517333984,55.51775247734061,55.455579803370796,55.47630227129054,450600
2006-01-13,55.593788146972656,55.593788146972656,55.51780218309539,55.53852466956823,226500
2006-01-17,55.573028564453125,55.579937812725674,55.53849286351489,55.573028564453125,447900
2006-01-18,55.56617736816406,55.60762235674304,55.552358858492894,55.57999060761797,393200
2006-01-19,55.573028564453125,55.579937812725674,55.53849286351489,55.573028564453125,588600
2006-01-20,55.593788146972656,55.60069212898675,55.531615417338855,55.5454339217976,383900
2006-01-23,55.60065460205078,55.60756384961685,55.53848718459135,55.56611890464389,565500
2006-01-24,55.58686065673828,55.59376990670073,55.55231967713956,55.59376990670073,227300
2006-01-25,55.51091766357422,55.586903661306806,55.510917663574226,55.586903661306806,244600
2006-01-26,55.517799377441406,55.517799377441406,55.46944515470999,55.490167640135596,220000
2006-01-27,55.476348876953125,55.54543085500212,55.469444895320215,55.54543085500212,362800
2006-01-30,55.50395965576172,55.51086890500068,55.462514700753985,55.49705040652277,204100
2006-01-31,55.50395965576172,55.524682133265586,55.46942394999294,55.48323717825785,256400
2006-02-01,55.45339584350586,55.50189916532543,55.43260946079256,55.48111278261213,950100
2006-02-02,55.45339584350586,55.48111278261213,55.4256789043996,55.48111278261213,435200
2006-02-03,55.48113250732422,55.48113250732422,55.40491221930046,55.43262916826069,250800
2006-02-06,55.45339584350586,55.46725695629179,55.43260946079256,55.46725695629179,192800
2006-02-07,55.46028518676758,55.467215738010374,55.411781900991315,55.467215738010374,195800
2006-02-08,55.4395866394043,55.481159439791774,55.42572551496178,55.481159439791774,334300
2006-02-09,55.4256591796875,55.47416248424586,55.404872804371585,55.47416248424586,226500
2006-02-10,55.38410949707031,55.48111614659125,55.38410949707031,55.48111614659125,610800
2006-02-13,55.4256591796875,55.44644555500341,55.404872804371585,55.43952028754058,159200
2006-02-14,55.4256591796875,55.43258973361404,55.377155875129134,55.391016982982215,296100
2006-02-15,55.41879653930664,55.474225173966026,55.404935415789524,55.474225173966026,435800
2006-02-16,55.46028518676758,55.467215738010374,55.41871245223412,55.44642408428198,167200
2006-02-17,55.501895904541016,55.508826460526805,55.46032314155685,55.494965348555226,353400
2006-02-21,55.46028518676758,55.488002105277104,55.43949881950085,55.46028518676758,11045800
2006-02-22,55.501895904541016,55.501895904541016,55.46032314155685,55.494965348555226,230700
2006-02-23,55.45339584350586,55.49496860893247,55.43954001718552,55.488043339005095,288200
2006-02-24,55.474185943603516,55.50190288456712,55.4464690026399,55.4811165004609,282600
2006-02-27,55.44645309448242,55.50188696050509,55.43952782607791,55.49495640563615,216200
2006-02-28,55.52268600463867,55.53654711753859,55.488043795320145,55.49496906530447,270800
2006-03-01,55.49415969848633,55.584555788563684,55.49415969848633,55.55674201507333,556600
2006-03-02,55.51504898071289,55.53591330091137,55.47333095019146,55.53591330091137,207300
2006-03-03,55.45940399169922,55.51502624129854,55.4454944505977,55.51502624129854,251000
2006-03-06,55.48026657104492,55.49417080810621,55.45245279198641,55.48722134204353,797100
2006-03-07,55.48026657104492,55.48026657104492,55.43159378392651,55.4454980209878,276800
2006-03-08,55.51504898071289,55.52200375411238,55.459426708330234,55.49418996545218,865100
2006-03-09,55.53585433959961,55.53585433959961,55.48718158735358,55.514990041552345,785800
2006-03-10,55.48026657104492,55.508080350103434,55.45940756298502,55.508080350103434,153300
2006-03-13,55.48026657104492,55.508080350103434,55.47331180004631,55.508080350103434,168200
2006-03-14,55.59154510498047,55.59849987957242,55.487250010794526,55.487250010794526,556900
2006-03-15,55.60540771484375,55.61236248356483,55.56368971238564,55.57063917617253,161900
2006-03-16,55.70273971557617,55.716643944703954,55.60539419688298,55.62625319304111,522100
2006-03-17,55.681922912597656,55.702781924561776,55.6401995837325,55.68887237996108,362600
2006-03-20,55.709686279296875,55.709686279296875,55.67491775419777,55.69577674728439,421400
2006-03-21,55.61243438720703,55.66805669408953,55.59157005406742,55.633293415405596,195500
2006-03-22,55.62623596191406,55.66100448136276,55.60537697221734,55.63319072679005,440000
2006-03-23,55.61243438720703,55.65415244360416,55.59157005406742,55.64024288817775,673000
2006-03-24,55.68888854980469,55.702798098444156,55.59849770340195,55.626311495742435,165200
2006-03-27,55.674983978271484,55.68193875255027,55.62631116819685,55.674983978271484,136700
2006-03-28,55.62623596191406,55.68881293100421,55.612331737093335,55.667953941307495,716500
2006-03-29,55.62623596191406,55.63319072679005,55.59146744246536,55.60537697221734,586800
2006-03-30,55.59850311279297,55.626316907839566,55.55678507269256,55.61936213284317,554600
2006-03-31,55.61930465698242,55.63321419260137,55.591490890678,55.619304656982415,333900
2006-04-03,55.588626861572266,55.60955546275512,55.52583573538861,55.546769659206554,526700
2006-04-04,55.63048553466797,55.63746350945843,55.57467770424997,55.60955693293182,313800
2006-04-05,55.63743591308594,55.67929309579693,55.630457941756575,55.67929309579693,1029300
2006-04-06,55.63048553466797,55.665370085985046,55.60955693293182,55.65839211119459,3739500
2006-04-07,55.59560775756836,55.630486987160886,55.567701180313115,55.630486987160886,230300
2006-04-10,55.60955810546875,55.60955810546875,55.57467887605147,55.60258013053116,1151000
2006-04-11,55.65839385986328,55.65839385986329,55.602580705056525,55.6374652574696,397600
2006-04-12,55.6235466003418,55.67238180820744,55.60959064230106,55.67238180820744,511800
2006-04-13,55.616546630859375,55.63747523700696,55.56771144230287,55.63747523700696,376500
2006-04-17,55.65140151977539,55.65140151977538,55.59559370200948,55.637450895992416,702100
2006-04-18,55.72814178466797,55.75604835413056,55.6514000493043,55.65837802232842,3043100
2006-04-19,55.7142333984375,55.7142333984375,55.644469583209734,55.644469583209734,694600
2006-04-20,55.69329833984375,55.7072489722194,55.672369729961616,55.7072489722194,447300
2006-04-21,55.69329833984375,55.714226949725884,55.672369729961616,55.714226949725884,385400
2006-04-24,55.721168518066406,55.742097114273434,55.68628397596547,55.7072125721725,242500
2006-04-25,55.67929458618164,55.721157092645775,55.63743740235025,55.721157092645775,344100
2006-04-26,55.63743591308594,55.67929309579693,55.62348529305981,55.67929309579693,284200
2006-04-27,55.72814178466797,55.7420977307162,55.60954285642735,55.60954285642735,492600
2006-04-28,55.74209976196289,55.78395695636512,55.72117116476177,55.7560503858856,207000
2006-05-01,55.70921325683594,55.75821505522635,55.6672178184595,55.751214035425804,277700
2006-05-02,55.7161979675293,55.74419669832234,55.67420254144565,55.70919694977807,445700
2006-05-03,55.7161979675293,55.75119771607357,55.695200254487474,55.74419669832234,1665200
2006-05-04,55.72321319580078,55.73720989466081,55.681217759007474,55.681217759007474,397400
2006-05-05,55.73723602294922,55.76523477400764,55.709237271890785,55.709237271890785,376800
2006-05-08,55.73019790649414,55.751195618746046,55.69519815926654,55.74419460125819,281500
2006-05-09,55.73723602294922,55.744237045767754,55.6882395436509,55.6882395436509,233800
2006-05-10,55.73723602294922,55.835228981545846,55.68124386104809,55.73723602294921,454100
2006-05-11,55.758216857910156,55.758216857910156,55.7092150579355,55.74421481785637,343300
2006-05-12,55.73723602294922,55.76523477400764,55.70224158928798,55.75823909140483,2040900
2006-05-15,55.76519012451172,55.779192158937796,55.730195718869446,55.76519012451172,350900
2006-05-16,55.814205169677734,55.82120618922449,55.751212014396636,55.786206431703945,607600
2006-05-17,55.786258697509766,55.80726177582769,55.73726219520442,55.79325972361574,463200
2006-05-18,55.842201232910156,55.87019996954285,55.800205798067594,55.800205798067594,491400
2006-05-19,55.828224182128906,55.87021963175078,55.807226457317974,55.84922190693984,353000
2006-05-22,55.828224182128906,55.89121735656171,55.82122316045364,55.842220885264574,543600
2006-05-23,55.86317443847656,55.86317443847656,55.7931802977136,55.85617876254771,307400
2006-05-24,55.89823532104492,55.919233052220285,55.85623985869419,55.919233052220285,298000
2006-05-25,55.89823532104492,55.933235099814844,55.87723758986955,55.933235099814844,603700
2006-05-26,55.91922378540039,55.96121924079172,55.89122503506764,55.898226057704726,1221300
2006-05-30,55.877227783203125,55.9192232381835,55.87022676063455,55.89122448812474,977400
2006-05-31,55.83518600463867,55.92618321059101,55.835186004638665,55.919182193161234,412200
2006-06-01,55.904022216796875,55.925090714993324,55.83379210340399,55.87592909979688,1356100
2006-06-02,55.988365173339844,56.009433695471174,55.946228129077184,55.99538980012371,1762200
2006-06-05,55.939205169677734,55.99539146918287,55.91813664691841,55.96027369243705,325800
2006-06-06,55.939205169677734,55.9532490654438,55.904087392931906,55.93920516967773,195800
2006-06-07,55.904022216796875,55.939139952600414,55.89699759799333,55.89699759799333,256700
2006-06-08,55.96723937988281,56.002351761431065,55.90402851995228,55.953190140691675,772000
2006-06-09,55.96723937988281,55.98128326085916,55.918077759143415,55.96021476028724,689600
2006-06-12,55.97430419921875,55.981328824531715,55.939191789092206,55.96026030681196,1695900
2006-06-13,55.96021270751953,55.99533044599437,55.93914420772047,55.95318808818164,322200
2006-06-14,55.904022216796875,55.93211533379687,55.868909839207525,55.925090714993324,507600
2006-06-15,55.890018463134766,55.90406235261035,55.84085681264317,55.84787607827194,1066600
2006-06-16,55.86189651489258,55.889989637572604,55.82677877198873,55.84784727444493,357700
2006-06-19,55.8408088684082,55.85485274582589,55.81974037317496,55.84782812801033,286100
2006-06-20,55.83380889892578,55.84785278254326,55.81274039439165,55.833808898925774,460500
2006-06-21,55.84785079956055,55.87594392401381,55.8267822957745,55.87594392401381,1958400
2006-06-22,55.819725036621094,55.84079352606574,55.791631931290915,55.84079352606574,323000
2006-06-23,55.80570983886719,55.83380296133041,55.77761671640396,55.83380296133041,322900
2006-06-26,55.81270980834961,55.82675368427087,55.78461669829421,55.82675368427087,230200
2006-06-27,55.84785079956055,55.868924661562204,55.81976303332289,55.833806916441716,1816700
2006-06-28,55.819725036621094,55.85483739962485,55.78460731540538,55.85483739962485,378200
2006-06-29,55.918052673339844,55.92507193157166,55.812704859526335,55.812704859526335,557000
2006-06-30,55.96723937988281,55.97425864126359,55.90402851995228,55.90402851995228,1242600
2006-07-03,55.958805084228516,55.97289813498655,55.888329076488915,55.89537291338056,916000
2006-07-05,55.909454345703125,55.9446896503747,55.86012061758444,55.937645815624236,2003600
2006-07-06,55.951786041259766,55.95178604125976,55.88835921318487,55.9024522715423,1200600
2006-07-07,55.994022369384766,55.994022369384766,55.93764480753165,55.97992932316473,476800
2006-07-10,55.994022369384766,56.00107158098128,55.95878706534819,55.994022369384766,667700
2006-07-11,55.994022369384766,56.02926305039434,55.98697853476125,56.01517000417431,305600
2006-07-12,56.01520538330078,56.02224922237318,55.97291546398444,55.98701389608202,2930100
2006-07-13,56.08563995361328,56.08563995361328,56.0010655544755,56.0503992763961,456800
2006-07-14,56.09267807006836,56.12791874369353,56.05744277341506,56.09972728018777,333800
2006-07-17,56.08563995361328,56.106782209154616,56.0503992763961,56.0503992763961,792500
2006-07-18,56.043365478515625,56.07860616542464,56.015179381357086,56.043365478515625,823300
2006-07-19,56.12086486816406,56.13496328723085,55.97991293932466,55.97991293932466,594000
2006-07-20,56.19136047363281,56.19136047363281,56.09268764603161,56.09268764603161,386300
2006-07-21,56.1772346496582,56.24066676667805,56.14904319509051,56.24066676667805,1209200
2006-07-24,56.1772346496582,56.21951914302466,56.16314161085944,56.19133306542713,161200
2006-07-25,56.163150787353516,56.1983860785926,56.13495932817962,56.19134224652741,255000
2006-07-26,56.23365020751953,56.25479246647776,56.170218053671576,56.198409524606966,872800
2006-07-27,56.261837005615234,56.29002847420917,56.24069474841298,56.24069474841298,724900
2006-07-28,56.332305908203125,56.346398952242325,56.27592297810201,56.27592297810201,500800
2006-07-31,56.33936309814453,56.367554567187895,56.32526467513639,56.35345614417975,401900
2006-08-01,56.37407684326172,56.38822643468064,56.33871365769034,56.36700744404022,202700
2006-08-02,56.37407684326172,56.40944542532105,56.352857852621305,56.37407684326172,302400
2006-08-03,56.3669319152832,56.39522566372093,56.33863816684548,56.38815087749131,249400
2006-08-04,56.41643142700195,56.47301351415899,56.4022818578531,56.409356642427525,681400
2006-08-07,56.437686920166016,56.44476170932044,56.40939316003131,56.423537341857184,342700
2006-08-08,56.465972900390625,56.48011708026771,56.38816641986113,56.430604355974594,464800
2006-08-09,56.48722457885742,56.49429937113392,56.44478661816914,56.47307499430444,499900
2006-08-10,56.4730339050293,56.501327657063655,56.44474554947636,56.494258266416125,238600
2006-08-11,56.42353820800781,56.45890675783988,56.402319236701786,56.451831968576855,224100
2006-08-14,56.39524459838867,56.43768253705341,56.38109502117874,56.43060774844844,351600
2006-08-15,56.4730339050293,56.48010869215824,56.44474554947636,56.473033905029304,356800
2006-08-16,56.565006256103516,56.572081045272135,56.52256831405772,56.54378728508062,654800
2006-08-17,56.55794143676758,56.57209101759906,56.529647671588535,56.55794143676758,262500
2006-08-18,56.57913589477539,56.5862106821255,56.550842141856535,56.57206650390686,252900
2006-08-21,56.61452102661133,56.61452102661133,56.57208308303689,56.607446237187865,294200
2006-08-22,56.60745620727539,56.62867518279984,56.58623723175094,56.61453099794491,276500
2006-08-23,56.593326568603516,56.614545549581884,56.57917698362761,56.60039596460597,389100
2006-08-24,56.62864685058594,56.62864685058594,56.600353098547785,56.60742788567767,315800
2006-08-25,56.64282989501953,56.65697408115569,56.607461334952255,56.63575510370916,287700
2006-08-28,56.65692138671875,56.65692138671874,56.62155825602596,56.64984660198836,210100
2006-08-29,56.678184509277344,56.678184509277344,56.59330861229389,56.64282135102883,419000
2006-08-30,56.71352005004883,56.71352005004882,56.67815151590519,56.67815151590519,153400
2006-08-31,56.76301574707031,56.77009053107473,56.70642826799303,56.74179679153609,290200
2006-09-01,56.82765579223633,56.86314764164214,56.74956614097233,56.76376179751019,312800
2006-09-05,56.76375961303711,56.79215634114233,56.73536288493189,56.79215634114233,369900
2006-09-06,56.76375961303711,56.76375961303711,56.71406669288349,56.756659076980284,398200
2006-09-07,56.76375961303711,56.77796068515077,56.73536288493189,56.77086014909394,556300
2006-09-08,56.79927062988281,56.8205668270876,56.777974432678015,56.792170092106744,491500
2006-09-11,56.792198181152344,56.8134943888901,56.75670089083869,56.8134943888901,371900
2006-09-12,56.8205680847168,56.82056808471679,56.75667407556482,56.77087515143126,262500
2006-09-13,56.82765579223633,56.856047105312065,56.7992590630383,56.82055525590625,266300
2006-09-14,56.7779541015625,56.8489432055331,56.7779541015625,56.8347421350661,560200
2006-09-15,56.79927062988281,56.84896356206847,56.75667281934982,56.84896356206847,682900
2006-09-18,56.792198181152344,56.792198181152344,56.721209016651116,56.77090197341458,177000
2006-09-19,56.8702392578125,56.87733979302886,56.81344580832456,56.86313872259615,729500
2006-09-20,56.89155960083008,56.93415199796805,56.84896720369211,56.9057606772919,645500
2006-09-21,56.99091339111328,57.00511445958125,56.86313085550501,56.90572864478823,574400
2006-09-22,57.01930236816406,57.02640290143373,56.99090565120536,57.02640290143373,841000
2006-09-25,57.06904983520508,57.08325091532273,57.02645742710241,57.06904983520508,382000
2006-09-26,57.005130767822266,57.07611988210886,56.99803023155693,57.07611988210886,497800
2006-09-27,57.0477180480957,57.09741096526164,57.01222078606785,57.083215310123556,828800
2006-09-28,57.06904983520508,57.06904983520508,56.99806068299225,57.06904983520508,766900
2006-09-29,57.012245178222656,57.083239732652714,56.99804951701109,57.07613919398489,289900
2006-10-02,57.07920837402344,57.093456190122204,57.00795842148374,57.07208174796259,486500
2006-10-03,57.086299896240234,57.11480094693466,57.057798845545804,57.100547703577654,384800
2006-10-04,57.18606185913086,57.20030966920977,57.114811936695006,57.1361863698237,438300
2006-10-05,57.129058837890625,57.19318213625654,57.09343115922919,57.19318213625654,409000
2006-10-06,57.05781555175781,57.10769104607143,57.00081343367905,57.10769104607143,1015600
2006-10-09,57.0649528503418,57.10770716898205,57.02220396772425,57.09345391742773,202800
2006-10-10,56.98655700683594,57.04355368027665,56.965177138772766,57.03643249360929,296500
2006-10-11,56.97945022583008,57.043573544287874,56.929574721688816,57.01507247963255,327300
2006-10-12,57.00796127319336,57.02220909000484,56.9652069507125,56.9652069507125,1874600
2006-10-13,56.98655700683594,56.9936781935033,56.9580559521054,56.9936781935033,532800
2006-10-16,57.015098571777344,57.01509857177735,56.95097522397441,56.95097522397441,524200
2006-10-17,57.022254943847656,57.05788266856083,56.993753851282634,57.05075603641268,391900
2006-10-18,57.029319763183594,57.04356757600944,56.99369207708648,57.0293197631836,309300
2006-10-19,57.022254943847656,57.04362940426453,56.993753851282634,57.03650820814396,817100
2006-10-20,57.0435905456543,57.0435905456543,57.0079682812349,57.0435905456543,542100
2006-10-23,57.015098571777344,57.01509857177735,56.979476301672854,57.01509857177735,219900
2006-10-24,57.015098571777344,57.02222520020814,56.98660293010364,57.00797737937129,321400
2006-10-25,57.07920837402344,57.093456190122204,56.98658397932413,57.03645948970421,1177200
2006-10-26,57.150474548339844,57.15760117642354,57.08635120366002,57.12910010011324,1000200
2006-10-27,57.20749282836914,57.21461945846191,57.16474391986455,57.20749282836914,612700
2006-10-30,57.17182540893555,57.19319984834361,57.15757759467092,57.15757759467092,281400
2006-10-31,57.25020217895508,57.250202178955085,57.17182561016817,57.17182561016817,471700
2006-11-01,57.29096603393555,57.34817964210789,57.24090549083224,57.276659903797466,745900
2006-11-02,57.27666091918945,57.31957385417446,57.26951331018369,57.31957385417446,287800
2006-11-03,57.16938781738281,57.21229529287178,57.14078101499362,57.20514222822706,572800
2006-11-06,57.162254333496094,57.17655501149452,57.13364752130772,57.155101266401125,362700
2006-11-07,57.23379898071289,57.24810512248782,57.20519215335744,57.23379898071288,150500
2006-11-08,57.26236343383789,57.269516499432086,57.21945595265352,57.2480627588399,406800
2006-11-09,57.25522994995117,57.28383676592129,57.24092927006224,57.28383676592129,1603400
2006-11-10,57.29808807373047,57.31238873993516,57.269481285134056,57.3052356787393,236500
2006-11-13,57.29808807373047,57.3052356787393,57.2480275577335,57.3052356787393,785200
2006-11-14,57.30529022216797,57.34820317400084,57.290989542351824,57.34820317400084,391800
2006-11-15,57.269493103027344,57.312400566682655,57.24803937119969,57.30524750401072,277400
2006-11-16,57.248069763183594,57.31958405930416,57.22661056377547,57.283824183148354,3239700
2006-11-17,57.319583892822266,57.348190702425626,57.28382401677032,57.298130149667514,464300
2006-11-20,57.333892822265625,57.34819895722207,57.290985329779936,57.290985329779936,309600
2006-11-21,57.348148345947266,57.36244901209117,57.31238849630701,57.34814834594727,394500
2006-11-22,57.391090393066406,57.412544133307016,57.34102984710823,57.412544133307016,281500
2006-11-24,57.398231506347656,57.44113897789412,57.369624706586954,57.38392537837272,271100
2006-11-27,57.43406295776367,57.44836910492931,57.34824789955572,57.40545611962886,370300
2006-11-28,57.46260452270508,57.48405826288724,57.42685010779825,57.455451457247605,405700
2006-11-29,57.46260452270508,57.50551745925967,57.455451457247605,57.49836439380219,357100
2006-11-30,57.527015686035156,57.53416330082972,57.484102716295254,57.505561929262456,855400
2006-12-01,57.63966751098633,57.66837675692359,57.53201468338253,57.575075814424046,241800
2006-12-04,57.632476806640625,57.6540073656238,57.610940771930345,57.63965000915027,276800
2006-12-05,57.632476806640625,57.682716602843726,57.57505833220076,57.646828687387035,3681300
2006-12-06,57.625343322753906,57.65405258248991,57.603812746884756,57.65405258248991,1438800
2006-12-07,57.61091613769531,57.63962536263927,57.60374293825289,57.63245216319686,1203900
2006-12-08,57.539180755615234,57.61812980322415,57.53200755181667,57.61812980322415,471200
2006-12-11,57.54634094238281,57.58940205424868,57.53916226516306,57.5750501755355,523800
2006-12-12,57.625343322753906,57.63252200662075,57.567924803281905,57.582282171015606,267500
2006-12-13,57.54634094238281,57.58222885275526,57.52481038644988,57.56069282109599,322000
2006-12-14,57.51764678955078,57.55353470933254,57.50329490707474,57.55353470933254,1122100
2006-12-15,57.539180755615234,57.63248716227746,57.524828872290016,57.6253084827508,889400
2006-12-18,57.539180755615234,57.55353811466854,57.51765019276336,57.54635943514189,1125500
2006-12-19,57.54634094238281,57.567871498315746,57.531989063669634,57.53916226516306,261800
2006-12-20,57.58220291137695,57.58937610963878,57.55349369115807,57.57502423739127,593100
2006-12-21,57.625343322753906,57.66122579062536,57.56074611941505,57.5966340630179,1347900
2006-12-22,57.618106842041016,57.64681607297872,57.567867056831496,57.5965762877692,1097100
2006-12-26,57.618106842041016,57.639637396312814,57.582224410163306,57.639637396312814,1254300
2006-12-27,57.586448669433594,57.63684289296809,57.57205267380591,57.63684289296809,547400
2006-12-28,57.550445556640625,57.61523576411989,57.52164807801959,57.60803502132527,689900
2006-12-29,57.564876556396484,57.57207730357007,57.52168305847654,57.52888380565012,898300
2007-01-03,57.6224365234375,57.65842925230604,57.564841566178906,57.59363904480821,1245700
2007-01-04,57.68002700805664,57.68002700805664,57.62243205526409,57.644028789422045,500200
2007-01-05,57.64402770996094,57.64402770996094,57.57923750870036,57.608029492000455,261300
2007-01-08,57.608055114746094,57.63685260341156,57.608055114746094,57.63685260341156,267000
2007-01-09,57.629642486572266,57.64403848091224,57.600845005334364,57.62964248657226,674500
2007-01-10,57.615257263183594,57.65125549803195,57.608056517702025,57.65125549803195,286300
2007-01-11,57.57204055786133,57.615234028212775,57.557639072705996,57.59363729303705,685200
2007-01-12,57.536006927490234,57.593601847550715,57.52161094375206,57.593601847550715,258200
2007-01-16,57.59364318847656,57.61523992586299,57.41366305351257,57.57924719440489,422500
2007-01-17,57.57204055786133,57.60803328563511,57.5504438226856,57.59363729303705,621300
2007-01-18,57.59364318847656,57.60803918254824,57.55044971370371,57.57204645109014,611400
2007-01-19,57.586448669433594,57.608045409154315,57.564851929712866,57.60085015761969,412500
2007-01-22,57.608055114746094,57.608055114746094,57.57206237333377,57.60085986199924,301300
2007-01-23,57.57923889160156,57.600835625873785,57.557636664772296,57.600835625873785,318600
2007-01-24,57.608055114746094,57.73764106746103,57.57206237333377,57.57926311863997,529300
2007-01-25,57.564876556396484,57.59367405253005,57.53607906026293,57.59367405253005,708800
2007-01-26,57.57204055786133,57.600838035614714,57.543243080107935,57.557639072705996,502500
2007-01-29,57.57923889160156,57.61523161786958,57.550441415052916,57.58643414132094,877600
2007-01-30,57.59364318847656,57.60803918254824,57.57204645109014,57.59364318847656,297900
2007-01-31,57.65842056274414,57.65842056274414,57.586429623299196,57.586429623299196,526800
2007-02-01,57.65119552612305,57.723457141466234,57.629517592840884,57.723457141466234,520400
2007-02-02,57.67291259765625,57.680140418057896,57.63678452207118,57.67291259765624,303900
2007-02-05,57.658443450927734,57.701799332613135,57.651215632910244,57.680121391770435,758800
2007-02-06,57.723472595214844,57.730700412646556,57.66566659538917,57.68734453447496,296300
2007-02-07,57.75232696533203,57.77400488512942,57.73064904553464,57.73787685653525,1107600
2007-02-08,57.77406692504883,57.78129474381093,57.737938857659,57.75961680073497,217200
2007-02-09,57.71623611450195,57.75236416636792,57.709008298845575,57.745141863919514,437300
2007-02-12,57.71623611450195,57.745141863919514,57.70178048318919,57.71623611450195,534200
2007-02-13,57.70904541015625,57.74517899846684,57.70904541015625,57.74517899846684,689500
2007-02-14,57.83907699584961,57.84630481095381,57.75958756932613,57.75958756932613,596200
2007-02-15,57.86800765991211,57.889685601351246,57.8535520234794,57.88245778313489,435900
2007-02-16,57.88243103027344,57.90410896169318,57.84630298230966,57.87520321539773,344200
2007-02-20,57.875205993652344,57.9041117413354,57.86798369163732,57.86798369163732,258100
2007-02-21,57.91135787963867,57.91135787963867,57.87522430530033,57.87522430530033,223400
2007-02-22,57.875205993652344,57.89688943932037,57.84630575917694,57.8896616240977,250200
2007-02-23,57.94026184082031,57.94748965810586,57.88967814623992,57.9041282676018,380300
2007-02-26,57.98360824584961,57.99083606195441,57.94748019174223,57.95470249463872,462800
2007-02-27,58.12092208862305,58.1715057861696,57.983621118192616,58.012526875820576,1362900
2007-02-28,58.077598571777344,58.14986024950936,58.04146497630502,58.12818229751102,666500
2007-03-01,58.158016204833984,58.208771016358575,58.10000912541743,58.15076393694202,1002300
2007-03-02,58.223297119140625,58.23779612843568,58.17254228881549,58.18704129811055,974400
2007-03-05,58.245086669921875,58.2740902394309,58.179827255560284,58.2740902394309,1420400
2007-03-06,58.194278717041016,58.252280271280405,58.150770636536215,58.17977417958601,512300
2007-03-07,58.25224304199219,58.26674757017727,58.1869892607293,58.215992785242804,387000
2007-03-08,58.25224304199219,58.25949530608473,58.19424152482185,58.223245049335354,365500
2007-03-09,58.15081024169922,58.165314789032934,58.11455993709289,58.14356349989634,555100
2007-03-12,58.2015266418457,58.216031179596754,58.16527636118871,58.17977536707944,361900
2007-03-13,58.281341552734375,58.310345124517546,58.24509123690466,58.28134155273437,887300
2007-03-14,58.295860290527344,58.3466151705324,58.2596044340093,58.2596044340093,622800
2007-03-15,58.281341552734375,58.28859382864659,58.25233798095119,58.28134155273437,598600
2007-03-16,58.274105072021484,58.28135181734433,58.23059694075115,58.24510149513015,842300
2007-03-19,58.223297119140625,58.23779612843568,58.20879257798395,58.23779612843568,238500
2007-03-20,58.274105072021484,58.295856371723325,58.25234824045299,58.295856371723325,619300
2007-03-21,58.36831283569336,58.37556510670609,58.252298626937375,58.266803168962845,414300
2007-03-22,58.310325622558594,58.36108047323771,58.281322060475695,58.332076911154815,382000
2007-03-23,58.274105072021484,58.353863525506,58.26685279483199,58.32485994861466,288700
2007-03-26,58.332061767578125,58.3538185823899,58.26680791873002,58.30306374488723,524300
2007-03-27,58.339332580566406,58.35383712838408,58.30308227475053,58.32483356461289,427900
2007-03-28,58.36831283569336,58.44081895023487,58.36106056468062,58.36831283569336,429300
2007-03-29,58.339332580566406,58.35383712838408,58.31758129070405,58.35383712838408,335200
2007-03-30,58.339332580566406,58.41909099797115,58.27407871097933,58.346584854475246,464700
2007-04-02,58.350215911865234,58.35749486929111,58.30655327174544,58.34293695443937,313900
2007-04-03,58.350215911865234,58.36476827449926,58.30655327174544,58.33566354923121,419100
2007-04-04,58.386600494384766,58.40115285585922,58.342932305526844,58.372042580693034,405300
2007-04-05,58.36479568481445,58.38663256734749,58.32841198503336,58.36479568481445,271900
2007-04-09,58.23379135131836,58.26290163707695,58.22651794404319,58.2483492703073,356200
2007-04-10,58.30653762817383,58.32108998690348,58.26286944755244,58.270148403025374,780300
2007-04-11,58.30653762817383,58.350200256579,58.26286944755244,58.335647897849356,773900
2007-04-12,58.29928970336914,58.30656866271641,58.24106913302933,58.292010744021866,374300
2007-04-13,58.27016830444336,58.3211099057199,58.23377906686663,58.29927858406111,261100
2007-04-16,58.26289367675781,58.31383528182049,58.25562027047638,58.29200395853913,285500
2007-04-17,58.35749816894531,58.36477157456472,58.31382997413871,58.342940253270434,398000
2007-04-18,58.437557220458984,58.437557220458984,58.38661561378098,58.393889020293045,977800
2007-04-19,58.437557220458984,58.46666195094466,58.4084469377546,58.437557220458984,223200
2007-04-20,58.42298126220703,58.43753917517315,58.38659758422571,58.4084289014579,293200
2007-04-23,58.46660614013672,58.473885091919186,58.29195016285148,58.43022248565123,1900700
2007-04-24,58.517608642578125,58.51760864257813,58.452109118961594,58.459388077634244,264000
2007-04-25,58.49581527709961,58.51765216936035,58.481262901148575,58.49581527709961,847200
2007-04-26,58.4521369934082,58.49579966182848,58.42302669705424,58.49579966182848,1356200
2007-04-27,58.47394943237305,58.48850735195645,58.4375657378536,58.48122839216475,267400
2007-04-30,58.517608642578125,58.546713372831405,58.473940442760885,58.481219401433535,266000
2007-05-01,58.492767333984375,58.57310495918222,58.47816302578327,58.565805591100016,352500
2007-05-02,58.52202606201172,58.53663595336873,58.48551247770106,58.52202606201172,240900
2007-05-03,58.478153228759766,58.50736741230434,58.45624398411028,58.49275753451417,301300
2007-05-04,58.50740051269531,58.5293097697399,58.492790626639646,58.51470545572315,272600
2007-05-07,58.50740051269531,58.536614712767744,58.50009556966748,58.51470545572315,917000
2007-05-08,58.536617279052734,58.55122159370975,58.507403077699536,58.536617279052734,311100
2007-05-09,58.492767333984375,58.55850065098112,58.485467965902174,58.5365914026611,547900
2007-05-10,58.543888092041016,58.543888092041016,58.500064029540525,58.507368968629926,458000
2007-05-11,58.52202606201172,58.5877594290364,58.49281185133862,58.5877594290364,1229700
2007-05-14,58.478153228759766,58.536581595848915,58.478153228759766,58.521971718058744,280100
2007-05-15,58.492767333984375,58.54389634278001,58.485467965902174,58.5365914026611,947000
2007-05-16,58.551212310791016,58.56582219517089,58.456270350474945,58.52930305625948,1348000
2007-05-17,58.51466751098633,58.53657675382353,58.49275269611382,58.529271815532695,394500
2007-05-18,58.45623779296875,58.50005627762688,58.448932854847335,58.50005627762688,859700
2007-05-21,58.47088623046875,58.507405376604964,58.456281915237895,58.456281915237895,852300
2007-05-22,58.485469818115234,58.5073790671291,58.456255628751116,58.47816487776498,1016600
2007-05-23,58.47088623046875,58.52200969183582,58.47088623046875,58.48549611773899,642200
2007-05-24,58.492767333984375,58.51468215434109,58.44164389722545,58.50737721422219,844700
2007-05-25,58.529293060302734,58.536598001245096,58.463565307933486,58.47086467683852,1649800
2007-05-29,58.47088623046875,58.514710320240084,58.47088623046875,58.500100432969845,311100
2007-05-30,58.51466751098633,58.529271815532695,58.47814839156745,58.50736257269549,466300
2007-05-31,58.478153228759766,58.521971718058744,58.45624398411028,58.521971718058744,948300
2007-06-01,58.44817352294922,58.52880225299312,58.43351629577173,58.470162159828995,1827100
2007-06-04,58.470088958740234,58.47742035926404,58.433443140561366,58.46276315043651,242300
2007-06-05,58.41883850097656,58.47014717128567,58.4115126853793,58.44815854004257,294400
2007-06-06,58.492088317871094,58.506745527991036,58.44077969412046,58.4554369042404,779300
2007-06-07,58.426143646240234,58.47745229348609,58.38216640352182,58.46279507665433,1047900
2007-06-08,58.44817352294922,58.448173522949226,58.404196249189674,58.41885347636716,1129500
2007-06-11,58.45549392700195,58.47015115141987,58.426173885940095,58.43350529426207,358400
2007-06-12,58.404151916503906,58.44812915688176,58.37483189217772,58.41148332064116,855700
2007-06-13,58.41883850097656,58.44083272444531,58.37486123849038,58.40418127755638,592200
2007-06-14,58.41883850097656,58.43350131662239,58.3895240541362,58.4115126853793,341300
2007-06-15,58.49946212768555,58.49946212768555,58.41883342531578,58.44815346183435,343400
2007-06-18,58.49946212768555,58.50679353487148,58.44815346183435,58.477473498352914,461500
2007-06-19,58.60205078125,58.616713588446316,58.52142211833756,58.558073544105916,1196700
2007-06-20,58.54341125488281,58.587388488215176,58.50675983229122,58.5727312745117,1038700
2007-06-21,58.56546401977539,58.6021098902842,58.550801197789426,58.57279543076838,178800
2007-06-22,58.64604949951172,58.64604949951172,58.54343219022526,58.54343219022526,353100
2007-06-25,58.69734573364258,58.69734573364258,58.62404846997985,58.68268292557638,380200
2007-06-26,58.660682678222656,58.682671293740704,58.6386940627046,58.682671293740704,462100
2007-06-27,58.65336227416992,58.73399094100316,58.65336227416992,58.73399094100316,450500
2007-06-28,58.63869094848633,58.697330981567944,58.6240337363266,58.668010965027136,360800
2007-06-29,58.755958557128906,58.76328436554487,58.66066712551978,58.7046443448962,1063700
2007-07-02,58.79420852661133,58.80892116268189,58.75005939166473,58.76477764110274,4806500
2007-07-03,58.77215576171875,58.81630491515162,58.735371349456116,58.80158665955073,296400
2007-07-05,58.69119644165039,58.73534557571011,58.6691246813042,58.71327381536392,820300
2007-07-06,58.683860778808594,58.69857341905838,58.632358117880784,58.68386077880859,991700
2007-07-09,58.72797775268555,58.72797775268555,58.66911599156907,58.66911599156907,652600
2007-07-10,58.83838653564453,58.83838653564453,58.74273469833453,58.786883859158664,673700
2007-07-11,58.80899429321289,58.853137869685746,58.78692250497647,58.853137869685746,315300
2007-07-12,58.77215576171875,58.85308932741425,58.735371349456116,58.85308932741425,550100
2007-07-13,58.801544189453125,58.80890331193836,58.75004155878798,58.80890331193836,1058600
2007-07-16,58.860443115234375,58.860443115234375,58.79422781114699,58.80158132491051,295500
2007-07-17,58.82368469238281,58.867833865526805,58.80897204358301,58.82368469238281,2105200
2007-07-18,58.91192626953125,58.93399803025123,58.85306449869967,58.86778274809128,611200
2007-07-19,58.90460968017578,58.911968810185655,58.860466126859514,58.86782525686938,2355100
2007-07-20,59.000213623046875,59.01492625774873,58.94135185750559,58.948710981539975,522700
2007-07-23,58.95612716674805,59.00027634452118,58.94877364826327,58.97820456232106,294600
2007-07-24,59.01493453979492,59.02965278992924,58.985503652894,59.00022190302832,363100
2007-07-25,59.059085845947266,59.07380409802107,59.014942316462744,59.02966056853655,316100
2007-07-26,59.19893264770508,59.24307621557275,59.14007081496596,59.14742994740168,1740500
2007-07-27,59.26512908935547,59.27984173476558,59.18419550617231,59.22833905577367,1063600
2007-07-30,59.191532135009766,59.30925571818852,59.191532135009766,59.27246569510281,778700
2007-07-31,59.287193298339844,59.287193298339844,59.162116181516794,59.19890059703342,449900
2007-08-01,59.229591369628906,59.31821623139634,59.20743656280904,59.27390661775662,865700
2007-08-02,59.259132385253906,59.26651919894778,59.20005477916673,59.22959076496634,386200
2007-08-03,59.406829833984375,59.41421101186673,59.29605018639278,59.303436998762066,678200
2007-08-06,59.332984924316406,59.44376459421042,59.31821693109164,59.39206816619163,2911800
2007-08-07,59.2812385559082,59.421559728528834,59.23692897907362,59.318166959592574,818900
2007-08-08,59.2369499206543,59.259104716903806,59.170485531905776,59.236949920654304,533600
2007-08-09,59.406829833984375,59.406829833984375,59.318204989013715,59.36251459425558,1314300
2007-08-10,59.384666442871094,59.465898829237325,59.362506008968175,59.4511308411215,1899400
2007-08-13,59.43639373779297,59.45116173358266,59.347768859587724,59.369923670516776,603400
2007-08-14,59.5175895690918,59.517589569091804,59.37727397465798,59.37727397465798,1720300
2007-08-15,59.59884262084961,59.65053903910365,59.524991399699125,59.576687817953164,1299000
2007-08-16,59.71704864501953,59.93122127238691,59.672739009871364,59.70227501030965,2481100
2007-08-17,59.7686767578125,59.79821835896355,59.68005195435933,59.71698036441922,936000
2007-08-20,59.84260559082031,59.89430205129112,59.761367490867386,59.76875430936082,1029600
2007-08-21,59.92378616333008,59.99025619697584,59.82778015304864,59.98286938557383,876500
2007-08-22,59.84260559082031,59.864760411809,59.783522311856075,59.82045076983162,774100
2007-08-23,59.8056526184082,59.879503862638174,59.73918255445909,59.76872417904883,842000
2007-08-24,59.69485092163086,59.79824375232323,59.66530930793493,59.78347012823193,700700
2007-08-27,59.776065826416016,59.79083381030767,59.68744101961259,59.739137414960126,480400
2007-08-28,59.93117141723633,59.93117141723633,59.79823698788571,59.805623799095756,602800
2007-08-29,59.85740280151367,59.96817695008342,59.85740280151367,59.89432563953898,443600
2007-08-30,59.909000396728516,59.96069679222909,59.87945879437326,59.91638157145394,389600
2007-08-31,59.909000396728516,60.00500637851972,59.74652440101685,59.857304001227945,2442400
2007-09-04,59.906063079833984,60.03950089646591,59.51316441303509,60.03950089646591,603600
2007-09-05,60.061710357666016,60.08395469613021,59.97275562708757,60.01723299237679,358700
2007-09-06,59.987586975097656,60.05430868713168,59.89121745307106,60.04689390672339,339600
2007-09-07,60.195213317871094,60.21004289291187,60.12108241014436,60.17297461113564,470900
2007-09-10,60.2174186706543,60.28413474764093,60.121043462799754,60.21000388793732,691300
2007-09-11,60.128456115722656,60.21000175525484,60.128456115722656,60.180348281259334,537700
2007-09-12,60.18037414550781,60.27674373554442,60.128481957668974,60.15813544440892,410100
2007-09-13,60.09140396118164,60.15812570950555,60.039511781740096,60.12847222756419,532100
2007-09-14,60.08402633666992,60.2026346708024,59.906105351731696,60.16557204081002,451100
2007-09-17,60.07658004760742,60.15812570898963,60.01727308372521,60.01727308372521,347900
2007-09-18,60.15807342529297,60.19513600364055,59.209185451154475,60.009806144447296,743300
2007-09-19,60.15807342529297,60.254442915978814,60.0987665129547,60.0987665129547,1602400
2007-09-20,60.03205490112305,60.165492635805556,60.02464012257989,60.128424398908635,2156700
2007-09-21,60.113616943359375,60.18033866314116,60.04690087939854,60.06172478611619,418300
2007-09-24,60.18037414550781,60.18778893114887,60.09141368528797,60.135896743310035,289400
2007-09-25,60.23223114013672,60.27670851634672,60.14327073189573,60.21740723334038,611400
2007-09-26,60.195213317871094,60.2841738006386,60.17297461113564,60.224866812126926,528000
2007-09-27,60.30636215209961,60.373083872419635,60.21740739943425,60.21740739943425,878800
2007-09-28,60.239654541015625,60.358262779820706,60.239654541015625,60.29154670595943,701000
2007-10-01,60.25230407714844,60.31926488835655,60.229978130176455,60.28206065330586,5263100
2007-10-02,60.28950500488281,60.30438897011571,60.20766022581038,60.20766022581038,1337200
2007-10-03,60.282020568847656,60.363865290281204,60.25226401247683,60.34898701209579,1713300
2007-10-04,60.31185531616211,60.31929730248524,60.26721475136794,60.28953503376502,219200
2007-10-05,60.24485778808594,60.304382289284085,60.18533328688778,60.192775268679775,2065600
2007-10-08,60.304443359375,60.32676365078577,60.19283622574655,60.311879672128846,268400
2007-10-09,60.17045593261719,60.23741674007646,60.15557196880249,60.19277620177028,1313900
2007-10-10,60.18532943725586,60.20764970463528,60.11092665380163,60.14812520724449,477100
2007-10-11,60.20025634765625,60.20769265770889,60.09608556462111,60.09608556462111,1196000
2007-10-12,60.133270263671875,60.18535279996405,60.103508003423386,60.14071224787668,1798400
2007-10-15,60.133270263671875,60.15559053971556,60.05886745133601,60.0811877273797,2014700
2007-10-16,60.207637786865234,60.3415650412001,60.170439240785626,60.170439240785626,561900
2007-10-17,60.34905242919922,60.40113497415282,60.24488733929203,60.24488733929203,1432000
2007-10-18,60.43090057373047,60.47554113570477,60.39369632103724,60.45322085471762,385600
2007-10-19,60.58711242675781,60.6540732301637,60.468063429722534,60.49038937409311,900600
2007-10-22,60.5350227355957,60.62430947279066,60.41597375266911,60.52758075502081,607400
2007-10-23,60.5424919128418,60.56481218802517,60.490409378557075,60.52016596108792,380100
2007-10-24,60.661529541015625,60.70617008716449,60.57968475536275,60.57968475536275,457500
2007-10-25,60.62429428100586,60.70613334055,60.62429428100587,60.683813080986454,566300
2007-10-26,60.63174819946289,60.69127269330461,60.587107667365686,60.616869914286546,1568500
2007-10-29,60.63174819946289,60.66151044638375,60.594549648237944,60.63919018033515,592000
2007-10-30,60.62429428100586,60.63917256185938,60.594532042732304,60.60941032358583,293000
2007-10-31,60.52763366699219,60.63179877982791,60.49787139524299,60.609478495159244,554900
2007-11-01,60.72404861450195,60.73151842418027,60.55974698835076,60.55974698835076,1776000
2007-11-02,60.79871368408203,61.00782269831349,60.664285646677044,60.664285646677044,418900
2007-11-05,60.79123306274414,60.86591402628542,60.753889732077354,60.858444220593604,520700
2007-11-06,60.7538948059082,60.843515388317726,60.7538948059082,60.776298527062394,996400
2007-11-07,60.92567443847656,60.940608355343215,60.82111992702938,60.85845756809278,484400
2007-11-08,61.02279281616211,61.09747383729289,60.925708058471756,60.97051553159089,1829600
2007-11-09,61.04515838623047,61.28414092311097,61.00782074790756,61.11237525168071,1566300
2007-11-12,61.187042236328125,61.21691575883205,61.0600840390303,61.16463851889813,699100
2007-11-13,61.000343322753906,61.11983172737462,60.940596271547356,61.0750242878659,1081200
2007-11-14,61.03022384643555,61.052627568758844,60.955542872760205,60.9779465950835,570400
2007-11-15,61.231842041015625,61.23931184515874,61.11981777003333,61.16463089710091,630200
2007-11-16,61.231842041015625,61.28411927443521,61.18703461173915,61.231842041015625,434500
2007-11-19,61.43346405029297,61.46333755797849,60.97790302921947,61.23928909923156,973800
2007-11-20,61.41107940673828,61.493224456136076,61.35133237282101,61.41854351263487,620000
2007-11-21,61.60530090332031,61.650114065612826,61.53061989656023,61.53061989656023,1685000
2007-11-23,61.53810119628906,61.612782216992755,61.5007578370389,61.560504932720505,275600
2007-11-26,61.709808349609375,62.09815840480939,61.426018461417996,61.567916254409305,983500
2007-11-27,61.523128509521484,61.971225788519114,61.48579086813407,61.657556553662054,793900
2007-11-28,61.47080993652344,61.52308715756321,61.41106861089923,61.49321364585623,740300
2007-11-29,61.58283233642578,61.68738677537368,61.52308531480138,61.560428627764026,509000
2007-11-30,61.61276626586914,61.635169996500416,61.47086837481087,61.5082117243931,640200
2007-12-03,61.752113342285156,61.75960250490506,61.41491236609412,61.70714978197553,486000
2007-12-04,61.744651794433594,61.84206241334,61.684704159604514,61.84206241334,1015400
2007-12-05,61.767066955566406,61.79704074203388,61.66965643723351,61.699624506785774,615100
2007-12-06,61.63970184326172,61.722128352483274,61.60972804746143,61.722128352483274,1601200
2007-12-07,61.57225799560547,61.63970046387613,61.50482124425167,61.63970046387613,888000
2007-12-10,61.52737808227539,61.602309806537534,61.49740424918571,61.594814919034086,499000
2007-12-11,61.752113342285156,61.75960250490506,61.48984401071945,61.53480757102907,1751200
2007-12-12,61.594764709472656,61.66220720817906,61.444901383110896,61.48237007316106,452900
2007-12-13,61.50482940673828,61.61722972416179,61.4823504866371,61.53480320584572,493100
2007-12-14,61.354976654052734,61.474871882223056,61.354976654052734,61.452392956170904,539300
2007-12-17,61.534786224365234,61.53478622436524,61.414891061022395,61.414891061022395,662700
2007-12-18,61.49735641479492,61.57978296244681,61.459887723346014,61.54980915267161,697000
2007-12-19,61.65476608276367,61.69223480548232,61.48991284988071,61.579834354250806,718100
2007-12-20,61.69966125488281,61.744624819821766,61.594755798222934,61.68467721118223,1304600
2007-12-21,61.602203369140625,61.68462983848827,61.549750681093414,61.669645806295165,2023700
2007-12-24,61.549766540527344,61.56475629349706,61.47483492642584,61.504808715449585,314800
2007-12-26,61.489810943603516,61.5797322989481,61.4448531243887,61.52727960422583,472700
2007-12-27,61.624446868896484,61.66955809880284,61.541739123119555,61.66955809880284,688500
2007-12-28,61.699607849121094,61.714648743623506,61.616900138619286,61.616900138619286,584100
2007-12-31,61.797401428222656,61.797401428222656,61.7297288265529,61.73724927927724,1120400
2008-01-02,61.910152435302734,61.985345456780486,61.77481876405593,61.857520762121595,1471100
2008-01-03,62.00785446166992,62.030410056590924,61.8950707506471,61.977778422969315,408400
2008-01-04,62.09809875488281,62.15825085351084,62.06802844198865,62.143215697063766,884700
2008-01-07,62.0605354309082,62.113167106369865,62.030459368298345,62.09061149351807,917400
2008-01-08,62.15072250366211,62.1507225036621,62.00786273487805,62.06049437552187,1154500
2008-01-09,62.12066650390625,62.203374213948756,62.113146056696806,62.188333319529875,2590700
2008-01-10,62.12066650390625,62.210888924737745,62.098105162277925,62.13570166190468,997700
2008-01-11,62.2935791015625,62.30861999174796,62.15072506331366,62.15072506331366,490100
2008-01-14,62.316200256347656,62.316200256347656,62.24853338858484,62.28612418075589,1272300
2008-01-15,62.368770599365234,62.368770599365234,62.28606290695763,62.35373544457259,1448400
2008-01-16,62.42139434814453,62.443955682107855,62.33117195796526,62.406359195254154,965700
2008-01-17,62.52666473388672,62.54169988710649,62.36124936637612,62.38380496441509,1032200
2008-01-18,62.579341888427734,62.62445311731484,62.48159324394194,62.51166930867428,939100
2008-01-22,62.84244155883789,63.519138041894145,62.72965785559227,63.519138041894145,2395400
2008-01-23,62.81238555908203,63.143216331091395,62.797344667762005,63.143216331091395,1906100
2008-01-24,62.61695861816406,62.81245025173292,62.61695861816406,62.81245025173292,1047100
2008-01-25,62.78232192993164,62.804877534953455,62.51916364397649,62.5266840911239,1281300
2008-01-28,62.75223159790039,62.804863243114596,62.70712039812225,62.75975204333645,758600
2008-01-29,62.71465301513672,62.722167725612124,62.63194530854558,62.66953607018324,872000
2008-01-30,62.75977325439453,62.75977325439453,62.59435781741004,62.707141591392286,3025000
2008-01-31,62.819923400878906,62.90263111678472,62.76729173952255,62.880069773556976,905800
2008-02-01,62.88856506347656,62.94887674494281,62.85087457628905,62.9413363468499,1754600
2008-02-04,62.89611053466797,63.26550954807644,62.835798848337085,62.86595469150253,787300
2008-02-05,63.03931427001953,63.06192970189824,62.971462222747626,63.05438930739341,1949700
2008-02-06,63.06185531616211,63.08447072136442,62.98646871494477,63.04677454494125,898700
2008-02-07,62.978946685791016,63.114644908185745,62.92617547439476,63.114644908185745,2791400
2008-02-08,63.09212112426758,63.0996557713876,63.00165359407603,63.00919399283508,2447100
2008-02-11,63.114723205566406,63.15995408526589,63.077026971391625,63.107182808403884,669400
2008-02-12,63.137298583984375,63.144838976362415,63.00914067172849,63.01667531247237,936700
2008-02-13,63.15996551513672,63.220277200075664,63.12227502577902,63.15242511660964,632300
2008-02-14,63.114723205566406,63.17503487959092,63.09210776571666,63.13733864541614,1471200
2008-02-15,63.046836853027344,63.205150597531166,62.99406560485941,63.1599197424257,1830200
2008-02-19,63.001583099365234,63.09958516701881,62.96388689938862,63.06943510899662,1031900
2008-02-20,62.92623519897461,63.05439315519846,62.888538975785885,63.024237326974706,822500
2008-02-21,63.09956359863281,63.10710398637723,62.83570754388427,62.888478754833976,588900
2008-02-22,63.03175354003906,63.129755630441025,63.00913811545661,63.03929393211119,1470900
2008-02-25,62.933738708496094,63.061896589606654,62.90358289794665,63.02420038851166,689400
2008-02-26,63.02421951293945,63.039300298606754,62.93375780547367,62.93375780547367,657700
2008-02-27,63.09956359863281,63.15987519732695,63.02417697608046,63.10710398637723,1626500
2008-02-28,63.2503776550293,63.2503776550293,63.17499099069014,63.22022183896687,823700
2008-02-29,63.46900939941406,63.4840844331465,63.30315527018527,63.38608233479967,901700
2008-03-03,63.47129440307617,63.50906375289502,63.373102161458334,63.486404448121185,1341900
2008-03-04,63.45614242553711,63.629867473422685,63.43348313779459,63.47880171327963,662900
2008-03-05,63.41843795776367,63.52418525056213,63.36556431136444,63.48642165330282,607700
2008-03-06,63.6072883605957,63.6072883605957,63.49398601627982,63.54685967525435,1482800
2008-03-07,63.57703399658203,63.69789129118583,63.45618246477123,63.6601219459239,1557200
2008-03-10,63.64501953125,63.68278311482599,63.51660721127081,63.569486601304874,701400
2008-03-11,63.32773971557617,63.44859695210044,63.32773971557618,63.441041934120115,638300
2008-03-12,63.53169250488281,63.5467967798704,63.373071684954034,63.38817595994162,459200
2008-03-13,63.5014762878418,63.66765212167656,63.456157701447125,63.614778516619204,915400
2008-03-14,63.69034194946289,63.78853418799049,63.463737383268736,63.463737383268736,1031000
2008-03-17,63.83387756347656,63.90941052043107,63.75834460652207,63.85653687428339,851000
2008-03-18,63.6072883605957,63.82633802286064,63.57707401792503,63.77346436388611,735400
2008-03-19,63.67522430419922,63.7356471814157,63.50149340487204,63.58458134418604,696300
2008-03-20,63.59965515136719,63.78094098453712,63.52412226894114,63.66008376242383,1289400
2008-03-24,63.33535385131836,63.46376046288855,63.31269453901722,63.46376046288855,849600
2008-03-25,63.380645751953125,63.471282954700136,63.380645751953125,63.41840933216683,1870900
2008-03-26,63.516624450683594,63.56950385506996,63.4108771675003,63.47886085685797,474100
2008-03-27,63.584529876708984,63.59208489129287,63.508997019233014,63.53165630019704,437800
2008-03-28,63.614723205566406,63.614723205566406,63.471206789712106,63.56184964648099,370800
2008-03-31,63.629913330078125,63.6525726341507,63.58459472193297,63.61480904829425,474400
2008-04-01,63.39979934692383,63.5587523015447,63.399799346923835,63.51333882161233,2527500
2008-04-02,63.346797943115234,63.430059817105956,63.263536069124505,63.369504676957064,818600
2008-04-03,63.3013916015625,63.41493106876731,63.28625570086855,63.392224330297786,688400
2008-04-04,63.41498947143555,63.422560316183564,63.33929834854291,63.35443426317644,1027900
2008-04-07,63.293846130371094,63.339259621367255,63.203013373519795,63.31655287586917,574700
2008-04-08,63.33168029785156,63.3846646218694,63.301402716290205,63.32411523360488,986000
2008-04-09,63.452796936035156,63.52848801003879,63.41494851160395,63.43765525631917,610500
2008-04-10,63.4300537109375,63.53602230856887,63.39977614377776,63.52088063756127,433900
2008-04-11,63.53603744506836,63.53603744506837,63.4679114590151,63.47548229632253,1193300
2008-04-14,63.4981575012207,63.54357095280007,63.48302160897891,63.520864227010385,551000
2008-04-15,63.41498947143555,63.483115524442674,63.38471186730599,63.45283792031312,483800
2008-04-16,63.27867126464844,63.430059113341,63.25596453105854,63.41491744104377,1370900
2008-04-17,63.16513442993164,63.29381555034755,63.08944338988805,63.29381555034755,792700
2008-04-18,63.127323150634766,63.127323150634766,62.96837015513956,63.03649039255505,1436200
2008-04-21,63.066715240478516,63.13484119578429,63.04400851366134,63.0894219672957,753400
2008-04-22,63.08945846557617,63.104600142116816,63.03647414739904,63.044044985669366,494100
2008-04-23,63.08945846557617,63.11973604379989,63.02890330912872,63.07432256389309,505600
2008-04-24,62.915348052978516,63.021316653025245,62.87749964945228,62.97589741382266,975700
2008-04-25,62.922950744628906,62.96837001099431,62.869966412918465,62.869966412918465,1386000
2008-04-28,62.99103927612305,62.99861011182236,62.85479310781344,62.922913304540444,593600
2008-04-29,62.97591781616211,63.05917971100974,62.96835275289048,63.021337070079205,695300
2008-04-30,63.09701156616211,63.09701156616211,62.89263941431899,62.99104295959751,870600
2008-05-01,62.98480224609375,63.15923011947343,62.954465705918274,63.15923011947343,1129900
2008-05-02,62.9013671875,63.318481523106115,62.83310853753752,62.87861623287997,878100
2008-05-05,62.969573974609375,62.99232491258185,62.90132116069194,62.9468230366369,723600
2008-05-06,63.00758361816406,63.08342211215792,62.93932492329526,63.030334587751604,893400
2008-05-07,63.08336639404297,63.08336639404297,62.96202028194628,62.96202028194628,861500
2008-05-08,63.13645553588867,63.181957436073844,63.053031528148345,63.136455535888665,1319900
2008-05-09,63.15917205810547,63.21225950808412,63.12883554581794,63.20467393348771,848600
2008-05-12,63.0378532409668,63.17436469965376,63.0378532409668,63.10610607726025,569800
2008-05-13,62.93165588378906,63.00749427024011,62.87856843466353,62.954406821114574,557100
2008-05-14,62.88618469238281,62.96202312281455,62.80276068307749,62.96202312281455,574000
2008-05-15,62.93925476074219,62.97717685851794,62.86341635129043,62.86341635129043,657100
2008-05-16,62.9544563293457,63.01512361455731,62.86344672237446,62.86344672237446,417200
2008-05-19,63.022647857666016,63.0302334307232,62.9240585523103,62.99989692459138,371100
2008-05-20,63.11371612548828,63.121301705606506,63.02270652237652,63.02270652237652,462600
2008-05-21,63.04546356201172,63.12888759305766,63.02271260556334,63.05304914286213,900100
2008-05-22,62.87102127075195,62.94685970353591,62.84068474041806,62.93927412442705,433700
2008-05-23,62.992374420166016,63.053047493176166,62.91653597195467,62.91653597195467,555000
2008-05-27,62.92411422729492,62.99995266667753,62.88619211455261,62.96961613370408,501600
2008-05-28,62.810325622558594,62.8937496044509,62.802740046177625,62.87858423778842,413700
2008-05-29,62.787593841552734,62.810344791539514,62.597994876861286,62.74967173417396,439600
2008-05-30,62.878623962402344,62.90895471488927,62.840701842639014,62.85586721888248,1970100
2008-06-02,63.00259017944336,63.04061458301173,62.87331649004597,62.88852277044767,369300
2008-06-03,63.09382629394531,63.11663860854264,62.88850385915399,63.063407940579644,445000
2008-06-04,63.070980072021484,63.1318109443421,63.03295570032961,63.11660467668809,607100
2008-06-05,62.98737716674805,63.05581412380505,62.96456484772905,63.02539576454345,679300
2008-06-06,63.070980072021484,63.16983531603398,63.03295570032961,63.048167769688185,345400
2008-06-09,62.75164031982422,62.96456884818384,62.744040080807544,62.95696280745799,566100
2008-06-10,62.60707473754883,62.7059299249581,62.569050387629204,62.66030534641555,1293900
2008-06-11,62.71358108520508,62.75920569658,62.60711979086,62.66035043803254,641300
2008-06-12,62.409420013427734,62.614736620738626,62.409420013427734,62.56911199727108,1064700
2008-06-13,62.47786331176758,62.614737183400166,62.46265123600374,62.51588189776319,834300
2008-06-16,62.51586151123047,62.55388588653326,62.48544317132925,62.50825547582888,318500
2008-06-17,62.637596130371094,62.645196371500596,62.546341021420005,62.57675939107037,388300
2008-06-18,62.698421478271484,62.72123960475806,62.63759054610475,62.63759054610475,1229800
2008-06-19,62.57673645019531,62.69080384413893,62.56913041014343,62.63757316719306,549000
2008-06-20,62.69080352783203,62.744034204509326,62.65277912947313,62.65277912947313,362800
2008-06-23,62.622291564941406,62.6907342460072,62.591873240212415,62.62989759654921,924300
2008-06-24,62.73643493652344,62.75924725731779,62.6451798516368,62.66039193330587,650600
2008-06-25,62.78207015991211,62.81248852666795,62.62237808572664,62.69842110176111,838000
2008-06-26,62.964542388916016,62.97974866226849,62.804844609327986,62.804844609327986,1378900
2008-06-27,62.99491500854492,63.0177331066713,62.88845375743406,63.002521041253715,812900
2008-06-30,63.0329475402832,63.0329475402832,62.926486275373556,62.97211087413374,953300
2008-07-01,63.016944885253906,63.169433650310374,63.009318701879025,63.10081545115702,1032300
2008-07-02,63.02460861206055,63.09322685208943,62.978857301630974,62.98648348954873,903200
2008-07-03,63.131343841552734,63.15421658528239,63.024600492763504,63.09321872395248,328900
2008-07-07,63.16941452026367,63.29141014902285,63.07792361576604,63.14654179413927,1115100
2008-07-08,63.1771354675293,63.28387889427368,63.139010322086094,63.19238203545829,507000
2008-07-09,63.28384780883789,63.28384780883789,63.13897930781065,63.16947824576784,459000
2008-07-10,63.20756912231445,63.2838135173542,63.199942937688135,63.2838135173542,736100
2008-07-11,63.078006744384766,63.253368420490304,63.039881605885604,63.245742229374585,532200
2008-07-14,63.22283935546875,63.23046554295156,63.03985157541789,63.10084944112706,681300
2008-07-15,63.31430435180664,63.42867383829537,63.25330651673615,63.28380543427139,715700
2008-07-16,63.253299713134766,63.33717027306704,63.24567353030281,63.29904517598033,618700
2008-07-17,63.16185760498047,63.26098061631744,63.11611210256533,63.22285548625273,937600
2008-07-18,63.047523498535156,63.21526484237917,63.00177215752623,63.18476588740018,1190400
2008-07-21,63.078006744384766,63.078006744384766,62.971257520003,63.03225541476989,811900
2008-07-22,63.02460861206055,63.07035410541314,62.955984554954675,63.07035410541314,1046200
2008-07-23,62.99409484863281,63.0093414038023,62.894971880266475,62.940723179926174,867600
2008-07-24,63.16941452026367,63.17704070132906,63.00167343925568,63.00167343925568,520000
2008-07-25,63.08560562133789,63.169476243792715,63.05510668434728,63.14660349531911,874800
2008-07-28,63.21519470214844,63.22281506962738,63.14657067531708,63.161817227349374,513100
2008-07-29,63.16185760498047,63.18473617326617,63.10086554078633,63.18473617326617,487900
2008-07-30,63.1771354675293,63.22288098839675,63.100890993723375,63.108511369147635,516000
2008-07-31,63.30665969848633,63.31428587991363,63.24566188121191,63.253288062639214,629900
2008-08-01,63.31891632080078,63.32656701464405,63.26537313543697,63.31891632080078,657400
2008-08-04,63.31128692626953,63.34953457258369,63.28069581214399,63.30364206562389,935500
2008-08-05,63.28070831298828,63.30365457100112,63.24246065911846,63.29600387307263,567900
2008-08-06,63.28834915161133,63.311295408165364,63.219510381949206,63.30365054649553,534700
2008-08-07,63.426029205322266,63.44133059940519,63.34188904518205,63.34188904518205,445700
2008-08-08,63.37248611450195,63.48722322724776,63.32659360371242,63.441330716458225,530000
2008-08-11,63.28834915161133,63.364838618715545,63.15831647395692,63.364838618715545,711000
2008-08-12,63.40306854248047,63.41836993308636,63.36482090173637,63.387772987645214,587800
2008-08-13,63.39543151855469,63.47192681653928,63.364834566515235,63.464276119586444,1158100
2008-08-14,63.418399810791016,63.448990934873635,63.38015215202766,63.433695372832325,1061400
2008-08-15,63.46432113647461,63.525515083959974,63.43372416273192,63.50256297682093,1816300
2008-08-18,63.51778793334961,63.54073417709515,63.456594059515474,63.47954030326102,537000
2008-08-19,63.56370162963867,63.60194927248905,63.525459822559256,63.594298576764785,683800
2008-08-20,63.64787292480469,63.655523624273236,63.556082038503554,63.556082038503554,717200
2008-08-21,63.594268798828125,63.632516423769104,63.55602117388715,63.632516423769104,540600
2008-08-22,63.47963333129883,63.52553172182204,63.449036349542546,63.52553172182204,509600
2008-08-25,63.58666229248047,63.59431298993871,63.54076977927559,63.55606533841979,511800
2008-08-26,63.56370162963867,63.56370162963867,63.510158431110725,63.556050933914406,600200
2008-08-27,63.601951599121094,63.601951599121094,63.502510058380814,63.533107006626196,664000
2008-08-28,63.57139205932617,63.57904275983234,63.517848827332145,63.571392059326165,510300
2008-08-29,63.601951599121094,63.601951599121094,63.51016075438495,63.54075770263033,597400
2008-09-02,63.682518005371094,63.682518005371094,63.498421776766506,63.54444437083926,645200
2008-09-03,63.70553970336914,63.743889917063484,63.67485602102526,63.69786731970467,947200
2008-09-04,63.743858337402344,63.79755329182435,63.70550814270727,63.71317467025962,861400
2008-09-05,63.72085952758789,63.84359422019204,63.697848235802674,63.820577076094565,1047500
2008-09-08,63.69015121459961,63.69782359299721,63.52906638210981,63.58276132627307,505100
2008-09-09,63.7899055480957,63.828255754083536,63.57511981484994,63.65949846126114,642200
2008-09-10,63.805259704589844,63.82059862018724,63.69786973846542,63.751564721527636,536600
2008-09-11,63.782222747802734,63.88961267072816,63.77455036693324,63.87426790898917,825500
2008-09-12,63.7899055480957,63.8512670481388,63.7055269016845,63.80524446002826,1061400
2008-09-15,64.24250030517578,64.27318399267396,64.0430592625951,64.2041442327243,1710200
2008-09-16,64.12742614746094,64.48027971032974,64.11208723269009,64.4572684120165,1671800
2008-09-17,64.43426513671875,64.44960405339953,63.98936047288589,64.38057014986407,5535100
2008-09-18,64.22714233398438,64.6567021268959,64.16577497719324,64.33453228221225,13824800
2008-09-19,63.866546630859375,63.94325281686235,63.68244476168401,63.713128406546566,3398300
2008-09-22,63.91259002685547,63.92026240365134,63.674799016962325,63.71314919632415,1542400
2008-09-23,63.95866394042969,63.98934761994274,63.83593507469096,63.98934761994274,1226200
2008-09-24,64.09671020507812,64.11205496443972,63.904941679234966,63.9739813917402,831100
2008-09-25,63.981666564941406,64.09672302160476,63.87427078486871,64.08905649270196,1089800
2008-09-26,63.981666564941406,64.14275145658225,63.97399418372647,64.12740669415237,1268200
2008-09-29,64.34983825683594,64.55695151691376,64.11204718637869,64.18875341694778,2506000
2008-09-30,64.09671020507812,64.44956359035223,64.09671020507812,64.41121339657018,1460200
2008-10-01,64.29684448242188,64.3661104685115,64.12751979821707,64.30454266042828,4156600
2008-10-02,64.43535614013672,64.550805275357,64.33529748268523,64.42765796525885,2180500
2008-10-03,64.61236572265625,64.61236572265625,64.26602422830422,64.5123129485512,1009900
2008-10-06,64.74317932128906,64.85862251458569,64.63542842622329,64.68930387375617,2985200
2008-10-07,64.75861358642578,64.78170224070011,64.5431116505488,64.62777396421295,5766800
2008-10-08,64.4815673828125,64.9125714510245,64.350727700961,64.90487914408503,7752100
2008-10-09,64.52002716064453,64.53541764049167,64.3353061705525,64.43536484151595,6909600
2008-10-10,64.62010955810547,64.74325694123971,64.25837146013667,64.65089640388902,4586600
2008-10-13,64.3353500366211,64.52007115266238,63.67345325611091,64.52007115266238,1399300
2008-10-14,64.35067749023438,64.44303794935254,64.15056609813773,64.30450019666802,3418700
2008-10-15,64.56619262695312,64.67394358207845,64.35069071670249,64.35069071670249,1202300
2008-10-16,64.52771759033203,64.76631406094047,64.48154028014413,64.48923845583798,1174500
2008-10-17,64.57391357421875,64.66626821290376,64.45846440387378,64.61239271634126,942100
2008-10-20,64.52771759033203,64.70474039936491,64.48154028014413,64.63547443408306,1514800
2008-10-21,64.65856170654297,64.73552584587289,64.52771621049594,64.72012949481444,711100
2008-10-22,64.75093078613281,64.77402531787831,64.56621563609006,64.67396662961406,1161600
2008-10-23,64.71241760253906,64.88943448221532,64.59696849249742,64.71241760253906,901100
2008-10-24,64.76631164550781,64.93563627253197,64.68164933199574,64.92023992171849,1208800
2008-10-27,64.60468292236328,64.75091301802571,64.55849974353403,64.66625070749039,1122100
2008-10-28,64.68167114257812,64.71245798259902,64.55852378249458,64.62009746253635,1028700
2008-10-29,64.72013854980469,64.82019722972147,64.650872576313,64.74323307962351,1302400
2008-10-30,64.7740249633789,64.80480592822695,64.65857579323826,64.73553994933579,821500
2008-10-31,64.80482482910156,64.80482482910156,64.66628695892479,64.75094931692118,1271700
2008-11-03,64.92610168457031,64.92610168457031,64.748394601265,64.85656566802851,901900
2008-11-04,64.90290069580078,64.99562124752265,64.77927329350496,64.90290069580078,1290100
2008-11-05,65.01879119873047,65.01879119873047,64.86425696656943,64.89516381300164,1421400
2008-11-06,65.04203033447266,65.04975852698576,64.87977366099956,64.91840283379771,2190300
2008-11-07,64.92610168457031,65.01882226817375,64.91065120141025,64.964736734792,661000
2008-11-10,65.12696838378906,65.12696838378906,64.91062633314604,64.9647118458068,703900
2008-11-11,65.17333984375,65.18879621922135,65.01881145831678,65.01881145831678,493200
2008-11-12,65.2738037109375,65.2738037109375,65.14244806854163,65.1656267422346,972600
2008-11-13,65.111572265625,65.2661066554317,65.09612177408644,65.25065026900891,1089400
2008-11-14,65.09607696533203,65.2197043920787,65.09607696533203,65.1269838220187,858300
2008-11-17,65.21195983886719,65.21968802481946,65.0960606290978,65.0960606290978,613000
2008-11-18,65.28153228759766,65.28926047786614,65.13473204178847,65.14245433717497,649600
2008-11-19,65.37425231933594,65.37425231933594,65.23517437011915,65.26608123604309,740000
2008-11-20,65.49788665771484,65.52107123283935,65.34335819284995,65.48243616918158,2529500
2008-11-21,65.38967895507812,65.44376447699777,65.2583292439704,65.38967895507812,1693400
2008-11-24,65.22747039794922,65.31246283707607,65.16565664315077,65.25837727534845,957100
2008-11-25,65.28153228759766,65.41288794263384,65.21972445009577,65.31243915378958,810300
2008-11-26,65.48238372802734,65.49011191354644,65.28922035419835,65.28922035419835,671900
2008-11-28,65.52108764648438,65.52108764648438,65.32019587592828,65.39746012771614,234700
2008-12-01,65.6288070678711,65.67531743908734,65.5202730111329,65.6055459679228,869100
2008-12-02,65.62104797363281,65.66755834102575,65.54352872319801,65.60554057494203,725000
2008-12-03,65.67533874511719,65.72184913142208,65.55905686501289,65.55905686501289,956300
2008-12-04,65.69084167480469,65.77611466112636,65.62107609381907,65.68309388647889,1181300
2008-12-05,65.61328887939453,65.73732440136344,65.5125144535492,65.71406330523986,877800
2008-12-08,65.5202407836914,65.62877478704497,65.48923782769013,65.59776591670642,1051300
2008-12-09,65.72186279296875,65.72186279296875,65.46604378643084,65.61333459280297,980400
2008-12-10,65.6364974975586,65.71401668662615,65.54347683641153,65.65200488397312,938100
2008-12-11,65.7916030883789,65.7916030883789,65.6210571649308,65.69857642622343,919400
2008-12-12,65.82263946533203,65.85364245132446,65.62108457032322,65.72185906065613,538500
2008-12-15,65.869140625,65.87689432758268,65.69859465423409,65.77611393703435,1399200
2008-12-16,65.9001235961914,66.00089803275335,65.69081510919523,65.9001235961914,734500
2008-12-17,65.7605972290039,66.02416391240314,65.7605972290039,65.88462686991508,1398100
2008-12-18,65.7916030883789,65.91563272357901,65.78384938794748,65.9001312370567,1120900
2008-12-19,65.72954559326172,65.80706480770951,65.69853672461521,65.71403820176998,848900
2008-12-22,65.60550689697266,65.75279753722629,65.59775911594421,65.72954236546764,812700
2008-12-23,65.62104797363281,65.6985672240676,65.59779278993634,65.62104797363281,698300
2008-12-24,65.6364974975586,65.72952407304068,65.62874971868635,65.65200488397312,271600
2008-12-26,65.71408081054688,65.73734191286688,65.62106005862998,65.62881375940331,444400
2008-12-29,65.85888671875,65.90558220783738,65.72657293653559,65.81996985259045,715900
2008-12-30,65.92110443115234,65.92110443115234,65.78879666902814,65.84327668507201,531900
2008-12-31,65.88995361328125,65.913301334647,65.73429224105259,65.89773222848703,587400
2009-01-02,65.53973388671875,65.90553076673552,65.53973388671875,65.90553076673552,1138500
2009-01-05,65.67203521728516,65.73429977331129,65.61755521523101,65.64868749324408,5046300
2009-01-06,65.7031478881836,65.73428015690618,65.58640336494217,65.62532018531368,1459700
2009-01-07,65.65646362304688,65.72650678618311,65.60976818095605,65.72650678618311,2015400
2009-01-08,65.67203521728516,65.75764749735238,65.63312432317498,65.63312432317498,805800
2009-01-09,65.7187271118164,65.78877027382366,65.67202573260421,65.67981028545191,847200
2009-01-12,65.73432159423828,65.83549707796044,65.70318930589066,65.7187584190029,1228000
2009-01-13,65.74210357666016,65.79658359466613,65.68762355865418,65.74210357666016,583400
2009-01-14,65.8199462890625,65.88221087747503,65.78102943683518,65.78102943683518,1117800
2009-01-15,65.74986267089844,65.83546900500488,65.69538267399015,65.81212128316909,4473500
2009-01-16,65.781005859375,65.81213814242273,65.68761494810767,65.70317812069361,660600
2009-01-20,65.8121109008789,65.82768000489618,65.67201865409032,65.72649864240402,2102800
2009-01-21,65.71095275878906,65.80434959383673,65.69538958855193,65.74986959119433,992100
2009-01-22,65.74210357666016,65.80436815091744,65.70318673328019,65.74210357666016,568900
2009-01-23,65.72654724121094,65.74990091450478,65.59423944860141,65.7109840635595,1840900
2009-01-26,65.64090728759766,65.71095640223612,65.5942118364222,65.71095640223612,910100
2009-01-27,65.71095275878906,65.71873731284511,65.60977730756031,65.60977730756031,1186800
2009-01-28,65.68754577636719,65.73424118282864,65.63306582287231,65.67976122933375,1637100
2009-01-29,65.5631103515625,65.63315949910329,65.54754717315235,65.58645808811674,1642800
2009-01-30,65.6019515991211,65.67199472806014,65.55525617982839,65.59416704994857,1134300
2009-02-02,65.6628189086914,65.67061028309833,65.5770662093029,65.59265490573078,775500
2009-02-03,65.59265899658203,65.67061437881145,65.54588695676726,65.64722835890407,872000
2009-02-04,65.48352813720703,65.59266687495983,65.46014211449074,65.57707817568735,1806100
2009-02-05,65.49906921386719,65.55363854306769,65.46009452021586,65.51466384941637,1131500
2009-02-06,65.46014404296875,65.57708010761034,65.46014404296875,65.57708010761034,970500
2009-02-09,65.43670654296875,65.52245919307317,65.42111190788943,65.46788986551678,823200
2009-02-10,65.58482360839844,65.62380425069584,65.45229894076479,65.48348226508053,1168400
2009-02-11,65.56929016113281,65.66284021289445,65.561492836582,65.60827083627082,880200
2009-02-12,65.647216796875,65.6861974549315,65.61603345995248,65.61603345995248,879800
2009-02-13,65.52250671386719,65.61605080174435,65.51470939067244,65.6004621029698,658100
2009-02-17,65.69402313232422,65.70182045752978,65.60047902032348,65.60047902032348,901700
2009-02-18,65.58482360839844,65.67057626336397,65.53805159573032,65.61600693271417,622500
2009-02-19,65.5614242553711,65.60040488973301,65.49905761943593,65.53803825379785,646200
2009-02-20,65.61605072021484,65.68621473365047,65.57707599951944,65.58486737508954,888400
2009-02-23,65.60823822021484,65.61602959327631,65.49130220054961,65.54587155004498,2477700
2009-02-24,65.5614242553711,65.63158820770059,65.53803825379785,65.56922157176542,863900
2009-02-25,65.43670654296875,65.59261720809828,65.43670654296875,65.56143388555024,919000
2009-02-26,65.4679183959961,65.47570976932056,65.41334904465874,65.45232375412073,863300
2009-02-27,65.50692749023438,65.55369954518483,65.44456078522288,65.49133878778967,793500
2009-03-02,65.65443420410156,65.67005281805429,65.56074634740878,65.59197761855835,1559300
2009-03-03,65.59977722167969,65.71689299261182,65.56074260253934,65.71689299261182,1011700
2009-03-04,65.5295181274414,65.53732743478139,65.45144292431013,65.52170882010142,2098600
2009-03-05,65.60765075683594,65.63107274260092,65.51396281377598,65.53738479954097,1025300
2009-03-06,65.56077575683594,65.6310416808756,65.49050387603772,65.50612249699668,1402800
2009-03-09,65.498291015625,65.57636622371602,65.42802511537005,65.5685628726365,896100
2009-03-10,65.45927429199219,65.48270222403947,65.19381729637688,65.48270222403947,2253200
2009-03-11,65.49051666259766,65.49832597460185,65.40463210083068,65.45148201609612,1011700
2009-03-12,65.5139389038086,65.53736088102549,65.45147632672403,65.46708899261557,902300
2009-03-13,65.56863403320312,65.5764373927515,65.45932147513271,65.4671307914441,1320000
2009-03-16,65.48271942138672,65.52175407153285,65.46710079592003,65.46710079592003,730400
2009-03-17,65.46712493896484,65.52958755034604,65.42809027442345,65.50616556026871,1135200
2009-03-18,65.71690368652344,65.74032565317015,65.47486875549882,65.4826780632999,2771700
2009-03-19,65.6388168334961,65.7168920273856,65.63100752708051,65.6934700648943,2064700
2009-03-20,65.71690368652344,65.74813496097121,65.63882847878226,65.69348171987673,1939900
2009-03-23,65.66228485107422,65.70132545377952,65.61544089323557,65.64667218404789,1068700
2009-03-24,65.5763931274414,65.67789630068387,65.56858977316045,65.6700869896439,2632300
2009-03-25,65.56077575683594,65.6310416808756,65.55296644635645,65.6154290166752,1233200
2009-03-26,65.64669799804688,65.71696396243526,65.59204470682414,65.63107936811925,1249300
2009-03-27,65.67782592773438,65.7168605275911,65.6622073223896,65.6622073223896,704600
2009-03-30,65.7403564453125,65.77939704584759,65.7091311129956,65.73255309061292,787000
2009-03-31,65.83406066894531,65.84186998163268,65.74036678697763,65.74036678697763,2398100
2009-04-01,65.81916046142578,65.8504380802805,65.7800544877566,65.80351568526457,968800
2009-04-02,65.70967864990234,65.78789061357281,65.67057863480221,65.74878463173758,996700
2009-04-03,65.5611343383789,65.67844639819405,65.54548954814263,65.67062400307591,1979300
2009-04-06,65.6080322265625,65.62367701094485,65.53764859705291,65.53764859705291,1236400
2009-04-07,65.63150787353516,65.67061387635628,65.6080466585378,65.63933026744704,592100
2009-04-08,65.63150787353516,65.70189748526552,65.59240783745233,65.65496908853251,1021000
2009-04-09,65.55326843261719,65.63147443167205,65.55326843261719,65.60801322862912,1768800
2009-04-13,65.67841339111328,65.74097462040018,65.59238498826555,65.59238498826555,664800
2009-04-14,65.733154296875,65.77225431701801,65.68622591927318,65.69404830999613,1485700
2009-04-15,65.764404296875,65.7800490717481,65.69402071014615,65.72530429315898,726200
2009-04-16,65.67062377929688,65.76446865343783,65.67062377929688,65.70190739292359,1374700
2009-04-17,65.60018920898438,65.76442359294006,65.56890561679256,65.64711758063964,826800
2009-04-20,65.66272735595703,65.72529451267218,65.63926616387198,65.63926616387198,618200
2009-04-21,65.67062377929688,65.74882982999407,65.67062377929688,65.72536861145883,284600
2009-04-22,65.67062377929688,65.70190739292359,65.60805655204344,65.70190739292359,884900
2009-04-23,65.6236801147461,65.67060253663844,65.60803532962379,65.66278014407729,1306900
2009-04-24,65.6236801147461,65.66278014407729,65.59239651123877,65.63149654056997,1050300
2009-04-27,65.70187377929688,65.73315737691864,65.63930658405334,65.71751259473969,848600
2009-04-28,65.63928985595703,65.74877943636186,65.63146746686108,65.73314062490458,869300
2009-04-29,65.67062377929688,65.70190739292359,65.61587894713492,65.67062377929688,867700
2009-04-30,65.725341796875,65.725341796875,65.6236745691207,65.65495220324757,690100
2009-05-01,65.67594909667969,65.6916250257828,65.63677123115234,65.64460321708869,695400
2009-05-04,65.6602554321289,65.70727124522743,65.62890956385887,65.70727124522743,959800
2009-05-05,65.64461517333984,65.66812907127725,65.59759933469766,65.62110725401875,1067400
2009-05-06,65.68379211425781,65.70730003110572,65.62893831540747,65.66812216256443,660200
2009-05-07,65.58975982666016,65.65245159578667,65.56625190789175,65.60543575824987,1587600
2009-05-08,65.6368408203125,65.65251078741393,65.59765693462658,65.60549490748808,946000
2009-05-11,65.74649047851562,65.754328444457,65.66029078900931,65.66029078900931,528500
2009-05-12,65.73866271972656,65.76217064258445,65.72299276402703,65.72299276402703,1212900
2009-05-13,65.76998901367188,65.82484281020243,65.75431906264119,65.76215104884882,827700
2009-05-14,65.79347229003906,65.81698019708915,65.75429443782663,65.75429443782663,1673100
2009-05-15,65.7856674194336,65.83268923579972,65.76999746638901,65.7856674194336,1158000
2009-05-18,65.7229995727539,65.80136131660403,65.7229995727539,65.78568538066331,1131700
2009-05-19,65.7621841430664,65.7856920707503,65.69949235016372,65.74651418414994,1081800
2009-05-20,65.8483657836914,65.8483657836914,65.76216608677265,65.82485786246207,1122100
2009-05-21,65.7621841430664,65.85622183242043,65.7621841430664,65.84838386365298,1612700
2009-05-22,65.77784729003906,65.78567927866513,65.7229934765702,65.74650139968296,654900
2009-05-26,65.6916732788086,65.80138094865396,65.68383530849975,65.77787301634704,840600
2009-05-27,65.67594909667969,65.76998673545272,65.66811711074335,65.6916250257828,553300
2009-05-28,65.66812133789062,65.74648305260479,65.66812133789062,65.69162925444331,728200
2009-05-29,65.7621841430664,65.80136800828518,65.69166036001471,65.69949235016372,852800
2009-06-01,65.70802307128906,65.78650732772523,65.66093371502035,65.69232262722286,1745800
2009-06-02,65.68444061279297,65.77077504160442,65.68444061279297,65.73152994197686,2210000
2009-06-03,65.80218505859375,65.81003527863152,65.72370082210625,65.76294593433171,1227700
2009-06-04,65.73945617675781,65.8022400256154,65.72375572356711,65.72375572356711,1196400
2009-06-05,65.30774688720703,65.55890010561228,65.28420220860107,65.45687116899813,1198700
2009-06-08,65.13508605957031,65.3077550415268,65.13508605957031,65.26851590160584,1100900
2009-06-09,65.28417205810547,65.33126139356989,65.26062739037326,65.26062739037326,996100
2009-06-10,65.27635192871094,65.34699195243141,65.19001744858872,65.30774682947948,759400
2009-06-11,65.28417205810547,65.32341716296735,65.22923250407622,65.23708272264105,763000
2009-06-12,65.35478210449219,65.38617697928095,65.27629791150032,65.28414812718755,607800
2009-06-15,65.40189361572266,65.44113272796108,65.37834895078728,65.40189361572266,959400
2009-06-16,65.4725570678711,65.51965240689249,65.40192304128541,65.42546771681397,1126500
2009-06-17,65.54317474365234,65.59026407866024,65.50392963917095,65.55101897417885,752200
2009-06-18,65.4332275390625,65.51171167838314,65.38613226510532,65.51171167838314,619800
2009-06-19,65.4725570678711,65.49610174339966,65.37837836575684,65.42546771681397,1051200
2009-06-22,65.55888366699219,65.56673388721411,65.49609388114389,65.49609388114389,1054400
2009-06-23,65.55888366699219,65.60597301239663,65.50394410136582,65.51179432158774,721300
2009-06-24,65.55101013183594,65.70013432319483,65.53531568493779,65.59025523102346,698700
2009-06-25,65.6766357421875,65.7080306459741,65.58245103082771,65.59030125376577,1241300
2009-06-26,65.70802307128906,65.72371752739032,65.66877794908851,65.6844783931547,692200
2009-06-29,65.70802307128906,65.73156774942342,65.6844783931547,65.71587329332216,652300
2009-06-30,65.7001724243164,65.72371710229848,65.62168816838786,65.64523284636994,703300
2009-07-01,65.76457977294922,65.76457977294922,65.67026894393649,65.69384515219373,1202200
2009-07-02,65.8353271484375,65.85890935939503,65.79603545547927,65.8353271484375,544300
2009-07-06,65.85890197753906,65.89033292998847,65.8117435568953,65.82746502910481,474400
2009-07-07,65.85102844238281,65.91390232703088,65.8274522346357,65.85888917695974,1668300
2009-07-08,65.9532241821289,65.98466113883563,65.8353370934753,65.86677405018203,773700
2009-07-09,65.92179107666016,65.95322803520347,65.89035411811685,65.89821485674936,824100
2009-07-10,65.98462677001953,66.0003482381774,65.9374743575125,65.96891129784495,666200
2009-07-13,65.94535827636719,66.00037144229444,65.92963680268204,65.96107375406694,699800
2009-07-14,65.89826202392578,65.94542049348816,65.87468578714012,65.89040127966688,488900
2009-07-15,65.74103546142578,65.8589225558931,65.74103546142578,65.84320107877123,747200
2009-07-16,65.84313201904297,65.88242967464353,65.827416554391,65.86670821401114,504500
2009-07-17,65.819580078125,65.83529554856803,65.78814314125634,65.79600387446916,833100
2009-07-20,65.8117446899414,65.84318163891687,65.74101605173529,65.74887678797539,808800
2009-07-21,65.89031219482422,65.94533133425867,65.78814664155226,65.78814664155226,1071800
2009-07-22,65.85890197753906,65.93749135063224,65.84318050532953,65.93749135063224,628000
2009-07-23,65.74103546142578,65.8589225558931,65.71745924172966,65.85106181733217,1026000
2009-07-24,65.7802963256836,65.80387853031152,65.7410046432715,65.74886537814747,969800
2009-07-27,65.73316192626953,65.76459887840662,65.67814875902602,65.7095857111631,707600
2009-07-28,65.69384765625,65.79601922390422,65.67027144709411,65.75672154465506,763200
2009-07-29,65.65457916259766,65.74102929069333,65.58384451416204,65.72530781504715,635700
2009-07-30,65.66240692138672,65.67026165927862,65.60739377622772,65.6309699818697,774200
2009-07-31,65.77249145507812,65.77249145507812,65.67818055301215,65.67818055301215,624200
2009-08-03,65.67962646484375,65.72684210443718,65.61666827603696,65.71897683385384,1073800
2009-08-04,65.62454223632812,65.71110824847435,65.59306314063645,65.6953717026403,940200
2009-08-05,65.60088348388672,65.71105723125834,65.56940441263498,65.56940441263498,1230500
2009-08-06,65.60088348388672,65.64023382395612,65.57727568145265,65.58514094625139,892300
2009-08-07,65.4906997680664,65.53004409812822,65.46709196922572,65.50643629928753,1192200
2009-08-10,65.59300231933594,65.6166101182084,65.53004418633068,65.53791545396085,639000
2009-08-11,65.6638412475586,65.6795777810842,65.6087543741906,65.6087543741906,870800
2009-08-12,65.68746948242188,65.71107729206312,65.61664004947735,65.68746948242188,856900
2009-08-13,65.79767608642578,65.80554736157302,65.69537352560674,65.72684661814817,874800
2009-08-14,65.8448715209961,65.89995842207267,65.78191334718804,65.78978461991952,515000
2009-08-17,65.91571807861328,65.94719717368898,65.88423898353759,65.88423898353759,750800
2009-08-18,65.89991760253906,65.92352540208853,65.8684385351337,65.91566013825084,691600
2009-08-19,65.93138885498047,65.96286791865455,65.90778105822928,65.93926012190336,1102800
2009-08-20,65.91571807861328,65.94719717368898,65.8999755290637,65.92358334936459,588800
2009-08-21,65.81333923339844,65.93925547922923,65.78973143830943,65.91564768414023,848100
2009-08-24,65.89205932617188,65.90779585953423,65.7818795765601,65.80549338263188,555900
2009-08-25,65.89205932617188,65.91566712822481,65.83697245337541,65.90779585953423,664500
2009-08-26,65.93138885498047,65.95499665173166,65.89204452840097,65.94713138882625,733200
2009-08-27,65.9235610961914,65.96291145275879,65.89208801576325,65.9235610961914,605200
2009-08-28,65.99434661865234,65.99434661865234,65.88417289840892,65.88417289840892,764100
2009-08-31,66.04161071777344,66.0494819904342,65.96291600323136,65.99439508985256,541100
2009-09-01,66.09521484375,66.12673450507926,66.00066187152294,66.06369518242074,927000
2009-09-02,66.16615295410156,66.16615295410156,66.08735678597382,66.12675186415656,690900
2009-09-03,66.10306549072266,66.13458513737936,66.08730867327326,66.13458513737936,505300
2009-09-04,66.07156372070312,66.11884620936011,66.06368230396704,66.10308337588793,489900
2009-09-08,66.07937622070312,66.10301443449865,66.04785659839135,66.10301443449865,640800
2009-09-09,66.08732604980469,66.10308287139708,66.0321681565921,66.06368179977689,598500
2009-09-10,66.12671661376953,66.17399909885096,66.11095979324843,66.12671661376953,577700
2009-09-11,66.10306549072266,66.20549983353852,66.10306549072266,66.15034195482876,850500
2009-09-14,66.06362915039062,66.15030662946988,66.05575375175046,66.15030662946988,636100
2009-09-15,66.09521484375,66.10309626202249,66.04005693936398,66.04005693936398,657500
2009-09-16,66.00851440429688,66.11095477105876,66.00063900051413,66.09519193997603,709300
2009-09-17,66.10306549072266,66.1109469053263,65.98486831869948,66.00850655075254,832600
2009-09-18,66.0400390625,66.09519695195493,65.73272996242841,66.07944013143597,1287300
2009-09-21,66.06362915039062,66.09514878021533,66.03999093096077,66.03999093096077,600800
2009-09-22,66.0478744506836,66.08727549216147,66.0478744506836,66.06363126022183,711300
2009-09-23,66.15029907226562,66.15818048176007,66.03210798861885,66.0557462053482,943300
2009-09-24,66.16615295410156,66.1819097830222,66.11099503523592,66.11887645557738,859900
2009-09-25,66.14246368408203,66.16610191511015,66.09518121026817,66.15822050084823,866400
2009-09-28,66.13461303710938,66.16613269706305,66.11097479508422,66.15825127913452,716400
2009-09-29,66.12671661376953,66.14247944604969,66.05580190378599,66.08732155658726,1051300
2009-09-30,66.19763946533203,66.2133962863601,66.10308050388593,66.10308050388593,1421900
2009-10-01,66.26387023925781,66.30332012397648,66.22442637374647,66.26387023925781,1122900
2009-10-02,66.28752899169922,66.33487005093923,66.24019395166572,66.31120253092249,883500
2009-10-05,66.28752899169922,66.31908769145706,66.26386147168246,66.31908769145706,683000
2009-10-06,66.24813079833984,66.27179833467137,66.21657207682757,66.25602198352057,1163100
2009-10-07,66.33489227294922,66.35066861850991,66.26388366990476,66.28755119785006,880300
2009-10-08,66.27179718017578,66.3270234370575,66.24812964425655,66.31913225201424,817700
2009-10-09,66.17709350585938,66.2007670511475,66.12975845369924,66.19287586938479,1141400
2009-10-12,66.25601196289062,66.4295758761421,66.15344462868549,66.15344462868549,624300
2009-10-13,66.29544830322266,66.29544830322266,66.24022206001338,66.24022206001338,886200
2009-10-14,66.20867156982422,66.27178900396216,66.19289522089464,66.22445393796362,1078700
2009-10-15,66.16925048828125,66.24025311174492,66.16925048828125,66.17713565585818,719500
2009-10-16,66.20867156982422,66.21656275389391,66.1376689708264,66.15344531975597,508400
2009-10-19,66.20867156982422,66.20867156982422,66.15344531975597,66.17711285275524,670100
2009-10-20,66.24022674560547,66.28756180907342,66.20078286578534,66.24811792925328,1642100
2009-10-21,66.20867156982422,66.2402302868932,66.16922768789537,66.22445393796362,1529300
2009-10-22,66.21658325195312,66.21658325195312,66.1534657982765,66.1534657982765,572600
2009-10-23,66.10607147216797,66.1455153309568,66.10607147216797,66.12973899128252,572500
2009-10-26,66.03510284423828,66.10611146374563,66.03510284423828,66.10611146374563,1301600
2009-10-27,66.16925048828125,66.19291802943582,66.06668311766231,66.08246549123994,1267500
2009-10-28,66.26387023925781,66.271761420043,66.18497648902779,66.22442637374647,795500
2009-10-29,66.20867156982422,66.21656275389391,66.16922768789537,66.21656275389391,788200
2009-10-30,66.28752899169922,66.31908769145706,66.23230277192462,66.25597631114789,988900
2009-11-02,66.29544830322266,66.3191755026866,66.26382410297093,66.30335736971064,1469400
2009-11-03,66.28756713867188,66.32710041845411,66.26384596423212,66.32710041845411,779200
2009-11-04,66.27962493896484,66.31125516669117,66.23218261379989,66.26381284152622,658500
2009-11-05,66.3428726196289,66.3507816832498,66.2954242707514,66.2954242707514,667900
2009-11-06,66.39031982421875,66.39031982421875,66.35078656889908,66.39031982421875,798000
2009-11-09,66.39031982421875,66.39031982421875,66.35078656889908,66.35078656889908,590800
2009-11-10,66.37451171875,66.42195404112492,66.37451171875,66.4061419446162,546700
2009-11-11,66.44575500488281,66.45366407906049,66.37459143585167,66.42203381520576,399000
2009-11-12,66.43778991699219,66.44569898450172,66.39034757763673,66.39825664514628,909000
2009-11-13,66.45362854003906,66.45362854003906,66.39827711610893,66.41408922315208,584700
2009-11-16,66.49311065673828,66.5010197206001,66.39822602178889,66.39822602178889,845200
2009-11-17,66.50897979736328,66.51688886729141,66.44571930364366,66.46944048057533,1033000
2009-11-18,66.50897979736328,66.53270097429495,66.48525862043161,66.50897979736328,876600
2009-11-19,66.53267669677734,66.59593716741347,66.53267669677734,66.53267669677734,936100
2009-11-20,66.54851531982422,66.5959576709826,66.53269718086985,66.55641835644903,566500
2009-11-23,66.54056549072266,66.54056549072266,66.49311713577653,66.501026200409,745600
2009-11-24,66.59590148925781,66.60381055206275,66.54055011531784,66.54845917812278,680300
2009-11-25,66.62757873535156,66.62757873535156,66.56431825395553,66.58803942626616,879100
2009-11-27,66.67499542236328,66.69080752020177,66.6275530959986,66.68290448770715,346400
2009-11-30,66.68292999267578,66.72246326881734,66.6433906836827,66.67502092430686,683500
2009-12-01,66.69963836669922,66.79518737136418,66.66779477318063,66.79518737136418,1355900
2009-12-02,66.6439208984375,66.69965631414682,66.62003515951989,66.68373451310332,863700
2009-12-03,66.60408020019531,66.63592986113095,66.56426660535034,66.58815233237665,1045800
2009-12-04,66.43695068359375,66.48472219275962,66.42102279739933,66.48472219275962,730400
2009-12-07,66.5802001953125,66.5802001953125,66.4766872697,66.52446480256046,753600
2009-12-08,66.6439208984375,66.65188483631161,66.58818548272816,66.627999097394,657300
2009-12-09,66.59612274169922,66.64389420039684,66.58815880701552,66.62797240573173,642400
2009-12-10,66.5722427368164,66.60409240358763,66.52447127401098,66.5642788014479,535700
2009-12-11,66.50057983398438,66.54039343634327,66.47669410245017,66.5244716402214,486800
2009-12-14,66.42893981933594,66.53244670765422,66.42893981933594,66.53244670765422,525800
2009-12-15,66.41300201416016,66.43688774611547,66.37318841109932,66.43688774611547,566900
2009-12-16,66.46078491210938,66.50855638423872,66.42893523912181,66.45282097518648,686200
2009-12-17,66.58810424804688,66.58810424804688,66.50848319055426,66.56421853826882,698000
2009-12-18,66.54039764404297,66.56428337708759,66.50058403916645,66.54836157995892,540600
2009-12-21,66.43695068359375,66.49268613585681,66.40510098591362,66.48472219275962,958500
2009-12-22,66.35724639892578,66.42094572036729,66.34132460591623,66.40502392735773,846800
2009-12-23,66.35724639892578,66.42094572036729,66.34132460591623,66.39705999350213,767400
2009-12-24,66.27764129638672,66.32541883636117,66.27764129638672,66.3015270290224,325400
2009-12-28,66.18211364746094,66.26173479953226,66.18211364746094,66.2458069242953,1728200
2009-12-29,66.22591400146484,66.22591400146484,66.17012155984882,66.19403781847289,857500
2009-12-30,66.20201873779297,66.22592892088348,66.18608064270644,66.21796291380093,785600
2009-12-31,66.12223815917969,66.16209247130003,66.05847369215284,66.13818231639353,633000
2010-01-04,66.20994567871094,66.22588376292963,66.15415326256955,66.17806342935624,1220600
2010-01-05,66.28970336914062,66.32158564499947,66.27376527167237,66.27376527167237,598200
2010-01-06,66.2975845336914,66.33743884408685,66.24976422594807,66.30555661195329,1534900
2010-01-07,66.28166198730469,66.31353814599255,66.27368990717501,66.29760006664863,772000
2010-01-08,66.34546661376953,66.37734887558774,66.31358435195133,66.36141078513847,713200
2010-01-11,66.37738800048828,66.40129819071544,66.36941591010482,66.36941591010482,756600
2010-01-12,66.43313598632812,66.44908015641852,66.41719789715692,66.42516390128293,582900
2010-01-13,66.37738800048828,66.44115256170952,66.37738800048828,66.40129819071544,590500
2010-01-14,66.44113159179688,66.47301386234491,66.41722140911617,66.41722140911617,549900
2010-01-15,66.49693298339844,66.5208431692931,66.48099488644272,66.48099488644272,648300
2010-01-19,66.51284790039062,66.51284790039062,66.46502754526688,66.48097171758815,1154000
2010-01-20,66.51284790039062,66.55270225027377,66.50488189515002,66.52081998655126,1085600
2010-01-21,66.56861114501953,66.57658322768366,66.47297047671954,66.48890856113042,1281000
2010-01-22,66.62442779541016,66.62442779541016,66.55269726809432,66.56863535830243,725600
2010-01-25,66.56861114501953,66.60049339475866,66.56064514327278,66.59252739301189,624600
2010-01-26,66.57666015625,66.6244805456559,66.56072205342282,66.60854244282874,758500
2010-01-27,66.55276489257812,66.64841177377258,66.52088259884664,66.63246758644397,875700
2010-01-28,66.58458709716797,66.58458709716797,66.52082256724918,66.54473274573866,982100
2010-01-29,66.64836120605469,66.64836120605469,66.52083212788813,66.54474230981407,900600
2010-02-01,66.61968994140625,66.63564407507036,66.56384134302083,66.63564407507036,1001000
2010-02-02,66.62760925292969,66.63558326896496,66.60367503075356,66.60367503075356,724800
2010-02-03,66.5797348022461,66.60367511148638,66.56378068312105,66.58771490532618,1283800
2010-02-04,66.67548370361328,66.69143782415618,66.6355892717025,66.65154947928109,624300
2010-02-05,66.77921295166016,66.80315326741857,66.70741026549538,66.72336438896417,1362400
2010-02-08,66.7313003540039,66.74726055395244,66.69938604113962,66.71534624108814,857100
2010-02-09,66.66753387451172,66.72338245232703,66.63561953189746,66.70742832453914,1415000
2010-02-10,66.59571838378906,66.68348128736982,66.57975817202677,66.68348128736982,670100
2010-02-11,66.61968994140625,66.61968994140625,66.56384134302083,66.58777558703734,1266000
2010-02-12,66.67548370361328,66.68346380740257,66.65154947928109,66.65952958307038,505700
2010-02-16,66.6834487915039,66.71536311243887,66.64355436857663,66.66748858751927,733000
2010-02-17,66.62760925292969,66.67547769728193,66.60367503075356,66.64356337203539,672300
2010-02-18,66.58766174316406,66.64351024606617,66.5796816464551,66.64351024606617,888900
2010-02-19,66.56378936767578,66.57176947179704,66.49996070877762,66.55580926355454,1352700
2010-02-22,66.58766174316406,66.59564183987301,66.55574744335853,66.58766174316406,681700
2010-02-23,66.64358520507812,66.66751943509531,66.61167086937616,66.63560509939335,832000
2010-02-24,66.67548370361328,66.69143782415618,66.62761525494889,66.6355892717025,1194200
2010-02-25,66.7313003540039,66.74726055395244,66.70736614111388,66.7313003540039,733600
2010-02-26,66.75525665283203,66.771216858061,66.71536831382922,66.73132243202339,936700
2010-03-01,66.74331665039062,66.76727235728069,66.71936094350055,66.71936094350055,863200
2010-03-02,66.74331665039062,66.76727235728069,66.72734211746443,66.73532938392752,1148800
2010-03-03,66.73532104492188,66.76726401428355,66.70337807556018,66.72733377945684,1204600
2010-03-04,66.71138000488281,66.7433229812659,66.67943702849972,66.7033927376621,820800
2010-03-05,66.65541076660156,66.66339802536801,66.59951214022311,66.64742350783511,1145300
2010-03-08,66.62351989746094,66.63948833498154,66.61553263245159,66.63150716247029,943100
2010-03-09,66.67143249511719,66.67941976026941,66.63948952700649,66.66345132246317,641400
2010-03-10,66.65541076660156,66.67137919164112,66.63145508279555,66.63145508279555,1220100
2010-03-11,66.57563781738281,66.62354924354656,66.57563781738281,66.59160626193713,1763300
2010-03-12,66.58357238769531,66.60753417650572,66.55162942844461,66.56760395431823,1100500
2010-03-15,66.60751342773438,66.60751342773438,66.57557047843416,66.59153890683696,423400
2010-03-16,66.62351989746094,66.6634501300096,66.57560849240103,66.61553263245159,773100
2010-03-17,66.63951873779297,66.64750600644633,66.61556302433375,66.63951873779297,961200
2010-03-18,66.59960174560547,66.6235574616423,66.57564602956863,66.6235574616423,605400
2010-03-19,66.55166625976562,66.59958377140866,66.54368508490836,66.55166625976562,597100
2010-03-22,66.57563781738281,66.59959353046469,66.5596632803277,66.57563781738281,461900
2010-03-23,66.55166625976562,66.59958377140866,66.54368508490836,66.58360923669434,465300
2010-03-24,66.44780731201172,66.53564891087322,66.43982005052555,66.503705957424,651700
2010-03-25,66.47177124023438,66.4797585027102,66.40789141791625,66.47177124023438,759700
2010-03-26,66.51166534423828,66.51965260237702,66.4557667222528,66.47173514603743,595000
2010-03-29,66.54365539550781,66.54365539550781,66.49573790524386,66.51969969662443,1219600
2010-03-30,66.52774810791016,66.54372265164277,66.51177965668087,66.53573537977645,703300
2010-03-31,66.57563781738281,66.615561975019,66.53570756724582,66.55167601180015,2179100
2010-04-01,66.55164337158203,66.59160586778626,66.54364843300066,66.5836170275562,609000
2010-04-05,66.36776733398438,66.45569332485202,66.35977239890133,66.43970955303456,3762900
2010-04-06,66.41571044921875,66.42370538258058,66.38374291246609,66.41571044921875,1014200
2010-04-07,66.51969146728516,66.51969146728516,66.4557441344263,66.4557441344263,1811100
2010-04-08,66.50369262695312,66.56763995119839,66.50369262695312,66.55964501107961,709900
2010-04-09,66.51969146728516,66.52768640848085,66.47173401681766,66.48771780085572,481800
2010-04-12,66.55164337158203,66.56762715039345,66.51966971560786,66.52766465418922,1050800
2010-04-13,66.53567504882812,66.58363859750297,66.51969126483871,66.58363859750297,736700
2010-04-14,66.53567504882812,66.57564365633161,66.53567504882812,66.55166493117083,970900
2010-04-15,66.5836181640625,66.59960194314675,66.5356546301069,66.54364956882473,1206300
2010-04-16,66.6875228881836,66.70350666604887,66.6075918021553,66.62357558002057,801800
2010-04-19,66.62358093261719,66.68752824591779,66.62358093261719,66.68752824591779,661300
2010-04-20,66.63155364990234,66.63155364990234,66.59158506783103,66.6235587138182,895200
2010-04-21,66.63957214355469,66.63957214355469,66.58361976788493,66.61558732682344,648500
2010-04-22,66.59160614013672,66.68752710845153,66.59160614013672,66.6555534523466,169300
2010-04-23,66.567626953125,66.58361683024036,66.53565329724559,66.567626953125,658300
2010-04-26,66.567626953125,66.59960060900443,66.55164317436095,66.57562189168269,545600
2010-04-27,66.69548797607422,66.72746161584561,66.60756199128994,66.63154069653143,1530800
2010-04-28,66.67952728271484,66.68752222074295,66.62357491321994,66.65554856698145,1269900
2010-04-29,66.69548797607422,66.69548797607422,66.65551940177292,66.68749304154431,421600
2010-04-30,66.77545928955078,66.77545928955078,66.70351703209947,66.71151197145004,517300
2010-05-03,66.7098388671875,66.73384609619595,66.68583774222914,66.70184256156811,494900
2010-05-04,66.74982452392578,66.78983045606394,66.74182211668851,66.7658232343521,1219600
2010-05-05,66.83784484863281,66.95785656282814,66.8218400312471,66.85384356196916,1777200
2010-05-06,66.98181915283203,67.06982728567768,66.84580880354179,66.885808615897,1864500
2010-05-07,66.95783996582031,67.05384443014023,66.88583051353254,66.9818410819003,3637100
2010-05-10,66.86981201171875,66.9178142296708,66.79780258074467,66.80580498508535,1349100
2010-05-11,66.9098129272461,66.9338201406635,66.86981311297599,66.91781533171856,709400
2010-05-12,66.89382934570312,66.90982805421892,66.861825824624,66.90183175198477,734200
2010-05-13,66.93384552001953,66.93384552001953,66.86983846806241,66.88583717902748,992800
2010-05-14,67.02183532714844,67.04584254527742,66.95783439094645,66.96583069294212,1110500
2010-05-17,66.99784088134766,67.0538455211281,66.97383976487717,67.0138456950266,1433400
2010-05-18,67.06986236572266,67.07785866994857,66.96584937029557,66.98185418684544,764200
2010-05-19,67.0378646850586,67.09386933977093,67.02986227608552,67.04586709403166,3042700
2010-05-20,67.1177749633789,67.16577714081777,67.06977278594005,67.10177627224624,4210900
2010-05-21,67.06986236572266,67.17386925710072,67.06185995744772,67.15787054459987,2753800
2010-05-24,67.06185150146484,67.10185743374606,67.04585279098131,67.08585261921426,1095600
2010-05-25,67.05380249023438,67.12581189748269,67.02980138916628,67.10181079641458,1777400
2010-05-26,66.99784088134766,67.02184199781814,66.91783512509672,67.02184199781814,1238600
2010-05-27,66.9498519897461,66.95785439818025,66.91784846005868,66.92585086849282,1114900
2010-05-28,67.07786560058594,67.0858680096877,66.97385869846164,67.0138646399208,751200
2010-06-01,67.07862091064453,67.12666991886985,67.05459946114142,67.07061783362289,1439300
2010-06-02,67.03057861328125,67.08663069903132,67.02256942696863,67.07061843562522,2091500
2010-06-03,67.01458740234375,67.05462112804506,66.98255675625006,66.99056594507874,1095300
2010-06-04,67.1667251586914,67.1747343474991,67.11868224428734,67.12669143309503,1429300
2010-06-07,67.14276885986328,67.16679034037683,67.09472589883616,67.10273509541635,1553900
2010-06-08,67.13471221923828,67.166742873696,67.11069075570067,67.12670913754086,1050800
2010-06-09,67.14276885986328,67.15878725302365,67.10273509541635,67.11073818276954,569400
2010-06-10,67.05462646484375,67.12669695159583,67.05462646484375,67.12669695159583,656900
2010-06-11,67.126708984375,67.15873963875961,67.07865994818674,67.11069060257135,705200
2010-06-14,67.14276885986328,67.15077805644346,67.0787075056758,67.0787075056758,694000
2010-06-15,67.11071014404297,67.15875919422227,67.09469786679949,67.15075000098831,1212700
2010-06-16,67.126708984375,67.15873963875961,67.11069060257135,67.15873963875961,1467000
2010-06-17,67.1667251586914,67.22277726190316,67.15071289029707,67.15071289029707,1394200
2010-06-18,67.1747055053711,67.19072387610883,67.15869324385177,67.1747055053711,592000
2010-06-21,67.18276977539062,67.18276977539062,67.11069926641542,67.126717650287,1900900
2010-06-22,67.21482849121094,67.21482849121094,67.15076714743057,67.15877634270961,2290200
2010-06-23,67.2628402709961,67.27084946256322,67.22280042238361,67.22280042238361,2075700
2010-06-24,67.27883911132812,67.30286668123192,67.24681456990028,67.27883911132812,819200
2010-06-25,67.30287170410156,67.3188839760105,67.24681958858672,67.27084105106131,959000
2010-06-28,67.3428955078125,67.3428955078125,67.30286177933253,67.32688323826481,662000
2010-06-29,67.37493896484375,67.37493896484375,67.33489911953026,67.33489911953026,1043400
2010-06-30,67.3589096069336,67.36691268658822,67.29484831436997,67.34289122918213,1304200
2010-07-01,67.3372573852539,67.38534813685418,67.32123121107153,67.3372573852539,1760800
2010-07-02,67.3372573852539,67.34527352960838,67.28917274818022,67.32123121107153,565500
2010-07-06,67.3372573852539,67.36130581831733,67.28917274818022,67.32123121107153,1365300
2010-07-07,67.3292236328125,67.36929211141408,67.30518132274666,67.35326594287834,1024600
2010-07-08,67.3372573852539,67.35328967396286,67.29718889253469,67.32123121107153,1074300
2010-07-09,67.31324005126953,67.33728237873012,67.29721387113875,67.32125619859934,614300
2010-07-12,67.32128143310547,67.33730761924346,67.30525524696748,67.32929758344004,1013900
2010-07-13,67.27317810058594,67.30523657850098,67.25714580436367,67.28920428227873,1374000
2010-07-14,67.34529876708984,67.3693410946365,67.30523025935507,67.31324029218469,1081800
2010-07-15,67.36137390136719,67.40945858704072,67.35335774891068,67.35335774891068,540700
2010-07-16,67.42546844482422,67.43348459533897,67.36135758430014,67.37738377079833,812400
2010-07-19,67.40135955810547,67.42540187137989,67.39334341550558,67.40937570070535,529600
2010-07-20,67.42546844482422,67.43348459533897,67.40142610781128,67.43348459533897,1246900
2010-07-21,67.45745849609375,67.47349078085833,67.40937387085019,67.41739001323248,676700
2010-07-22,67.43343353271484,67.44946582160419,67.40939121390747,67.44144967715951,591800
2010-07-23,67.40135955810547,67.46547646985408,67.40135955810547,67.43341801397978,1075600
2010-07-26,67.37733459472656,67.40137691419196,67.36130841992524,67.40137691419196,2052000
2010-07-27,67.3372573852539,67.36130581831733,67.32123121107153,67.36130581831733,1320300
2010-07-28,67.40135955810547,67.43341801397978,67.35327493155663,67.38533338743093,1274700
2010-07-29,67.45745849609375,67.46547463847604,67.41739001323248,67.44143232585425,2207900
2010-07-30,67.48958587646484,67.51362821364044,67.47355968985822,67.51362821364044,1064400
2010-08-02,67.47432708740234,67.49838970485848,67.46630417502061,67.482343880095,1174200
2010-08-03,67.5224838256836,67.54654645436642,67.51446090955868,67.5224838256836,1444300
2010-08-04,67.46626281738281,67.51438802279375,67.46626281738281,67.51438802279375,1962200
2010-08-05,67.54654693603516,67.54654693603516,67.4903987621442,67.49842167832632,1559300
2010-08-06,67.5625991821289,67.5866618132676,67.54655334824142,67.5625991821289,941200
2010-08-09,67.5224838256836,67.56259228661625,67.5224838256836,67.55456937049134,1120200
2010-08-10,67.55452728271484,67.56255019384133,67.49035623307917,67.49837914420566,1465900
2010-08-11,67.57057189941406,67.60265742656536,67.56255510739265,67.58661772283399,748700
2010-08-12,67.55452728271484,67.5785898964062,67.5304646690235,67.5785898964062,1556800
2010-08-13,67.54654693603516,67.56259276839941,67.53852401985303,67.54654693603516,427900
2010-08-16,67.61067962646484,67.61067962646484,67.57859409965134,67.58661701127684,652100
2010-08-17,67.59464263916016,67.59464263916016,67.5545403151675,67.58662584617521,794000
2010-08-18,67.61067962646484,67.61870253809033,67.57859409965134,67.61870253809033,838100
2010-08-19,67.62674713134766,67.63477004627137,67.58664479611112,67.59466159134382,756200
2010-08-20,67.6026382446289,67.62670085324258,67.58659854544874,67.62670085324258,703700
2010-08-23,67.61067962646484,67.61870253809033,67.58661701127684,67.58661701127684,527800
2010-08-24,67.65876770019531,67.67481351463432,67.61866540346809,67.64272800544146,1533700
2010-08-25,67.59464263916016,67.66683661384981,67.57860293350096,67.64277399551635,1168600
2010-08-26,67.59464263916016,67.6187113771829,67.58662584617521,67.59464263916016,724400
2010-08-27,67.54654693603516,67.61071802610824,67.52248430718075,67.57060956488957,904100
2010-08-30,67.62674713134766,67.63477004627137,67.58664479611112,67.61070742119125,726800
2010-08-31,67.65074920654297,67.6587721142859,67.61866981494236,67.63470951074267,938600
2010-09-01,67.61062622070312,67.6427383901285,67.57851405127774,67.61865579425198,2009100
2010-09-02,67.59458923339844,67.62670141335128,67.58656578198928,67.60261880957967,1251400
2010-09-03,67.56251525878906,67.58659787399577,67.54645609880127,67.54645609880127,892600
2010-09-07,67.63469696044922,67.63469696044922,67.58653177713937,67.58653177713937,1104000
2010-09-08,67.5865707397461,67.60262376851404,67.56248813420792,67.60262376851404,1677100
2010-09-09,67.5142593383789,67.57848364833573,67.49820632327335,67.57848364833573,1291500
2010-09-10,67.50621032714844,67.5222694623964,67.49015731666603,67.49818688429,1096200
2010-09-13,67.56251525878906,67.57856829400188,67.51434390360066,67.53040306358845,522000
2010-09-14,67.61062622070312,67.61865579425198,67.57048447772888,67.5865436248266,968100
2010-09-15,67.62672424316406,67.65080685506562,67.6106712101544,67.63475382205596,664400
2010-09-16,67.64277648925781,67.65079994255575,67.61066430174556,67.64277648925781,730900
2010-09-17,67.65878295898438,67.65878295898438,67.6347003661168,67.64272993866243,548800
2010-09-20,67.6668701171875,67.6668701171875,67.62672834506735,67.63475792444628,1132900
2010-09-21,67.71501922607422,67.73107838100961,67.62671224824871,67.66685401081415,1430900
2010-09-22,67.70695495605469,67.73906712469838,67.6989315074712,67.72301410276148,1158200
2010-09-23,67.71501922607422,67.74713141117195,67.70698964860652,67.73910183370425,779000
2010-09-24,67.70695495605469,67.71498452940808,67.69090193411779,67.6989315074712,1214500
2010-09-27,67.72299194335938,67.73102151408546,67.69890935594907,67.72299194335938,2443500
2010-09-28,67.73905944824219,67.7551185931291,67.71497685568103,67.72300642812448,764700
2010-09-29,67.72299194335938,67.7470745307697,67.72299194335938,67.73904496004361,798400
2010-09-30,67.73106384277344,67.74711686949006,67.6909220888243,67.73908729374588,1451800
2010-10-01,67.74304962158203,67.75911501043895,67.7269842327251,67.7269842327251,2388000
2010-10-04,67.75121307373047,67.78335004150223,67.75121307373047,67.76727849286641,1035100
2010-10-05,67.78327178955078,67.78327178955078,67.75916449442758,67.77523602450971,945100
2010-10-06,67.791259765625,67.82339667654753,67.791259765625,67.81536704593367,1772600
2010-10-07,67.8475112915039,67.8475112915039,67.82341013590145,67.83144589759901,1430200
2010-10-08,67.8475112915039,67.87964820880391,67.8475112915039,67.86358281489902,1604700
2010-10-11,67.85558319091797,67.88772012533309,67.82344625650285,67.86361895689512,1051900
2010-10-12,67.80734252929688,67.87161636179951,67.80734252929688,67.87161636179951,950600
2010-10-13,67.81539916992188,67.83950033215818,67.79129187819365,67.83950033215818,645700
2010-10-14,67.78327178955078,67.82343835577056,67.78327178955078,67.82343835577056,1130100
2010-10-15,67.80734252929688,67.84750907749348,67.79930676786154,67.83947944554819,883700
2010-10-18,67.82345581054688,67.84755698237988,67.82345581054688,67.82345581054688,765500
2010-10-19,67.85558319091797,67.86361895689512,67.83148202248,67.83148202248,740900
2010-10-20,67.86361694335938,67.87968234534353,67.8395157756365,67.86361694335938,1247500
2010-10-21,67.87161254882812,67.87964218032234,67.84750526587644,67.86357678784422,1035700
2010-10-22,67.85558319091797,67.87165472287228,67.85558319091797,67.86361895689512,522000
2010-10-25,67.87161254882812,67.89571370229012,67.86357678784422,67.86357678784422,1594800
2010-10-26,67.80734252929688,67.83144368411286,67.79930676786154,67.82340792267752,1325400
2010-10-27,67.77527618408203,67.81544890359854,67.77527618408203,67.80741313379596,751900
2010-10-28,67.86361694335938,67.86361694335938,67.82344424415903,67.8395157756365,782300
2010-10-29,67.87970733642578,67.89577887382026,67.85560615982965,67.87167769722411,875500
2010-11-01,67.90943145751953,67.90943145751953,67.88531116307774,67.89335330601091,709700
2010-11-02,67.86919403076172,67.90135031530994,67.86919403076172,67.88527217303583,610100
2010-11-03,67.8933334350586,67.90136944128209,67.80488829175296,67.8933334350586,643400
2010-11-04,67.90943145751953,67.92551574338586,67.90943145751953,67.90943145751953,874600
2010-11-05,67.85319519042969,67.90143581234761,67.84515304198939,67.88535764982893,1782600
2010-11-08,67.82099914550781,67.84511944452221,67.80492099095116,67.8370834344233,1086100
2010-11-09,67.7325439453125,67.83707340473204,67.7325439453125,67.83707340473204,1709900
2010-11-10,67.77271270751953,67.77271270751953,67.67622544236494,67.74055028580133,1019100
2010-11-11,67.66822814941406,67.76470933540901,67.64410171855711,67.75666719179003,553500
2010-11-12,67.66822814941406,67.74058903891027,67.66822814941406,67.70842659879256,1465400
2010-11-15,67.62798309326172,67.68426579619542,67.6118988156495,67.62798309326172,1869600
2010-11-16,67.66017150878906,67.68429180011974,67.62800907556253,67.66017150878906,1070400
2010-11-17,67.70039367675781,67.71647796618664,67.67627337697361,67.70039367675781,1860000
2010-11-18,67.7083969116211,67.7083969116211,67.64407205958929,67.66819847986785,799100
2010-11-19,67.66822814941406,67.6923484459128,67.66822814941406,67.67626415867484,1324400
2010-11-22,67.7325439453125,67.74058608858122,67.66822520223657,67.66822520223657,741000
2010-11-23,67.77271270751953,67.79683299021951,67.76467056850132,67.78879085120128,722600
2010-11-24,67.6521224975586,67.73252550528242,67.64408035647934,67.72448949855944,1604700
2010-11-26,67.70039367675781,67.70039367675781,67.66019522190382,67.66019522190382,221300
2010-11-29,67.69233703613281,67.70841518630255,67.66821674369963,67.70841518630255,664000
2010-11-30,67.74056243896484,67.75664058553113,67.72448429239856,67.74056243896484,884500
2010-12-01,67.63922882080078,67.68751224643312,67.63118669904892,67.67946398565702,1000000
2010-12-02,67.63922882080078,67.67141572488092,67.61509017749673,67.63922882080078,896500
2010-12-03,67.72772216796875,67.74381868498051,67.68749315348434,67.71968004848537,1364900
2010-12-06,67.7679672241211,67.79210586414351,67.75187070475721,67.7679672241211,1686500
2010-12-07,67.64723205566406,67.75183482003288,67.62309342842666,67.75183482003288,1018800
2010-12-08,67.54265594482422,67.58288495975494,67.51046904946611,67.57484284018233,1235900
2010-12-09,67.53463745117188,67.57487262285825,67.51049880377016,67.55877609857359,1132700
2010-12-10,67.51042175292969,67.55869899263344,67.50237349997298,67.55065073967673,912300
2010-12-13,67.55072021484375,67.58290712075622,67.49439466425308,67.51853944795586,944200
2010-12-14,67.51846313476562,67.56674036955637,67.47017976095724,67.5586921174187,873100
2010-12-15,67.49442291259766,67.55074848676219,67.45419386763851,67.50247117720035,720700
2010-12-16,67.51042175292969,67.53456037278156,67.4460480073125,67.4782348801211,1131600
2010-12-17,67.56683349609375,67.58292388352864,67.5105079315325,67.5105079315325,1075900
2010-12-20,67.5828628540039,67.62309799479664,67.56677248109915,67.5828628540039,621100
2010-12-21,67.56683349609375,67.58292388352864,67.53464658219788,67.58292388352864,879700
2010-12-22,67.55072021484375,67.57486499854654,67.5104911867216,67.56681673731228,526900
2010-12-23,67.4621353149414,67.51041869147389,67.4621353149414,67.49432218629039,581000
2010-12-27,67.50239562988281,67.50239562988281,67.4058349798007,67.44607011875665,730000
2010-12-28,67.4122085571289,67.50884755209357,67.4122085571289,67.47663455377202,823400
2010-12-29,67.57324981689453,67.59740802115098,67.4363430861095,67.44439786886134,1204800
2010-12-30,67.54915618896484,67.56526577133438,67.50889452105196,67.55721098014962,1119100
2010-12-31,67.62964630126953,67.63769494303247,67.5571655173937,67.56522030315797,664600
2011-01-03,67.61351776123047,67.62157254473503,67.56520134820231,67.59741433822096,676200
2011-01-04,67.59745788574219,67.6538291185903,67.58134830835496,67.61356131912582,2022500
2011-01-05,67.4766616821289,67.52497812703581,67.46055210449083,67.50081990458236,1276200
2011-01-06,67.54915618896484,67.56526577133438,67.49278493868243,67.50889452105196,1686600
2011-01-07,67.64573669433594,67.66184011876024,67.58936549285066,67.5974202770629,792200
2011-01-10,67.67798614501953,67.68604093357084,67.64577313481777,67.64577313481777,1202900
2011-01-11,67.6376953125,67.6860178833483,67.62964667069309,67.6860178833483,1060400
2011-01-12,67.6376953125,67.64575009830827,67.58937888565308,67.60548231326825,703200
2011-01-13,67.66181945800781,67.66987423976049,67.61350305548834,67.63766125674807,685900
2011-01-14,67.66181945800781,67.7020872227729,67.65377082025343,67.67792902151317,841900
2011-01-18,67.64573669433594,67.6779496871847,67.62963326991165,67.64573669433594,692200
2011-01-19,67.67798614501953,67.68604093357084,67.65382792336908,67.66187656791692,1450300
2011-01-20,67.60552978515625,67.66190103739474,67.59748113769767,67.66190103739474,781700
2011-01-21,67.62162780761719,67.62968259770443,67.59746958136012,67.59746958136012,463600
2011-01-24,67.61351776123047,67.6296273282396,67.59741433822096,67.59741433822096,631800
2011-01-25,67.66181945800781,67.67792902151317,67.59739963598128,67.61350305548834,1627100
2011-01-26,67.64573669433594,67.65379147854817,67.60546891727496,67.62963326991165,1130100
2011-01-27,67.694091796875,67.70214658569031,67.65383014080578,67.67798836324805,917600
2011-01-28,67.72628784179688,67.75850084498467,67.67797140901625,67.68602619581374,678500
2011-01-31,67.71817016601562,67.75038313928765,67.70206675137783,67.74233450396697,1139000
2011-02-01,67.6441421508789,67.6844425622787,67.6441421508789,67.6844425622787,1358700
2011-02-02,67.60376739501953,67.66824552276024,67.57958963435995,67.64406776210066,1139300
2011-02-03,67.53926086425781,67.57149376266564,67.50702181688042,67.54731601437499,1843800
2011-02-04,67.48292541503906,67.52321966110581,67.45874148862664,67.49904188367037,612300
2011-02-07,67.45062255859375,67.47480031317069,67.4183835028341,67.43449995622835,532500
2011-02-08,67.36199951171875,67.45065542100873,67.3458769014983,67.44259411589852,1348600
2011-02-09,67.41035461425781,67.45065499057759,67.38617684805558,67.39423815311436,1278000
2011-02-10,67.37812805175781,67.42648974211473,67.37006674520245,67.40230582244864,607200
2011-02-11,67.37812805175781,67.45066751280557,67.37812805175781,67.41842843555936,786700
2011-02-14,67.37812805175781,67.39425066486854,67.37006674520245,67.37006674520245,1257700
2011-02-15,67.41035461425781,67.41035461425781,67.3458764717358,67.3458764717358,981700
2011-02-16,67.40230560302734,67.44260598669771,67.3700665258861,67.38618913894435,963300
2011-02-17,67.48292541503906,67.49098057486623,67.45068632879948,67.45068632879948,1095900
2011-02-18,67.50706481933594,67.5151199745843,67.44258668350817,67.45064798773001,709200
2011-02-22,67.57960510253906,67.59572771265087,67.51512696004006,67.53931087520778,1885000
2011-02-23,67.56351470947266,67.61187026051691,67.55545340130645,67.58769248499478,831600
2011-02-24,67.595703125,67.61181958027541,67.57151921862909,67.57958052075273,666700
2011-02-25,67.6117935180664,67.61985481708267,67.57149317195459,67.57149317195459,786000
2011-02-28,67.63599395751953,67.66017171371027,67.61181620132878,67.62793880477032,667600
2011-03-01,67.67717742919922,67.68523844675293,67.5965180260739,67.5965180260739,785200
2011-03-02,67.64486694335938,67.6932576281703,67.63679977807617,67.67712945104805,834800
2011-03-03,67.50782775878906,67.56428567412547,67.50782775878906,67.54815747836561,740400
2011-03-04,67.66098022460938,67.66098022460938,67.58032704986596,67.58032704986596,627700
2011-03-07,67.61265563964844,67.6610463611063,67.59652129686327,67.59652129686327,668500
2011-03-08,67.58837890625,67.60450707616893,67.56417742120951,67.58031174456984,863500
2011-03-09,67.63677978515625,67.67710944620697,67.60451728700414,67.62871262225764,924200
2011-03-10,67.7093505859375,67.72548490811157,67.6367645964771,67.66095992629722,692000
2011-03-11,67.717529296875,67.73366364562688,67.69333392719828,67.70946212249906,678200
2011-03-14,67.75780487060547,67.82232375370322,67.75780487060547,67.77393305301837,1522200
2011-03-15,67.72554779052734,67.86265888910822,67.72554779052734,67.8545917205309,1152200
2011-03-16,67.84656524658203,67.87882778386968,67.765905826638,67.78204017200673,2603900
2011-03-17,67.81428527832031,67.82234629548287,67.7578273909413,67.79815093709875,1012000
2011-03-18,67.78202819824219,67.81429072983063,67.7739610269829,67.78202819824219,814000
2011-03-21,67.7093505859375,67.75774739901873,67.70128957829142,67.75774739901873,611900
2011-03-22,67.69336700439453,67.7094952075761,67.66917162289515,67.66917162289515,1402600
2011-03-23,67.70132446289062,67.74971514746527,67.69325729764681,67.74971514746527,868700
2011-03-24,67.65292358398438,67.70132041911242,67.64486257266617,67.67712507827028,1038400
2011-03-25,67.60455322265625,67.68520643418711,67.58842504172831,67.68520643418711,811100
2011-03-28,67.57234954833984,67.61267926594658,67.55622135336772,67.57234954833984,1493000
2011-03-29,67.54806518554688,67.60452302374334,67.5399980219637,67.58032768643669,863400
2011-03-30,67.58837890625,67.59643991448877,67.56417742120951,67.57224458288967,631200
2011-03-31,67.54806518554688,67.62871836105,67.54806518554688,67.61259018732652,935200
2011-04-01,67.60215759277344,67.60215759277344,67.4810778698884,67.4891514936462,855800
2011-04-04,67.61831665039062,67.65060499563144,67.61024918285955,67.61831665039062,1159400
2011-04-05,67.54570007324219,67.61834426091764,67.54570007324219,67.59412953169249,1581000
2011-04-06,67.54570007324219,67.56991480246734,67.52955897321698,67.54570007324219,663000
2011-04-07,67.59412384033203,67.61027109737233,67.5537680144796,67.56183548462559,501800
2011-04-08,67.56987762451172,67.58602487402715,67.55373653336758,67.561803999754,692200
2011-04-11,67.5618667602539,67.58608765702665,67.54572565411576,67.5699403925115,679500
2011-04-12,67.67488098144531,67.67488098144531,67.61031039087969,67.61031039087969,826100
2011-04-13,67.70711517333984,67.71518880009128,67.62639738094389,67.64254463444676,859000
2011-04-14,67.64251708984375,67.72323484937075,67.64251708984375,67.69902013734968,919400
2011-04-15,67.77177429199219,67.77177429199219,67.69913003800056,67.69913003800056,1139000
2011-04-18,67.787841796875,67.82819761547775,67.77976816980524,67.79590926557172,616000
2011-04-19,67.80394744873047,67.82008853605934,67.78780636140159,67.80394744873047,628400
2011-04-20,67.79594421386719,67.80401784509885,67.75558837446131,67.77980310978008,746700
2011-04-21,67.7797622680664,67.81205061516101,67.77168864169963,67.79590336242745,1119500
2011-04-25,67.787841796875,67.81205651971125,67.7636209156657,67.77976816980524,1049600
2011-04-26,67.85243225097656,67.86857950985484,67.80400279109145,67.82014389159487,569000
2011-04-27,67.87663269042969,67.87663269042969,67.78784741879112,67.8120621436356,1169700
2011-04-28,67.87663269042969,67.90085357364772,67.8685652210639,67.89277994590837,704400
2011-04-29,67.90890502929688,67.92505228096785,67.86854921686364,67.88469031016251,803000
2011-05-02,67.89763641357422,67.9380239315601,67.89763641357422,67.91379018812648,716200
2011-05-03,67.92184448242188,67.92991828504087,67.89761074814867,67.92184448242188,451000
2011-05-04,67.95421600341797,67.97036978560901,67.88958854822712,67.92190227582255,1527400
2011-05-05,67.97028350830078,67.97028350830078,67.93796982172236,67.94604978416835,899600
2011-05-06,67.97840118408203,68.01071488858757,67.91377377507094,67.92992754571924,1627000
2011-05-09,68.01068878173828,68.01876258235872,67.99452885408425,68.01068878173828,530900
2011-05-10,67.946044921875,67.99451236667147,67.946044921875,67.99451236667147,725400
2011-05-11,68.01068878173828,68.01876258235872,67.95414136136233,67.96221516198277,1403100
2011-05-12,67.97840118408203,68.01071488858757,67.96224125022478,68.01071488858757,745000
2011-05-13,68.01068878173828,68.02684254618573,67.98645505346381,67.99452885408425,683200
2011-05-16,68.04302215576172,68.04302215576172,67.99454852198487,68.01070845431327,1458600
2011-05-17,68.05109405517578,68.07532778978215,68.0268603205694,68.03494028650759,949700
2011-05-18,68.01878356933594,68.04302346829613,68.0026297999043,68.03494350197607,1321800
2011-05-19,68.02685546875,68.04301539947382,67.94607430475416,67.94607430475416,756000
2011-05-20,68.05109405517578,68.06725398705215,68.03494028650759,68.04302025244579,1059900
2011-05-23,68.05919647216797,68.08343021476846,68.05111650356439,68.07535024616489,708400
2011-05-24,68.05919647216797,68.06727644077154,68.03496272956747,68.04304269817105,903000
2011-05-25,68.09146881103516,68.09146881103516,68.06723508315908,68.09146881103516,712100
2011-05-26,68.13188171386719,68.13188171386719,68.09957417345382,68.09957417345382,653800
2011-05-27,68.15617370605469,68.15617370605469,68.11578000485173,68.12385997773502,635700
2011-05-31,68.15617370605469,68.17232748860778,68.11578000485173,68.11578000485173,775300
2011-06-01,68.20136260986328,68.20944889856636,68.169023623082,68.169023623082,2248000
2011-06-02,68.16098022460938,68.19331923173995,68.15290009885292,68.16906651840075,696300
2011-06-03,68.18519592285156,68.21753491242656,68.16094322267823,68.21753491242656,975500
2011-06-06,68.1932601928711,68.21751288521332,68.16900750052886,68.17709378731946,1836500
2011-06-07,68.24181365966797,68.24181365966797,68.17713566167711,68.20138836891533,1384700
2011-06-08,68.2498779296875,68.2660505094452,68.22562522808292,68.22562522808292,914300
2011-06-09,68.17715454101562,68.23374626292043,68.1690682470192,68.225659968924,1145900
2011-06-10,68.23381042480469,68.23381042480469,68.20147138644491,68.20147138644491,717200
2011-06-13,68.2094955444336,68.249914679528,68.18523666173462,68.20140925020061,898400
2011-06-14,68.15290069580078,68.19331982904183,68.15290069580078,68.160980821628,1300600
2011-06-15,68.2498779296875,68.2660505094452,68.19328623659948,68.19328623659948,695100
2011-06-16,68.25798797607422,68.26607426876743,68.22564897333552,68.25798797607422,1112300
2011-06-17,68.27411651611328,68.27411651611328,68.24178369934637,68.25795010772983,1689000
2011-06-20,68.27411651611328,68.27411651611328,68.2336974111393,68.26603639593688,917300
2011-06-21,68.2822494506836,68.2822494506836,68.24183031809767,68.24183031809767,7491500
2011-06-22,68.26605987548828,68.2983988714086,68.24988729351172,68.29031258042032,1174000
2011-06-23,68.30644989013672,68.32262246522241,68.29028348308118,68.30644989013672,1875000
2011-06-24,68.34696960449219,68.35505590320902,68.29037784955176,68.30654427894673,1068600
2011-06-27,68.2822494506836,68.33075487700064,68.25799673752506,68.31458845757325,1431800
2011-06-28,68.16098022460938,68.25799724600108,68.15290009885292,68.23374453266189,1126700
2011-06-29,68.16098022460938,68.18523293794857,68.13672751127018,68.16906651840075,1312800
2011-06-30,68.15290069580078,68.20140612290403,68.10438910066256,68.19331982904183,1898000
2011-07-01,68.12940979003906,68.19413461596396,68.1132316698074,68.18604246959856,3176800
2011-07-05,68.21035766601562,68.21844981771127,68.1779952317362,68.1779952317362,1128700
2011-07-06,68.2345962524414,68.25078054831482,68.21841812906831,68.21841812906831,669900
2011-07-07,68.16990661621094,68.1941768978561,68.14563633456578,68.1941768978561,959800
2011-07-08,68.26692199707031,68.29119842783858,68.25883602597791,68.25883602597791,830500
2011-07-11,68.31547546386719,68.32356143576182,68.28311305879576,68.28311305879576,1723500
2011-07-12,68.30736541748047,68.3235435295274,68.27500302089058,68.30736541748047,1065600
2011-07-13,68.32359313964844,68.33168528779566,68.29123689206052,68.30741501585447,612400
2011-07-14,68.29936218261719,68.31554648822775,68.28318404951068,68.28318404951068,920300
2011-07-15,68.31547546386719,68.31547546386719,68.2750209144035,68.28311305879576,607500
2011-07-18,68.31547546386719,68.33165358015408,68.29929117508266,68.30738331947492,1518000
2011-07-19,68.31547546386719,68.33974572454635,68.29929117508266,68.32356143576182,850000
2011-07-20,68.29120635986328,68.31547662095352,68.28311421533395,68.29929233189488,615600
2011-07-21,68.25885772705078,68.29930611286332,68.25076558088868,68.28312799303811,718900
2011-07-22,68.26692199707031,68.3073765425204,68.26692199707031,68.29119842783858,712600
2011-07-25,68.2345962524414,68.28314296756135,68.2345962524414,68.25078054831482,3881100
2011-07-26,68.27503204345703,68.29121633487965,68.25076177882174,68.25076177882174,1157200
2011-07-27,68.2345962524414,68.26695867168792,68.21841812906831,68.25887269625154,1120100
2011-07-28,68.27503204345703,68.30739445380362,68.26693989774571,68.29930230809232,3369200
2011-07-29,68.34788513183594,68.37215540929812,68.30743055439773,68.30743055439773,1178200
2011-08-01,68.32435607910156,68.37293167558082,68.31625808736906,68.33245407083405,2428900
2011-08-02,68.41343688964844,68.42153488391784,68.36486127795156,68.3810510895306,1104600
2011-08-03,68.40533447265625,68.42153046014792,68.38104666837812,68.38914466212395,2656600
2011-08-04,68.4701156616211,68.4782136565015,68.3972522385783,68.3972522385783,2556300
2011-08-05,68.45389556884766,68.4781833657851,68.40531379801526,68.4215097806119,3777400
2011-08-08,68.47821807861328,68.52679369711201,68.4620220878066,68.4620220878066,3003000
2011-08-09,68.55105590820312,68.60772950094228,68.42151891492433,68.45390470748362,5224400
2011-08-10,68.59967041015625,68.61586022567988,68.55918660590525,68.58347441767134,2682500
2011-08-11,68.58348083496094,68.5996768289613,68.55919302092227,68.58348083496094,1352200
2011-08-12,68.59152221679688,68.59152221679688,68.551038442173,68.56723442280526,4026200
2011-08-15,68.56720733642578,68.5752991465886,68.54291955202866,68.5752991465886,924400
2011-08-16,68.56720733642578,68.56720733642578,68.54291955202866,68.55910934930864,2724700
2011-08-17,68.58348083496094,68.58348083496094,68.54300320388377,68.57538283796076,1471600
2011-08-18,68.57538604736328,68.60777185991782,68.56729422694626,68.5996800395008,1197000
2011-08-19,68.57538604736328,68.57538604736328,68.55109823218793,68.55109823218793,1894500
2011-08-22,68.56720733642578,68.56720733642578,68.55101136219149,68.55910934930864,1112400
2011-08-23,68.534912109375,68.55919992585982,68.534912109375,68.55110192804405,1531000
2011-08-24,68.534912109375,68.55110192804405,68.51871611374347,68.54301010719077,780700
2011-08-25,68.57538604736328,68.58348404474246,68.55919622956709,68.55919622956709,1397200
2011-08-26,68.58348083496094,68.6077686489996,68.57538283796076,68.59157883196112,1011300
2011-08-29,68.56720733642578,68.58339713370576,68.55910934930864,68.5752991465886,533300
2011-08-30,68.58348083496094,68.5996768289613,68.57538283796076,68.57538283796076,2234000
2011-08-31,68.58348083496094,68.5996768289613,68.55109502392209,68.5996768289613,1416500
2011-09-01,68.6028823852539,68.61098554270487,68.5704759363482,68.6028823852539,1562800
2011-09-02,68.57048034667969,68.58668666262396,68.55428021163394,68.58668666262396,1988100
2011-09-06,68.57860565185547,68.57860565185547,68.5461991903999,68.57050249126645,1125600
2011-09-07,68.5623550415039,68.57856135221319,68.55425806704581,68.55425806704581,1087400
2011-09-08,68.58670806884766,68.59480504844838,68.57050174784531,68.59480504844838,755600
2011-09-09,68.61100006103516,68.61909703930134,68.59479374270393,68.60289690186954,921700
2011-09-12,68.5623550415039,68.59476148202592,68.5623550415039,68.59476148202592,2117700
2011-09-13,68.57048034667969,68.57858350465183,68.55428021163394,68.56237718870754,992400
2011-09-14,68.57048034667969,68.60288679766971,68.56237718870754,68.58668666262396,808700
2011-09-15,68.57860565185547,68.57860565185547,68.5461991903999,68.56239933067742,1466400
2011-09-16,68.59481048583984,68.60291364698334,68.55430704192426,68.55430704192426,997900
2011-09-19,68.62718200683594,68.63528516385357,68.61098187369846,68.62718200683594,644600
2011-09-20,68.59481048583984,68.62721694951288,68.59481048583984,68.60291364698334,1905900
2011-09-21,68.52188110351562,68.62719744484514,68.52188110351562,68.61909428600465,984800
2011-09-22,68.52996826171875,68.5704778692173,68.52996826171875,68.56237471153793,2479700
2011-09-23,68.53810119628906,68.55430751868876,68.52190105479035,68.55430751868876,2848600
2011-09-26,68.5138168334961,68.53001697947316,68.50571367005621,68.53001697947316,977500
2011-09-27,68.4894790649414,68.5056792027677,68.48137590557847,68.48137590557847,1303100
2011-09-28,68.46511840820312,68.48942168503125,68.45701525562895,68.47321537988289,2755700
2011-09-29,68.4814224243164,68.48952558918374,68.46522227548553,68.47331925944907,1206500
2011-09-30,68.5138168334961,68.5138168334961,68.48141036063926,68.50571367005621,2114100
2011-10-03,68.52916717529297,68.53727503025424,68.49674193992922,68.51295146537045,2885800
2011-10-04,68.48869323730469,68.52922636263737,68.48869323730469,68.52111850067351,4037200
2011-10-05,68.48869323730469,68.49680109926855,68.4724836978636,68.49680109926855,1734600
2011-10-06,68.47245788574219,68.48866741907277,68.47245788574219,68.47245788574219,1221500
2011-10-07,68.44808959960938,68.47240697376644,68.41566437257339,68.46429912088753,2255300
2011-10-10,68.39140319824219,68.47246324020244,68.37518747915928,68.47246324020244,1532300
2011-10-11,68.42379760742188,68.43189927882644,68.40758189564878,68.41568975153533,948000
2011-10-12,68.42379760742188,68.42379760742188,68.39137236835766,68.39137236835766,3140200
2011-10-13,68.44000244140625,68.47242767824689,68.44000244140625,68.46431982291634,2722800
2011-10-14,68.47245788574219,68.48056574464962,68.44003263459675,68.44003263459675,1096600
2011-10-17,68.48056030273438,68.48866197651371,68.46434458620811,68.47245244447124,834800
2011-10-18,68.48056030273438,68.49676983477684,68.47245244447124,68.48056030273438,1390000
2011-10-19,68.50485229492188,68.50485229492188,68.47242705837479,68.47242705837479,1987400
2011-10-20,68.51297760009766,68.51297760009766,68.48055853684872,68.48866021041913,2206000
2011-10-21,68.48869323730469,68.50490896123242,68.48059155982746,68.50490896123242,1426600
2011-10-24,68.48869323730469,68.48869323730469,68.4724836978636,68.48869323730469,1742300
2011-10-25,68.52916717529297,68.52916717529297,68.47242455952671,68.48863408496796,3601800
2011-10-26,68.48869323730469,68.50490896123242,68.48059155982746,68.49680109926855,1070400
2011-10-27,68.44000244140625,68.48053553357744,68.4318945860757,68.48053553357744,1521600
2011-10-28,68.47245788574219,68.48056574464962,68.43192477568931,68.46435002683475,2016000
2011-10-31,68.53730773925781,68.53730773925781,68.5048824884193,68.5048824884193,1376000
2011-11-01,68.54376983642578,68.56810103239694,68.53565737510377,68.56810103239694,5677600
2011-11-02,68.56001281738281,68.5762377457648,68.55190035319181,68.55190035319181,1863600
2011-11-03,68.56807708740234,68.56807708740234,68.55185217042428,68.5599646289133,1559800
2011-11-04,68.56807708740234,68.57618954589137,68.55185217042428,68.55185217042428,618700
2011-11-07,68.5519027709961,68.58434644090727,68.5519027709961,68.56812769995034,1082500
2011-11-08,68.54376983642578,68.56810103239694,68.54376983642578,68.54376983642578,711300
2011-11-09,68.56001281738281,68.5762377457648,68.55190035319181,68.55190035319181,1154900
2011-11-10,68.56807708740234,68.57618954589137,68.55185217042428,68.56807708740234,3677900
2011-11-11,68.5356674194336,68.56811108148158,68.5356674194336,68.55188615645967,1011800
2011-11-14,68.56807708740234,68.59240827487668,68.543745899928,68.543745899928,2637100
2011-11-15,68.56001281738281,68.5762377457648,68.55190035319181,68.56812528157381,788200
2011-11-16,68.54376983642578,68.56810103239694,68.54376983642578,68.55998857107491,978300
2011-11-17,68.5519027709961,68.5519027709961,68.52757156556204,68.53568403003916,1751200
2011-11-18,68.52760314941406,68.54382808584626,68.51949686919814,68.53571561763016,1504000
2011-11-21,68.5356674194336,68.5356674194336,68.5194486824075,68.5356674194336,1352100
2011-11-22,68.54376983642578,68.5518761097529,68.52754491378175,68.5518761097529,2871900
2011-11-23,68.5519027709961,68.56001523547322,68.52757156556204,68.52757156556204,1470200
2011-11-25,68.5519027709961,68.5519027709961,68.53568403003916,68.5519027709961,554700
2011-11-28,68.56001281738281,68.56001281738281,68.51946287242201,68.51946287242201,1210200
2011-11-29,68.56807708740234,68.56807708740234,68.543745899928,68.55185217042428,1693200
2011-11-30,68.56807708740234,68.56807708740234,68.53563344143897,68.543745899928,1486200
2011-12-01,68.57218170166016,68.57218170166016,68.53972075434923,68.57218170166016,6682400
2011-12-02,68.55596160888672,68.56407220310686,68.53972803785983,68.56407220310686,1780300
2011-12-05,68.56404876708984,68.57216554982887,68.54782139290297,68.555938175642,1356600
2011-12-06,68.56404876708984,68.57216554982887,68.54782139290297,68.555938175642,817300
2011-12-07,68.58841705322266,68.58841705322266,68.56407288773256,68.56407288773256,1330000
2011-12-08,68.5965347290039,68.60465151470372,68.5803073488977,68.5965347290039,2097100
2011-12-09,68.5965347290039,68.60465151470372,68.58841794330408,68.5965347290039,1726600
2011-12-12,68.5965347290039,68.60465151470372,68.58841794330408,68.58841794330408,1750800
2011-12-13,68.5965347290039,68.60465151470372,68.5803073488977,68.58841794330408,836100
2011-12-14,68.58027648925781,68.5883870800146,68.56404292516292,68.56404292516292,2196200
2011-12-15,68.57218170166016,68.5884090796693,68.56406491700926,68.5884090796693,2872000
2011-12-16,68.60462951660156,68.60462951660156,68.58028535860151,68.5965127335044,2330700
2011-12-19,68.5965347290039,68.60465151470372,68.5803073488977,68.5965347290039,1544000
2011-12-20,68.58027648925781,68.5883870800146,68.56404292516292,68.5883870800146,1549200
2011-12-21,68.55596160888672,68.5721889886203,68.53972803785983,68.56407220310686,1205300
2011-12-22,68.54778289794922,68.55589967613004,68.52343875469447,68.54778289794922,2395300
2011-12-23,68.56404876708984,68.56404876708984,68.52347723597708,68.53158782742493,1029000
2011-12-27,68.5389404296875,68.5389404296875,68.52270554745995,68.52270554745995,669100
2011-12-28,68.55516815185547,68.56328249431073,68.52269219957078,68.52269219957078,2493200
2011-12-29,68.56321716308594,68.571337691958,68.54698229949044,68.54698229949044,1510900
2011-12-30,68.60382080078125,68.60382080078125,68.57134487603918,68.58758593548487,2343700
2012-01-03,68.56321716308594,68.59569308442558,68.56321716308594,68.59569308442558,5743100
2012-01-04,68.5713882446289,68.57950877948765,68.56326770977016,68.5713882446289,1767300
2012-01-05,68.57946014404297,68.58758067314277,68.56321908584337,68.56321908584337,1583400
2012-01-06,68.5713882446289,68.8880209684347,68.56326770977016,68.57950877948765,2068000
2012-01-09,68.58765411376953,68.595768457409,68.57953357597462,68.595768457409,1236100
2012-01-10,68.59573364257812,68.61197470992501,68.57949876938353,68.58761930305698,813400
2012-01-11,68.62006378173828,68.62818431242154,68.60382891452181,68.60382891452181,2467000
2012-01-12,68.61194610595703,68.63630150267142,68.61194610595703,68.61194610595703,2119900
2012-01-13,68.62815856933594,68.6362790969731,68.62815856933594,68.6362790969731,1151800
2012-01-17,68.6363754272461,68.65261031115817,68.62825488821186,68.6363754272461,2337200
2012-01-18,68.62815856933594,68.64439962461026,68.62815856933594,68.6362790969731,1189700
2012-01-19,68.62815856933594,68.6362790969731,68.60380318057214,68.62003804169878,2062000
2012-01-20,68.61194610595703,68.62006044209534,68.60382557566899,68.60382557566899,2601600
2012-01-23,68.62006378173828,68.62006378173828,68.59570838383856,68.61194944520506,2628500
2012-01-24,68.62006378173828,68.62006378173828,68.59570838383856,68.62006378173828,3799300
2012-01-25,68.66061401367188,68.67684886995787,68.61190325066805,68.61190325066805,2108000
2012-01-26,68.66878509521484,68.6850199634535,68.66066456402031,68.66066456402031,1436100
2012-01-27,68.68506622314453,68.68506622314453,68.66883134397162,68.67694568648078,1297900
2012-01-30,68.66061401367188,68.67684886995787,68.66061401367188,68.66061401367188,1885700
2012-01-31,68.66061401367188,68.66061401367188,68.64437915738588,68.64437915738588,2644300
2012-02-01,68.63713073730469,68.66961858488794,68.63713073730469,68.65337156288464,5980200
2012-02-02,68.64522552490234,68.66147254157393,68.63710821298785,68.64522552490234,2990400
2012-02-03,68.64522552490234,68.65334903323813,68.62898470465205,68.63710821298785,2434800
2012-02-06,68.62899017333984,68.64523099488427,68.62899017333984,68.64523099488427,2384500
2012-02-07,68.61279296875,68.62903380061869,68.60466945460279,68.62903380061869,1930100
2012-02-08,68.61279296875,68.62091028647147,68.59654594045558,68.59654594045558,1207300
2012-02-09,68.58029174804688,68.61277960188082,68.58029174804688,68.61277960188082,766500
2012-02-10,68.59654998779297,68.60467350241949,68.58030915496605,68.58030915496605,1025300
2012-02-13,68.55592346191406,68.59652862955157,68.55592346191406,68.58028780178141,1083500
2012-02-14,68.57215118408203,68.57215118408203,68.55591035941582,68.55591035941582,1069400
2012-02-15,68.58029174804688,68.59653257675158,68.55592740677756,68.56404472291763,1229700
2012-02-16,68.55592346191406,68.5884051174544,68.55592346191406,68.58028780178141,1467200
2012-02-17,68.53965759277344,68.56402192594182,68.53965759277344,68.55590461250067,827900
2012-02-21,68.52344512939453,68.54780947264663,68.52344512939453,68.54780947264663,1954600
2012-02-22,68.55592346191406,68.55592346191406,68.53155292562253,68.5396764377197,1604800
2012-02-23,68.54776763916016,68.56400845927506,68.53964413089207,68.53964413089207,3341900
2012-02-24,68.53155517578125,68.55592571287295,68.53155517578125,68.54780220050905,3698600
2012-02-27,68.54776763916016,68.57213196754314,68.54776763916016,68.56400845927506,1060900
2012-02-28,68.56405639648438,68.58030342437979,68.55593907896225,68.56405639648438,982800
2012-02-29,68.56405639648438,68.56405639648438,68.53969205106682,68.56405639648438,656500
2012-03-01,68.55184936523438,68.55184936523438,68.53559560408988,68.53559560408988,1044000
2012-03-02,68.56806182861328,68.57618870502552,68.55993495220103,68.55993495220103,914500
2012-03-05,68.56806182861328,68.56806182861328,68.55181427477919,68.55993495220103,1166200
2012-03-06,68.56806182861328,68.58431558143776,68.56806182861328,68.58431558143776,2282700
2012-03-07,68.55184936523438,68.57622380795755,68.55184936523438,68.5680969273853,587900
2012-03-08,68.5274887084961,68.55186935732307,68.5274887084961,68.55186935732307,960100
2012-03-09,68.5274887084961,68.55186935732307,68.5274887084961,68.54374247438075,660400
2012-03-12,68.53561401367188,68.55186777918234,68.52748713091664,68.54374089642711,761700
2012-03-13,68.49493408203125,68.51930851069193,68.48680720614769,68.51118163480837,1284700
2012-03-14,68.39743041992188,68.47055370617285,68.39743041992188,68.46243302924941,1351500
2012-03-15,68.4381103515625,68.46248479874413,68.42185658744495,68.42998346950372,3730100
2012-03-16,68.4787368774414,68.48686376003585,68.44623554605877,68.47060999484697,2790700
2012-03-19,68.42998504638672,68.45435949413002,68.41373128189461,68.44623261188397,2260800
2012-03-20,68.4136962890625,68.4461976024278,68.39744873187568,68.42995004524099,793800
2012-03-21,68.45436096191406,68.45436096191406,68.42185963122782,68.43811339606843,572200
2012-03-22,68.4624252319336,68.47054590793213,68.45429835694573,68.47054590793213,840000
2012-03-23,68.4706039428711,68.48685770662333,68.4706039428711,68.47873082474722,698400
2012-03-26,68.4868392944336,68.4868392944336,68.47058553505106,68.47871241474233,1035600
2012-03-27,68.51123809814453,68.51936498072584,68.4868636493957,68.50311121556322,1091100
2012-03-28,68.49493408203125,68.5274291875855,68.49493408203125,68.51118163480837,736600
2012-03-29,68.51934814453125,68.51934814453125,68.50309438336241,68.51934814453125,739200
2012-03-30,68.51123809814453,68.51936498072584,68.50311121556322,68.51123809814453,949300
2012-04-02,68.5274887084961,68.54374825771784,68.51123536047544,68.54374825771784,695600
2012-04-03,68.47872161865234,68.52748786331395,68.47059184414174,68.52748786331395,1631600
2012-04-04,68.49491119384766,68.51930049467165,68.48678762810155,68.51930049467165,1395900
2012-04-05,68.51936340332031,68.51936340332031,68.50310385450952,68.51123362891491,758900
2012-04-09,68.56808471679688,68.56808471679688,68.5437016107591,68.5437016107591,898600
2012-04-10,68.6006088256836,68.6006088256836,68.55996617483392,68.56809594524343,1024900
2012-04-11,68.59251403808594,68.6006438126417,68.57626069017543,68.57626069017543,2299100
2012-04-12,68.6006088256836,68.6087385960931,68.59247905527408,68.6087385960931,845700
2012-04-13,68.60877227783203,68.61689585103173,68.60064250343142,68.61689585103173,2859200
2012-04-16,68.60877227783203,68.62502562543234,68.60877227783203,68.61689585103173,569900
2012-04-17,68.60877227783203,68.62502562543234,68.60064250343142,68.61689585103173,773000
2012-04-18,68.62501525878906,68.63314503196158,68.61688548561655,68.63314503196158,469200
2012-04-19,68.63313293457031,68.63313293457031,68.61687339109122,68.61687339109122,558800
2012-04-20,68.63313293457031,68.63313293457031,68.60874982055056,68.62500316283077,503200
2012-04-23,68.64939880371094,68.64939880371094,68.63314545846488,68.64939880371094,741000
2012-04-24,68.62501525878906,68.65752815027915,68.62501525878906,68.64939837710664,1149600
2012-04-25,68.64128875732422,68.64941853288367,68.61690563184766,68.61690563184766,914100
2012-04-26,68.64939880371094,68.65752857693397,68.63314545846488,68.64939880371094,711600
2012-04-27,68.63313293457031,68.65751604859007,68.63313293457031,68.65751604859007,741700
2012-04-30,68.64939880371094,68.65752857693397,68.6412690304879,68.65752857693397,644700
2012-05-01,68.64776611328125,68.66402484680383,68.63150737975866,68.64776611328125,8197400
2012-05-02,68.65589141845703,68.65589141845703,68.63962648337562,68.64775895091633,2107000
2012-05-03,68.64776611328125,68.66402484680383,68.63963364489204,68.64776611328125,876700
2012-05-04,68.67217254638672,68.67217254638672,68.66404007619376,68.67217254638672,798700
2012-05-07,68.67217254638672,68.68030501657967,68.66404007619376,68.67217254638672,1315200
2012-05-08,68.68028259277344,68.68028259277344,68.6558913934154,68.67215012523569,1016600
2012-05-09,68.67217254638672,68.68030501657967,68.66404007619376,68.67217254638672,1260700
2012-05-10,68.66404724121094,68.6721797122525,68.64778850238565,68.65592097342721,1071300
2012-05-11,68.67217254638672,68.67217254638672,68.65591380925801,68.67217254638672,432100
2012-05-14,68.66404724121094,68.6721797122525,68.66404724121094,68.66404724121094,799600
2012-05-15,68.65589141845703,68.68028261782396,68.64775895091633,68.66401768274255,3270000
2012-05-16,68.64776611328125,68.64776611328125,68.63150737975866,68.63963364489204,1186300
2012-05-17,68.61524200439453,68.6396332061504,68.61524200439453,68.6396332061504,1894100
2012-05-18,68.62336730957031,68.62336730957031,68.59897611036048,68.61523484208199,2716100
2012-05-21,68.63154602050781,68.63154602050781,68.60714860160402,68.62341354753988,954600
2012-05-22,68.60712432861328,68.62338926879465,68.60712432861328,68.62338926879465,1193100
2012-05-23,68.6396255493164,68.6396255493164,68.6152343502814,68.63149928514147,928000
2012-05-24,68.61524200439453,68.61524200439453,68.60710953605731,68.61524200439453,644900
2012-05-25,68.64776611328125,68.64776611328125,68.61524244298026,68.63963364489204,795600
2012-05-29,68.63154602050781,68.64780476318435,68.62341354753988,68.62341354753988,1296100
2012-05-30,68.66404724121094,68.6721797122525,68.63965603134409,68.63965603134409,1239600
2012-05-31,68.68840026855469,68.69652653108729,68.65587660866275,68.68840026855469,3737600
2012-06-01,68.6949234008789,68.71932268892363,68.68678823642657,68.71932268892363,2218600
2012-06-04,68.68682861328125,68.70309895175029,68.68682861328125,68.69496378251577,5799600
2012-06-05,68.70304107666016,68.70304107666016,68.67864179482639,68.69490591427865,1666200
2012-06-06,68.67864227294922,68.70304155495285,68.67050711051108,68.70304155495285,1382500
2012-06-07,68.67051696777344,68.67865213137934,68.64611768226743,68.67865213137934,2898800
2012-06-08,68.67051696777344,68.67865213137934,68.66238180416754,68.67865213137934,1090400
2012-06-11,68.67051696777344,68.67051696777344,68.64611768226743,68.64611768226743,1065300
2012-06-12,68.63800048828125,68.66239978017506,68.62173636212314,68.66239978017506,1588500
2012-06-13,68.6298828125,68.64615314811782,68.62175385000597,68.64615314811782,537400
2012-06-14,68.63800048828125,68.65427081975265,68.62986532254554,68.65427081975265,996000
2012-06-15,68.6623764038086,68.6623764038086,68.6379771202216,68.64611228318766,478800
2012-06-18,68.6461181640625,68.6542533277255,68.63798300039952,68.6542533277255,3803700
2012-06-19,68.63800048828125,68.65427081975265,68.63800048828125,68.64613565401696,1761700
2012-06-20,68.61359405517578,68.66239263388452,68.60545889028677,68.64612850941916,3044100
2012-06-21,68.62171936035156,68.62984831875993,68.61358419663144,68.61358419663144,701000
2012-06-22,68.6298828125,68.6298828125,68.61361868219707,68.62175385000597,1243300
2012-06-25,68.6298828125,68.64615314811782,68.62175385000597,68.62175385000597,2960900
2012-06-26,68.61359405517578,68.62985817964115,68.60545889028677,68.6217292200648,3320900
2012-06-27,68.61359405517578,68.62985817964115,68.59732372539777,68.62985817964115,3125900
2012-06-28,68.62171936035156,68.63798348248005,68.61358419663144,68.62984831875993,907000
2012-06-29,68.62171936035156,68.63798348248005,68.6054490329113,68.6054490329113,1163200
2012-07-02,68.64287567138672,68.6510071359808,68.6266003277488,68.6266003277488,14979800
2012-07-03,68.62663269042969,68.65103951017136,68.62663269042969,68.63477036608617,1127700
2012-07-05,68.65103912353516,68.65917679914581,68.64290765515226,68.64290765515226,1205400
2012-07-06,68.67546081542969,68.68359228483855,68.66732313879227,68.67546081542969,1603300
2012-07-09,68.67546081542969,68.69172996147599,68.67546081542969,68.68359228483855,561100
2012-07-10,68.67546081542969,68.69172996147599,68.67546081542969,68.69172996147599,490200
2012-07-11,68.68354034423828,68.69167801472175,68.67540888097868,68.68354034423828,559500
2012-07-12,68.6998062133789,68.6998062133789,68.68353087465589,68.6916685440174,356800
2012-07-13,68.71609497070312,68.72423264238881,68.69168816287085,68.70795729901744,634100
2012-07-16,68.7405014038086,68.75677674709125,68.7405014038086,68.7405014038086,830800
2012-07-17,68.73236083984375,68.7404923031838,68.72422316927978,68.73236083984375,2200000
2012-07-18,68.74861145019531,68.75674911856667,68.73234232067483,68.73234232067483,2998500
2012-07-19,68.7649154663086,68.77305313880845,68.75678400103413,68.75678400103413,1443300
2012-07-20,68.77307891845703,68.7812165940073,68.7568097745842,68.76494124290676,2246300
2012-07-23,68.78115844726562,68.78929611593642,68.76488310992404,68.78115844726562,403900
2012-07-24,68.7649154663086,68.78119081130832,68.7649154663086,68.77305313880845,2868800
2012-07-25,68.77307891845703,68.78935426955758,68.76494124290676,68.78935426955758,1007100
2012-07-26,68.77307891845703,68.77307891845703,68.76494124290676,68.76494124290676,2028400
2012-07-27,68.72420501708984,68.75674948352581,68.70792968026072,68.74047414669668,907800
2012-07-30,68.75679016113281,68.76492162713579,68.74051481467494,68.74865248790388,2318600
2012-07-31,68.77307891845703,68.78935426955758,68.76494124290676,68.7812165940073,917000
2012-08-01,68.76164245605469,68.79419694440774,68.76164245605469,68.79419694440774,2012600
2012-08-02,68.76978302001953,68.78605715972138,68.76164284560171,68.76978302001953,591400
2012-08-03,68.74537658691406,68.76165072848158,68.73723641156305,68.75351676226508,909300
2012-08-06,68.75350189208984,68.7616358565471,68.7453617184994,68.7616358565471,2344700
2012-08-07,68.72096252441406,68.73723666604184,68.7128223490329,68.73723666604184,644100
2012-08-08,68.6965560913086,68.72097041111941,68.68841591499324,68.72097041111941,1274600
2012-08-09,68.6965560913086,68.7046900584887,68.68841591499324,68.68841591499324,557300
2012-08-10,68.71281433105469,68.72095450548598,68.71281433105469,68.72095450548598,622900
2012-08-13,68.72096252441406,68.72096252441406,68.7128223490329,68.7128223490329,619000
2012-08-14,68.70468139648438,68.71282157177345,68.69654743032977,68.71282157177345,1756500
2012-08-15,68.6802978515625,68.69657820943497,68.6802978515625,68.68843803049873,694000
2012-08-16,68.67216491699219,68.69658545637706,68.66403094633513,68.6884452765821,797700
2012-08-17,68.6802978515625,68.68843803049873,68.6802978515625,68.68843803049873,577100
2012-08-20,68.6802978515625,68.69657820943497,68.6802978515625,68.6802978515625,536500
2012-08-21,68.6802978515625,68.68843803049873,68.66402370282728,68.6802978515625,1660500
2012-08-22,68.72096252441406,68.72909649066068,68.68840803202399,68.70468217365176,632300
2012-08-23,68.72911071777344,68.74539107190581,68.72097674984306,68.72911071777344,488900
2012-08-24,68.72911071777344,68.73725089483963,68.71283657277688,68.72911071777344,646600
2012-08-27,68.72096252441406,68.72909649066068,68.72096252441406,68.72909649066068,731000
2012-08-28,68.72911071777344,68.72911071777344,68.71283657277688,68.72911071777344,759300
2012-08-29,68.72911071777344,68.72911071777344,68.71283657277688,68.72097674984306,512600
2012-08-30,68.73725891113281,68.75353926716384,68.72098476423832,68.73725891113281,664900
2012-08-31,68.77796936035156,68.79424351097713,68.75355502984424,68.75355502984424,944900
2012-09-04,68.7730484008789,68.79746965346615,68.75676342522179,68.79746965346615,1795800
2012-09-05,68.7730484008789,68.78118467780904,68.76490591305034,68.7730484008789,575500
2012-09-06,68.74048614501953,68.75676491012979,68.73234365701512,68.74048614501953,1133200
2012-09-07,68.75677490234375,68.78119615900748,68.74863241315602,68.75677490234375,1666500
2012-09-10,68.74048614501953,68.75676491012979,68.74048614501953,68.74862242212538,2298900
2012-09-11,68.75677490234375,68.75677490234375,68.74049613486774,68.74863241315602,526500
2012-09-12,68.74858856201172,68.75673104600578,68.74858856201172,68.74858856201172,1211800
2012-09-13,68.7730484008789,68.7893271656376,68.7404846604631,68.76490591305034,783900
2012-09-14,68.74048614501953,68.77304988613861,68.73234365701512,68.77304988613861,890100
2012-09-17,68.74048614501953,68.74862242212538,68.74048614501953,68.74048614501953,1002700
2012-09-18,68.74858856201172,68.74858856201172,68.74045228891315,68.74045228891315,626100
2012-09-19,68.74858856201172,68.74858856201172,68.74045228891315,68.74045228891315,533300
2012-09-20,68.73230743408203,68.75672867432634,68.73230743408203,68.74044991779522,702200
2012-09-21,68.74048614501953,68.74048614501953,68.72420116901073,68.73234365701512,625100
2012-09-24,68.74858856201172,68.74858856201172,68.74045228891315,68.74858856201172,578200
2012-09-25,68.73230743408203,68.74044991779522,68.72416495036883,68.73230743408203,1278800
2012-09-26,68.74858856201172,68.74858856201172,68.73230980491908,68.74045228891315,628800
2012-09-27,68.75677490234375,68.76491739153148,68.74049613486774,68.74863241315602,446100
2012-09-28,68.78936004638672,68.78936004638672,68.76493878212631,68.77308127384691,876400
2012-10-01,68.79095458984375,68.79095458984375,68.7828099819852,68.79095458984375,2690600
2012-10-02,68.77469635009766,68.78284096162453,68.77469635009766,68.78284096162453,677300
2012-10-03,68.77469635009766,68.78284096162453,68.77469635009766,68.77469635009766,2717100
2012-10-04,68.77469635009766,68.78284096162453,68.76655173857078,68.77469635009766,552900
2012-10-05,68.74208068847656,68.76650829510662,68.74208068847656,68.75836990123953,1617700
2012-10-08,68.75021362304688,68.75835822804564,68.7420690180481,68.7420690180481,350600
2012-10-09,68.75021362304688,68.75021362304688,68.7420690180481,68.7420690180481,1039400
2012-10-10,68.74208068847656,68.75022529485805,68.74208068847656,68.74208068847656,494500
2012-10-11,68.73397064208984,68.7502536490539,68.73397064208984,68.7502536490539,624400
2012-10-12,68.75835418701172,68.75835418701172,68.73392658596441,68.73392658596441,479000
2012-10-15,68.74208068847656,68.75836990123953,68.74208068847656,68.75836990123953,342800
2012-10-16,68.74208068847656,68.75022529485805,68.73394229460948,68.74208068847656,571500
2012-10-17,68.70138549804688,68.73395771836756,68.70138549804688,68.72581311015844,563400
2012-10-18,68.70953369140625,68.70953369140625,68.69325068518192,68.70139529455243,1273100
2012-10-19,68.70953369140625,68.71767830077675,68.69325068518192,68.69325068518192,426500
2012-10-22,68.68509674072266,68.70138595724977,68.68509674072266,68.68509674072266,264300
2012-10-23,68.71765899658203,68.71765899658203,68.69323138784941,68.7095143894995,491700
2012-10-24,68.70953369140625,68.72582291014726,68.70139529455243,68.70139529455243,1059300
2012-10-25,68.68509674072266,68.70138595724977,68.68509674072266,68.68509674072266,588200
2012-10-26,68.70138549804688,68.7095238937402,68.69324088983775,68.7095238937402,478400
2012-10-31,68.74208068847656,68.74208068847656,68.70950847546501,68.70950847546501,1086600
2012-11-01,68.72578430175781,68.73392890655289,68.68506749029564,68.68506749029564,732800
2012-11-02,68.71765899658203,68.71765899658203,68.70137599493192,68.70137599493192,353200
2012-11-05,68.71765899658203,68.74208660531465,68.71765899658203,68.74208660531465,2192500
2012-11-06,68.69325256347656,68.73396939892574,68.69325256347656,68.72582478933253,583400
2012-11-07,68.75021362304688,68.75835822804564,68.7420690180481,68.7420690180481,697600
2012-11-08,68.75021362304688,68.75835822804564,68.7420690180481,68.75021362304688,779500
2012-11-09,68.75021362304688,68.76649662053106,68.7420690180481,68.75021362304688,2365500
2012-11-12,68.75021362304688,68.75835822804564,68.7420690180481,68.7420690180481,524300
2012-11-13,68.75835418701172,68.76649257901883,68.75835418701172,68.76649257901883,917300
2012-11-14,68.77469635009766,68.77469635009766,68.75841333956224,68.75841333956224,2273000
2012-11-15,68.77469635009766,68.78284096162453,68.76655173857078,68.77469635009766,1048700
2012-11-16,68.77469635009766,68.78284096162453,68.76655173857078,68.76655173857078,810500
2012-11-19,68.76649475097656,68.7746393557539,68.76649475097656,68.76649475097656,951700
2012-11-20,68.75021362304688,68.76649662053106,68.75021362304688,68.76649662053106,1248500
2012-11-21,68.74208068847656,68.74208068847656,68.73394229460948,68.73394229460948,422200
2012-11-23,68.74208068847656,68.74208068847656,68.72579768822798,68.72579768822798,157800
2012-11-26,68.73397064208984,68.7502536490539,68.73397064208984,68.74210903931339,746400
2012-11-27,68.74208068847656,68.75022529485805,68.72579768822798,68.72579768822798,527000
2012-11-28,68.75021362304688,68.75835822804564,68.7420690180481,68.75021362304688,352700
2012-11-29,68.75021362304688,68.75835822804564,68.7420690180481,68.7420690180481,496300
2012-11-30,68.75835418701172,68.76649257901883,68.75835418701172,68.75835418701172,1053400
2012-12-03,68.76649475097656,68.77464128474543,68.75020789742341,68.76649475097656,1090600
2012-12-04,68.76649475097656,68.77464128474543,68.76649475097656,68.76649475097656,1624900
2012-12-05,68.78278350830078,68.78278350830078,68.77464318829118,68.77464318829118,591000
2012-12-06,68.78278350830078,68.79093004229513,68.77464318829118,68.79093004229513,685300
2012-12-07,68.78278350830078,68.78278350830078,68.7583501203025,68.7583501203025,929500
2012-12-10,68.78278350830078,68.78278350830078,68.77464318829118,68.77464318829118,770500
2012-12-11,68.78278350830078,68.78278350830078,68.76649665429684,68.78278350830078,1157700
2012-12-12,68.77467346191406,68.78281378550692,68.76652692433373,68.77467346191406,1108500
2012-12-13,68.77467346191406,68.78281378550692,68.76652692433373,68.77467346191406,790400
2012-12-14,68.79100036621094,68.79100036621094,68.7747134955572,68.7747134955572,566300
2012-12-17,68.77467346191406,68.79096032308725,68.7583803867534,68.78281378550692,503900
2012-12-18,68.73395538330078,68.76653532361401,68.73395538330078,68.75838878503863,1295600
2012-12-19,68.750244140625,68.750244140625,68.74209760256151,68.74209760256151,1485100
2012-12-20,68.74205780029297,68.75834465300187,68.74205780029297,68.75834465300187,1167500
2012-12-21,68.750244140625,68.76653100276413,68.750244140625,68.75838446470064,899300
2012-12-24,68.750244140625,68.75838446470064,68.750244140625,68.750244140625,388400
2012-12-26,68.75103759765625,68.7673347240696,68.75103759765625,68.75103759765625,677200
2012-12-27,68.77549743652344,68.77549743652344,68.75105795519933,68.75105795519933,1351200
2012-12-28,68.77549743652344,68.78364600214294,68.76735508643836,68.76735508643836,1334500
2012-12-31,68.77549743652344,68.79993691784755,68.75105795519933,68.79993691784755,818700
2013-01-02,68.75916290283203,68.76731146328243,68.75916290283203,68.75916290283203,2469100
2013-01-03,68.75916290283203,68.78360236865274,68.75101434238164,68.76731146328243,1816100
2013-01-04,68.76737213134766,68.76737213134766,68.75107499606918,68.75107499606918,1028700
2013-01-07,68.76737213134766,68.76737213134766,68.75107499606918,68.75107499606918,672300
2013-01-08,68.77549743652344,68.78364600214294,68.75920652081884,68.75920652081884,712300
2013-01-09,68.7999496459961,68.7999496459961,68.78365872727764,68.79180729440465,1159100
2013-01-10,68.79180908203125,68.79995143383428,68.78366051469249,68.78366051469249,1687300
2013-01-11,68.78360748291016,68.79175604396642,68.7754589218539,68.78360748291016,824000
2013-01-14,68.78360748291016,68.79989838949176,68.78360748291016,68.79989838949176,472400
2013-01-15,68.79180908203125,68.80810000117305,68.79180908203125,68.79995143383428,521400
2013-01-16,68.79180908203125,68.79995143383428,68.79180908203125,68.79180908203125,499800
2013-01-17,68.78360748291016,68.79175604396642,68.7754589218539,68.7754589218539,5547800
2013-01-18,68.78360748291016,68.79175604396642,68.7754589218539,68.79175604396642,390500
2013-01-22,68.7999496459961,68.8080982131231,68.78365872727764,68.79180729440465,956100
2013-01-23,68.7999496459961,68.8080982131231,68.7999496459961,68.7999496459961,747300
2013-01-24,68.7999496459961,68.8080982131231,68.79180729440465,68.7999496459961,595500
2013-01-25,68.76737213134766,68.79181161872941,68.75922356370842,68.79181161872941,694000
2013-01-28,68.7428970336914,68.75919416200117,68.73475468506983,68.73475468506983,642300
2013-01-29,68.75103759765625,68.7754770717437,68.75103759765625,68.7754770717437,672300
2013-01-30,68.77549743652344,68.77549743652344,68.75105795519933,68.75920652081884,526500
2013-01-31,68.78360748291016,68.79175604396642,68.7754589218539,68.79175604396642,641600
2013-02-01,68.77629089355469,68.8170314107305,68.77629089355469,68.79258585700926,1081200
2013-02-04,68.79258728027344,68.80888846114404,68.78444290691704,68.79258728027344,749700
2013-02-05,68.79258728027344,68.79258728027344,68.78444290691704,68.78444290691704,2165500
2013-02-06,68.80890655517578,68.80890655517578,68.8007559625972,68.8007559625972,1691600
2013-02-07,68.80890655517578,68.81705093067383,68.8007559625972,68.81705093067383,672800
2013-02-08,68.81704711914062,68.81704711914062,68.79260155983937,68.79260155983937,590500
2013-02-11,68.79258728027344,68.80888846114404,68.79258728027344,68.80073787070874,755100
2013-02-12,68.77629089355469,68.79258585700926,68.77629089355469,68.79258585700926,529600
2013-02-13,68.76812744140625,68.79257299055537,68.76812744140625,68.79257299055537,505800
2013-02-14,68.77629089355469,68.78444148382135,68.77629089355469,68.77629089355469,580400
2013-02-15,68.78448486328125,68.78448486328125,68.77633426787435,68.77633426787435,1113600
2013-02-19,68.77629089355469,68.79258585700926,68.77629089355469,68.78444148382135,793000
2013-02-20,68.77629089355469,68.78444148382135,68.77629089355469,68.77629089355469,480300
2013-02-21,68.80075073242188,68.80890132438086,68.7926001404629,68.80075073242188,610700
2013-02-22,68.80075073242188,68.80890132438086,68.80075073242188,68.80075073242188,693200
2013-02-25,68.81704711914062,68.82519771126778,68.79260155983937,68.79260155983937,433500
2013-02-26,68.83329010009766,68.83329010009766,68.81698892962712,68.81698892962712,1370600
2013-02-27,68.83329010009766,68.83329010009766,68.82513951486239,68.82513951486239,1158800
2013-02-28,68.82522583007812,68.84152702099234,68.82522583007812,68.82522583007812,663800
2013-03-01,68.83989715576172,68.83989715576172,68.83174482285968,68.83174482285968,1563100
2013-03-04,68.83171081542969,68.83986314430395,68.83171081542969,68.83171081542969,485800
2013-03-05,68.82357025146484,68.83171636259065,68.82357025146484,68.82357025146484,583200
2013-03-06,68.81541442871094,68.81541442871094,68.80726209959352,68.81541442871094,452800
2013-03-07,68.79914855957031,68.815447007116,68.79914855957031,68.80729467413911,519800
2013-03-08,68.80725860595703,68.80725860595703,68.78280783825134,68.79096016695485,727400
2013-03-11,68.79914855957031,68.80729467413911,68.79914855957031,68.80729467413911,1269800
2013-03-12,68.81541442871094,68.81541442871094,68.79911598888121,68.80726209959352,1154800
2013-03-13,68.79914855957031,68.80729467413911,68.79099622659344,68.79914855957031,858800
2013-03-14,68.79914855957031,68.80729467413911,68.79099622659344,68.79099622659344,480900
2013-03-15,68.82357025146484,68.82357025146484,68.79911948127652,68.80726559240233,599400
2013-03-18,68.83989715576172,68.83989715576172,68.81544637546358,68.81544637546358,416900
2013-03-19,68.83171081542969,68.83986314430395,68.82356470496036,68.83986314430395,528700
2013-03-20,68.82357025146484,68.82357025146484,68.81541792193359,68.81541792193359,592000
2013-03-21,68.83171081542969,68.83171081542969,68.81541237608612,68.81541237608612,691200
2013-03-22,68.81541442871094,68.83986519765809,68.81541442871094,68.83986519765809,593700
2013-03-25,68.81541442871094,68.82356675782836,68.81541442871094,68.81541442871094,610500
2013-03-26,68.82357025146484,68.82357025146484,68.80726559240233,68.82357025146484,504300
2013-03-27,68.83989715576172,68.84804948866378,68.82359870836564,68.83989715576172,1263800
2013-03-28,68.84796905517578,68.84796905517578,68.82351830344288,68.82351830344288,691200
2013-04-01,68.85455322265625,68.85455322265625,68.79748718234025,68.79748718234025,1015600
2013-04-02,68.85455322265625,68.86270729119622,68.83009723676824,68.83009723676824,5059900
2013-04-03,68.846435546875,68.85458961972529,68.82197954805936,68.82197954805936,723400
2013-04-04,68.87084197998047,68.87084197998047,68.8545338474895,68.8545338474895,457100
2013-04-05,68.87084197998047,68.87084197998047,68.86268791373499,68.86268791373499,614100
2013-04-08,68.85455322265625,68.8708613597362,68.85455322265625,68.85455322265625,596500
2013-04-09,68.85455322265625,68.8708613597362,68.85455322265625,68.85455322265625,1046800
2013-04-10,68.85455322265625,68.86270729119622,68.84639915411627,68.84639915411627,1647200
2013-04-11,68.85455322265625,68.86270729119622,68.84639915411627,68.85455322265625,4089300
2013-04-12,68.86268615722656,68.87084022326405,68.85453209118907,68.85453209118907,486700
2013-04-15,68.87084197998047,68.87898982649578,68.86268791373499,68.86268791373499,604000
2013-04-16,68.87084197998047,68.87084197998047,68.86268791373499,68.86268791373499,533500
2013-04-17,68.87084197998047,68.87898982649578,68.86268791373499,68.86268791373499,386900
2013-04-18,68.87084197998047,68.87898982649578,68.86268791373499,68.86268791373499,1195100
2013-04-19,68.87084197998047,68.87084197998047,68.8545338474895,68.86268791373499,591800
2013-04-22,68.87901306152344,68.87901306152344,68.85455707426739,68.8708652122596,797400
2013-04-23,68.87084197998047,68.87898982649578,68.87084197998047,68.87898982649578,524900
2013-04-24,68.87901306152344,68.87901306152344,68.8627111432635,68.8708652122596,578300
2013-04-25,68.87084197998047,68.88714389274126,68.86268791373499,68.86268791373499,688100
2013-04-26,68.88712310791016,68.89527717169537,68.87082120006802,68.87082120006802,685900
2013-04-29,68.9034423828125,68.9034423828125,68.88714047086148,68.88714047086148,496700
2013-04-30,68.89533233642578,68.91163425732093,68.89533233642578,68.91163425732093,506700
2013-05-01,68.9091796875,68.91732917572668,68.89286826907988,68.90102397828994,1051500
2013-05-02,68.90099334716797,68.90914905275227,68.89283764158368,68.89283764158368,544900
2013-05-03,68.87655639648438,68.90101730076054,68.87655639648438,68.90101730076054,1145200
2013-05-06,68.87655639648438,68.89286159234089,68.87655639648438,68.89286159234089,576100
2013-05-07,68.87655639648438,68.89286159234089,68.87655639648438,68.87655639648438,539800
2013-05-08,68.88472747802734,68.88472747802734,68.87657176778757,68.88472747802734,540000
2013-05-09,68.87655639648438,68.88471210490403,68.87655639648438,68.87655639648438,353500
2013-05-10,68.86837005615234,68.88468146573649,68.86021435136027,68.87652576094442,470800
2013-05-13,68.85208129882812,68.86838649132343,68.85208129882812,68.86838649132343,829600
2013-05-14,68.85208129882812,68.86838649132343,68.84392559208972,68.85208129882812,517900
2013-05-15,68.8602523803711,68.86840808966727,68.8602523803711,68.8602523803711,538400
2013-05-16,68.87655639648438,68.88471210490403,68.86840068806472,68.86840068806472,499400
2013-05-17,68.8602523803711,68.88471950825962,68.8602523803711,68.88471950825962,460300
2013-05-20,68.86837005615234,68.88468146573649,68.85206486754821,68.88468146573649,364700
2013-05-21,68.86837005615234,68.87652576094442,68.86021435136027,68.86021435136027,440800
2013-05-22,68.84387969970703,68.87649628393643,68.84387969970703,68.86834058263474,1022500
2013-05-23,68.8602523803711,68.86840808966727,68.84394718276218,68.8602523803711,835700
2013-05-24,68.84387969970703,68.86018488133305,68.84387969970703,68.86018488133305,1251800
2013-05-28,68.79505920410156,68.86844196090831,68.79505920410156,68.86844196090831,995800
2013-05-29,68.79505920410156,68.81136440972978,68.7869034907942,68.79505920410156,796000
2013-05-30,68.81132507324219,68.81948078188728,68.8031693645971,68.81948078188728,1437300
2013-05-31,68.80316925048828,68.81948066775142,68.77870834557652,68.81948066775142,1320700
2013-06-03,68.82521057128906,68.84152528007455,68.79258737595637,68.80890208474186,2606400
2013-06-04,68.82521057128906,68.82521057128906,68.79258737595637,68.81705321689631,764900
2013-06-05,68.83332824707031,68.83332824707031,68.80070507054309,68.80886242023357,663900
2013-06-06,68.82521057128906,68.84152528007455,68.80890208474186,68.82521057128906,1572400
2013-06-07,68.81707000732422,68.81707000732422,68.79260416041494,68.79260416041494,501800
2013-06-10,68.7926025390625,68.7926025390625,68.76813669272985,68.78444518287174,789800
2013-06-11,68.78441619873047,68.78441619873047,68.75179923219073,68.7681077154606,683100
2013-06-12,68.77625274658203,68.80071857822216,68.75993804399799,68.76809539529,2149200
2013-06-13,68.80889892578125,68.82520741157974,68.75996102390978,68.75996102390978,1568700
2013-06-14,68.85779571533203,68.85779571533203,68.82517253802713,68.82517253802713,791700
2013-06-17,68.85779571533203,68.86595306521697,68.84963836544709,68.86595306521697,890800
2013-06-18,68.85779571533203,68.86595306521697,68.82517253802713,68.84148723779701,1762700
2013-06-19,68.77625274658203,68.85780759279444,68.76809539529,68.84965024150243,884400
2013-06-20,68.76812744140625,68.78443592935416,68.74366159836497,68.75181895345834,3282200
2013-06-21,68.71102142333984,68.75180196649194,68.69471293942138,68.73548726033619,3785200
2013-06-24,68.67840576171875,68.6947204696629,68.62131672839016,68.62131672839016,1885200
2013-06-25,68.67025756835938,68.70288076636164,68.65394908047764,68.70288076636164,2382600
2013-06-26,68.70287322998047,68.71103058414592,68.6702500355568,68.70287322998047,1452800
2013-06-27,68.74363708496094,68.75179443714546,68.71101389845944,68.72732238059189,2783900
2013-06-28,68.73551177978516,68.759977625509,68.71104593406132,68.72735442379738,3109100
2013-07-01,68.76564025878906,68.77379303028091,68.724851507371,68.73301050235256,4884800
2013-07-02,68.7738037109375,68.7738037109375,68.75749194193085,68.7656509381795,1026500
2013-07-03,68.76564025878906,68.78195202526247,68.73301050235256,68.78195202526247,692600
2013-07-05,68.69226837158203,68.71673914964502,68.67595659403801,68.67595659403801,484500
2013-07-08,68.74115753173828,68.74931652603829,68.69221601291656,68.69221601291656,753800
2013-07-09,68.7330551147461,68.76568489236153,68.7248961144688,68.76568489236153,947900
2013-07-10,68.7330551147461,68.74120789152965,68.71673711419152,68.7248961144688,1401900
2013-07-11,68.7901611328125,68.7901611328125,68.74121335075519,68.76569035353096,835200
2013-07-12,68.74935150146484,68.8064520436358,68.74935150146484,68.77382227332492,2106800
2013-07-15,68.78199005126953,68.79014905076177,68.76567827577819,68.7738310517773,1025700
2013-07-16,68.7901611328125,68.81463191209404,68.78200213188724,68.80647291116878,836000
2013-07-17,68.81462097167969,68.84725074669888,68.80646197205158,68.83093274744267,728400
2013-07-18,68.80648040771484,68.83911019147669,68.79832140590065,68.82279841134321,909900
2013-07-19,68.83910369873047,68.84726269977511,68.8064739180462,68.82279192013549,519100
2013-07-22,68.83910369873047,68.84726269977511,68.81463291909084,68.83094469768582,1377400
2013-07-23,68.83089447021484,68.8390534653057,68.81458270352293,68.8390534653057,1087100
2013-07-24,68.79827117919922,68.83090093913947,68.77380041511663,68.79827117919922,575400
2013-07-25,68.83910369873047,68.83910369873047,68.78200313840655,68.78200313840655,582700
2013-07-26,68.84721374511719,68.84721374511719,68.82274298287778,68.830895754631,644800
2013-07-29,68.83910369873047,68.84726269977511,68.82279192013549,68.82279192013549,440300
2013-07-30,68.84721374511719,68.85537274036028,68.830895754631,68.830895754631,542100
2013-07-31,68.84721374511719,68.85537274036028,68.7982659971485,68.82274298287778,1283900
2013-08-01,68.82110595703125,68.83742742922487,68.78846923746178,68.82926669312806,6766100
2013-08-02,68.87008666992188,68.87008666992188,68.80481320943792,68.80481320943792,1187100
2013-08-05,68.8619155883789,68.87007632591865,68.83743960057858,68.8619155883789,870600
2013-08-06,68.85379791259766,68.8619586552412,68.83748265213335,68.83748265213335,881800
2013-08-07,68.87008666992188,68.87008666992188,68.84560445362554,68.86192593115642,704600
2013-08-08,68.87008666992188,68.87008666992188,68.85376519239098,68.85376519239098,709400
2013-08-09,68.85379791259766,68.87011939788472,68.85379791259766,68.8619586552412,566000
2013-08-12,68.85379791259766,68.88643465834903,68.85379791259766,68.88643465834903,511600
2013-08-13,68.82110595703125,68.84558194050392,68.81294522093444,68.84558194050392,531400
2013-08-14,68.82110595703125,68.83742742922487,68.81294522093444,68.82110595703125,972600
2013-08-15,68.79663848876953,68.81295373816478,68.78032323937428,68.78847775166264,704200
2013-08-16,68.8048095703125,68.81296408382684,68.7721728417967,68.78848809364487,2293500
2013-08-19,68.78849792480469,68.79665866430483,68.76402193112463,68.79665866430483,1951100
2013-08-20,68.8048095703125,68.81296408382684,68.79664883197869,68.79664883197869,1649400
2013-08-21,68.76399230957031,68.81294427584332,68.76399230957031,68.79662902869156,651200
2013-08-22,68.73953247070312,68.7640084595881,68.71505648181815,68.7476932086045,735000
2013-08-23,68.73953247070312,68.7640084595881,68.69058049293318,68.69058049293318,638200
2013-08-26,68.76399230957031,68.78031378153977,68.75583157358558,68.75583157358558,733100
2013-08-27,68.79663848876953,68.79663848876953,68.76400176516049,68.76400176516049,802800
2013-08-28,68.75581359863281,68.78029580018658,68.73949835574636,68.75581359863281,709200
2013-08-29,68.77216339111328,68.77216339111328,68.73136592987005,68.75584191668854,653200
2013-08-30,68.78031158447266,68.78031158447266,68.7558293773005,68.76399011302455,847700
2013-09-03,68.75421905517578,68.75421905517578,68.7134128738822,68.72157535537075,2991200
2013-09-04,68.6889419555664,68.73791062569144,68.68078569900393,68.72158566026641,947200
2013-09-05,68.6236572265625,68.6481446756565,68.59101974673774,68.6236572265625,1315100
2013-09-06,68.6889419555664,68.7134231775539,68.6562982508664,68.6562982508664,765500
2013-09-09,68.70525360107422,68.72157233718548,68.69709111994416,68.69709111994416,795600
2013-09-10,68.6807861328125,68.68894238942649,68.66446116728436,68.6807861328125,922200
2013-09-11,68.71338653564453,68.72154901400434,68.68074907449873,68.69706780507163,864100
2013-09-12,68.71338653564453,68.73787397072397,68.70523028343145,68.72154901400434,1586100
2013-09-13,68.71338653564453,68.72971149236416,68.70523028343145,68.70523028343145,564700
2013-09-16,68.76239013671875,68.81135257947544,68.76239013671875,68.81135257947544,737400
2013-09-17,68.78684997558594,68.80316870938216,68.77052501564175,68.77868749561385,668400
2013-09-18,68.87663269042969,68.89295142756981,68.76238285200115,68.78686407078595,744300
2013-09-19,68.85220336914062,68.90116584361579,68.85220336914062,68.88484709417538,5185900
2013-09-20,68.86032104492188,68.86848352814519,68.84400230462566,68.86032104492188,606600
2013-09-23,68.87663269042969,68.87663269042969,68.84398899000021,68.84398899000021,849600
2013-09-24,68.88479614257812,68.89295239818848,68.8603086972991,68.88479614257812,674500
2013-09-25,68.90926361083984,68.90926361083984,68.86845743633367,68.88478239659537,1570500
2013-09-26,68.87663269042969,68.91743264635461,68.86847020878501,68.91743264635461,497100
2013-09-27,68.91741943359375,68.9337443937533,68.89293821950247,68.90926317966202,2082200
2013-09-30,68.93373107910156,68.93373107910156,68.90108739123568,68.90108739123568,1717500
2013-10-01,68.9157485961914,68.9320707994527,68.89126217756363,68.9239128115579,7696500
2013-10-02,68.92395782470703,68.9402800386281,68.91579360400863,68.92395782470703,1773800
2013-10-03,68.92395782470703,68.9402800386281,68.90762938331022,68.90762938331022,693200
2013-10-04,68.89945983886719,68.92394626938145,68.89945983886719,68.90761783072215,498600
2013-10-07,68.89945983886719,68.92394626938145,68.88313140020789,68.92394626938145,602100
2013-10-08,68.84234619140625,68.88316107816469,68.83418819603646,68.88316107816469,572200
2013-10-09,68.86687469482422,68.87503269443901,68.83422401392316,68.8587104677288,696200
2013-10-10,68.86687469482422,68.86687469482422,68.85054624063338,68.85054624063338,469700
2013-10-11,68.86687469482422,68.90768337534007,68.86687469482422,68.89952537572528,889600
2013-10-14,68.84234619140625,68.86683885994773,68.82602397318931,68.8505104142534,581200
2013-10-15,68.86687469482422,68.88319692153443,68.85054624063338,68.86687469482422,1396400
2013-10-16,68.89131164550781,68.89947586673668,68.84233254561076,68.87498320305008,785600
2013-10-17,68.9157485961914,68.9320707994527,68.90758438082493,68.9239128115579,1823500
2013-10-18,68.9157485961914,68.9320707994527,68.9157485961914,68.9239128115579,647100
2013-10-21,68.9157485961914,68.9320707994527,68.90758438082493,68.9239128115579,453700
2013-10-22,68.97296142578125,68.97296142578125,68.94847498025149,68.94847498025149,1274200
2013-10-23,68.94841766357422,68.97290408874845,68.94841766357422,68.97290408874845,1109600
2013-10-24,68.94029998779297,68.95662843391473,68.94029998779297,68.94846421085384,1312200
2013-10-25,68.95658874511719,68.97291095436695,68.94026030839346,68.95658874511719,1739300
2013-10-28,68.97296142578125,68.97296142578125,68.94847498025149,68.94847498025149,716400
2013-10-29,68.97296142578125,68.97296142578125,68.95663920458759,68.96479720144515,548500
2013-10-30,68.97296142578125,68.98928364697491,68.96479720144515,68.97296142578125,524500
2013-10-31,68.9810791015625,68.9810791015625,68.95659267255624,68.97291488273565,1532500
2013-11-01,68.955810546875,68.97214266665829,68.955810546875,68.96397660676665,1213600
2013-11-04,68.97209930419922,68.98025913008217,68.96393324944154,68.96393324944154,933500
2013-11-05,68.97209930419922,68.97209930419922,68.94760113992616,68.97209930419922,1523800
2013-11-06,68.98847198486328,69.00479787657899,68.98030592456594,68.98847198486328,1145400
2013-11-07,69.00476837158203,69.01293442838772,68.99660854365261,69.00476837158203,627300
2013-11-08,68.955810546875,68.9803024976713,68.955810546875,68.97214266665829,1591100
2013-11-11,68.97209930419922,68.97209930419922,68.94760113992616,68.94760113992616,257500
2013-11-12,68.955810546875,68.96397660676665,68.93948465597033,68.93948465597033,1296400
2013-11-13,68.955810546875,68.9803024976713,68.955810546875,68.96397660676665,3394800
2013-11-14,68.99658203125,69.00474185604394,68.97209009912038,68.98024992391433,470300
2013-11-15,68.99658203125,69.01290790971177,68.99658203125,69.01290790971177,544700
2013-11-18,69.02930450439453,69.02930450439453,68.99664648808789,69.01297238180136,1592900
2013-11-19,69.00476837158203,69.02110048519343,69.00476837158203,69.00476837158203,729700
2013-11-20,69.01293182373047,69.0455898208444,69.00476576723297,69.02109788022796,862500
2013-11-21,69.0455551147461,69.0455551147461,69.01289713404786,69.02106318644064,490600
2013-11-22,69.02930450439453,69.02930450439453,69.01297238180136,69.02930450439453,661800
2013-11-25,69.02930450439453,69.02930450439453,69.01297238180136,69.02930450439453,462700
2013-11-26,69.03741455078125,69.03741455078125,69.01292261343345,69.01292261343345,505800
2013-11-27,69.03741455078125,69.03741455078125,69.02108866884112,69.02925472424879,449600
2013-11-29,69.0455551147461,69.0455551147461,68.99657125813519,68.99657125813519,627900
2013-12-02,69.00395202636719,69.03661736667559,68.9549571310429,68.9549571310429,2508400
2013-12-03,69.02025604248047,69.02842393210445,69.02025604248047,69.02025604248047,577400
2013-12-04,69.00395202636719,69.02028158138307,68.99578413372093,68.99578413372093,827700
2013-12-05,69.0120620727539,69.0202237282824,68.98756464562562,69.00389418695401,454600
2013-12-06,68.98763275146484,69.00396230891407,68.97946485760146,68.98763275146484,984900
2013-12-09,68.98763275146484,69.00396230891407,68.97946485760146,68.98763275146484,397300
2013-12-10,69.0120620727539,69.0120620727539,68.98756464562562,69.00389418695401,390100
2013-12-11,68.98763275146484,69.01213020277746,68.98763275146484,68.99579441505068,418400
2013-12-12,68.9631118774414,68.97944766109568,68.94678232406312,68.97944766109568,1247900
2013-12-13,68.97945404052734,68.97945404052734,68.95495659305632,68.97128614794481,445300
2013-12-16,68.97945404052734,68.98762193310988,68.96311825536229,68.96311825536229,724700
2013-12-17,68.99578857421875,68.99578857421875,68.97129112497998,68.97945901815191,826700
2013-12-18,68.99578857421875,69.02028602345753,68.97129112497998,68.97945901815191,1675600
2013-12-19,68.95494842529297,68.97944586986225,68.94678053367794,68.95494842529297,767900
2013-12-20,68.93043518066406,68.9630942790865,68.93043518066406,68.93043518066406,851000
2013-12-23,68.9222640991211,68.9385936475761,68.9222640991211,68.9385936475761,624400
2013-12-24,68.89781188964844,68.92230934354947,68.89781188964844,68.90597355409665,711000
2013-12-26,68.89044189453125,68.91495167451912,68.89044189453125,68.89861182119387,729000
2013-12-27,68.92310333251953,68.93127325775534,68.91493963911074,68.92310333251953,423700
2013-12-30,68.93942260742188,68.93942260742188,68.92308276182702,68.93125268462445,442900
2013-12-31,68.92310333251953,68.94761310822697,68.92310333251953,68.93127325775534,609800
2014-01-02,68.955810546875,68.955810546875,68.93130699100317,68.93947692023714,2412500
2014-01-03,68.9312744140625,68.95577795835395,68.92310448868965,68.9312744140625,1062700
2014-01-06,68.93942260742188,68.93942260742188,68.92308276182702,68.92308276182702,699500
2014-01-07,68.93942260742188,68.93942260742188,68.93125268462445,68.93942260742188,664900
2014-01-08,68.87408447265625,68.91492786002725,68.86591454881686,68.91492786002725,608600
2014-01-09,68.89044189453125,68.89044189453125,68.86593834637151,68.89044189453125,1121100
2014-01-10,68.955810546875,68.96398047610897,68.9231370617692,68.93130699100317,491900
2014-01-13,68.97212982177734,68.98846344354071,68.96395989498154,68.96395989498154,1269200
2014-01-14,68.955810546875,68.98031410274683,68.93947692023714,68.96398047610897,487000
2014-01-15,68.9312744140625,68.9312744140625,68.91494079514392,68.9312744140625,800100
2014-01-16,68.94758605957031,68.94758605957031,68.93124621550893,68.93941613753962,738600
2014-01-17,68.94758605957031,68.95574974977642,68.93941613753962,68.95574974977642,418300
2014-01-21,68.93942260742188,68.963926143989,68.93942260742188,68.95575622119156,498600
2014-01-22,68.90679931640625,68.93130287081344,68.90679931640625,68.91496924515188,622700
2014-01-23,68.97212982177734,68.98029351674492,68.90678287106742,68.90678287106742,886600
2014-01-24,68.99662017822266,69.02112372209676,68.96394670911485,68.96394670911485,781200
2014-01-27,68.98844146728516,69.00478131567169,68.97210785072485,68.98027154309189,1166400
2014-01-28,68.98844146728516,69.00478131567169,68.98027154309189,68.99661139147842,645100
2014-01-29,69.03744506835938,69.03744506835938,69.00477783688565,69.01294152884113,538500
2014-01-30,69.02925109863281,69.02925109863281,69.00474756986236,69.02108117843493,579400
2014-01-31,69.06197357177734,69.06197357177734,69.03746379378525,69.05380364577998,939500
2014-02-03,69.08076477050781,69.105274983887,69.0317381102262,69.04808240816115,54448200
2014-02-04,69.0888900756836,69.0888900756836,69.06437987671143,69.06437987671143,2357300
2014-02-05,69.05622863769531,69.08074507760882,69.05622863769531,69.06440078433315,3985300
2014-02-06,69.06439971923828,69.06439971923828,69.03988951322422,69.05622757272647,1420700
2014-02-07,69.08076477050781,69.08893068595205,69.05624832360539,69.05624832360539,1426700
2014-02-10,69.06439971923828,69.08074401226189,69.05622757272647,69.07257186575009,1571900
2014-02-11,69.048095703125,69.048095703125,69.03175140204301,69.039923552584,1295500
2014-02-12,69.01534271240234,69.03168076324148,69.00717057022375,69.03168076324148,2196700
2014-02-13,69.05622863769531,69.07257293097099,68.99903607827338,69.03989057794111,1334300
2014-02-14,69.05622863769531,69.07257293097099,69.04806272457894,69.05622863769531,1279000
2014-02-18,69.08076477050781,69.09710283491953,69.06442047257286,69.06442047257286,1081300
2014-02-19,69.05622863769531,69.10525528400088,69.05622863769531,69.09708313736303,1357800
2014-02-20,69.06439971923828,69.06439971923828,69.03988951322422,69.03988951322422,1012600
2014-02-21,69.07256317138672,69.07256317138672,69.03988082297468,69.04805296845784,750300
2014-02-24,69.07256317138672,69.07256317138672,69.04805296845784,69.05621888042042,1647600
2014-02-25,69.06439971923828,69.08074401226189,69.05622757272647,69.06439971923828,666400
2014-02-26,69.09707641601562,69.10524856185852,69.06439406616488,69.06439406616488,2079600
2014-02-27,69.0888900756836,69.10523436401141,69.0888900756836,69.0970622198475,362600
2014-02-28,69.0888900756836,69.0970622198475,69.06437987671143,69.08072416503926,2360500
2014-03-03,69.12812042236328,69.12812042236328,69.09543735321132,69.09543735321132,2587200
2014-03-04,69.07093048095703,69.09545214033972,69.06276282934469,69.09545214033972,49419100
2014-03-05,69.09546661376953,69.09546661376953,69.04642951958091,69.054603407754,2176200
2014-03-06,69.05458068847656,69.07092222459642,69.04640680299273,69.05458068847656,1044400
2014-03-07,69.0055923461914,69.03828167341247,69.0055923461914,69.0055923461914,807400
2014-03-10,69.01375579833984,69.03010357838048,68.99741425315048,68.99741425315048,450100
2014-03-11,69.01375579833984,69.03010357838048,69.0055881431708,69.02192968836016,337500
2014-03-12,69.03827667236328,69.04644432743815,69.03010278243721,69.04644432743815,342400
2014-03-13,69.07910919189453,69.07910919189453,68.99738902612391,69.01373056533845,2012000
2014-03-14,69.06277465820312,69.08729008693618,69.06277465820312,69.08729008693618,1035600
2014-03-17,69.03827667236328,69.06279210729029,69.03010278243721,69.05461821736422,659700
2014-03-18,69.05458068847656,69.0627545739604,69.03823915235671,69.04640680299273,317000
2014-03-19,68.9402084350586,69.06279184407768,68.91569300022502,69.04644406428784,567200
2014-03-20,68.94835662841797,68.9565242804177,68.93200885472082,68.9401827415694,826800
2014-03-21,68.9565200805664,68.96469396691714,68.93200465636266,68.94835242906414,452200
2014-03-24,68.92382049560547,68.94016826587,68.89930507505623,68.89930507505623,1761600
2014-03-25,68.9320297241211,68.95654515724009,68.92385583479785,68.92385583479785,962000
2014-03-26,68.9810791015625,68.99742064826651,68.94021588252471,68.94021588252471,598400
2014-03-27,68.97289276123047,68.98923430498485,68.95654498262537,68.95654498262537,447800
2014-03-28,68.97289276123047,68.98106665053302,68.94837732817356,68.94837732817356,335900
2014-03-31,69.01375579833984,69.01375579833984,68.95655103790014,68.96472492792047,1502200
2014-04-01,68.97367858886719,68.99820634966423,68.97367858886719,68.99003042939856,4107900
2014-04-02,68.9491958618164,68.96554771154887,68.9491958618164,68.95737178668264,504800
2014-04-03,68.96551513671875,68.97368482132275,68.94916329470983,68.94916329470983,2637400
2014-04-04,69.02275085449219,69.02275085449219,68.99005339894306,69.00639900851664,726400
2014-04-07,69.03092956542969,69.0472814135429,69.02275987777587,69.02275987777587,423300
2014-04-08,69.03909301757812,69.04726894015775,69.02274740882054,69.03909301757812,455900
2014-04-09,69.07174682617188,69.08809242460094,69.00635195966017,69.03087347550263,939600
2014-04-10,69.11264038085938,69.12081006426332,69.07994293804492,69.08811262144887,731900
2014-04-11,69.10448455810547,69.12083016606657,69.09630863592425,69.1126604802867,2225800
2014-04-14,69.0962905883789,69.12898803216208,69.07176906464146,69.12898803216208,520300
2014-04-15,69.0962905883789,69.10446650842464,69.06359314459573,69.07994498468719,303500
2014-04-16,69.07174682617188,69.08809242460094,69.06357090875848,69.07174682617188,381100
2014-04-17,69.05545043945312,69.07179604953075,69.03092266973347,69.06362012629086,2592700
2014-04-21,69.05545043945312,69.05545043945312,69.03092266973347,69.03909859297335,592800
2014-04-22,69.02275085449219,69.04727238705352,69.02275085449219,69.03909646406576,543100
2014-04-23,69.05545043945312,69.07179604953075,69.04727451621324,69.05545043945312,553100
2014-04-24,69.03909301757812,69.06361454891534,69.0309170949985,69.0309170949985,979000
2014-04-25,69.0472183227539,69.07173983611479,69.0472183227539,69.05539423933989,270300
2014-04-28,69.0472183227539,69.07173983611479,69.0472183227539,69.0472183227539,280400
2014-04-29,69.03909301757812,69.05544486273737,69.03909301757812,69.05544486273737,401300
2014-04-30,69.0881118774414,69.0881118774414,69.07176627440998,69.07176627440998,484000
2014-05-01,69.08889770507812,69.10524736220546,69.07254804795079,69.07254804795079,1141100
2014-05-02,69.08076477050781,69.08894272337335,69.03988748208074,69.04805919699596,543100
2014-05-05,69.08889770507812,69.08889770507812,69.064370100414,69.08071975754133,1540800
2014-05-06,69.06436920166016,69.07254714909054,69.05619125422979,69.06436920166016,432900
2014-05-07,69.08889770507812,69.10524736220546,69.0561921528772,69.0561921528772,645400
2014-05-08,69.10531616210938,69.12985002914519,69.08896648870463,69.10531616210938,729300
2014-05-09,69.12981414794922,69.12981414794922,69.06440301237633,69.06440301237633,361700
2014-05-12,69.11344909667969,69.12980499738252,69.09709943392525,69.09709943392525,1001200
2014-05-13,69.13798522949219,69.14616318085135,69.12163556472302,69.13798522949219,486500
2014-05-14,69.16248321533203,69.18701705889885,69.13795560971171,69.13795560971171,644600
2014-05-15,69.17070007324219,69.18705597815396,69.15435040628041,69.16252212078629,337200
2014-05-16,69.17888641357422,69.18706436702168,69.1625305066793,69.1625305066793,446600
2014-05-19,69.19524383544922,69.21159974417672,69.17889416467318,69.18707211903693,362200
2014-05-20,69.20341491699219,69.21159287054375,69.17888729428832,69.17888729428832,349900
2014-05-21,69.20341491699219,69.20341491699219,69.17888729428832,69.17888729428832,372800
2014-05-22,69.18707275390625,69.19524447039352,69.17071684502866,69.17889479946746,468300
2014-05-23,69.17070007324219,69.21158359757162,69.13799450136864,69.19522769265984,381500
2014-05-27,69.18707275390625,69.19524447039352,69.17071684502866,69.19524447039352,850200
2014-05-28,69.20341491699219,69.22794253969606,69.20341491699219,69.20341491699219,562000
2014-05-29,69.19524383544922,69.2361273693165,69.19524383544922,69.21159974417672,1651000
2014-05-30,69.21157836914062,69.21975632097873,69.18705075157585,69.19522246546443,895600
2014-06-02,69.16496276855469,69.19767722809283,69.15678259375886,69.189497053297,978100
2014-06-03,69.14861297607422,69.1731472623484,69.14861297607422,69.15678691173525,411200
2014-06-04,69.17311096191406,69.17311096191406,69.1485766885149,69.15675061988644,1034300
2014-06-05,69.18128967285156,69.18946984443052,69.1567553977574,69.1567553977574,1187800
2014-06-06,69.16496276855469,69.189497053297,69.1486086586082,69.17314294335051,733600
2014-06-09,69.11589813232422,69.14043241846274,69.11589813232422,69.12407206794005,586500
2014-06-10,69.09953308105469,69.2385710924569,69.09953308105469,69.2385710924569,662600
2014-06-11,69.12405395507812,69.12405395507812,69.10769984848628,69.11588002160414,288000
2014-06-12,69.14861297607422,69.15678691173525,69.1077183391869,69.1077183391869,1129200
2014-06-13,69.10770416259766,69.11588433622617,69.06680953409936,69.06680953409936,582100
2014-06-16,69.09139251708984,69.09956645609762,69.07503215977809,69.07503215977809,337700
2014-06-17,69.03411102294922,69.06681924277251,69.03411102294922,69.04228495808248,726900
2014-06-18,69.09139251708984,69.09139251708984,69.05867804211444,69.07503215977809,540100
2014-06-19,69.08316802978516,69.10770231036886,69.0749878563759,69.10770231036886,318700
2014-06-20,69.08316802978516,69.09134820319443,69.05863374920146,69.09134820319443,508700
2014-06-23,69.08316802978516,69.10770231036886,69.0749878563759,69.10770231036886,668600
2014-06-24,69.10770416259766,69.10770416259766,69.07498970772787,69.08316988135638,576000
2014-06-25,69.11589813232422,69.13225224320139,69.10771795706287,69.10771795706287,453700
2014-06-26,69.13224029541016,69.1976692069021,69.13224029541016,69.1976692069021,368700
2014-06-27,69.14861297607422,69.16496708704182,69.14043280076764,69.15678691173525,524900
2014-06-30,69.15680694580078,69.16498712347708,69.14045283009554,69.14863300777183,1091800
2014-07-01,69.12814331054688,69.16086744097441,69.12814331054688,69.16086744097441,542700
2014-07-02,69.10360717773438,69.12814871710202,69.0954245841151,69.0954245841151,594300
2014-07-03,69.0954360961914,69.0954360961914,69.06271195775227,69.07907714771744,492600
2014-07-07,69.0790786743164,69.0790786743164,69.05453713031751,69.05453713031751,506100
2014-07-08,69.0954360961914,69.10361869117399,69.07089455273486,69.08725350120882,627700
2014-07-09,69.10360717773438,69.11996612348274,69.04634150537981,69.07906563836673,380900
2014-07-10,69.13633728027344,69.16087882176012,69.12815468594765,69.12815468594765,466100
2014-07-11,69.15267944335938,69.16904462803896,69.14449685101958,69.16086203569917,2614500
2014-07-14,69.14449310302734,69.1526756949236,69.12813416072369,69.12813416072369,672900
2014-07-15,69.11181640625,69.16908210067409,69.10363380947724,69.12817535830291,435700
2014-07-16,69.10360717773438,69.12814871710202,69.0954245841151,69.11996612348274,426700
2014-07-17,69.16089630126953,69.16089630126953,69.11181320589108,69.12817215718647,2408500
2014-07-18,69.10360717773438,69.14450766285039,69.10360717773438,69.12814871710202,2316600
2014-07-21,69.11181640625,69.14453431035584,69.10363380947724,69.14453431035584,2455200
2014-07-22,69.11181640625,69.12817535830291,69.10363380947724,69.11181640625,2456000
2014-07-23,69.13633728027344,69.14451363310853,69.12815468594765,69.14451363310853,478400
2014-07-24,69.11181640625,69.11999276153017,69.09545121270449,69.10363380947724,221200
2014-07-25,69.11997985839844,69.12816245364368,69.10362090939935,69.11997985839844,2324500
2014-07-28,69.08727264404297,69.11182043579247,69.08727264404297,69.0954552412928,2286900
2014-07-29,69.10360717773438,69.10360717773438,69.08724199049583,69.0954245841151,255200
2014-07-30,69.07088470458984,69.07088470458984,69.02997797700063,69.07088470458984,1110200
2014-07-31,69.10360717773438,69.10360717773438,69.05452409899908,69.07088304474746,1446200
2014-08-01,69.1911849975586,69.19936396558325,69.12571579243911,69.12571579243911,19826500
2014-08-04,69.1911849975586,69.19936396558325,69.1748145745352,69.18299978604689,1419200
2014-08-05,69.1911849975586,69.20754917709495,69.1666293630235,69.1666293630235,1278200
2014-08-06,69.20753479003906,69.22389896617358,69.19117061390455,69.19934958022894,949900
2014-08-07,69.240234375,69.240234375,69.18295042226576,69.21568500146856,1129200
2014-08-08,69.19932556152344,69.24843055985441,69.19932556152344,69.23206014591622,500400
2014-08-11,69.19932556152344,69.22387493894713,69.19932556152344,69.21569597546163,1264700
2014-08-12,69.19932556152344,69.22387493894713,69.19114659803793,69.20751076849253,1587100
2014-08-13,69.23210906982422,69.24847949533081,69.21574488780563,69.24847949533081,708500
2014-08-14,69.2484359741211,69.26480014585515,69.20751617955986,69.20751617955986,975800
2014-08-15,69.2484359741211,69.29753473280732,69.21570138716892,69.22388035129391,911200
2014-08-18,69.2484359741211,69.25661493824609,69.20751617955986,69.20751617955986,721600
2014-08-19,69.2484359741211,69.25661493824609,69.23206555890297,69.25661493824609,1047000
2014-08-20,69.18296813964844,69.23206689928526,69.1747829318809,69.23206689928526,668300
2014-08-21,69.18296813964844,69.21570272723437,69.1747829318809,69.1747829318809,720300
2014-08-22,69.1666259765625,69.19936057751953,69.15026179782735,69.1666259765625,758700
2014-08-25,69.14204406738281,69.16659344568268,69.14204406738281,69.15022927464403,1146100
2014-08-26,69.1666259765625,69.17481118767344,69.15026179782735,69.1666259765625,372100
2014-08-27,69.18296813964844,69.19115334741596,69.1747829318809,69.1747829318809,473300
2014-08-28,69.19932556152344,69.20751076849253,69.17477618409974,69.17477618409974,459100
2014-08-29,69.23210906982422,69.23210906982422,69.19119549303373,69.19937446229903,515700
2014-09-02,69.17317962646484,69.21411300020584,69.17317962646484,69.20592507634645,13519800
2014-09-03,69.18951416015625,69.19770207986562,69.16495664658093,69.1731445662903,741300
2014-09-04,69.18134307861328,69.2059005959487,69.15678556127786,69.18134307861328,1702900
2014-09-05,69.20589447021484,69.22226406513825,69.19770654997653,69.20589447021484,422000
2014-09-08,69.16499328613281,69.22229626334858,69.16499328613281,69.20592666081097,533300
2014-09-09,69.12403106689453,69.1731460951307,69.12403106689453,69.16495817524036,506900
2014-09-10,69.13220977783203,69.14039769737138,69.11584018430598,69.11584018430598,367900
2014-09-11,69.14038848876953,69.1649459985642,69.1322005703207,69.1567643256672,774800
2014-09-12,69.12403106689453,69.14040066112227,69.11584314700418,69.11584314700418,340600
2014-09-15,69.15676879882812,69.16495047225433,69.14039296087125,69.14039296087125,431000
2014-09-16,69.19772338867188,69.19772338867188,69.1486083463967,69.17316586753428,1624100
2014-09-17,69.12403106689453,69.23863696314756,69.11584314700418,69.14858858101262,541600
2014-09-18,69.13220977783203,69.13220977783203,69.09947059077992,69.10765226476661,419000
2014-09-19,69.12403106689453,69.14040066112227,69.10765522711385,69.11584314700418,425400
2014-09-22,69.17317962646484,69.17317962646484,69.14043417658323,69.14862210044262,332600
2014-09-23,69.18951416015625,69.18951416015625,69.15677497242434,69.15677497242434,745800
2014-09-24,69.16499328613281,69.18955081271727,69.15681160764206,69.17318121017966,1455900
2014-09-25,69.21409606933594,69.21409606933594,69.15679310744933,69.15679310744933,892400
2014-09-26,69.18134307861328,69.19771267498565,69.15678556127786,69.19771267498565,1486300
2014-09-29,69.19772338867188,69.20591131090264,69.18135378976505,69.19772338867188,533200
2014-09-30,69.18134307861328,69.19771267498565,69.16496723668718,69.18134307861328,1508000
2014-10-01,69.25502014160156,69.27958637161133,69.22226308566535,69.23864473751826,20930800
2014-10-02,69.246826171875,69.27139240076946,69.23045076853514,69.26320782298417,1828300
2014-10-03,69.18134307861328,69.21409389701827,69.17315225012626,69.2059093163028,2110100
2014-10-06,69.246826171875,69.26320782298417,69.20588453964068,69.23045076853514,841300
2014-10-07,69.2878189086914,69.29600973954872,69.2550618330355,69.2550618330355,1333900
2014-10-08,69.36151123046875,69.36970206056881,69.27143084268644,69.27962167278649,1367200
2014-10-09,69.36151123046875,69.37789289066886,69.3451358180414,69.35332664814146,623000
2014-10-10,69.39427185058594,69.39427185058594,69.35333019353823,69.36970560680268,629300
2014-10-13,69.41883087158203,69.91018068721607,69.41064628968792,69.43521253091514,1239000
2014-10-14,69.45979309082031,69.47616850575666,69.43522684452893,69.45160225946528,2228800
2014-10-15,69.54985809326172,69.66450471575324,69.46796854116383,69.61537223404898,2526700
2014-10-16,69.50888061523438,69.57439472814343,69.49250521089195,69.56620390208737,27217300
2014-10-17,69.4679946899414,69.49256094004063,69.45161302469212,69.484370107416,2035000
2014-10-20,69.50888061523438,69.50888061523438,69.47612355877985,69.47612355877985,1139800
2014-10-21,69.4925308227539,69.50890623313158,69.47614916460425,69.47614916460425,1356700
2014-10-22,69.47615051269531,69.47615051269531,69.45158427276614,69.4597751019999,1814100
2014-10-23,69.44340515136719,69.45978056335014,69.42702349161164,69.43521432148941,1081500
2014-10-24,69.45979309082031,69.46798392217535,69.43522684452893,69.43522684452893,1171400
2014-10-27,69.45979309082031,69.47616850575666,69.44341767588396,69.44341767588396,919700
2014-10-28,69.44340515136719,69.47615597533309,69.43521432148941,69.45978056335014,738300
2014-10-29,69.35327911376953,69.44335943981126,69.35327911376953,69.43516861532515,1452200
2014-10-30,69.37789916992188,69.40246541467272,69.36151750823909,69.36970833908049,1485800
2014-10-31,69.36151123046875,69.37789289066886,69.3451358180414,69.3451358180414,1770200
2014-11-03,69.35250091552734,69.40165022520502,69.31153899085446,69.40165022520502,14207300
2014-11-04,69.34432220458984,69.36070322803711,69.2951666344209,69.31974754446215,1177700
2014-11-05,69.32789611816406,69.3360897502573,69.3197087359809,69.3360897502573,1289700
2014-11-06,69.31155395507812,69.33612861522258,69.30336031839211,69.31155395507812,815200
2014-11-07,69.36067962646484,69.37706689424954,69.3279113408069,69.34429860859159,1389000
2014-11-10,69.31155395507812,69.37709054873906,69.31155395507812,69.36070327536704,1381700
2014-11-11,69.30333709716797,69.39344832078012,69.27876244525766,69.28695607919825,580300
2014-11-12,69.32789611816406,69.35247701444376,69.31151510388767,69.32789611816406,894600
2014-11-13,69.34432220458984,69.35251584127026,69.32793493122901,69.32793493122901,746300
2014-11-14,69.37710571289062,69.37710571289062,69.31156910490498,69.33614377042086,1064400
2014-11-17,69.36888885498047,69.3770824907148,69.35250783342464,69.36069521924614,850000
2014-11-18,69.36067962646484,69.37706689424954,69.35249224248393,69.37706689424954,23372000
2014-11-19,69.35250091552734,69.38526295537098,69.32792001077628,69.32792001077628,962000
2014-11-20,69.36888885498047,69.39346351227063,69.35250783342464,69.3852698765363,723600
2014-11-21,69.38525390625,69.40164117394684,69.37706652231299,69.39344754009842,1048700
2014-11-24,69.39344787597656,69.39344787597656,69.35249220635905,69.35249220635905,1582100
2014-11-25,69.40162658691406,69.41800760125649,69.37705194044538,69.38523932266155,472700
2014-11-26,69.40982818603516,69.43440283532456,69.40163455296842,69.40163455296842,840000
2014-11-28,69.43443298339844,69.45081400673367,69.42623934677407,69.45081400673367,319700
2014-12-01,69.43355560302734,69.49910831905277,69.43355560302734,69.48272170305825,2475900
2014-12-02,69.39264678955078,69.41722986333873,69.37626015770994,69.41722986333873,825300
2014-12-03,69.35985565185547,69.38443872152426,69.35165921128176,69.38443872152426,782100
2014-12-04,69.40084838867188,69.40084838867188,69.36806887050098,69.37626531305716,901400
2014-12-05,69.26971435546875,69.30249386608688,69.25332772618587,69.26971435546875,494200
2014-12-08,69.26152801513672,69.27792089886253,69.2369449416013,69.2533378253271,427400
2014-12-09,69.28607177734375,69.33523789208235,69.27787534087092,69.31065483471305,545000
2014-12-10,69.34342193603516,69.35980855400314,69.2778629600671,69.2778629600671,734300
2014-12-11,69.31066131591797,69.32704793834675,69.29426844143943,69.32704793834675,678900
2014-12-12,69.37622833251953,69.42539445754129,69.34344883182153,69.3680318943324,942700
2014-12-15,69.32707214355469,69.37624453210886,69.31887570345367,69.35165521180579,1662100
2014-12-16,69.36803436279297,69.40081386465742,69.3434512994073,69.38442098769984,1239500
2014-12-17,69.3025131225586,69.42543475851862,69.25334696899623,69.35167927612095,966900
2014-12-18,69.26152801513672,69.26972445699963,69.2369449416013,69.2369449416013,1009100
2014-12-19,69.21233367919922,69.2942793082935,69.21233367919922,69.2942793082935,785100
2014-12-22,69.22874450683594,69.24513113608344,69.21235162553606,69.21235162553606,680300
2014-12-23,69.15496063232422,69.22051962648365,69.15496063232422,69.22051962648365,1083500
2014-12-24,69.19019317626953,69.22298548696298,69.14920122427928,69.15740086557608,958700
2014-12-26,69.1656494140625,69.1902421008487,69.14925011987293,69.14925011987293,414300
2014-12-29,69.231201171875,69.23940081581276,69.21480813849524,69.21480813849524,749500
2014-12-30,69.25582122802734,69.28041391284609,69.23942193514974,69.26401461996848,665900
2014-12-31,69.231201171875,69.28858617044777,69.231201171875,69.24760045975052,724100
2015-01-02,69.30499267578125,69.30499267578125,69.24760767123237,69.26400070631931,1735400
2015-01-05,69.30499267578125,69.31319232057292,69.24760767123237,69.24760767123237,1214300
2015-01-06,69.33777618408203,69.41975385808597,69.32137689658389,69.32137689658389,959400
2015-01-07,69.37054443359375,69.37873782000418,69.32955248356784,69.34594551088215,768800
2015-01-08,69.36239624023438,69.38698892669346,69.34599694626293,69.36239624023438,862500
2015-01-09,69.4197998046875,69.46079179606848,69.41160015551135,69.41160015551135,422200
2015-01-12,69.4607162475586,69.47710927358136,69.43611732678501,69.4607162475586,641700
2015-01-13,69.50172424316406,69.50992388605322,69.44433925192995,69.46893192610243,525600
2015-01-14,69.54273986816406,69.58372558756713,69.54273986816406,69.55913290502588,690800
2015-01-15,69.6492919921875,69.6492919921875,69.5509150333054,69.5591146768361,577900
2015-01-16,69.58374786376953,69.62473985079265,69.56735482165973,69.62473985079265,756300
2015-01-20,69.55093383789062,69.60832510362707,69.55093383789062,69.57553277513358,696000
2015-01-21,69.55093383789062,69.59192581213175,69.53454080089246,69.54274044664011,606400
2015-01-22,69.52632904052734,69.57552065194473,69.50173636206668,69.57552065194473,588900
2015-01-23,69.55915069580078,69.5673503435774,69.52635835919295,69.54275765474621,1089900
2015-01-26,69.51813507080078,69.55912078306133,69.50993542655029,69.54272774905631,1576400
2015-01-27,69.55915069580078,69.58374338463197,69.53455800696958,69.5673503435774,414900
2015-01-28,69.6082763671875,69.61646975270139,69.53449211611316,69.54269175611981,743900
2015-01-29,69.58374786376953,69.58374786376953,69.5427621312455,69.58374786376953,516100
2015-01-30,69.66574096679688,69.66574096679688,69.57556358712846,69.6329486237811,474400
2015-02-02,69.6435546875,69.66815692103236,69.61074962381481,69.65996034780565,1883800
2015-02-03,69.58617401123047,69.6189790874656,69.56977460157717,69.6189790874656,1015000
2015-02-04,69.59434509277344,69.61074449494467,69.53693779978562,69.5615400315053,798200
2015-02-05,69.56976318359375,69.58616259055553,69.55335751970446,69.58616259055553,428400
2015-02-06,69.40572357177734,69.46313086974205,69.38932416818439,69.46313086974205,774300
2015-02-09,69.39749145507812,69.42209367633015,69.38928862901979,69.42209367633015,1616200
2015-02-10,69.3811264038086,69.4057286394575,69.37292357295007,69.4057286394575,1194500
2015-02-11,69.38934326171875,69.40574266982426,69.38114042920203,69.40574266982426,840500
2015-02-12,69.4139404296875,69.44674550042912,69.39754102278043,69.4139404296875,1036300
2015-02-13,69.4139404296875,69.45494833234639,69.4139404296875,69.43034609352205,1118600
2015-02-17,69.3811264038086,69.43033713203305,69.35652416815971,69.39753206552564,562400
2015-02-18,69.46314239501953,69.48775088988131,69.37293001797471,69.3975385128365,998400
2015-02-19,69.4221420288086,69.47954933735512,69.413939197037,69.4221420288086,744000
2015-02-20,69.4139404296875,69.47955057117073,69.38933819086316,69.46314490733619,415200
2015-02-23,69.44676208496094,69.45496491883712,69.41395700638516,69.43855925108475,715500
2015-02-24,69.504150390625,69.51235322225673,69.39753860712139,69.43854025142558,482800
2015-02-25,69.504150390625,69.504150390625,69.4713453210253,69.4713453210253,485300
2015-02-26,69.43853759765625,69.47134266600223,69.42213819194677,69.4467404289745,530600
2015-02-27,69.46314239501953,69.47954805826072,69.43854015708499,69.47134522664012,3103100
2015-03-02,69.40653228759766,69.45576103573772,69.40653228759766,69.43934936661843,3233200
2015-03-03,69.39012145996094,69.42293853641947,69.38191562604197,69.40652686858154,1288800
2015-03-04,69.40653228759766,69.43114353205878,69.39012687769619,69.4147381221573,572900
2015-03-05,69.43113708496094,69.45575458635399,69.4147316765828,69.43934291875863,386800
2015-03-06,69.35730743408203,69.3737128434242,69.32449035618009,69.33269619045997,503300
2015-03-09,69.39012145996094,69.39012145996094,69.34909854958345,69.35730438350241,367200
2015-03-10,69.40653228759766,69.43114353205878,69.38192104313654,69.43114353205878,1039600
2015-03-11,69.40653228759766,69.42294395671695,69.38192104313654,69.40653228759766,607500
2015-03-12,69.42292022705078,69.46393686739334,69.40650856354121,69.43932563134467,1158100
2015-03-13,69.43113708496094,69.46395416093443,69.4147316765828,69.4147316765828,436500
2015-03-16,69.43932342529297,69.47214049205385,69.43111759379889,69.43932342529297,934000
2015-03-17,69.42292022705078,69.46393686739334,69.42292022705078,69.46393686739334,1255600
2015-03-18,69.58699798583984,69.59520381743886,69.39010184197254,69.42291890915303,873500
2015-03-19,69.49675750732422,69.55418581412816,69.48855167514765,69.52957457681447,351000
2015-03-20,69.54595184326172,69.5623635009746,69.5295464447623,69.55415767211815,721900
2015-03-23,69.57059478759766,69.57879436024108,69.52957188751753,69.5541831238793,683900
2015-03-24,69.59521484375,69.59521484375,69.54598610557196,69.57060360426925,535900
2015-03-25,69.57878875732422,69.60339999170414,69.5541775229443,69.595200419721,932000
2015-03-26,69.54595184326172,69.55415767211815,69.51314104626289,69.55415767211815,963400
2015-03-27,69.58699798583984,69.59520381743886,69.56238675025837,69.56238675025837,595300
2015-03-30,69.57878875732422,69.60339999170414,69.57058918534108,69.595200419721,793600
2015-03-31,69.63622283935547,69.63622283935547,69.58700036650856,69.5952061983883,1035200
2015-04-01,69.66658020019531,69.66658020019531,69.63374882555063,69.63374882555063,2228700
2015-04-02,69.6584243774414,69.66662753021731,69.62559298049177,69.66662753021731,643500
2015-04-06,69.71586608886719,69.74869748032212,69.69124411076291,69.74869748032212,1162400
2015-04-07,69.66658020019531,69.68299901848987,69.66658020019531,69.66658020019531,544500
2015-04-08,69.66658020019531,69.68299901848987,69.63374882555063,69.67478960934258,1086800
2015-04-09,69.6419448852539,69.6583637004012,69.63373547768026,69.65015429282755,459000
2015-04-10,69.62556457519531,69.65839595875066,69.62556457519531,69.65018654737528,614400
2015-04-13,69.66658020019531,69.66658020019531,69.62554567834778,69.62554567834778,754400
2015-04-14,69.69940185546875,69.71582067147376,69.6747798934048,69.6829893014073,449200
2015-04-15,69.69940185546875,69.70761126347125,69.6829893014073,69.6911987094098,772200
2015-04-16,69.73224639892578,69.74045580847915,69.68300246549502,69.71583384176377,11419400
2015-04-17,69.69940185546875,69.7240238175327,69.6911987094098,69.6911987094098,727200
2015-04-20,69.69120025634766,69.70761281077341,69.66657203179348,69.68299084816293,460900
2015-04-21,69.69940185546875,69.69940185546875,69.65015793134086,69.65015793134086,565700
2015-04-22,69.6419448852539,69.67477625360524,69.6419448852539,69.6583637004012,582200
2015-04-23,69.6748275756836,69.6748275756836,69.65020559676948,69.65020559676948,561700
2015-04-24,69.69940185546875,69.70761126347125,69.6829893014073,69.69940185546875,405800
2015-04-27,69.69120025634766,69.69940340258869,69.6747814399782,69.69940340258869,439300
2015-04-28,69.6584243774414,69.69125577439105,69.6584243774414,69.6584243774414,506400
2015-04-29,69.66658020019531,69.66658020019531,69.62554567834778,69.6419582346979,461400
2015-04-30,69.6584243774414,69.66662753021731,69.60097099826672,69.63379613326767,746800
2015-05-01,69.62970733642578,69.64612668022669,69.6132817280908,69.62970733642578,1996300
2015-05-04,69.62970733642578,69.64612668022669,69.60506892392331,69.62149453225828,535700
2015-05-05,69.61321258544922,69.64605750496222,69.58036766593622,69.61321258544922,8800900
2015-05-06,69.58859252929688,69.60501185963672,69.56396040152264,69.58859252929688,1583000
2015-05-07,69.56397247314453,69.59681740405283,69.56397247314453,69.58860460519324,909500
2015-05-08,69.66252899169922,69.67895459601817,69.6461096519128,69.66252899169922,855400
2015-05-11,69.59680938720703,69.65428644354327,69.59680938720703,69.64607364562971,2438600
2015-05-12,69.60498809814453,69.62962648203674,69.58856877340985,69.61320089277527,497600
2015-05-13,69.63786315917969,69.67892088558095,69.62965662552305,69.654288755552,670900
2015-05-14,69.70355224609375,69.70355224609375,69.67070731824126,69.67070731824126,992800
2015-05-15,69.70355224609375,69.71997784228472,69.67070731824126,69.67070731824126,599200
2015-05-18,69.66252899169922,69.70358673796407,69.6461096519128,69.68716739817765,5576400
2015-05-19,69.62142181396484,69.64605393620545,69.6049962227861,69.61320901837547,544600
2015-05-20,69.64608001708984,69.65429281575473,69.62144788562506,69.63786721842496,541600
2015-05-21,69.67070007324219,69.67891287048363,69.6378551488052,69.64606794604664,677900
2015-05-22,69.62142181396484,69.64605393620545,69.61320901837547,69.62963460955422,530500
2015-05-26,69.62970733642578,69.64612668022669,69.59686238428989,69.59686238428989,634000
2015-05-27,69.63786315917969,69.64607595736585,69.60501823096459,69.61323102915074,597100
2015-05-28,69.67070007324219,69.67891287048363,69.6378551488052,69.6378551488052,888200
2015-05-29,69.6871337890625,69.70355312093011,69.66249539446682,69.66249539446682,565900
2015-06-01,69.64356994628906,69.70928843174684,69.62714345855447,69.70928843174684,8556400
2015-06-02,69.63534545898438,69.63534545898438,69.61070259662257,69.61070259662257,715300
2015-06-03,69.61075592041016,69.61075592041016,69.58611303917121,69.59432942200546,1359800
2015-06-04,69.61894226074219,69.6353687520584,69.59429939013732,69.61894226074219,934300
2015-06-05,69.55320739746094,69.56964015217217,69.52034815529808,69.52034815529808,599300
2015-06-08,69.59431457519531,69.59431457519531,69.5614553181321,69.5614553181321,985400
2015-06-09,69.56146240234375,69.58610528083518,69.54503590577049,69.58610528083518,1189700
2015-06-10,69.5450439453125,69.55325406091669,69.52861117957649,69.55325406091669,817100
2015-06-11,69.56146240234375,69.56146240234375,69.52038676001595,69.54503590577049,938600
2015-06-12,69.5450439453125,69.56968682665271,69.52861117957649,69.52861117957649,398900
2015-06-15,69.5778579711914,69.60250710598928,69.56964786018577,69.58607434945736,542700
2015-06-16,69.60249328613281,69.60249328613281,69.57784415622913,69.57784415622913,6452900
2015-06-17,69.65178680419922,69.65178680419922,69.48749058942154,69.56142545288644,2940900
2015-06-18,69.6682357788086,69.6682357788086,69.61895003209726,69.63537652524711,625900
2015-06-19,69.68464660644531,69.70107309442504,69.67643022882554,69.69285671680527,397700
2015-06-22,69.63534545898438,69.65999458860517,69.62713534970311,69.65999458860517,438100
2015-06-23,69.61894226074219,69.6353687520584,69.59429939013732,69.59429939013732,495300
2015-06-24,69.65178680419922,69.65178680419922,69.6025010733958,69.6271439387975,681800
2015-06-25,69.63534545898438,69.64356183552465,69.60249248734131,69.61891897316283,461900
2015-06-26,69.59431457519531,69.6189574511771,69.59431457519531,69.59431457519531,476600
2015-06-29,69.70929718017578,69.71751355870408,69.65179506499871,69.68465431185139,895700
2015-06-30,69.70929718017578,69.73394004850017,69.68465431185139,69.69286442311918,3121300
2015-07-01,69.6501235961914,69.67477750398801,69.64190353690317,69.65834365547964,11473000
2015-07-02,69.75700378417969,69.75700378417969,69.69126207814193,69.73234986065651,2175100
2015-07-06,69.77342224121094,69.7898560950979,69.74054826336685,69.77342224121094,1088300
2015-07-07,69.76518249511719,69.83915049191398,69.76518249511719,69.81449031293613,2665300
2015-07-08,69.83918762207031,69.84740141602809,69.78165971400725,69.78987350796503,1628600
2015-07-09,69.7898178100586,69.80625792499706,69.77338396518684,69.79803786752782,1995800
2015-07-10,69.72413635253906,69.75701034368527,69.6994824266976,69.74057648314852,1999200
2015-07-13,69.69124603271484,69.69124603271484,69.66658584479723,69.68302597007565,856700
2015-07-14,69.72413635253906,69.72413635253906,69.70770249200231,69.70770249200231,1062100
2015-07-15,69.74877166748047,69.74877166748047,69.68302370864187,69.70767762568873,1068800
2015-07-16,69.71585845947266,69.71585845947266,69.66654438305714,69.66654438305714,5841900
2015-07-17,69.69945526123047,69.70767532333142,69.6748013449979,69.6748013449979,934900
2015-07-20,69.65836334228516,69.66657713382666,69.64192321906239,69.65014328067377,1104900
2015-07-21,69.66657257080078,69.69123275401974,69.63370486664776,69.63370486664776,653400
2015-07-22,69.65836334228516,69.66657713382666,69.64192321906239,69.65836334228516,760400
2015-07-23,69.66657257080078,69.67479263187377,69.61726474450178,69.61726474450178,854200
2015-07-24,69.68296813964844,69.71584209285226,69.65831424226194,69.6665280280138,810500
2015-07-27,69.7322998046875,69.7487399219498,69.71586595749281,69.74051986331865,4482800
2015-07-28,69.71585845947266,69.73229230489987,69.69941834397851,69.71585845947266,2113800
2015-07-29,69.69945526123047,69.73232923956398,69.68302140709885,69.70767532333142,1590900
2015-07-30,69.66657257080078,69.68301269294676,69.65013871872428,69.66657257080078,581400
2015-07-31,69.74054718017578,69.7569810338075,69.72410705647401,69.74054718017578,4190600
2015-08-03,69.76351928710938,69.77174302589988,69.71418940011579,69.71418940011579,5562900
2015-08-04,69.65666198730469,69.73888058752583,69.65666198730469,69.72243937663244,1228800
2015-08-05,69.66486358642578,69.66486358642578,69.62375116294412,69.64841610788307,1825600
2015-08-06,69.68135070800781,69.6977919245092,69.66490949150642,69.6731269633175,1132300
2015-08-07,69.64849853515625,69.68138725828955,69.63205731003087,69.64027478615229,934300
2015-08-10,69.64849853515625,69.66494603316417,69.64027478615229,69.64849853515625,1397700
2015-08-11,69.73888397216797,69.74710771445234,69.71421901819227,69.73888397216797,1889400
2015-08-12,69.73888397216797,69.78821388011936,69.72244276047664,69.7553251838593,1508300
2015-08-13,69.68135070800781,69.72246315858017,69.6731269633175,69.70601566919953,537000
2015-08-14,69.64849853515625,69.68138725828955,69.64849853515625,69.64849853515625,837600
2015-08-17,69.6895751953125,69.7060164119891,69.68135145053455,69.68135145053455,646700
2015-08-18,69.68135070800781,69.68957445269814,69.65668574681611,69.6731269633175,466300
2015-08-19,69.74712371826172,69.75534118955422,69.64845760684211,69.6731225664773,960600
2015-08-20,69.72248077392578,69.7553632152363,69.72248077392578,69.7553632152363,5879000
2015-08-21,69.79645538330078,69.80467912767782,69.74712546279655,69.76356667867162,2062900
2015-08-24,69.829345703125,69.92801181929468,69.7964569977351,69.92801181929468,4491400
2015-08-25,69.79645538330078,69.83756783230697,69.76356667867162,69.79645538330078,2708000
2015-08-26,69.7553482055664,69.83757310979237,69.7553482055664,69.78001944056189,2519400
2015-08-27,69.76351928710938,69.7799667646904,69.72241313890629,69.75529554831886,2985300
2015-08-28,69.73065185546875,69.78820549879252,69.70598690445523,69.77998803037245,1683200
2015-08-31,69.70597839355469,69.75530828955868,69.69775465326205,69.73064334155669,7294500
2015-09-01,69.73067474365234,69.75535761739947,69.71422577032632,69.73890236823472,6317000
2015-09-02,69.74713134765625,69.75535897239845,69.71422712452632,69.74713134765625,5691300
2015-09-03,69.74713134765625,69.7800355707862,69.73890372291406,69.7800355707862,2627800
2015-09-04,69.75537872314453,69.78827667975044,69.73892346900095,69.76360007437569,1393900
2015-09-08,69.73067474365234,69.73890236823472,69.71422577032632,69.7224533949087,3251500
2015-09-09,69.71422576904297,69.73067474236869,69.68954917113503,69.68954917113503,1721000
2015-09-10,69.7388687133789,69.7388687133789,69.71419212737904,69.73064109276704,1004100
2015-09-11,69.76356506347656,69.77179268641932,69.73888847048578,69.73888847048578,539600
2015-09-14,69.74713134765625,69.7800355707862,69.74713134765625,69.76358032130179,1649100
2015-09-15,69.64842987060547,69.73891492979382,69.64842987060547,69.73891492979382,2200100
2015-09-16,69.64022064208984,69.69780148288325,69.64022064208984,69.65666962124183,1454200
2015-09-17,69.79647827148438,69.81293351948986,69.64019107046202,69.64019107046202,1268200
2015-09-18,69.82941436767578,69.82941436767578,69.79651013248285,69.79651013248285,1424900
2015-09-21,69.78832244873047,69.79655008119815,69.77187345963983,69.78832244873047,1668200
2015-09-22,69.82941436767578,69.83764199543431,69.80473776024137,69.82118673991725,834300
2015-09-23,69.80472564697266,69.8376298764557,69.7882703943111,69.81295327330344,1659800
2015-09-24,69.8458251953125,69.8787231337384,69.82936995026239,69.82936995026239,1480700
2015-09-25,69.8129653930664,69.85409098017969,69.79651013754817,69.83764200050261,1115900
2015-09-28,69.86228942871094,69.87051705303365,69.82115758293594,69.83761283158135,2572000
2015-09-29,69.89518737792969,69.91163634926048,69.86228315943015,69.87873213076094,1896600
2015-09-30,69.91166687011719,69.91989449729344,69.87876263725288,69.87876263725288,9534800
2015-10-01,69.91165161132812,69.93634611004387,69.88696339140687,69.91165161132812,5262900
2015-10-02,70.0103988647461,70.05155007681354,69.99394214719517,70.0350870804692,1668700
2015-10-05,69.9610595703125,69.99397930168236,69.93637134148429,69.99397930168236,5500700
2015-10-06,69.95278930664062,69.96924602380845,69.92810109149227,69.92810109149227,1519100
2015-10-07,69.93635559082031,69.94458081271277,69.91166108875692,69.93635559082031,3660700
2015-10-08,69.91987609863281,69.95279581482447,69.90341937993391,69.90341937993391,1793100
2015-10-09,69.91987609863281,69.91987609863281,69.88695638244116,69.89518788118754,1107700
2015-10-12,69.9034652709961,69.93638500879929,69.8705455331929,69.8705455331929,1486900
2015-10-13,69.9281005859375,69.93633208385853,69.91163759009544,69.91986908801647,1071300
2015-10-14,70.02690124511719,70.03513274865692,69.97752478147382,70.01867602037497,3419100
2015-10-15,69.98573303222656,69.99396453303137,69.96104480860755,69.96927003061694,1586000
2015-10-16,69.95278930664062,69.97747752178898,69.95278930664062,69.96102080462117,942500
2015-10-19,69.97748565673828,69.97748565673828,69.94456593978242,69.96102893765736,1434900
2015-10-20,69.93635559082031,69.93635559082031,69.91989258944471,69.92812409013251,1029400
2015-10-21,69.9610595703125,69.97751629659905,69.92813983894264,69.93637134148429,11122200
2015-10-22,69.98573303222656,70.00218975504076,69.96104480860755,69.96104480860755,2382400
2015-10-23,69.9281005859375,69.96102029882842,69.91163759009544,69.93633208385853,5657200
2015-10-26,69.9281005859375,69.94455730298634,69.91986908801647,69.9281005859375,5901700
2015-10-27,69.95278930664062,69.97747752178898,69.95278930664062,69.95278930664062,1024600
2015-10-28,69.86229705810547,69.95282474537379,69.82937732829913,69.93636801986884,1658900
2015-10-29,69.81290435791016,69.83759257982105,69.81290435791016,69.82112957935045,1526500
2015-10-30,69.81290435791016,69.82936107958575,69.80467285767486,69.81290435791016,3242400
2015-11-02,69.7725601196289,69.80549576222779,69.74785995813761,69.74785995813761,14599400
2015-11-03,69.7642822265625,69.77251142009482,69.74781127584363,69.75604675120307,3643500
2015-11-04,69.69023132324219,69.7643380971711,69.69023132324219,69.7396316513067,2120500
2015-11-05,69.69023132324219,69.7067022871518,69.66553115920993,69.69023132324219,2775300
2015-11-06,69.62435913085938,69.64083009455597,69.60789444899486,69.62435913085938,1832700
2015-11-09,69.60785675048828,69.6243214234358,69.59962127310018,69.60785675048828,1619900
2015-11-10,69.6408462524414,69.6655464218851,69.61614608299772,69.6408462524414,2139300
2015-11-11,69.62435913085938,69.69023042198161,69.62435913085938,69.67376574011709,6885500
2015-11-12,69.6490707397461,69.6737771893509,69.6408415383776,69.6408415383776,5866500
2015-11-13,69.70671844482422,69.70671844482422,69.65731182347535,69.65731182347535,771100
2015-11-16,69.70671844482422,69.7231831307181,69.69024747709673,69.70671844482422,1835200
2015-11-17,69.68196105957031,69.70666749310251,69.64079623400801,69.64902543002306,4707700
2015-11-18,69.65727996826172,69.69021560682118,69.64081528989736,69.67375092845683,1803400
2015-11-19,69.6408462524414,69.68201110756972,69.6408462524414,69.67378190564418,1707300
2015-11-20,69.6408462524414,69.67378190564418,69.63261076868234,69.64907545436695,798800
2015-11-23,69.63260650634766,69.64084198960262,69.6079063384159,69.6079063384159,936600
2015-11-24,69.63260650634766,69.64907119102443,69.62437102309269,69.64084198960262,1024300
2015-11-25,69.6408462524414,69.64907545436695,69.61614608299772,69.6408462524414,3067800
2015-11-27,69.65727996826172,69.66551544835927,69.64081528989736,69.64081528989736,429600
2015-11-30,69.63260650634766,69.64907119102443,69.62437102309269,69.64084198960262,1469300
2015-12-01,69.67462158203125,69.69109425297475,69.61695780640878,69.61695780640878,4410600
2015-12-02,69.61691284179688,69.64162497469097,69.60867336920681,69.64162497469097,1008700
2015-12-03,69.61691284179688,69.61691284179688,69.55100963082855,69.61691284179688,4856400
2015-12-04,69.63341522216797,69.66636684171614,69.61694255483329,69.6416546982747,4440400
2015-12-07,69.62520599365234,69.64168495302485,69.61697279884761,69.62520599365234,2025600
2015-12-08,69.61691284179688,69.64162497469097,69.60043389661674,69.63338550210091,1043000
2015-12-09,69.64163208007812,69.64987155350885,69.58396833581655,69.60868047123198,3642800
2015-12-10,69.60051727294922,69.63346891790704,69.59228407537249,69.62522943544667,963000
2015-12-11,69.68284606933594,69.70756449998328,69.63342177780004,69.64166125468249,1073800
2015-12-14,69.60051727294922,69.64994788282779,69.59228407537249,69.62522943544667,1757400
2015-12-15,69.59224700927734,69.59224700927734,69.55929538187016,69.56752857506173,1052100
2015-12-16,69.5345687866211,69.57575359866365,69.45218659277799,69.55928093082242,1241600
2015-12-17,69.5345687866211,69.56751412230355,69.52632931026098,69.52632931026098,1777400
2015-12-18,69.62520599365234,69.62520599365234,69.57578168529787,69.59226064467038,1494800
2015-12-21,69.61691284179688,69.62514602951083,69.60043389661674,69.62514602951083,3037200
2015-12-22,69.60051727294922,69.61699623786996,69.57580511045175,69.60051727294922,1234700
2015-12-23,69.57572937011719,69.6086809792038,69.55925670801228,69.60044150571295,2785800
2015-12-24,69.60292053222656,69.60292053222656,69.56995842900434,69.59468315045986,564600
2015-12-28,69.56172180175781,69.5782028550375,69.5534781310788,69.56172180175781,1096700
2015-12-29,69.54527282714844,69.5617601776022,69.52054808954958,69.52879176477646,1085100
2015-12-30,69.56172180175781,69.56172180175781,69.51226606576208,69.52875340712009,4797000
2015-12-31,69.52880859375,69.59474543536103,69.52880859375,69.58650175813882,2466200
2016-01-04,69.61943817138672,69.63591923017066,69.59471343917062,69.6276818448189,7548000
2016-01-05,69.57819366455078,69.61116205483374,69.56995628303815,69.59468100373101,2472200
2016-01-06,69.61943817138672,69.64416290360283,69.60295082452237,69.6276818448189,2409900
2016-01-07,69.64413452148438,69.67710291369703,69.61940979934435,69.6688592436244,2702800
2016-01-08,69.69361114501953,69.71009849159455,69.64416168145509,69.6688864132373,7139900
2016-01-11,69.71829986572266,69.7347872037816,69.6606067586705,69.67709409672943,3557700
2016-01-12,69.72657775878906,69.7513024899361,69.66888462341926,69.67712829649498,1275600
2016-01-13,69.76778411865234,69.76778411865234,69.7018473156103,69.71832837233099,1820800
2016-01-14,69.78426361083984,69.78426361083984,69.74305782592211,69.76778255448865,1297400
2016-01-15,69.84196472167969,69.87493312622917,69.81723999028762,69.83372733660246,2136000
2016-01-19,69.83370208740234,69.85018313967807,69.80897107687186,69.82545841722552,5109900
2016-01-20,69.88316345214844,69.9243692339051,69.86667610898256,69.8749197805655,2140400
2016-01-21,69.87492370605469,69.90789210615955,69.85844265004194,69.8996484341135,2326500
2016-01-22,69.85020446777344,69.85020446777344,69.80899239238352,69.81723606507748,3184900
2016-01-25,69.85020446777344,69.8666855250815,69.83372341046538,69.83372341046538,1800100
2016-01-26,69.88316345214844,69.89140712373137,69.84195138231277,69.8501950538957,1176800
2016-01-27,69.8996353149414,69.8996353149414,69.82546114468643,69.84194219760592,1742300
2016-01-28,69.8996353149414,69.92436003835974,69.87491059152308,69.89139793252076,1272200
2016-01-29,69.98206329345703,69.98206329345703,69.94085122677397,69.9738196225047,1521400
2016-02-01,69.94496154785156,69.9614513431286,69.92847175257452,69.9614513431286,5665300
2016-02-02,70.03569793701172,70.03569793701172,69.97797419434391,69.97797419434391,2528200
2016-02-03,70.05216217041016,70.1098858920095,70.0191825792795,70.0191825792795,1962400
2016-02-04,70.06863403320312,70.07688207384116,70.05213795192704,70.05213795192704,1305700
2016-02-05,70.05216217041016,70.06865825738929,70.01093453578994,70.0191825792795,1294800
2016-02-08,70.13461303710938,70.15110282868116,70.08513107956945,70.10162716255351,1467700
2016-02-09,70.1098861694336,70.15936813915297,70.09339637380302,70.15936813915297,1919200
2016-02-10,70.1098861694336,70.1181342129558,70.05216244760584,70.05216244760584,1061200
2016-02-11,70.17587280273438,70.24184458206157,70.15938300361016,70.21710673766766,1814400
2016-02-12,70.0934066772461,70.15937845229364,70.08515863251147,70.14288236282437,1194000
2016-02-16,70.05216217041016,70.09339609644417,70.05216217041016,70.08514805295461,2545900
2016-02-17,70.06863403320312,70.06863403320312,70.0191583721981,70.02740012142453,1999400
2016-02-18,70.1263427734375,70.1263427734375,70.04388125888505,70.04388125888505,859100
2016-02-19,70.06038665771484,70.10162056988491,70.06038665771484,70.07688273914755,975400
2016-02-22,70.06863403320312,70.06863403320312,70.03564816206257,70.03564816206257,1101600
2016-02-23,70.0769271850586,70.09341698553817,70.04394129268375,70.06043109316333,1227700
2016-02-24,70.0934066772461,70.15937845229364,70.07691687919159,70.1098964753006,1066800
2016-02-25,70.1098861694336,70.126382256478,70.09339637380302,70.10164441732522,1526500
2016-02-26,70.0191421508789,70.06861780042192,70.00264607342447,70.06036976169469,1891100
2016-02-29,70.06038665771484,70.06038665771484,69.99441491480741,69.99441491480741,2634200
2016-03-01,69.96717071533203,70.0661768302745,69.95891810745502,70.0661768302745,4584800
2016-03-02,69.95890808105469,69.96716068774894,69.92590394917215,69.94240286766617,2652000
2016-03-03,69.98362731933594,69.98362731933594,69.94237059979291,69.95062320267984,5601100
2016-03-04,69.9341812133789,69.97543167160534,69.91767599417095,69.94242752808616,1532600
2016-03-07,69.88471984863281,69.91772401481981,69.88471984863281,69.90122507917684,1990800
2016-03-08,69.9341812133789,69.96718535689809,69.92592860377492,69.9341812133789,2878900
2016-03-09,69.9094009399414,69.93415246368134,69.9094009399414,69.92589985746999,1284400
2016-03-10,69.90117645263672,69.90942906216782,69.86817230940896,69.88467123357451,2227500
2016-03-11,69.83517456054688,69.86817870679661,69.82692195026013,69.86817870679661,4112200
2016-03-14,69.83517456054688,69.85992609650987,69.83517456054688,69.85992609650987,1875500
2016-03-15,69.85989379882812,69.88464532334798,69.82688966783688,69.86814640529953,1508600
2016-03-16,70.00019073486328,70.00019073486328,69.76092168468229,69.79391953685405,5972100
2016-03-17,69.9919204711914,69.9919204711914,69.94241112007883,69.96716894308274,1677000
2016-03-18,70.00843811035156,70.03318964507825,69.99193918549942,70.00843811035156,3010000
2016-03-21,70.00019073486328,70.00019073486328,69.96719288269152,69.99194441926905,1892100
2016-03-22,69.95890808105469,70.01666373812547,69.94240286766617,70.00841113143122,1899800
2016-03-23,70.00019073486328,70.01669595584656,69.95068766170823,69.95894027219987,1357600
2016-03-24,69.96717071533203,70.00842116492626,69.95891810745502,70.00842116492626,859800
2016-03-28,69.98362731933594,70.01663143599202,69.98362731933594,69.98362731933594,2820600
2016-03-29,70.11569213867188,70.11569213867188,70.0084271118453,70.0084271118453,1219700
2016-03-30,70.12396240234375,70.13221501374036,70.07445932376027,70.10746347444861,1307600
2016-03-31,70.15696716308594,70.1817187025929,70.1239630121106,70.14871455161756,1555000
2016-04-01,70.11650085449219,70.14952480618977,70.09999202798078,70.11650085449219,5307200
2016-04-04,70.16605377197266,70.16605377197266,70.1165209795466,70.13302981079644,2863500
2016-04-05,70.19076538085938,70.19076538085938,70.1577477441316,70.17425656249549,4655000
2016-04-06,70.16605377197266,70.18256890189905,70.13302981079644,70.18256890189905,1029200
2016-04-07,70.20732116699219,70.22382999491917,70.17429721246293,70.18255477576406,1475200
2016-04-08,70.20732116699219,70.21557873029332,70.18255477576406,70.18255477576406,594300
2016-04-11,70.19906616210938,70.2238325542401,70.18255733358072,70.19080859850729,851100
2016-04-12,70.18253326416016,70.1907845262569,70.17427570339004,70.18253326416016,524900
2016-04-13,70.14952087402344,70.16602969960947,70.14126331189323,70.16602969960947,1365800
2016-04-14,70.14952087402344,70.16602969960947,70.13300574976302,70.15777843615365,1103500
2016-04-15,70.19906616210938,70.19906616210938,70.15779094144999,70.15779094144999,825600
2016-04-18,70.19076538085938,70.19902293937714,70.17425656249549,70.18251412101326,870900
2016-04-19,70.16605377197266,70.19082016818568,70.14954494072283,70.19082016818568,1508400
2016-04-20,70.11650085449219,70.18254875788735,70.10824329189911,70.18254875788735,1080700
2016-04-21,70.09994506835938,70.13296269926386,70.09168751129799,70.09168751129799,1599900
2016-04-22,70.09994506835938,70.10819632675023,70.09168751129799,70.09994506835938,2593200
2016-04-25,70.08346557617188,70.11648952253225,70.08346557617188,70.0917231374304,1512900
2016-04-26,70.06694793701172,70.09171431899765,70.0586903767921,70.08345675877803,969300
2016-04-27,70.11650085449219,70.11650085449219,70.02568656199253,70.09173446538769,748300
2016-04-28,70.15779113769531,70.18255752989533,70.11650961824495,70.12476718187013,694300
2016-04-29,70.18253326416016,70.19904208702702,70.14125175898293,70.14950931975305,1609600
2016-05-02,70.15693664550781,70.18171731724938,70.14867432082491,70.16519897019072,1017800
2016-05-03,70.23123931884766,70.23950163890221,70.19820264323671,70.23950163890221,3788100
2016-05-04,70.22300720214844,70.23952554557609,70.18996421298738,70.23952554557609,1621100
2016-05-05,70.24781036376953,70.27259103799935,70.19824901530988,70.239548038257,556900
2016-05-06,70.23123931884766,70.29732527467681,70.23123931884766,70.28906295462225,1117600
2016-05-09,70.26429748535156,70.28907814856827,70.25604146581598,70.28082212903269,610000
2016-05-10,70.28085327148438,70.28085327148438,70.24781027178528,70.27259094598266,2854800
2016-05-11,70.25605010986328,70.28083077612891,70.24778778700615,70.26430613041465,1607400
2016-05-12,70.21477508544922,70.24781808882527,70.21477508544922,70.23955576240414,562700
2016-05-13,70.22300720214844,70.23952554557609,70.19822653585409,70.20648255641503,1115000
2016-05-16,70.18997955322266,70.2147602249329,70.17345490387773,70.2147602249329,600800
2016-05-17,70.16520690917969,70.18998758372511,70.14042623463426,70.17346293248958,819500
2016-05-18,70.041259765625,70.13212639188777,70.03299744442715,70.09908340940089,3690500
2016-05-19,70.05782318115234,70.09086618489918,70.05782318115234,70.05782318115234,1619600
2016-05-20,70.08259582519531,70.0908581507621,70.04955912754383,70.05781515080278,1942600
2016-05-23,70.07431030273438,70.07431030273438,70.04126731668518,70.04126731668518,654700
2016-05-24,70.0247573852539,70.05780037824569,70.01650136373584,70.04954435672762,778200
2016-05-25,70.0660400390625,70.0660400390625,70.02473473560643,70.04952169906275,5242400
2016-05-26,70.10735321044922,70.12387155230276,70.07431022443694,70.0908285662905,1253100
2016-05-27,70.0660400390625,70.13212600367042,70.04125937791065,70.10734534251857,696200
2016-05-31,70.09910583496094,70.1238865041776,70.03301984884548,70.03301984884548,1368300
2016-06-01,70.05033874511719,70.12472545845121,70.05033874511719,70.09992988733987,1484500
2016-06-02,70.10819244384766,70.10819244384766,70.07512958256717,70.07512958256717,4565800
2016-06-03,70.2238998413086,70.2486954074033,70.21563255057865,70.23216713203854,1874900
2016-06-06,70.20738220214844,70.24044506398202,70.18258663229727,70.21564318803476,672100
2016-06-07,70.2238998413086,70.2486954074033,70.21563255057865,70.2238998413086,624800
2016-06-08,70.24046325683594,70.24872424486193,70.2156613744648,70.2156613744648,906600
2016-06-09,70.25703430175781,70.27356259396765,70.24050600954797,70.27356259396765,794400
2016-06-10,70.29830932617188,70.31483760541147,70.26524646159608,70.26524646159608,425100
2016-06-13,70.31484985351562,70.34791272385063,70.31484985351562,70.3231171476238,610500
2016-06-14,70.32310485839844,70.3644287095224,70.314837565735,70.3644287095224,990200
2016-06-15,70.4057388305664,70.52145567053721,70.31481755543295,70.31481755543295,785700
2016-06-16,70.36442565917969,70.43055138542738,70.35616467297098,70.40575581460858,1129500
2016-06-17,70.37272644042969,70.38926103290825,70.34793085781118,70.37272644042969,1574700
2016-06-20,70.33139038085938,70.33965767640696,70.2983338108667,70.32312939141062,1698800
2016-06-21,70.28178405761719,70.33964250177058,70.28178405761719,70.31484692657591,919100
2016-06-22,70.30657196044922,70.32310654617292,70.29004368082227,70.31483925331108,1740300
2016-06-23,70.28178405761719,70.29831864514527,70.25698848242251,70.28178405761719,2302800
2016-06-24,70.44707489013672,70.5049333149794,70.42227301712241,70.48839873296986,2321800
2016-06-27,70.48843383789062,70.5462922915482,70.48843383789062,70.50496842813479,1166100
2016-06-28,70.51321411132812,70.51321411132812,70.4718902568846,70.48015124411504,1590900
2016-06-29,70.48843383789062,70.4967011330127,70.46363825862288,70.46363825862288,838800
2016-06-30,70.52143096923828,70.5379592379756,70.47183985693371,70.496635413086,2284000
2016-07-01,70.54627990722656,70.57109001514495,70.50492552083361,70.57109001514495,3690200
2016-07-05,70.57937622070312,70.58764836232855,70.53802813216654,70.55456610562211,1974600
2016-07-06,70.54627990722656,70.57935584458876,70.529735628752,70.55454573667038,5742300
2016-07-07,70.51321411132812,70.54629636620213,70.49666982899365,70.52147994270042,1094600
2016-07-08,70.51321411132812,70.52147994270042,70.46358757411966,70.49666982899365,1157600
2016-07-11,70.4387435913086,70.48837010465512,70.4387435913086,70.47182583027565,1619200
2016-07-12,70.41400146484375,70.43881159057192,70.38919133911558,70.43881159057192,5990100
2016-07-13,70.43052673339844,70.44706470948466,70.41398244751592,70.4387925665434,836600
2016-07-14,70.38911437988281,70.42219661461624,70.37257010762055,70.38084224375169,638500
2016-07-15,70.35606384277344,70.38087395255347,70.34779170291544,70.38087395255347,1532100
2016-07-18,70.39744567871094,70.40571151199767,70.37262924946157,70.38917353562782,867800
2016-07-19,70.40568542480469,70.40568542480469,70.38087531454454,70.3891474545626,739400
2016-07-20,70.37263488769531,70.38917917518708,70.35609691000045,70.37263488769531,627500
2016-07-21,70.42225646972656,70.42225646972656,70.35609194402343,70.36436408718544,465500
2016-07-22,70.39744567871094,70.41398365508078,70.3809013925447,70.38917353562782,382700
2016-07-25,70.34782409667969,70.3891785052186,70.34782409667969,70.38090636155144,803500
2016-07-26,70.35606384277344,70.37260181269548,70.3312537329934,70.37260181269548,1348500
2016-07-27,70.40568542480469,70.40568542480469,70.3395272340423,70.35606520428438,657400
2016-07-28,70.39744567871094,70.4222557981639,70.3809013925447,70.39744567871094,913700
2016-07-29,70.4884033203125,70.4884033203125,70.43877678358088,70.44704892466864,1041500
2016-08-01,70.46443939208984,70.46443939208984,70.43133731296719,70.43133731296719,3053400
2016-08-02,70.4395751953125,70.47267725600625,70.4147439146128,70.43129810174592,967700
2016-08-03,70.44781494140625,70.4726462111672,70.42298998521504,70.46436912124688,3365300
2016-08-04,70.49745178222656,70.50572255630289,70.47262683286162,70.48089760693794,610500
2016-08-05,70.39822387695312,70.43960304757502,70.38167599684937,70.43960304757502,1170900
2016-08-08,70.37336730957031,70.39819227536958,70.35681312332268,70.37336730957031,2576800
2016-08-09,70.41475677490234,70.41475677490234,70.36510683158009,70.38993180324121,2337300
2016-08-10,70.44781494140625,70.44781494140625,70.41471289529471,70.43126707513535,971900
2016-08-11,70.38162994384766,70.4478277345223,70.35679866957742,70.4478277345223,929600
2016-08-12,70.43128204345703,70.46438409660354,70.41472786009824,70.45610700492414,584100
2016-08-15,70.41475677490234,70.4230338699806,70.38993180324121,70.40648599339775,873200
2016-08-16,70.38993072509766,70.39820782004915,70.36510575381678,70.38165994371974,774400
2016-08-17,70.38993072509766,70.42303279133003,70.34855787748737,70.36510575381678,1221300
2016-08-18,70.4395751953125,70.4395751953125,70.373371073925,70.39819604105217,696500
2016-08-19,70.37336730957031,70.4064693684934,70.3650902164465,70.38991518224577,590000
2016-08-22,70.38162994384766,70.406454904547,70.38162994384766,70.3981778131236,480000
2016-08-23,70.38993072509766,70.40648491500063,70.37338284876826,70.38165994371974,455200
2016-08-24,70.37336730957031,70.4064693684934,70.37336730957031,70.4064693684934,466400
2016-08-25,70.34857940673828,70.37340438561652,70.3403023092537,70.37340438561652,547300
2016-08-26,70.28235626220703,70.3982103413829,70.28235626220703,70.35683117871704,709800
2016-08-29,70.32373809814453,70.34028597569565,70.28235893390568,70.28235893390568,473600
2016-08-30,70.33197784423828,70.34853202805844,70.31542997398935,70.33197784423828,480400
2016-08-31,70.32373809814453,70.36511094880935,70.32373809814453,70.34028597569565,937400
2016-09-01,70.35682678222656,70.36510874710957,70.29058369773895,70.30714762750497,1191600
2016-09-02,70.35682678222656,70.37338439470435,70.32370523998276,70.36510874710957,726100
2016-09-06,70.40657043457031,70.44797397962584,70.34032728939908,70.34860926186899,1335800
2016-09-07,70.40657043457031,70.44797397962584,70.40657043457031,70.43141003468601,1049300
2016-09-08,70.35682678222656,70.41478790183116,70.35682678222656,70.39822397206514,614200
2016-09-09,70.33198547363281,70.36510701506133,70.32370350895367,70.34026112102389,2727300
2016-09-12,70.35682678222656,70.38994832447037,70.33198720486577,70.34026285246054,2123600
2016-09-13,70.33198547363281,70.38166462713154,70.30714589688345,70.3733826624524,1108600
2016-09-14,70.37336730957031,70.39820688090059,70.34852773824002,70.34852773824002,1632600
2016-09-15,70.43135833740234,70.44792227018408,70.37339720724503,70.38996114002677,10599200
2016-09-16,70.39826965332031,70.42311556409179,70.38171203009833,70.39826965332031,846200
2016-09-19,70.38166809082031,70.39822570370538,70.37338612573359,70.38166809082031,657700
2016-09-20,70.36511993408203,70.38995951539194,70.36511993408203,70.38167754919222,984300
2016-09-21,70.38166809082031,70.38166809082031,70.30714935690493,70.34854654776179,816300
2016-09-22,70.36511993408203,70.3982351643024,70.35683796788231,70.3733955829925,759500
2016-09-23,70.40657043457031,70.40657043457031,70.36517320680882,70.3817308344546,7016900
2016-09-26,70.44789123535156,70.45616688080732,70.4147697016687,70.42305166441108,786300
2016-09-27,70.45618438720703,70.47274831680744,70.4313448100946,70.47274831680744,645300
2016-09-28,70.44789123535156,70.45616688080732,70.43132730986683,70.43960927260919,1017300
2016-09-29,70.4727554321289,70.4727554321289,70.40651234161535,70.42307627288815,1164000
2016-09-30,70.41480255126953,70.47276368293265,70.41480255126953,70.46448171632662,1380000
2016-10-03,70.40570068359375,70.4139811052103,70.3808404559465,70.4139811052103,1646500
2016-10-04,70.34765625,70.3807905548385,70.33936951332635,70.3807905548385,933100
2016-10-05,70.3062515258789,70.3725327987543,70.3062515258789,70.3725327987543,1644000
2016-10-06,70.3062515258789,70.34767890165855,70.29796478653697,70.3062515258789,679500
2016-10-07,70.33113098144531,70.34770446615204,70.3062770753176,70.32284423909195,809000
2016-10-10,70.29794311523438,70.31451658880903,70.28137596258784,70.3062298520217,924000
2016-10-11,70.2896728515625,70.29795959029191,70.2731056950333,70.2731056950333,1259100
2016-10-12,70.2896728515625,70.2896728515625,70.25653853850409,70.2813924337627,1311100
2016-10-13,70.3145980834961,70.33116525534398,70.28973784432107,70.30631133710442,5123300
2016-10-14,70.29794311523438,70.33937047824288,70.29794311523438,70.31451658880903,1481100
2016-10-17,70.3559799194336,70.3642666612018,70.33112601506092,70.33941275682912,3860400
2016-10-18,70.3808364868164,70.3808364868164,70.32284193410851,70.35598258150334,2067400
2016-10-19,70.3808364868164,70.38912322889816,70.35598258150334,70.36426932358509,643300
2016-10-20,70.34765625,70.3807905548385,70.33936951332635,70.3807905548385,2593200
2016-10-21,70.3642807006836,70.37256744410521,70.33942679135193,70.3642807006836,1041900
2016-10-24,70.33940887451172,70.36426277751261,70.32283539189007,70.35597603620178,582600
2016-10-25,70.33940887451172,70.35597603620178,70.31455497151083,70.33112213320089,3762400
2016-10-26,70.3145980834961,70.33116525534398,70.30631133710442,70.3228785089523,517000
2016-10-27,70.33113098144531,70.33113098144531,70.28970359061087,70.31456381767096,724800
2016-10-28,70.33113098144531,70.36427162992639,70.3062770753176,70.3062770753176,1229300
2016-10-31,70.3808364868164,70.3808364868164,70.35598258150334,70.35598258150334,1346300
2016-11-01,70.38163757324219,70.41479811374448,70.3484770327399,70.35676874904708,8239600
2016-11-02,70.42308807373047,70.4396715074206,70.38993385580383,70.40651096476715,1516600
2016-11-03,70.431396484375,70.431396484375,70.39823593386177,70.39823593386177,2616600
2016-11-04,70.45622253417969,70.46451424795524,70.41477661475086,70.42306200380195,2108300
2016-11-07,70.431396484375,70.431396484375,70.39823593386177,70.40652765267215,2698400
2016-11-08,70.35682678222656,70.414856194789,70.34853505908004,70.40656447164247,1944600
2016-11-09,70.26561737060547,70.38996788448905,70.26561737060547,70.37338444278198,1784100
2016-11-10,70.24075317382812,70.33193681032239,70.24075317382812,70.29049085277596,1927100
2016-11-11,70.24075317382812,70.27390740997316,70.21587800962394,70.25733029190064,3405000
2016-11-14,70.13301086425781,70.2076237404905,70.13301086425781,70.16617143983534,18305000
2016-11-15,70.15782928466797,70.15782928466797,70.12466873292655,70.13296045204405,2080800
2016-11-16,70.1495361328125,70.16611324448576,70.11637558473814,70.14124441461195,1007900
2016-11-17,70.14128112792969,70.15785824827974,70.12469768284848,70.14957285047029,1145600
2016-11-18,70.09982299804688,70.14127528256422,70.07495415722872,70.12469183886503,2044500
2016-11-21,70.09148406982422,70.11635289164926,70.05832353248222,70.09148406982422,889300
2016-11-22,70.07493591308594,70.11638818681111,70.0666441933951,70.07493591308594,2122600
2016-11-23,70.03346252441406,70.06661674072933,70.00858737508786,70.02517080797199,1433600
2016-11-25,70.02521514892578,70.05837571096528,70.01692342723328,70.02521514892578,347400
2016-11-28,70.06660461425781,70.09147975927885,70.04173579396218,70.04173579396218,1131300
2016-11-29,70.07493591308594,70.10809646712028,70.05006707874243,70.05006707874243,1232600
2016-11-30,70.05008697509766,70.08324753855061,70.05008697509766,70.05008697509766,1449700
2016-12-01,70.01689910888672,70.05007297168387,69.99200921907726,70.00860247895024,6249100
2016-12-02,70.091552734375,70.10813966646967,70.06666917199566,70.08325610409032,2449000
2016-12-05,70.091552734375,70.10813966646967,70.04178560961633,70.06666917199566,1785700
2016-12-06,70.07492065429688,70.0998042006442,70.06662402935757,70.0998042006442,1325500
2016-12-07,70.09986877441406,70.11645571110144,70.09157214183216,70.10815907851955,1282700
2016-12-08,70.091552734375,70.10813966646967,70.07496580228033,70.07496580228033,1272500
2016-12-09,70.0832290649414,70.10811261772031,70.05834551216252,70.10811261772031,1321200
2016-12-12,70.05835723876953,70.08324079571351,70.05006061029711,70.05835723876953,931300
2016-12-13,70.05003356933594,70.05833019460567,70.0168597251987,70.05833019460567,1926700
2016-12-14,69.9173355102539,70.05834653036517,69.88415532990908,70.0500499031609,1157600
2016-12-15,69.8841552734375,69.91733545375551,69.86756834751465,69.8841552734375,1355800
2016-12-16,69.9173355102539,69.95051569059873,69.89245195711337,69.90074225584534,937900
2016-12-19,69.95050811767578,69.96709504181632,69.93391486506361,69.93391486506361,1258800
2016-12-20,69.95881652832031,69.96711315677445,69.90904941454204,69.91734604299617,1089800
2016-12-21,69.99195861816406,69.99195861816406,69.95877845088023,69.96707507481864,1657900
2016-12-22,70.00941467285156,70.00941467285156,69.97621682278545,69.98451311877679,1388100
2016-12-23,70.00941467285156,70.00941467285156,69.99281574781851,70.00941467285156,1058500
2016-12-27,69.9762191772461,69.98451547351658,69.95961391860395,69.96791654792503,893600
2016-12-28,70.00111389160156,70.01771281557106,69.95960708210286,69.97621233912234,1312300
2016-12-29,70.07585144042969,70.07585144042969,70.01774567968849,70.02604831209521,1274800
2016-12-30,70.10072326660156,70.10902589548617,70.07582171299802,70.08412434188261,1214600
2017-01-03,70.04258728027344,70.06749515616994,70.01768573742446,70.03429098802212,4196100
2017-01-04,70.0592269897461,70.0592269897461,70.01772017588418,70.01772017588418,2182500
2017-01-05,70.10902404785156,70.13392560079886,70.05922094195697,70.06752357062277,1614200
2017-01-06,70.05094146728516,70.08414565987326,70.04263883587508,70.0675467301053,919000
2017-01-09,70.10902404785156,70.10902404785156,70.07581986623848,70.08412249490426,1014100
2017-01-10,70.08415985107422,70.10906141729451,70.08415985107422,70.09246248416547,1125800
2017-01-11,70.11737060546875,70.14227217401702,70.07586376918557,70.11737060546875,1166800
2017-01-12,70.14225769042969,70.15056032258273,70.10905349487025,70.14225769042969,820900
2017-01-13,70.10902404785156,70.10902404785156,70.05091831329116,70.10902404785156,1436300
2017-01-17,70.15879821777344,70.18370609349793,70.14219930033792,70.16710084301494,1326600
2017-01-18,70.0924301147461,70.15883214965058,70.07582485623206,70.13393059493008,996100
2017-01-19,70.06757354736328,70.09247511807199,70.05096827818772,70.05096827818772,963500
2017-01-20,70.10902404785156,70.14222822946466,70.07581986623848,70.07581986623848,1134400
2017-01-23,70.17542266845703,70.2003242179472,70.13391586394063,70.1588174134308,1546900
2017-01-24,70.13396453857422,70.167168738622,70.12566823835247,70.167168738622,5300100
2017-01-25,70.11737060546875,70.1256732393362,70.09246903692046,70.1256732393362,1454500
2017-01-26,70.12564086914062,70.14223979615934,70.09243668205205,70.10903560907077,1658000
2017-01-27,70.15879821777344,70.16710084301494,70.13389667509642,70.13389667509642,1184700
2017-01-30,70.15879821777344,70.17540346825643,70.14219930033792,70.15879821777344,1381300
2017-01-31,70.17542266845703,70.2003242179472,70.15052111896688,70.15052111896688,1207800
2017-02-01,70.15129852294922,70.18452272608404,70.08485011667956,70.10977302168229,2079600
2017-02-02,70.17628479003906,70.19290007654314,70.15967584041007,70.16798348366211,1341800
2017-02-03,70.15129852294922,70.22605456421978,70.15129852294922,70.20113165921705,1433300
2017-02-06,70.22614288330078,70.24275183732185,70.20121994695403,70.20952759240294,1663400
2017-02-07,70.20948028564453,70.25101214802842,70.20948028564453,70.23439686832587,730000
2017-02-08,70.27593231201172,70.27593231201172,70.22609914410953,70.24270808778599,1197000
2017-02-09,70.21778106689453,70.25930658834987,70.20116578881489,70.25100528618194,1149800
2017-02-10,70.20948028564453,70.2260955653471,70.19287134281448,70.19287134281448,968400
2017-02-13,70.1928939819336,70.20119528758977,70.17627869687216,70.18458633940287,666000
2017-02-14,70.14300537109375,70.19284485452127,70.12639643453133,70.17622958108872,781100
2017-02-15,70.1181411743164,70.13475646016015,70.09322458242563,70.1015322253475,963900
2017-02-16,70.15129852294922,70.18452272608404,70.1263819548153,70.1429908879483,1933700
2017-02-17,70.20120239257812,70.21781767932117,70.18459344271025,70.20951003594965,986600
2017-02-21,70.20948028564453,70.20948028564453,70.17625606311192,70.19287134281448,840400
2017-02-22,70.22614288330078,70.24275183732185,70.17630334748404,70.22614288330078,695300
2017-02-23,70.25936126708984,70.26766891259501,70.24275231295631,70.24275231295631,1517100
2017-02-24,70.29259490966797,70.32581915925361,70.28429359992981,70.28429359992981,587700
2017-02-27,70.23442077636719,70.3008692440517,70.22611947056261,70.3008692440517,1030700
2017-02-28,70.20120239257812,70.26765086579996,70.20120239257812,70.24273427256057,1043500
2017-03-01,70.14636993408203,70.14636993408203,70.11312444868447,70.12143740526585,1541500
2017-03-02,70.07154083251953,70.11309925956803,70.05492126625555,70.10478630597319,930300
2017-03-03,70.08818054199219,70.1131130667609,70.06324801722347,70.0798675867603,1569200
2017-03-06,70.10476684570312,70.11307979699039,70.08814728405254,70.09645389441586,684600
2017-03-07,70.07984924316406,70.09646880835068,70.06322967797746,70.08816219622001,652600
2017-03-08,70.02168273925781,70.05492821600957,70.01336978483829,70.02168273925781,862700
2017-03-09,70.01335906982422,70.03829158834071,70.00505245760229,70.02998497611878,862900
2017-03-10,70.05491638183594,70.05491638183594,70.02167091070024,70.02998386371547,784400
2017-03-13,70.02168273925781,70.05492821600957,70.02168273925781,70.04661526159005,884100
2017-03-14,70.01335906982422,70.05491749463529,70.01335906982422,70.01335906982422,966000
2017-03-15,70.14636993408203,70.15468289066342,70.01338799249177,70.03001390565454,1102800
2017-03-16,70.096435546875,70.13799395150957,70.096435546875,70.10474849598637,925700
2017-03-17,70.12968444824219,70.15462329680167,70.11306489012512,70.12968444824219,657800
2017-03-20,70.1712875366211,70.1712875366211,70.12972910348212,70.14635501310836,778000
2017-03-21,70.20451354980469,70.21282650231294,70.15464851660498,70.16295512818834,739000
2017-03-22,70.22111511230469,70.25436057289012,70.22111511230469,70.23774101305902,1028600
2017-03-23,70.22111511230469,70.25436057289012,70.19618260209643,70.23774101305902,868200
2017-03-24,70.22111511230469,70.24604762251295,70.20449555247359,70.21280850285076,1119700
2017-03-27,70.24606323242188,70.28762165261949,70.23775662112207,70.26268913687078,943400
2017-03-28,70.21279907226562,70.27097703524518,70.19617317374438,70.26266408598457,782600
2017-03-29,70.2543716430664,70.2543716430664,70.22943912892946,70.22943912892946,1043900
2017-03-30,70.23774719238281,70.25436675367605,70.22112129016577,70.22943424127429,576900
2017-03-31,70.24606323242188,70.27930870039503,70.24606323242188,70.25437618464633,949900
2017-04-03,70.31095123291016,70.31095123291016,70.26105195007725,70.26105195007725,2146600
2017-04-04,70.28597259521484,70.2942849087377,70.26933527761413,70.2942849087377,927100
2017-04-05,70.28597259521484,70.3109222263384,70.25270430529093,70.2776539364145,1177000
2017-04-06,70.30261993408203,70.30261993408203,70.26935163641322,70.27767029715017,500800
2017-04-07,70.21116638183594,70.31097132129692,70.21116638183594,70.28602167275216,504000
2017-04-10,70.24440002441406,70.26934966064442,70.22776904868675,70.23608136391101,605700
2017-04-11,70.31095123291016,70.33590087432661,70.2776829292615,70.2776829292615,560800
2017-04-12,70.3608169555664,70.3608169555664,70.30259903826965,70.32754866778582,576200
2017-04-13,70.39413452148438,70.39413452148438,70.34423522752094,70.35254754632716,969900
2017-04-17,70.38580322265625,70.40244054784523,70.36917224274767,70.38580322265625,727700
2017-04-18,70.44401550292969,70.44401550292969,70.40243488386324,70.40243488386324,905300
2017-04-19,70.4107666015625,70.43571624668458,70.40244793809478,70.41907891974915,968300
2017-04-20,70.40242767333984,70.41905865020712,70.38579035119334,70.39410901226658,668300
2017-04-21,70.43572235107422,70.44403466998128,70.41077270378985,70.4190850226969,589800
2017-04-24,70.3608169555664,70.37745427209525,70.33586732605023,70.35249829730199,1001600
2017-04-25,70.29431915283203,70.33590612181551,70.29431915283203,70.3275874589627,905900
2017-04-26,70.31925964355469,70.33589062031439,70.29430366049635,70.31925964355469,594300
2017-04-27,70.34420013427734,70.37746842874996,70.32756281440186,70.32756281440186,785200
2017-04-28,70.37747192382812,70.37747192382812,70.32756630700162,70.33588496735248,1708200
2017-05-01,70.32923126220703,70.37084873192173,70.32090649827722,70.3458744401323,2918600
2017-05-02,70.35419464111328,70.37084416789305,70.32922670087754,70.32922670087754,982500
2017-05-03,70.30420684814453,70.35414269174346,70.30420684814453,70.35414269174346,923400
2017-05-04,70.2958984375,70.31254795585748,70.27925526907325,70.28757367832127,817400
2017-05-05,70.32089233398438,70.32089233398438,70.28759963490543,70.29592439715843,615200
2017-05-08,70.28758239746094,70.30423191788378,70.2709392269696,70.30423191788378,633500
2017-05-09,70.25431823730469,70.27928617589038,70.24599347446495,70.26263665021091,802100
2017-05-10,70.27092742919922,70.28757059689634,70.2542842615021,70.28757059689634,665700
2017-05-11,70.2792739868164,70.29591715967581,70.23765652976928,70.23765652976928,545700
2017-05-12,70.36250305175781,70.37082781321297,70.32921035586965,70.32921035586965,470500
2017-05-15,70.35419464111328,70.36251940450317,70.33755146426743,70.33755146426743,751400
2017-05-16,70.35419464111328,70.37084416789305,70.32922670087754,70.34586987772339,611900
2017-05-17,70.42906951904297,70.44571268754875,70.39577683210065,70.40409524138816,663200
2017-05-18,70.39578247070312,70.42907516031215,70.39578247070312,70.42907516031215,829100
2017-05-19,70.41242218017578,70.42074693965174,70.3791294922029,70.42074693965174,503800
2017-05-22,70.38746643066406,70.40410960256476,70.38746643066406,70.39579119158044,478000
2017-05-23,70.36250305175781,70.41243892062383,70.3375351173248,70.39579574764598,1060200
2017-05-24,70.40409088134766,70.40409088134766,70.34583027028928,70.37080454639747,1055200
2017-05-25,70.40409088134766,70.41241564005038,70.38744771387256,70.38744771387256,644300
2017-05-26,70.39578247070312,70.41242564054201,70.38745771081805,70.40410088065694,482100
2017-05-30,70.4207534790039,70.4207534790039,70.4041039585059,70.4124287187549,486600
2017-05-31,70.42906951904297,70.43738792833048,70.41242000060643,70.42906951904297,1043200
2017-06-01,70.41576385498047,70.41576385498047,70.38244595823038,70.38244595823038,1191800
2017-06-02,70.46573638916016,70.46573638916016,70.43241849294604,70.4407495556843,1068700
2017-06-05,70.40743255615234,70.42409468184107,70.40743255615234,70.42409468184107,661500
2017-06-06,70.43244171142578,70.44910384239508,70.42411700068216,70.44077277691044,688000
2017-06-07,70.40743255615234,70.42409468184107,70.39910149330798,70.40743255615234,765900
2017-06-08,70.3907470703125,70.40740283423112,70.38241601098503,70.3907470703125,2621000
2017-06-09,70.36579895019531,70.39078578718485,70.35746788628552,70.36579895019531,1255200
2017-06-12,70.35743713378906,70.38242395985712,70.3491060735207,70.3491060735207,804700
2017-06-13,70.35743713378906,70.36576819405742,70.34077501325233,70.34077501325233,533300
2017-06-14,70.3907470703125,70.46570754005076,70.37408495165755,70.4323896574772,788800
2017-06-15,70.36579895019531,70.37412365936527,70.35746788628552,70.37412365936527,627600
2017-06-16,70.39912414550781,70.41578627655788,70.3824683691988,70.3824683691988,685600
2017-06-19,70.35743713378906,70.37409289958875,70.34077501325233,70.36576819405742,617700
2017-06-20,70.36579895019531,70.37412365936527,70.34080575846595,70.34080575846595,751400
2017-06-21,70.37411499023438,70.3907771160014,70.34912815632288,70.34912815632288,1073600
2017-06-22,70.3824462890625,70.41576418596921,70.3824462890625,70.39910206014632,542000
2017-06-23,70.42411041259766,70.42411041259766,70.39079250851694,70.40744828318708,679000
2017-06-26,70.42411041259766,70.42411041259766,70.39911721848179,70.39911721848179,1068500
2017-06-27,70.3824462890625,70.39077735197394,70.36579051797868,70.3824462890625,1192500
2017-06-28,70.41576385498047,70.41576385498047,70.39077702110265,70.39910172923591,4031800
2017-06-29,70.37411499023438,70.3907771160014,70.3657902820899,70.3657902820899,565400
2017-06-30,70.37411499023438,70.39910182414587,70.35745921920639,70.39910182414587,825000
2017-07-03,70.32157135009766,70.37158465696058,70.3132336790273,70.37158465696058,968100
2017-07-05,70.34659576416016,70.36327111051095,70.31325143123978,70.32158910441518,3032900
2017-07-06,70.36323547363281,70.36323547363281,70.32989115760034,70.34656013572757,652900
2017-07-07,70.35491943359375,70.37992608836129,70.33824409056209,70.36325710510958,783100
2017-07-10,70.38829803466797,70.38829803466797,70.37162268351643,70.3799603590922,402500
2017-07-11,70.41326904296875,70.41326904296875,70.37158704598153,70.37158704598153,1615500
2017-07-12,70.44660949707031,70.46327847908123,70.4216028441642,70.44660949707031,1069900
2017-07-13,70.41326904296875,70.43827569724915,70.40493137161533,70.42160671432217,532200
2017-07-14,70.44660949707031,70.47995382087163,70.43827182617511,70.47161614997643,1362300
2017-07-17,70.45497131347656,70.46330898798178,70.42996464974317,70.43830232424838,496700
2017-07-18,70.47164916992188,70.47164916992188,70.45497382031814,70.45497382031814,625500
2017-07-19,70.47164916992188,70.47164916992188,70.45497382031814,70.46331149512001,919000
2017-07-20,70.47164916992188,70.48831815974316,70.46331149512001,70.47998684472374,1083200
2017-07-21,70.50497436523438,70.50497436523438,70.47996770740124,70.47996770740124,589600
2017-07-24,70.47998809814453,70.48831941331211,70.47165042319439,70.47165042319439,441000
2017-07-25,70.43827056884766,70.45493955056104,70.42160158713428,70.44660823959403,571600
2017-07-26,70.48832702636719,70.49666470221784,70.43831369082979,70.43831369082979,493400
2017-07-27,70.47164916992188,70.48831815974316,70.46331149512001,70.47164916992188,475400
2017-07-28,70.51331329345703,70.51331329345703,70.47997531926616,70.48830663292317,709100
2017-07-31,70.50497436523438,70.5133056779916,70.48829902015846,70.48829902015846,876400
2017-08-01,70.53085327148438,70.53085327148438,70.48913623968329,70.48913623968329,1314500
2017-08-02,70.4974594116211,70.52248707701612,70.48911473478161,70.48911473478161,994200
2017-08-03,70.5224838256836,70.53917317859315,70.50580083789721,70.5224838256836,1149200
2017-08-04,70.4974594116211,70.52248707701612,70.4974594116211,70.51414240017664,617200
2017-08-07,70.5224838256836,70.5224838256836,70.49745616144243,70.50580083789721,712300
2017-08-08,70.5224838256836,70.5224838256836,70.48911148498766,70.5224838256836,747200
2017-08-09,70.51416778564453,70.58091249414201,70.51416778564453,70.55588481973689,734300
2017-08-10,70.53919982910156,70.56422750279846,70.53919982910156,70.53919982910156,959700
2017-08-11,70.63092803955078,70.63092803955078,70.56418337468153,70.56418337468153,737100
2017-08-14,70.5725326538086,70.6142496671168,70.564194343245,70.60590499143063,405500
2017-08-15,70.53919982910156,70.55588282319097,70.53085514949407,70.54753814358348,432300
2017-08-16,70.58087158203125,70.58921625703789,70.52247158722888,70.52247158722888,655500
2017-08-17,70.59756469726562,70.61424768304661,70.56419236058126,70.58087534636225,581400
2017-08-18,70.58924102783203,70.63929636519292,70.58924102783203,70.63095805238228,674000
2017-08-21,70.60595703125,70.6309910767597,70.59761871454069,70.59761871454069,928700
2017-08-22,70.59756469726562,70.60590300759493,70.57253067091055,70.60590300759493,1012100
2017-08-23,70.66433715820312,70.66433715820312,70.59759881770155,70.59759881770155,438300
2017-08-24,70.59756469726562,70.61424768304661,70.58087534636225,70.61424768304661,494800
2017-08-25,70.62259674072266,70.62259674072266,70.5725350500285,70.59756907793698,513700
2017-08-28,70.59756469726562,70.62259235849831,70.59756469726562,70.61424768304661,866300
2017-08-29,70.63092803955078,70.66429400686381,70.62258336516173,70.66429400686381,1181800
2017-08-30,70.64762878417969,70.64762878417969,70.61425644335519,70.63094579632902,665700
2017-08-31,70.64762878417969,70.64762878417969,70.6226011198421,70.63928410769276,582500
2017-09-01,70.63258361816406,70.65763894695861,70.5991892541821,70.64093539442891,943600
2017-09-05,70.69937896728516,70.70773074282705,70.65763283065198,70.66597823565571,851600
2017-09-06,70.6910629272461,70.7077601147277,70.66600759021243,70.6910629272461,1118700
2017-09-07,70.7327880859375,70.74113986246971,70.69938735034762,70.71609090341202,483000
2017-09-08,70.71614074707031,70.74118972378353,70.70778896465143,70.72448615894578,486800
2017-09-11,70.64932250976562,70.6994204513365,70.64932250976562,70.69107504143595,1052500
2017-09-12,70.6158676147461,70.65762011440324,70.6158676147461,70.64091656632557,1752600
2017-09-13,70.59921264648438,70.63260702153121,70.59921264648438,70.63260702153121,568300
2017-09-14,70.60755157470703,70.61590335297264,70.57415083218483,70.58250261045045,849400
2017-09-15,70.59921264648438,70.60755805497567,70.574157309388,70.60755805497567,581600
2017-09-18,70.55748748779297,70.58253646406384,70.55748748779297,70.55748748779297,621600
2017-09-19,70.56580352783203,70.58250071337423,70.55745174979089,70.57414893533308,433300
2017-09-20,70.50737762451172,70.59922810235089,70.50737762451172,70.59087632149036,830900
2017-09-21,70.49069213867188,70.54079646614106,70.49069213867188,70.51574111713454,949800
2017-09-22,70.50737762451172,70.55747556859046,70.50737762451172,70.53242659655109,529800
2017-09-25,70.54910278320312,70.57415174778468,70.52405381862157,70.53240559699553,587700
2017-09-26,70.53240203857422,70.55745100189203,70.53240203857422,70.54909922393942,922400
2017-09-27,70.52404022216797,70.52404022216797,70.50734303917945,70.50734303917945,462400
2017-09-28,70.53240203857422,70.54909922393942,70.515698482669,70.53240203857422,290800
2017-09-29,70.51568603515625,70.55743854700908,70.4906370762601,70.54074136459128,880700
2017-10-02,70.56839752197266,70.56839752197266,70.47646755306562,70.51824984507893,1087400
2017-10-03,70.52659606933594,70.54331408395518,70.49316641615187,70.5098844307711,1170200
2017-10-04,70.66030883789062,70.66030883789062,70.49316058579475,70.51823122959567,1180600
2017-10-05,70.50988006591797,70.51823269665613,70.48480304554148,70.5015210591258,2329400
2017-10-06,70.48482513427734,70.50990216251255,70.44304283933069,70.45140184874242,699200
2017-10-09,70.48482513427734,70.5516844574592,70.47647250092162,70.52661380528001,504000
2017-10-10,70.50150299072266,70.51821462397005,70.47643235282537,70.47643235282537,700800
2017-10-11,70.4931640625,70.50152306953052,70.4680934174626,70.48480505546947,1205200
2017-10-12,70.48482513427734,70.50154315310081,70.47647250092162,70.47647250092162,1248900
2017-10-13,70.52659606933594,70.52659606933594,70.49316641615187,70.5098844307711,667800
2017-10-16,70.45972442626953,70.50151307944651,70.45137179647676,70.4847950677544,586700
2017-10-17,70.46808624267578,70.46808624267578,70.44301560019099,70.44301560019099,818800
2017-10-18,70.4429931640625,70.4513521675796,70.40956352604562,70.41792252956272,500100
2017-10-19,70.48482513427734,70.49318414368908,70.45140184874242,70.45975448209815,524300
2017-10-20,70.4429931640625,70.46806379856228,70.4262751570283,70.4513521675796,437100
2017-10-23,70.4429931640625,70.46806379856228,70.4429931640625,70.4429931640625,582200
2017-10-24,70.42630767822266,70.45138470035391,70.42630767822266,70.45138470035391,2554600
2017-10-25,70.40953826904297,70.45132689558672,70.40953826904297,70.40953826904297,1726900
2017-10-26,70.40953826904297,70.44296789506812,70.40117926852437,70.42624989403095,553700
2017-10-27,70.45972442626953,70.46808343211559,70.40122413745372,70.40958314329978,698100
2017-10-30,70.4931640625,70.4931640625,70.45138177945573,70.48480505546947,432400
2017-10-31,70.4513931274414,70.49317541721577,70.4346751106875,70.49317541721577,626100
2017-11-01,70.4413070678711,70.4413070678711,70.4078464716914,70.4078464716914,840300
2017-11-02,70.45806121826172,70.46642158329114,70.41623386528249,70.45806121826172,1821000
2017-11-03,70.41625213623047,70.48317336557811,70.41625213623047,70.48317336557811,1300400
2017-11-06,70.45806121826172,70.45806121826172,70.42460061226994,70.42460061226994,947400
2017-11-07,70.42459106445312,70.45805166590847,70.42459106445312,70.45805166590847,747300
2017-11-08,70.41625213623047,70.44971275090428,70.40788538707208,70.41625213623047,726500
2017-11-09,70.40786743164062,70.449694784806,70.399507066574,70.41623417866532,769200
2017-11-10,70.38277435302734,70.44132881893337,70.38277435302734,70.44132881893337,619300
2017-11-13,70.3744125366211,70.40787314547723,70.3744125366211,70.39951277973213,632800
2017-11-14,70.39110565185547,70.39110565185547,70.36601180509821,70.37437216604735,2678000
2017-11-15,70.36604309082031,70.41623080664897,70.35767634419628,70.41623080664897,3981000
2017-11-16,70.3744125366211,70.3744125366211,70.33259156201987,70.34931867546865,3046700
2017-11-17,70.33259582519531,70.38278355054233,70.33259582519531,70.38278355054233,1339800
2017-11-20,70.30745697021484,70.35764466344492,70.30745697021484,70.35764466344492,557600
2017-11-21,70.29077911376953,70.32423972972249,70.28241236429132,70.32423972972249,584500
2017-11-22,70.34929656982422,70.36603005997345,70.31583597148231,70.33256946163155,900900
2017-11-24,70.34929656982422,70.39949065831537,70.33256946163155,70.39949065831537,626000
2017-11-27,70.34929656982422,70.36603005997345,70.32420271655693,70.3409298247496,1079000
2017-11-28,70.357666015625,70.37439312445974,70.33257216139448,70.37439312445974,564300
2017-11-29,70.3409194946289,70.3409194946289,70.30746528315659,70.33255913273865,670600
2017-11-30,70.2990951538086,70.3576495939987,70.28236166692265,70.3576495939987,1010700
2017-12-01,70.31503295898438,70.36526789755716,70.2647916324489,70.31503295898438,1133000
2017-12-04,70.27314758300781,70.30663966247984,70.25640473725228,70.30663966247984,2441200
2017-12-05,70.26478576660156,70.298277852175,70.23966829941203,70.298277852175,1422200
2017-12-06,70.29830169677734,70.3569112694202,70.28155884229267,70.3569112694202,1175600
2017-12-07,70.30664825439453,70.31502287227622,70.28153078871125,70.31502287227622,1168200
2017-12-08,70.30664825439453,70.33176572007783,70.29827363651285,70.32339110219614,923000
2017-12-11,70.27314758300781,70.31501427933809,70.26477296614955,70.31501427933809,2432000
2017-12-12,70.27314758300781,70.28152219986606,70.24803012039403,70.27314758300781,992500
2017-12-13,70.34851837158203,70.39038507886319,70.27316596403112,70.33177552144716,1112400
2017-12-14,70.32337188720703,70.33174650280046,70.28987981279336,70.33174650280046,1471900
2017-12-15,70.2899398803711,70.2983145031212,70.2564541653016,70.2983145031212,983800
2017-12-18,70.2899398803711,70.30668912587133,70.27319702283634,70.2983145031212,664900
2017-12-19,70.25642395019531,70.28154141967794,70.24804933104686,70.28154141967794,760000
2017-12-20,70.26478576660156,70.28153500336936,70.24804291779593,70.25641753617982,840100
2017-12-21,70.25972747802734,70.27648909455606,70.24296586149863,70.27648909455606,964500
2017-12-22,70.2345962524414,70.25974187995018,70.2345962524414,70.24298025998566,1050900
2017-12-26,70.22620391845703,70.25134954298439,70.21781991190683,70.21781991190683,1185500
2017-12-27,70.25972747802734,70.25972747802734,70.23458185567294,70.24296586149863,1122300
2017-12-28,70.26813507080078,70.27651268431592,70.24298944000574,70.25136705352087,1108200
2017-12-29,70.28488159179688,70.30164960547407,70.27649758495828,70.29326559863547,1210700
2018-01-02,70.25972747802734,70.28487310038174,70.23458185567294,70.28487310038174,1786000
2018-01-03,70.25972747802734,70.27648909455606,70.23458185567294,70.25134347220165,1040900
2018-01-04,70.22620391845703,70.24297193155742,70.20105829392966,70.21781991190683,955400
2018-01-05,70.22620391845703,70.23458792500722,70.20944230047986,70.21781991190683,850600
2018-01-08,70.22620391845703,70.24297193155742,70.20944230047986,70.24297193155742,597700
2018-01-09,70.20110321044922,70.24301687489445,70.20110321044922,70.24301687489445,1551100
2018-01-10,70.22620391845703,70.22620391845703,70.19267428737946,70.22620391845703,789500
2018-01-11,70.20110321044922,70.23463286297994,70.20110321044922,70.21786483915092,1047900
2018-01-12,70.19274139404297,70.24303908630723,70.1759797600411,70.24303908630723,905000
2018-01-16,70.1843490600586,70.20111069054629,70.12567376065968,70.12567376065968,2707400
2018-01-17,70.15917205810547,70.17594007775489,70.14241043358177,70.17594007775489,2950800
2018-01-18,70.14241027832031,70.1591719028069,70.12564865383372,70.14241027832031,1090700
2018-01-19,70.16756439208984,70.16756439208984,70.12565712824619,70.15918038127052,1052000
2018-01-22,70.13404083251953,70.1424248440667,70.11727920455223,70.1424248440667,973500
2018-01-23,70.17591857910156,70.17591857910156,70.14238894520038,70.14238894520038,885600
2018-01-24,70.15917205810547,70.16755606793018,70.13402642375706,70.16755606793018,865700
2018-01-25,70.14241027832031,70.1591719028069,70.10888063422142,70.15079428812646,757200
2018-01-26,70.1004867553711,70.16754603412798,70.0921091418701,70.16754603412798,990600
2018-01-29,70.07534790039062,70.09211591926359,70.05858627664308,70.08373190982711,1440100
2018-01-30,70.08377838134766,70.1173080462012,70.06701035135605,70.1173080462012,1708600
2018-01-31,70.08377838134766,70.10892403120539,70.04186470149831,70.10892403120539,2078700
2018-02-01,70.05525970458984,70.08882389907289,70.03848080820607,70.08043125002325,2243800
2018-02-02,70.06360626220703,70.08038514755279,70.01326320445845,70.04682737686127,1825500
2018-02-05,70.189453125,70.21462464771197,70.02163230407061,70.02163230407061,2019800
2018-02-06,70.13909149169922,70.18944093008506,70.07196957669916,70.07196957669916,2386700
2018-02-07,70.08877563476562,70.13073244940617,70.05521146339542,70.0803829914953,2054000
2018-02-08,70.0971450805664,70.12231660033619,70.04680204102684,70.08875244007348,1178600
2018-02-09,70.15592956542969,70.2314441772717,70.08040855187423,70.09719384453697,3159900
2018-02-12,70.1223373413086,70.13911622554835,70.09716581409351,70.13911622554835,1592800
2018-02-13,70.1223373413086,70.1223373413086,70.08877317111818,70.10555845706884,1292800
2018-02-14,70.02159881591797,70.06355560151172,70.00481994270447,70.06355560151172,953400
2018-02-15,69.99645233154297,70.03001649167706,69.9796734523304,70.0132376124645,1452800
2018-02-16,70.01323699951172,70.03840851896467,69.95450132021853,69.95450132021853,728400
2018-02-20,70.00484466552734,70.01323730595136,69.98806578638825,69.98806578638825,1448400
2018-02-21,70.01323699951172,70.02162323819009,69.9628875588969,70.00484435912443,1540700
2018-02-22,70.02159881591797,70.02999145337806,69.98804106949098,70.02159881591797,839300
2018-02-23,70.0384292602539,70.06360078716119,70.0216439745085,70.0384292602539,753800
2018-02-26,70.04682922363281,70.09717228270868,70.04682922363281,70.07200075317074,1445800
2018-02-27,69.99645233154297,70.08875217148447,69.98806609279117,70.08875217148447,852300
2018-02-28,70.01323699951172,70.03840851896467,70.00484435912443,70.02162323819009,3721300
2018-03-01,70.1106948852539,70.12749108173475,70.0182997838191,70.0434972826984,2049900
2018-03-02,70.07707977294922,70.0938759655206,70.05188227993484,70.0938759655206,1716600
2018-03-05,70.07707977294922,70.11067856640658,70.05188227993484,70.0938759655206,1112200
2018-03-06,70.06028747558594,70.09387986259637,70.05188617467586,70.07708366909115,737300
2018-03-07,70.06028747558594,70.09387986259637,70.05188617467586,70.06868236818107,1231000
2018-03-08,70.07707977294922,70.0854810733922,70.06028358037784,70.06867847250622,608900
2018-03-09,70.04346466064453,70.07706344627398,70.0350633621589,70.04346466064453,669000
2018-03-12,70.07707977294922,70.0854810733922,70.04348097949186,70.07707977294922,1281200
2018-03-13,70.09384155273438,70.11064414537107,70.07704536840913,70.09384155273438,609900
2018-03-14,70.08548736572266,70.12748105507862,70.05188856924877,70.06868476332812,1525800
2018-03-15,70.09384155273438,70.11064414537107,70.06864407209079,70.07704536840913,1106600
2018-03-16,70.06028747558594,70.09387986259637,70.06028747558594,70.09387986259637,878500
2018-03-19,70.06028747558594,70.09387986259637,70.04348487376578,70.05188617467586,834900
2018-03-20,70.03507232666016,70.05187492578217,70.01827613585208,70.04347362622117,1074700
2018-03-21,70.08548736572266,70.09388225860474,69.99309227749828,70.00988847157763,2404500
2018-03-22,70.11907196044922,70.14426945062239,70.08547317078035,70.08547317078035,1954900
2018-03-23,70.1358871459961,70.1526833412225,70.10228834722768,70.1190909507697,1202800
2018-03-26,70.10226440429688,70.13586319158986,70.09386310539527,70.11906700210008,1729400
2018-03-27,70.15270233154297,70.16950493963344,70.10230732390625,70.10230732390625,1732600
2018-03-28,70.16110229492188,70.19470110214345,70.1275034877003,70.16950359880657,1899300
2018-03-29,70.18627166748047,70.18627166748047,70.1358766810051,70.1358766810051,2998600
2018-04-02,70.20648193359375,70.24011858019998,70.14761940591646,70.17284528698754,3047700
2018-04-03,70.17280578613281,70.19803806853479,70.14757991926159,70.18962730773413,3418600
2018-04-04,70.13076782226562,70.18963031933433,70.13076782226562,70.18963031933433,1717600
2018-04-05,70.14759826660156,70.15600902960207,70.13078315613294,70.13078315613294,1109600
2018-04-06,70.20648193359375,70.20648193359375,70.16444093698674,70.18966681805782,1097400
2018-04-09,70.19805145263672,70.19805145263672,70.15600405614734,70.1644148185516,1738000
2018-04-10,70.16441345214844,70.18122856109756,70.13918758095885,70.15600268990796,1218500
2018-04-11,70.16441345214844,70.18122856109756,70.14759192766749,70.16441345214844,985600
2018-04-12,70.12237548828125,70.13919701502478,70.11396472490948,70.13919701502478,791100
2018-04-13,70.10557556152344,70.12239067637633,70.09716479632995,70.10557556152344,1040900
2018-04-16,70.09712219238281,70.10553295246437,70.07189632766834,70.08871143230125,1155900
2018-04-17,70.09712219238281,70.09712219238281,70.07189632766834,70.08871143230125,892300
2018-04-18,70.03828430175781,70.05509941229654,70.02987353872223,70.0466950647934,971700
2018-04-19,70.03828430175781,70.05509941229654,70.02146277568663,70.0466950647934,1410800
2018-04-20,70.0130386352539,70.03826450169679,70.00462787459607,70.02144298038111,904800
2018-04-23,70.004638671875,70.01304943383009,69.97941280154137,70.01304943383009,1861100
2018-04-24,70.02146911621094,70.02146911621094,69.97101736449383,69.97942812829102,1999400
2018-04-25,70.0130386352539,70.02144298038111,69.98781276881103,69.98781276881103,2176400
2018-04-26,70.0299072265625,70.03831799364409,70.00468134085328,70.03831799364409,2538700
2018-04-27,70.0467300415039,70.0467300415039,70.0214977397978,70.0214977397978,1443700
2018-04-30,70.02146911621094,70.04670140760251,70.02146911621094,70.02987988000814,1944700
2018-05-01,69.99034118652344,70.03244067850619,69.99034118652344,70.02401949541351,2027800
2018-05-02,70.01559448242188,70.02400924080165,69.99033093684355,70.00717330056244,1688600
2018-05-03,70.06607818603516,70.07449936422395,70.04923582965756,70.04923582965756,2961500
2018-05-04,70.04078674316406,70.08287976652161,70.03236556910306,70.06604384187334,1348100
2018-05-07,70.04078674316406,70.06604384187334,70.04078674316406,70.05762266781234,7560400
2018-05-08,70.04922485351562,70.04922485351562,70.03238892325297,70.04081010012223,9734900
2018-05-09,70.01559448242188,70.03243042266108,70.01559448242188,70.02400924080165,1009600
2018-05-10,70.01559448242188,70.04926636290028,70.01559448242188,70.04085160452053,937900
2018-05-11,70.01559448242188,70.03243042266108,70.01559448242188,70.03243042266108,710200
2018-05-14,70.01559448242188,70.02400924080165,70.00717330056244,70.02400924080165,1024700
2018-05-15,69.97346496582031,69.99872207707926,69.95662260932973,69.9818861440656,1087000
2018-05-16,69.97346496582031,69.9818861440656,69.96504378757501,69.97346496582031,704700
2018-05-17,69.99034118652344,69.99876236961612,69.98192642691139,69.99876236961612,1015700
2018-05-18,70.0240249633789,70.04928209114857,70.0240249633789,70.03244614712916,922800
2018-05-21,70.0240249633789,70.0240249633789,70.00718901935952,70.01561020310977,1286500
2018-05-22,70.0240249633789,70.03244614712916,70.00718901935952,70.01561020310977,793000
2018-05-23,70.08293914794922,70.1081962680589,70.04084608892612,70.04926084664324,1179600
2018-05-24,70.1250228881836,70.15870118192917,70.1250228881836,70.13344406748942,1384800
2018-05-25,70.18392944335938,70.20076537157196,70.17550826751554,70.17550826751554,611800
2018-05-29,70.3860092163086,70.4196875041119,70.24288131075194,70.24288131075194,2137500
2018-05-30,70.30181121826172,70.33548950343491,70.27655411025086,70.33548950343491,1674700
2018-05-31,70.26813507080078,70.30181335699854,70.24287796202154,70.29339217958002,5749300
2018-06-01,70.21420288085938,70.23950462401442,70.1973414852811,70.22263679524438,3230600
2018-06-04,70.15515899658203,70.20575603574487,70.15515899658203,70.18888821162726,1146300
2018-06-05,70.1972885131836,70.23101771207926,70.16355931428792,70.18885460516294,16965800
2018-06-06,70.17201232910156,70.18887371654705,70.1635784187845,70.17201232910156,4984700
2018-06-07,70.239501953125,70.27322474299923,70.1636095929292,70.1636095929292,4351000
2018-06-08,70.22260284423828,70.24789814197187,70.20574145681209,70.22260284423828,2376000
2018-06-11,70.1972885131836,70.20572242120423,70.16355931428792,70.1804271303292,3759000
2018-06-12,70.16358947753906,70.1804573008318,70.16358947753906,70.16358947753906,3024700
2018-06-13,70.12985229492188,70.18044932586083,70.10455699604687,70.16358150448487,2351600
2018-06-14,70.15515899658203,70.16359290864084,70.1382976056544,70.1467315177132,1737400
2018-06-15,70.18888854980469,70.214183852913,70.18046107089526,70.18888854980469,2663700
2018-06-18,70.20574188232422,70.20574188232422,70.1804465844373,70.18887406160715,1027000
2018-06-19,70.23102569580078,70.23945960478018,70.214157877842,70.23945960478018,2348500
2018-06-20,70.1972885131836,70.23101771207926,70.18885460516294,70.22258380405862,1369300
2018-06-21,70.239501953125,70.2479294339978,70.20577273005925,70.20577273005925,825200
2018-06-22,70.24788665771484,70.24788665771484,70.22259136411657,70.23945918197381,1154300
2018-06-25,70.27322387695312,70.2816577909135,70.24792856826343,70.2563624822238,721300
2018-06-26,70.27322387695312,70.2816577909135,70.2563624822238,70.27322387695312,3127700
2018-06-27,70.31539154052734,70.3238254550307,70.28166231570576,70.30695762602399,4012200
2018-06-28,70.31539154052734,70.33225936953406,70.29009623020912,70.33225936953406,1050000
2018-06-29,70.29850006103516,70.3069275387402,70.2816322392469,70.29006615014103,4904600
2018-07-02,70.2900619506836,70.31539675748613,70.26472070064433,70.31539675748613,3517800
2018-07-03,70.31542205810547,70.31542205810547,70.27319306941543,70.29008724218706,1330300
2018-07-05,70.3069076538086,70.32379536717143,70.28157286214791,70.3069076538086,1892600
2018-07-06,70.3238525390625,70.3238525390625,70.30696481197029,70.3238525390625,3113200
2018-07-09,70.2815933227539,70.30692812179015,70.2815933227539,70.29848104103316,1378700
2018-07-10,70.2731704711914,70.29006463853027,70.26472338752197,70.29006463853027,2161800
2018-07-11,70.29850006103516,70.29850006103516,70.26471817210188,70.2900594212292,953300
2018-07-12,70.2900619506836,70.2900619506836,70.26472070064433,70.27316778399074,1299000
2018-07-13,70.3069076538086,70.31535473210644,70.29001994044576,70.3069076538086,1241400
2018-07-16,70.2900619506836,70.2900619506836,70.26472070064433,70.28161486733717,1530600
2018-07-17,70.2815933227539,70.29848104103316,70.27314624199691,70.29848104103316,2830600
2018-07-18,70.2731704711914,70.29006463853027,70.26472338752197,70.29006463853027,972800
2018-07-19,70.3069076538086,70.34068952376714,70.27312578385005,70.27312578385005,1185300
2018-07-20,70.3069076538086,70.34068952376714,70.29846057551075,70.33224244546929,1730800
2018-07-23,70.26477813720703,70.30700714522169,70.26477813720703,70.29856005497035,1083100
2018-07-24,70.2731704711914,70.2731704711914,70.24783566342009,70.2731704711914,1563400
2018-07-25,70.24783325195312,70.28161514223422,70.24783325195312,70.27316805885475,682800
2018-07-26,70.24783325195312,70.27316805885475,70.2224984450515,70.2647209754753,2208500
2018-07-27,70.25630187988281,70.27318960858372,70.247854793913,70.25630187988281,1425300
2018-07-30,70.25630187988281,70.2647425226139,70.247854793913,70.25630187988281,4199600
2018-07-31,70.25630187988281,70.27318960858372,70.25630187988281,70.27318960858372,2525700
2018-08-01,70.26301574707031,70.27147686284351,70.24609996946423,70.25456108523743,9125200
2018-08-02,70.30535125732422,70.30535125732422,70.27997435081154,70.28842901701998,1911300
2018-08-03,70.3138198852539,70.33073567342066,70.2968976431428,70.2968976431428,1371200
2018-08-06,70.33070373535156,70.33916485256482,70.3222426181383,70.33916485256482,1148200
2018-08-07,70.30535125732422,70.32226704368479,70.28842901701998,70.32226704368479,927500
2018-08-08,70.3138198852539,70.3222745523651,70.30535876419835,70.3222745523651,1438200
2018-08-09,70.35609436035156,70.35609436035156,70.3307174577019,70.3307174577019,660700
2018-08-10,70.42374420166016,70.43220531737624,70.38990619273608,70.39836730845217,1496600
2018-08-13,70.40685272216797,70.42376850549765,70.38993048489579,70.39839160353188,1577400
2018-08-14,70.40685272216797,70.40685272216797,70.38993048489579,70.40685272216797,1285500
2018-08-15,70.4406967163086,70.45761895656628,70.4068651436805,70.42378092999455,775000
2018-08-16,70.42374420166016,70.44065997915206,70.40682842416825,70.42374420166016,988000
2018-08-17,70.44915008544922,70.45761120464715,70.4322343009963,70.44068896625129,783400
2018-08-20,70.49146270751953,70.49146270751953,70.45762467819992,70.47454046588764,761700
2018-08-21,70.47447967529297,70.47447967529297,70.45756390219663,70.45756390219663,1449900
2018-08-22,70.49146270751953,70.4999173743913,70.47454046588764,70.48300158670358,609800
2018-08-23,70.48297119140625,70.49988697179916,70.4745100742391,70.4914323085734,702700
2018-08-24,70.49146270751953,70.49146270751953,70.45762467819992,70.45762467819992,2277200
2018-08-27,70.46605682373047,70.47451148712572,70.45759570639369,70.45759570639369,952800
2018-08-28,70.4406967163086,70.45761895656628,70.43224205012339,70.4406967163086,931800
2018-08-29,70.43224334716797,70.44915913379353,70.41532110659865,70.44915913379353,582200
2018-08-30,70.48297119140625,70.48297119140625,70.44913317667906,70.44913317667906,1657100
2018-08-31,70.49993896484375,70.5084000882509,70.49148429538275,70.49993896484375,4047500
2018-09-04,70.48377227783203,70.50918911959812,70.45835543606594,70.49224024902063,1358700
2018-09-05,70.48377227783203,70.49224024902063,70.46682340725454,70.48377227783203,846300
2018-09-06,70.50920867919922,70.53462552801606,70.49225980392002,70.50073424155963,5085900
2018-09-07,70.43299102783203,70.46688233322753,70.43299102783203,70.46688233322753,835500
2018-09-10,70.44145965576172,70.44993409743748,70.43298521408596,70.44145965576172,623800
2018-09-11,70.39906311035156,70.41601198628757,70.38212069851774,70.39906311035156,763700
2018-09-12,70.39906311035156,70.41601198628757,70.38212069851774,70.41601198628757,687600
2018-09-13,70.40756225585938,70.41603669680124,70.3906198380801,70.40756225585938,687200
2018-09-14,70.38214874267578,70.39062318402047,70.36520632409116,70.36520632409116,718500
2018-09-17,70.365234375,70.39065124506168,70.365234375,70.37370235561566,2312900
2018-09-18,70.35672760009766,70.38214445847983,70.33977871843996,70.38214445847983,860400
2018-09-19,70.33976745605469,70.34824189552666,70.32282504121409,70.33976745605469,659800
2018-09-20,70.365234375,70.365234375,70.32286861549231,70.32286861549231,945300
2018-09-21,70.34823608398438,70.37365293619725,70.33976164521248,70.34823608398438,1873300
2018-09-24,70.34823608398438,70.37365293619725,70.33976164521248,70.34823608398438,777100
2018-09-25,70.35672760009766,70.35672760009766,70.33131074171548,70.33977871843996,1217500
2018-09-26,70.365234375,70.38217680033867,70.34828548555399,70.34828548555399,1325900
2018-09-27,70.365234375,70.38217680033867,70.365234375,70.38217680033867,901900
2018-09-28,70.39906311035156,70.41601198628757,70.39906311035156,70.39906311035156,2340300
2018-10-01,70.37959289550781,70.41354017803407,70.37959289550781,70.40505173870697,3392500
2018-10-02,70.40499877929688,70.43045760334564,70.39651034635489,70.39651034635489,3058600
2018-10-03,70.37106323242188,70.40501049506163,70.34560440413664,70.38804010113091,1468200
2018-10-04,70.35408782958984,70.35408782958984,70.32862900311716,70.32862900311716,1245400
2018-10-05,70.3456039428711,70.3456039428711,70.32014511475279,70.33711550857224,1692100
2018-10-08,70.32864379882812,70.37107302694956,70.32864379882812,70.34561419512086,1601900
2018-10-09,70.35408782958984,70.36257626334002,70.3371109620895,70.35408782958984,2939000
2018-10-10,70.37106323242188,70.3795516667764,70.3286340102059,70.3286340102059,1956800
2018-10-11,70.39653778076172,70.43897348723219,70.37956738304138,70.40502621701177,2116100
2018-10-12,70.39653778076172,70.44746192348224,70.39653778076172,70.42200308951185,2273900
2018-10-15,70.42201232910156,70.43049429168472,70.40503545437406,70.43049429168472,1770500
2018-10-16,70.39653778076172,70.4135146532618,70.38805581929142,70.4135146532618,2148800
2018-10-17,70.39653778076172,70.43048505098214,70.37107894679133,70.4135146532618,1607400
2018-10-18,70.43895721435547,70.4474456486445,70.37106268959967,70.3795511238887,1329400
2018-10-19,70.39653778076172,70.43048505098214,70.38805581929142,70.43048505098214,4100700
2018-10-22,70.37959289550781,70.41354017803407,70.37959289550781,70.3880813348349,2028000
2018-10-23,70.42201232910156,70.48141844108665,70.42201232910156,70.46444156635914,2864700
2018-10-24,70.53233337402344,70.53233337402344,70.45595039027995,70.45595039027995,2957300
2018-10-25,70.5068588256836,70.52382922118909,70.4898819553992,70.51534078604689,2679900
2018-10-26,70.54931640625,70.6002405627912,70.54083444247773,70.55780484480378,3797300
2018-10-29,70.5747299194336,70.58321187698004,70.52380580027116,70.53229423259435,4785400
2018-10-30,70.54080200195312,70.5492839618247,70.51533669800284,70.5492839618247,5203700
2018-10-31,70.5068588256836,70.52382922118909,70.4813999950359,70.4983703905414,12635800
2018-11-01,70.54597473144531,70.55447162465063,70.51196770008995,70.52896797267863,3623600
2018-11-02,70.46094512939453,70.51195891315943,70.46094512939453,70.50345553483575,3723800
2018-11-05,70.4864501953125,70.49494708684792,70.46944343988818,70.49494708684792,2361000
2018-11-06,70.46943664550781,70.47794002240012,70.45243637789933,70.46093326861552,4431500
2018-11-07,70.4439697265625,70.46097000303398,70.43546634523702,70.452473107888,1675000
2018-11-08,70.43546295166016,70.46096660822836,70.41846267600775,70.46096660822836,1332800
2018-11-09,70.46943664550781,70.4949402900086,70.44393300100704,70.44393300100704,1229500
2018-11-12,70.52046966552734,70.5459798055122,70.49496601172096,70.49496601172096,994300
2018-11-13,70.52897644042969,70.54598320123822,70.52047306002542,70.52047306002542,2990100
2018-11-14,70.57994079589844,70.62245118586935,70.52893351687322,70.53743689210238,3329800
2018-11-15,70.61399841308594,70.65650883352009,70.59699813661997,70.63950207087463,1952400
2018-11-16,70.66500854492188,70.68200882050495,70.64800178315964,70.66500854492188,1293200
2018-11-19,70.72447204589844,70.73296893493061,70.65645801659205,70.66496139179907,1547700
2018-11-20,70.70753479003906,70.73303845455139,70.69903789265575,70.71603817360358,2307600
2018-11-21,70.70753479003906,70.71603817360358,70.69053450909124,70.71603817360358,9309900
2018-11-23,70.69049072265625,70.73299464178903,70.69049072265625,70.73299464178903,1666200
2018-11-26,70.6989974975586,70.6989974975586,70.6734873614407,70.69049411885263,1764000
2018-11-27,70.70753479003906,70.71603817360358,70.68203112552672,70.69053450909124,1555200
2018-11-28,70.73301696777344,70.75002372973627,70.6820096542434,70.69901641620623,2986100
2018-11-29,70.75,70.77550364821103,70.73299324374128,70.76700027008165,2217300
2018-11-30,70.7754898071289,70.79249007388594,70.74148278743904,70.74998616390546,4712700
2018-12-03,70.71762084960938,70.76019740649669,70.71762084960938,70.73465017291194,2828800
2018-12-04,70.76869201660156,70.80275714925277,70.74314479142808,70.74314479142808,4062000
2018-12-06,70.83683013916016,70.93902554844937,70.83683013916016,70.87089527558989,4012200
2018-12-07,70.9134750366211,70.92199294542962,70.8368333491265,70.84535125793502,2079300
2018-12-10,70.9134750366211,70.96457599221155,70.88792780745622,70.9049636250733,9725100
2018-12-11,70.84532165527344,70.90493399750272,70.8368037500241,70.87938677901275,5675500
2018-12-12,70.83683013916016,70.86237736716735,70.83683013916016,70.83683013916016,4565500
2018-12-13,70.90494537353516,70.90494537353516,70.87088024433041,70.87939815094636,7531900
2018-12-14,70.94751739501953,70.95603530109315,70.90494085916865,70.91345226798364,4449200
2018-12-17,71.01566314697266,71.01566314697266,70.93902146736023,70.95605078596519,5815300
2018-12-18,71.0574722290039,71.06600231205756,71.00630474377589,71.02335840333625,6567000
2018-12-19,71.07453155517578,71.10864538356326,71.01483398213456,71.07453155517578,12278900
2018-12-20,71.06597137451172,71.09155510598822,71.04891121583131,71.08302502664802,7297300
2018-12-21,71.11712646484375,71.11712646484375,71.05742893293643,71.06595901079262,5548800
2018-12-24,71.17686462402344,71.17686462402344,71.12569714076626,71.12569714076626,4049100
2018-12-26,71.10861206054688,71.21948357748629,71.10861206054688,71.19389984482163,6207700
2018-12-27,71.18536376953125,71.24506130956894,71.17683369051333,71.17683369051333,4207700
2018-12-28,71.2876968383789,71.2876968383789,71.21094564884449,71.21947572764066,6740100
2018-12-31,71.3133316040039,71.35596901152086,71.25363402824196,71.27068768993918,4892300
2019-01-02,71.32186126708984,71.33039135194016,71.29627751908718,71.32186126708984,5380200
2019-01-03,71.46681213378906,71.50091944360504,71.32182678761784,71.33035686834442,5284600
2019-01-04,71.3133316040039,71.36449909564335,71.3133316040039,71.35596901152086,5969500
2019-01-07,71.26212310791016,71.35593446820036,71.26212310791016,71.3388808147588,3632600
2019-01-08,71.2195053100586,71.26214270866232,71.21097522771929,71.2365589681908,2061600
2019-01-09,71.25360870361328,71.27919244034015,71.21949488579564,71.21949488579564,4161900
2019-01-10,71.26212310791016,71.3218206547726,71.25359953446167,71.30476700133102,4037300
2019-01-11,71.3047866821289,71.32184034027746,71.29625659978143,71.3047866821289,2057100
2019-01-14,71.3047866821289,71.33890050497241,71.15127773260633,71.32184034027746,1872800
2019-01-15,71.330322265625,71.3473824188022,71.30473854240122,71.3388523422136,3311300
2019-01-16,71.3133316040039,71.32185518157864,71.27921777406168,71.29627143575891,3262200
2019-01-17,71.3047866821289,71.32184034027746,71.27920294163287,71.31331676447638,2507700
2019-01-18,71.24508666992188,71.2877240671009,71.2280265058133,71.2792004915928,4135300
2019-01-22,71.3047866821289,71.3047866821289,71.2706728592854,71.27920294163287,4049800
2019-01-23,71.2876968383789,71.31328707476742,71.26211310853411,71.27917326612645,7921700
2019-01-24,71.34739685058594,71.36445050067064,71.32180661564388,71.33886677227193,2013000
2019-01-25,71.29623413085938,71.33034794295196,71.28770405120014,71.32181786329272,1603500
2019-01-28,71.3047866821289,71.33037042262494,71.28772651743395,71.29625659978143,5781000
2019-01-29,71.33887481689453,71.34740489617046,71.32181465834269,71.32181465834269,4065700
2019-01-30,71.43272399902344,71.43272399902344,71.32185242935267,71.33891259693934,3635000
2019-01-31,71.4924087524414,71.50946241042249,71.45829492993289,71.45829492993289,7267100
2019-02-01,71.40868377685547,71.47703536013135,71.40868377685547,71.4599442051295,7391200
2019-02-04,71.40868377685547,71.42576841349155,71.39159262185362,71.41722283599064,9052500
2019-02-05,71.40868377685547,71.43431399099248,71.40013819935454,71.40013819935454,3074100
2019-02-06,71.44286346435547,71.4599481019232,71.42577230842163,71.45140252395629,2689800
2019-02-07,71.49414825439453,71.51123289778323,71.46851803012733,71.48560267351603,2483100
2019-02-08,71.51972198486328,71.55389776301338,71.51972198486328,71.53681313311992,2459500
2019-02-11,71.49414825439453,71.51123289778323,71.48560267351603,71.49414825439453,3230700
2019-02-12,71.4855728149414,71.50266396955968,71.47703375599788,71.49411839225054,2366000
2019-02-13,71.43434143066406,71.46851723542976,71.43434143066406,71.44288701144755,3539200
2019-02-14,71.52825927734375,71.53680485048265,71.48553793001167,71.51971370420485,5773800
2019-02-15,71.49414825439453,71.51123289778323,71.49414825439453,71.51123289778323,3556400
2019-02-19,71.54537200927734,71.54537200927734,71.51119622165945,71.52828737465089,8248500
2019-02-20,71.53681182861328,71.56244203216768,71.5197206806683,71.53681182861328,2679800
2019-02-21,71.51118469238281,71.51973026750079,71.50264563562877,71.51973026750079,2136700
2019-02-22,71.56246185302734,71.57954648734123,71.5282860660347,71.5282860660347,2640800
2019-02-25,71.5539321899414,71.5539321899414,71.51975639534822,71.53684755182798,2964300
2019-02-26,71.58807373046875,71.58807373046875,71.55389795222828,71.57098258216692,4570700
2019-02-27,71.5710220336914,71.5710220336914,71.53685275497928,71.56248297319677,2463500
2019-02-28,71.5539321899414,71.56247776818128,71.5283019735881,71.5539321899414,4136600
2019-03-01,71.50596618652344,71.53164360661599,71.48884355288085,71.52308228979469,3697800
2019-03-04,71.52310943603516,71.54023207617655,71.49743200619687,71.50599332626757,6418800
2019-03-05,71.53164672851562,71.53164672851562,71.48884667291254,71.50596930730242,6175900
2019-03-06,71.5830078125,71.5830078125,71.53165296559581,71.53165296559581,4167300
2019-03-07,71.64293670654297,71.65149802600553,71.60014316997683,71.60014316997683,3215500
2019-03-08,71.6685791015625,71.67713388569047,71.63434037394194,71.65145647256745,2626900
2019-03-11,71.6514892578125,71.66005057622739,71.63437315135526,71.66005057622739,2213500
2019-03-12,71.67713165283203,71.68569296706286,71.6514542405089,71.6514542405089,3665600
2019-03-13,71.68572998046875,71.68572998046875,71.66005255488763,71.66861387353892,1174200
2019-03-14,71.7028579711914,71.7028579711914,71.66862575165818,71.68574186142479,1173300
2019-03-15,71.72854614257812,71.73710093277677,71.71142350143244,71.71998482200527,1570400
2019-03-18,71.71138763427734,71.72851026685898,71.70282631798652,71.71138763427734,1092000
2019-03-19,71.7028579711914,71.71141929126162,71.67718054135459,71.694303181495,1000100
2019-03-20,71.8055648803711,71.81412619932763,71.71140996296798,71.71140996296798,2459400
2019-03-21,71.8055648803711,71.82268751828418,71.78844877283096,71.82268751828418,1371100
2019-03-22,71.92538452148438,71.94250715637342,71.85690704267178,71.85690704267178,3113600
2019-03-25,72.00243377685547,72.04522730955068,71.9339562880958,71.95107239509933,3572700
2019-03-26,71.99385070800781,72.01096680984038,71.95105065787021,71.96817329007357,2374600
2019-03-27,72.05381774902344,72.07949518509274,72.02814031295414,72.0452564268752,1872500
2019-03-28,72.04522705078125,72.05378836943865,72.0109883065244,72.04522705078125,1322700
2019-03-29,72.00243377685547,72.01098856517085,71.96819503247563,71.98531113947917,2277100
2019-04-01,71.92865753173828,71.98011268499337,71.9115014519017,71.96296314828412,4381700
2019-04-02,71.96296691894531,71.97153841618541,71.93723279784204,71.94581083820981,2662200
2019-04-03,71.92865753173828,71.94580706844754,71.92007949181999,71.93722902852925,5005500
2019-04-04,71.94583129882812,71.95440934163538,71.92868175634314,71.95440934163538,1481200
2019-04-05,71.93724822998047,71.94582627218841,71.92009868869367,71.9286767309016,6617100
2019-04-08,71.92011260986328,71.9544182422063,71.91153456599494,71.93726215446962,2756400
2019-04-09,71.92865753173828,71.96296314828412,71.92865753173828,71.94580706844754,3661900
2019-04-10,71.98873138427734,71.98873138427734,71.9630037931188,71.9630037931188,2364300
2019-04-11,71.94583129882812,71.97155888412037,71.94583129882812,71.95440934163538,3379200
2019-04-12,71.90294647216797,71.92010255750671,71.89437497262801,71.90294647216797,1213300
2019-04-15,71.9115219116211,71.92009995397994,71.89437237003257,71.89437237003257,1021400
2019-04-16,71.90294647216797,71.91152451483734,71.87721888728926,71.90294647216797,1335700
2019-04-17,71.92865753173828,71.92865753173828,71.90292341198341,71.90292341198341,1600600
2019-04-18,71.94583129882812,71.96298738444264,71.93725325602087,71.95440934163538,1076800
2019-04-22,71.95442962646484,71.96300767169035,71.94585158123932,71.95442962646484,6156400
2019-04-23,71.98873138427734,71.9973028859095,71.97157529475098,71.97157529475098,1824600
2019-04-24,72.03157806396484,72.04873414623692,72.02300656595706,72.03157806396484,3424400
2019-04-25,72.03157806396484,72.05730564424472,72.03157806396484,72.04873414623692,903000
2019-04-26,72.1087417602539,72.1087417602539,72.09158568406964,72.10016372216177,2275800
2019-04-29,72.08307647705078,72.10022602492828,72.07449843154625,72.08307647705078,1009300
2019-04-30,72.1344985961914,72.1344985961914,72.07446539144298,72.09161493145885,1876000
2019-05-01,72.07093048095703,72.21700196968746,72.06234305331098,72.11389384034038,1313600
2019-05-02,72.03655242919922,72.07951578340852,72.03655242919922,72.07092180150916,2138700
2019-05-03,72.06230926513672,72.088084646566,72.04512130732707,72.06230926513672,1332300
2019-05-06,72.10527801513672,72.12246597579876,72.096690590092,72.11387199546775,1312200
2019-05-07,72.13968658447266,72.15687455447525,72.13109259947136,72.13109259947136,2815200
2019-05-08,72.1310806274414,72.17404399002717,72.12249319915527,72.15686257816613,1474500
2019-05-09,72.17403411865234,72.22558490247354,72.16544013625285,72.19121552816345,1297000
2019-05-10,72.19122314453125,72.23418650577358,72.17404173320745,72.19981712783743,1558700
2019-05-13,72.27713775634766,72.30291314665874,72.25994979261529,72.26854377448147,2720800
2019-05-14,72.27713775634766,72.28572518292637,72.2513558107491,72.27713775634766,3785700
2019-05-15,72.32872772216797,72.35450312644328,72.29435833137056,72.35450312644328,1521800
2019-05-16,72.28572845458984,72.30291641910013,72.27714102762245,72.294322436845,1046600
2019-05-17,72.30294036865234,72.33730975376965,72.27716496863684,72.32871576866783,1067900
2019-05-20,72.26854705810547,72.31151041410102,72.26854705810547,72.2943224495877,1095900
2019-05-21,72.23418426513672,72.25995965896716,72.22559028209712,72.25136567592756,1161500
2019-05-22,72.26854705810547,72.28572846733104,72.25995307584881,72.27714104036214,2067700
2019-05-23,72.39743041992188,72.42320581135039,72.3200976903486,72.3200976903486,2773800
2019-05-24,72.37165069580078,72.38883210396193,72.35446273235227,72.38023812223769,1019600
2019-05-28,72.43180847167969,72.43180847167969,72.38025112735782,72.39743909389462,1130400
2019-05-29,72.44039154052734,72.50053630920985,72.43180411306423,72.47476091624422,2632000
2019-05-30,72.50054168701172,72.50913567040044,72.43180948576783,72.45758488064537,1929400
2019-05-31,72.65520477294922,72.68098016930307,72.56928460000674,72.56928460000674,11965500
2019-06-03,72.79209899902344,72.8265306387443,72.6887843746111,72.72322258274855,4621900
2019-06-04,72.74046325683594,72.75768565099756,72.68019801410792,72.69742040826954,3320400
2019-06-05,72.77484893798828,72.8609411413869,72.7662377471242,72.83511413720872,14753000
2019-06-06,72.73178100585938,72.80926199163935,72.72316981796878,72.78343499637936,20687700
2019-06-07,72.80931091308594,72.86957613198945,72.78348390047248,72.85236031305254,13622500
2019-06-10,72.74046325683594,72.76629027965954,72.73185862817395,72.76629027965954,7611300
2019-06-11,72.71456909179688,72.73179147005592,72.69735328195058,72.70595790266735,2211800
2019-06-12,72.77484893798828,72.79207131971646,72.74902193381011,72.7576331246742,1147900
2019-06-13,72.85236358642578,72.86957940613621,72.79209836481446,72.80931418452491,2450300
2019-06-14,72.82650756835938,72.84372995118058,72.80068056254206,72.80929175395266,1992200
2019-06-17,72.79209899902344,72.83514183288281,72.79209899902344,72.83514183288281,2105300
2019-06-18,72.80070495605469,72.88680376218109,72.80070495605469,72.87819256788511,5589200
2019-06-19,72.95564270019531,72.96425389084276,72.7662359164351,72.78345829772998,1893200
2019-06-20,72.99009704589844,73.05036225693841,72.98148585334548,73.01592405514195,1790100
2019-06-21,72.95564270019531,72.95564270019531,72.91259988378594,72.9298156966669,8008900
2019-06-24,72.99871063232422,73.02453764241469,72.97288362223377,72.97288362223377,1715700
2019-06-25,73.01591491699219,73.05035311447861,72.97287209644506,73.0073102939315,1742700
2019-06-26,72.92980194091797,72.981455938232,72.92119075189474,72.981455938232,1222000
2019-06-27,72.99009704589844,72.99009704589844,72.94705421996439,72.97288122920789,1276300
2019-06-28,72.99009704589844,73.00731943100436,72.96427003665494,72.98148585334548,4134200
2019-07-01,72.94356536865234,72.99531463970632,72.91769073312535,72.99531463970632,4197900
2019-07-02,72.98661041259766,73.00385795631871,72.95210874463524,72.96072922623561,4841200
2019-07-03,73.00389862060547,73.01252568753156,72.98665106727726,72.99527155367939,2176400
2019-07-05,72.8572769165039,72.89177860630352,72.83140229428531,72.89177860630352,1759500
2019-07-08,72.82273864746094,72.88311492915182,72.82273864746094,72.87448786590421,1587200
2019-07-09,72.7968521118164,72.84860132178153,72.7968521118164,72.84860132178153,1457300
2019-07-10,72.92626953125,72.92626953125,72.85726616183656,72.88314078023572,1704800
2019-07-11,72.89175415039062,72.92625582861457,72.87450002101751,72.91762876392802,1227300
2019-07-12,72.900390625,72.91764475815775,72.8745160057871,72.88314307236597,871600
2019-07-15,72.91763305664062,72.93488060650685,72.9090059914462,72.91763305664062,1385800
2019-07-16,72.89175415039062,72.90900169924147,72.86587953685323,72.88312708570406,1350100
2019-07-17,72.96077728271484,72.96077728271484,72.89178048186476,72.90040096914312,1457500
2019-07-18,73.0470199584961,73.05564044402301,72.93488784141324,72.95214197351368,1426800
2019-07-19,72.96939849853516,73.00390018645555,72.952150944837,72.98665263275741,864000
2019-07-22,72.97803497314453,73.00390959728927,72.97803497314453,72.99528252906605,823300
2019-07-23,72.96077728271484,72.98665848612384,72.95215679543648,72.96940435051785,1026900
2019-07-24,72.97803497314453,73.00390959728927,72.96078083669806,72.97803497314453,1364700
2019-07-25,72.93490600585938,72.96078062993078,72.90903138178797,72.96078062993078,1093800
2019-07-26,72.94356536865234,72.94356536865234,72.90043658908878,72.93493829663406,1003000
2019-07-29,72.94356536865234,72.96944000417933,72.94356536865234,72.94356536865234,930600
2019-07-30,72.95214080810547,72.96938835940706,72.94351374219308,72.96076129349467,933500
2019-07-31,72.94356536865234,73.01256878374289,72.82281268250782,72.9866941482159,2313300
2019-08-01,73.15089416503906,73.20273535177428,72.96943682703375,72.97807922222829,3099000
2019-08-02,73.16817474365234,73.18545294238754,73.13361175396572,73.14225414944143,2626500
2019-08-05,73.31503295898438,73.36688071872727,73.28046998322698,73.29775476721247,3154500
2019-08-06,73.34961700439453,73.34961700439453,73.28913342749858,73.3236964131842,3277800
2019-08-07,73.3582534790039,73.479220623034,73.33233288988531,73.44465764013755,2352400
2019-08-08,73.3323745727539,73.3410103792255,73.28052677283095,73.3323745727539,1499000
2019-08-09,73.28913116455078,73.36689952799601,73.28913116455078,73.33233654337761,1833600
2019-08-12,73.36690521240234,73.39282580482065,73.34097802776827,73.3496204226463,2403500
2019-08-13,73.28050231933594,73.36691309296627,73.2459393283271,73.35827069715994,1839500
2019-08-14,73.37557220458984,73.40149280802613,73.34100920260194,73.34965160115357,3312800
2019-08-15,73.53108978271484,73.53973217978147,73.41012259265203,73.41012259265203,4823000
2019-08-16,73.52240753173828,73.53104992412015,73.45328816932488,73.48785114663852,1886600
2019-08-19,73.4446792602539,73.47924225332476,73.42740105982692,73.45332165657584,1485500
2019-08-20,73.49650573730469,73.52242632886345,73.47922754033738,73.48786993492881,2015700
2019-08-21,73.42740631103516,73.48788990518044,73.41876391409515,73.4533269096378,2082500
2019-08-22,73.3928451538086,73.45332874946885,73.38420275665213,73.41012335590402,956200
2019-08-23,73.51382446289062,73.53110266783413,73.40149305799275,73.41877785515486,2448900
2019-08-26,73.47925567626953,73.53109687923755,73.45333507478553,73.50517627775353,1768700
2019-08-27,73.50516510009766,73.52244330105354,73.45332390501294,73.45332390501294,2179600
2019-08-28,73.52240753173828,73.54833470888391,73.5051293391884,73.52240753173828,1944400
2019-08-29,73.48786163330078,73.52241802333172,73.47921923968565,73.5137822219314,3270600
2019-08-30,73.51382446289062,73.52246026925309,73.47061906220397,73.48790385936607,2543000
2019-09-03,73.57091522216797,73.63150277056197,73.51032767377396,73.52763557179475,4574300
2019-09-04,73.63152313232422,73.63152313232422,73.57093556717558,73.57093556717558,1455900
2019-09-05,73.46704864501953,73.53629344478357,73.4324262451375,73.53629344478357,2145200
2019-09-06,73.47569274902344,73.51031514271055,73.45838485395308,73.48434999833181,2485500
2019-09-09,73.39781188964844,73.44108493768977,73.39781188964844,73.42377703918277,2423900
2019-09-10,73.27667999267578,73.39785516431152,73.26802273654421,73.38919790817995,2262300
2019-09-11,73.27667999267578,73.3199530662305,73.27667999267578,73.27667999267578,3005000
2019-09-12,73.25935363769531,73.328598468451,73.23338847704956,73.31994121371892,3319700
2019-09-13,73.13815307617188,73.2160485310469,73.12084517627127,73.1987406311463,1951400
2019-09-16,73.19878387451172,73.19878387451172,73.16416145070855,73.1814759643862,3034100
2019-09-17,73.23336791992188,73.2506758209771,73.18143761320758,73.19008826196084,1397300
2019-09-18,73.19007110595703,73.31990344585832,73.1814204592315,73.2766304015893,3277800
2019-09-19,73.19878387451172,73.25937146527924,73.19878387451172,73.25937146527924,2399300
2019-09-20,73.27667999267578,73.30264515751892,73.21608580330633,73.23340031556948,2383300
2019-09-23,73.3199234008789,73.3891682148118,73.3199234008789,73.32858065350774,1537100
2019-09-24,73.39781188964844,73.43242768666242,73.32856708852508,73.32856708852508,3693100
2019-09-25,73.30260467529297,73.4064652773073,73.30260467529297,73.38915737815424,2860800
2019-09-26,73.33721923828125,73.3891495337377,73.33721923828125,73.35452713558432,871500
2019-09-27,73.38052368164062,73.40648884047891,73.34590126867288,73.34590126867288,1691700
2019-09-30,73.41512298583984,73.41512298583984,73.36319268450929,73.37184333236571,2325600
2019-10-01,73.49751281738281,73.52351937196673,73.35880898824261,73.35880898824261,4668900
2019-10-02,73.57549285888672,73.61017044789916,73.54081526987427,73.54947970657203,2613000
2019-10-03,73.73152923583984,73.74886472108342,73.61882543250125,73.62749648215953,2441100
2019-10-04,73.72285461425781,73.73152566349597,73.67950598213972,73.69684808061601,1760800
2019-10-07,73.64485931396484,73.68820796427988,73.62752382228409,73.6795369114018,1611700
2019-10-08,73.68817138671875,73.72284896694234,73.63615832341944,73.69684243529268,2153300
2019-10-09,73.64485931396484,73.70554345596065,73.62752382228409,73.68820796427988,1472500
2019-10-10,73.55816650390625,73.65352824058606,73.55816650390625,73.65352824058606,3566900
2019-10-11,73.48883819580078,73.51485136320062,73.4368250891564,73.50618030740067,3068400
2019-10-14,73.49751281738281,73.51485492982407,73.48017731901952,73.49751281738281,1336700
2019-10-15,73.48013305664062,73.53214613447723,73.45412651772233,73.5234750834798,2470000
2019-10-16,73.5147933959961,73.53212887984911,73.48878024910789,73.5147933959961,1840700
2019-10-17,73.5147933959961,73.55813541266487,73.49745129807063,73.5147933959961,1641200
2019-10-18,73.54085540771484,73.57553301565397,73.5321843522107,73.5321843522107,1901600
2019-10-21,73.50614929199219,73.54949132454875,73.48880718770968,73.5321558343411,985500
2019-10-22,73.53216552734375,73.54083658062802,73.48015243578958,73.52349447405948,1192300
2019-10-23,73.52346801757812,73.5581456041612,73.51480358148737,73.5494745539971,1578600
2019-10-24,73.52346801757812,73.57548770448942,73.52346801757812,73.54081011790635,1228600
2019-10-25,73.48013305664062,73.54081718547467,73.46279095464577,73.54081718547467,982900
2019-10-28,73.45411682128906,73.46278125706874,73.42810367173068,73.45411682128906,2045000
2019-10-29,73.4714584350586,73.48879392213699,73.4541229479802,73.48012948563463,1768700
2019-10-30,73.5147933959961,73.52345783088639,73.43676718347638,73.47144476525487,1622500
2019-10-31,73.64485931396484,73.65353036684294,73.55816862741018,73.55816862741018,2719200
2019-11-01,73.60142517089844,73.64483874151213,73.56669033941246,73.61878927414557,3436200
2019-11-04,73.54933166503906,73.56670239612475,73.540652924489,73.56670239612475,2509400
2019-11-05,73.49723052978516,73.52328000064401,73.47118105892629,73.52328000064401,2078400
2019-11-06,73.5406494140625,73.55801351932654,73.51459994367019,73.5406494140625,1237100
2019-11-07,73.45380401611328,73.48853884927102,73.41039044341012,73.48853884927102,2284900
2019-11-08,73.4625015258789,73.50592173075255,73.45381615990554,73.45381615990554,2300500
2019-11-11,73.47987365722656,73.48855239837208,73.45381755881027,73.47987365722656,1329600
2019-11-12,73.48856353759766,73.49724890505293,73.45382869277083,73.47119942768137,2647800
2019-11-13,73.52327728271484,73.54064801264033,73.5059131777817,73.53196264767759,1679800
2019-11-14,73.59272766113281,73.61877712420021,73.57536356075143,73.58404229844682,2754500
2019-11-15,73.56670379638672,73.58406790281013,73.55801843067856,73.55801843067856,2456100
2019-11-18,73.60142517089844,73.61010391002615,73.58405444265959,73.60142517089844,1029100
2019-11-19,73.59272766113281,73.60141302381881,73.57536356075143,73.57536356075143,1630600
2019-11-20,73.62745666503906,73.64482076404744,73.60140720403145,73.6100859410406,1754200
2019-11-21,73.59272766113281,73.61877712420021,73.58404229844682,73.60141302381881,1288000
2019-11-22,73.58407592773438,73.61012540270686,73.56671181941726,73.60144666104513,3148100
2019-11-25,73.59272766113281,73.60141302381881,73.56667819806542,73.58404229844682,3597000
2019-11-26,73.62745666503906,73.63614202703829,73.6100859410406,73.62745666503906,1792200
2019-11-27,73.58407592773438,73.61012540270686,73.57539718607264,73.61012540270686,1090100
2019-11-29,73.61012268066406,73.61012268066406,73.56670909897987,73.57539446531406,1220200
2019-12-02,73.58751678466797,73.64839733874716,73.55272694869662,73.57011854894093,4211500
2019-12-03,73.69184875488281,73.73533105108562,73.6744505280182,73.6831496414505,2036600
2019-12-04,73.65708923339844,73.68317994894767,73.63099851784919,73.67448083193723,2017700
2019-12-05,73.6222915649414,73.65708139379826,73.61359244885685,73.6222915649414,1965900
2019-12-06,73.5962142944336,73.62230501197133,73.57011694141326,73.5788160590867,2024400
2019-12-09,73.5962142944336,73.61360589429789,73.58751517676015,73.61360589429789,1482200
2019-12-10,73.56143951416016,73.613620959915,73.56143951416016,73.60492184046122,1214100
2019-12-11,73.6222915649414,73.63099068102596,73.57010350391542,73.57010350391542,1223100
2019-12-12,73.55274963378906,73.63972093279972,73.50926066654134,73.63972093279972,1627400
2019-12-13,73.63967895507812,73.6570771862534,73.57879841692666,73.61358824379622,1630500
2019-12-16,73.5962142944336,73.61360589429789,73.57011694141326,73.61360589429789,1568800
2019-12-17,73.61359405517578,73.63099228772455,73.6048949389014,73.62229317145017,1764000
2019-12-18,73.6222915649414,73.6222915649414,73.58750173608455,73.60489333277229,1677400
2019-12-19,73.6370849609375,73.65451139335275,73.61966517475888,73.61966517475888,1464500
2019-12-20,73.6370849609375,73.64579817714512,73.61095195855125,73.62837174472988,1413600
2019-12-23,73.61967468261719,73.62838125371263,73.60224824795135,73.61967468261719,2008600
2019-12-24,73.62838745117188,73.64581388730453,73.5848346533163,73.5848346533163,895500
2019-12-26,73.654541015625,73.66324758909761,73.63711457620123,73.66324758909761,1156900
2019-12-27,73.70679473876953,73.71550795702707,73.67194851197756,73.6806617302351,1388200
2019-12-30,73.7329330444336,73.75035948220062,73.6980868151382,73.6980868151382,1630700
2019-12-31,73.72425842285156,73.75910467039022,73.7068386222033,73.73297164629676,3025600
2020-01-02,73.75907897949219,73.79392521489362,73.73294596450107,73.75907897949219,2665200
2020-01-03,73.82007598876953,73.83750243378243,73.77652316872012,73.80265618999805,2039900
2020-01-06,73.79393005371094,73.82006307041564,73.76779703700623,73.81135649567425,1132100
2020-01-07,73.79393005371094,73.81135649567425,73.78521683272928,73.80264327469258,1103400
2020-01-08,73.75907897949219,73.82005822988472,73.7503724053217,73.80263843530392,1864300
2020-01-09,73.76780700683594,73.78522680491331,73.73296076444005,73.74167398659931,1424400
2020-01-10,73.78521728515625,73.80264372722641,73.77651071036146,73.77651071036146,1065900
2020-01-13,73.77645874023438,73.78516530889601,73.75903231043985,73.78516530889601,1275600
2020-01-14,73.78521728515625,73.8113569482615,73.77651071036146,73.77651071036146,2323400
2020-01-15,73.82007598876953,73.82007598876953,73.7939429674916,73.8113694125045,2467900
2020-01-16,73.82007598876953,73.82007598876953,73.7939429674916,73.8113694125045,1995100
2020-01-17,73.84619903564453,73.84619903564453,73.8026462214778,73.81135944280736,1592600
2020-01-21,73.86358642578125,73.87229964250403,73.85487320905847,73.85487320905847,2814600
2020-01-22,73.88101959228516,73.88973281058583,73.863599801922,73.863599801922,1878400
2020-01-23,73.90714263916016,73.9419888614278,73.889722851145,73.90714263916016,6874100
2020-01-24,73.93328857421875,73.95942158158122,73.90714892061838,73.91586213848517,3717500
2020-01-27,74.01165771484375,74.02908414354158,73.99423793238111,74.02037092919267,1915500
2020-01-28,73.97682189941406,74.02038133104472,73.96811533007684,74.01166811547135,1233400
2020-01-29,74.04653930664062,74.04653930664062,73.98556006953174,74.00297986031784,1269100
2020-01-30,74.05524444580078,74.10751045869526,74.04653122823915,74.07266423468639,1348300
2020-01-31,74.15107727050781,74.16849706112485,74.09009803399069,74.09009803399069,4298900
2020-02-03,74.12923431396484,74.14668842668279,74.0856123457571,74.12923431396484,4133700
2020-02-04,74.05075073242188,74.06819819776034,74.02456954921847,74.05947113669252,1575300
2020-02-05,73.99838256835938,74.02455709036028,73.99838256835938,74.00710962795836,2229300
2020-02-06,74.01585388183594,74.01585388183594,73.98967935375455,73.99839975858329,1505800
2020-02-07,74.0594482421875,74.0769023589274,74.0420007822427,74.05072784061264,1408200
2020-02-10,74.09432983398438,74.12050434523928,74.07688237874554,74.10305689000045,982700
2020-02-11,74.0594482421875,74.0769023589274,74.0420007822427,74.06817530055744,1911200
2020-02-12,74.0245590209961,74.04201314064927,74.0245590209961,74.03328608082268,1400400
2020-02-13,74.04197692871094,74.06815143859325,74.03324987315251,74.05070398426936,1700700
2020-02-14,74.07695007324219,74.0856771372334,74.06822300925099,74.07695007324219,1560000
2020-02-18,74.10307312011719,74.12052057917738,74.085625661057,74.10307312011719,1669400
2020-02-19,74.11182403564453,74.11182403564453,74.06819538875726,74.08564951023092,1422800
2020-02-20,74.12923431396484,74.14668842668279,74.10305980168148,74.10305980168148,2051800
2020-02-21,74.19034576416016,74.23397440996085,74.15544417887895,74.16417123939844,1798800
2020-02-24,74.3125,74.33867452547172,74.3037795960407,74.3125,2725200
2020-02-25,74.39102172851562,74.42592331075346,74.32994562379847,74.32994562379847,3027000
2020-02-26,74.44337463378906,74.46954915762569,74.35612400206813,74.37357146569371,3688200
2020-02-27,74.53059387207031,74.6003970107635,74.47824484644727,74.54804798514046,6008700
2020-02-28,74.80108642578125,74.83598134162555,74.70510876522363,74.73128328050402,9540700
2020-03-02,74.77057647705078,74.97155209526878,74.77057647705078,74.90164695271284,15009300
2020-03-03,75.06761169433594,75.16372285754879,74.80547094661759,74.82294388542462,7232300
2020-03-04,75.07635498046875,75.18995243087876,75.07635498046875,75.12004733316753,5711900
2020-03-05,75.233642578125,75.26859512905317,75.20742983155823,75.2423823824864,3797200
2020-03-06,75.32097625732422,75.46952617790079,75.29476352619703,75.41709404913291,4378300
2020-03-09,75.73169708251953,75.73169708251953,75.46956297691736,75.61810630341027,44359800
2020-03-10,75.39964294433594,75.46954802525396,75.2773123859871,75.40838274607955,11970200
2020-03-11,75.3122787475586,75.42586952500969,75.30353894421107,75.40839658483132,7873200
2020-03-12,75.29480743408203,75.6181135283836,75.29480743408203,75.4084048905618,12312300
2020-03-13,75.39092254638672,75.42587509584166,75.10256901327124,75.1899537201672,9422400
2020-03-16,75.51323699951172,75.78411753327282,75.49576406177667,75.65304716745496,12123900
2020-03-17,75.3385009765625,75.60937491578996,75.25985606956638,75.57442236451584,10487800
2020-03-18,75.24232482910156,75.82776460967713,75.24232482910156,75.3384426040035,11907500
2020-03-19,75.37345123291016,75.6093726136803,75.33849868270026,75.33849868270026,12898400
2020-03-20,75.57442474365234,75.69675534370401,75.47830689125206,75.47830689125206,10683700
2020-03-23,75.66178131103516,75.78411854287314,75.63556857082553,75.7666389383895,9472000
2020-03-24,75.55695343017578,75.6443314797374,75.55695343017578,75.58316617839249,8366100
2020-03-25,75.64430236816406,75.69672784442162,75.57439728881046,75.57439728881046,6098000
2020-03-26,75.73169708251953,75.76664962990318,75.65305885079391,75.66179198775225,8381000
2020-03-27,75.71420288085938,75.75788855293403,75.60060546713252,75.75788855293403,37087900
2020-03-30,75.7491683959961,75.81033368059154,75.72295565495747,75.78412093955292,5650800
2020-03-31,75.73169708251953,75.82781492119535,75.73169708251953,75.77538943337828,5677600
2020-04-01,75.78067016601562,75.82440933124062,75.7456748290288,75.78067016601562,6923900
2020-04-02,75.79818725585938,75.82443209781009,75.78069291945225,75.79818725585938,5879700
2020-04-03,75.78067016601562,75.85065416531123,75.7456748290288,75.77191966309941,5018100
2020-04-06,75.72821044921875,75.77195631027952,75.71946661675162,75.74571146351558,4869100
2020-04-07,75.710693359375,75.73693819825267,75.66694751145937,75.68444852049733,7881000
2020-04-08,75.75446319580078,75.78071471998356,75.71072400486007,75.71072400486007,4890600
2020-04-09,75.78067016601562,75.80691500008624,75.7456748290288,75.75441865726697,5400400
2020-04-13,75.7894287109375,75.7894287109375,75.75443336715533,75.7894287109375,3356200
2020-04-14,75.7894287109375,75.80692972016826,75.75443336715533,75.78068488100146,4712200
2020-04-15,75.81566619873047,75.85065486136033,75.80691569573396,75.8331605300454,4270000
2020-04-16,75.83316040039062,75.85065473167565,75.8156660691056,75.83316040039062,2383600
2020-04-17,75.8069076538086,75.8419029874041,75.8069076538086,75.81565815587682,3282700
2020-04-20,75.8069076538086,75.8419029874041,75.8069076538086,75.82440198326765,5969400
2020-04-21,75.82440948486328,75.84191049073117,75.80691515367344,75.83315998779723,3610300
2020-04-22,75.79818725585938,75.81568826694655,75.79818725585938,75.81568826694655,4836900
2020-04-23,75.7894287109375,75.81568022478363,75.78068488100146,75.79817921555288,3010000
2020-04-24,75.7894287109375,75.81568022478363,75.7894287109375,75.79817921555288,3117600
2020-04-27,75.7894287109375,75.79817921555288,75.7631838717707,75.7894287109375,4928800
2020-04-28,75.81566619873047,75.8331605300454,75.80691569573396,75.82441002704888,3706900
2020-04-29,75.8069076538086,75.8419029874041,75.8069076538086,75.83315248533587,4285700
2020-04-30,75.93817138671875,75.93817138671875,75.81569100340793,75.81569100340793,9557300
2020-05-01,75.82606506347656,75.84358059802503,75.799798441873,75.84358059802503,5135000
2020-05-04,75.82606506347656,75.86108945235436,75.80855620914723,75.81730729620233,5813400
2020-05-05,75.81732940673828,75.84360271622305,75.81732940673828,75.8348449463948,4334000
2020-05-06,75.84357452392578,75.84357452392578,75.81730122420724,75.82605899078008,2007300
2020-05-07,75.89612579345703,75.91363465054368,75.83483477332345,75.84359254197688,2455600
2020-05-08,75.87864685058594,75.93993789488275,75.86988907847987,75.90491348668131,2690000
2020-05-11,75.85237121582031,75.88739562295122,75.8261045805278,75.88739562295122,4067600
2020-05-12,75.86988830566406,75.86988830566406,75.82610612580254,75.84362166983624,2670000
2020-05-13,75.86988830566406,75.89615494149189,75.86113053364721,75.87864607768091,3829400
2020-05-14,75.85237121582031,75.90491116662798,75.85237121582031,75.87864453133545,2284600
2020-05-15,75.89612579345703,75.91363465054368,75.8873680248036,75.90488356211044,1942800
2020-05-18,75.8348388671875,75.8873721215036,75.8348388671875,75.8873721215036,2761400
2020-05-19,75.87864685058594,75.87864685058594,75.8436224423845,75.8436224423845,2976500
2020-05-20,75.87864685058594,75.88739794246919,75.85237353426776,75.85237353426776,3497900
2020-05-21,75.86114501953125,75.8786605669096,75.86114501953125,75.86990279322042,3246300
2020-05-22,75.86114501953125,75.88741166037475,75.86114501953125,75.8786605669096,2592500
2020-05-26,75.86114501953125,75.86990279322042,75.84363615237692,75.85238724584208,4356200
2020-05-27,75.84357452392578,75.88734999635284,75.84357452392578,75.85232561028003,3507600
2020-05-28,75.87864685058594,75.87864685058594,75.8436224423845,75.85237353426776,3433400
2020-05-29,75.87864685058594,75.89615571457524,75.86113130637382,75.86113130637382,6903400
2020-06-01,75.86985778808594,75.88738080071705,75.85232808983383,75.878615951591,6995500
2020-06-02,75.86985778808594,75.878615951591,75.85232808983383,75.86985778808594,3869300
2020-06-03,75.80851745605469,75.85232833058203,75.80851745605469,75.85232833058203,4476300
2020-06-04,75.82601928710938,75.83478413381484,75.79973143261216,75.81725444040391,4350000
2020-06-05,75.79974365234375,75.79974365234375,75.77345579360865,75.7909788042253,4391300
2020-06-08,75.78224182128906,75.80852968737108,75.76471212015299,75.78224182128906,4200200
2020-06-09,75.80851745605469,75.81727561958755,75.79098775774695,75.79098775774695,7839900
2020-06-10,75.85234069824219,75.86987039940814,75.82605283211537,75.83481768269834,3146500
2020-06-11,75.81729888916016,75.86988131460079,75.81729888916016,75.86111646275684,3244500
2020-06-12,75.84355926513672,75.85231742741065,75.82602956934872,75.83479441724272,3356000
2020-06-15,75.82601928710938,75.86107198831205,75.82601928710938,75.84354898052028,3246000
2020-06-16,75.81729888916016,75.85235161091289,75.81729888916016,75.8260637410041,5306400
2020-06-17,75.84355926513672,75.84355926513672,75.82602956934872,75.82602956934872,3369600
2020-06-18,75.83477783203125,75.85230083836687,75.83477783203125,75.85230083836687,2027100
2020-06-19,75.85234069824219,75.86987039940814,75.83481768269834,75.84358253328132,3477600
2020-06-22,75.83477783203125,75.86106568434398,75.83477783203125,75.85230083836687,2597900
2020-06-23,75.85234069824219,75.85234069824219,75.83481768269834,75.84358253328132,2792100
2020-06-24,75.86111450195312,75.86111450195312,75.8348266327238,75.84359148434122,2110900
2020-06-25,75.86111450195312,75.86987935357052,75.85234965033573,75.85234965033573,1716500
2020-06-26,75.88736724853516,75.89613209609595,75.86107939147254,75.86107939147254,4109900
2020-06-29,75.9048843383789,75.9048843383789,75.87858980006314,75.8873546461684,2766100
2020-06-30,75.89614868164062,75.91367169497173,75.88738383216445,75.91367169497173,4443400
2020-07-01,75.87074279785156,75.90582022840411,75.87074279785156,75.90582022840411,4789400
2020-07-02,75.90580749511719,75.90580749511719,75.87073007044891,75.88827212795039,2662800
2020-07-06,75.87947082519531,75.89701287569794,75.87947082519531,75.88824185044663,3406700
2020-07-07,75.89701843261719,75.89701843261719,75.8794763808302,75.88824740672369,2939000
2020-07-08,75.89701843261719,75.9057827681782,75.88824740672369,75.89701843261719,3454900
2020-07-09,75.91458129882812,75.91458129882812,75.88827490194899,75.89704593102034,2508600
2020-07-10,75.88823699951172,75.92331440794275,75.88823699951172,75.92331440794275,2447400
2020-07-13,75.88823699951172,75.89700802420238,75.87946597482107,75.88823699951172,2332100
2020-07-14,75.89701843261719,75.9145537940717,75.88824740672369,75.9057827681782,2112500
2020-07-15,75.90580749511719,75.90580749511719,75.87950109919966,75.88827212795039,4553200
2020-07-16,75.90580749511719,75.92334955261866,75.90580749511719,75.91457852386792,1750100
2020-07-17,75.92330932617188,75.92330932617188,75.89700294419225,75.9145383020683,2016200
2020-07-20,75.90580749511719,75.92334955261866,75.89704315670112,75.92334955261866,3534600
2020-07-21,75.92330932617188,75.92330932617188,75.89700294419225,75.89700294419225,4017900
2020-07-22,75.91458129882812,75.92335232789948,75.90581026975678,75.92335232789948,3776600
2020-07-23,75.91458129882812,75.92335232789948,75.90581026975678,75.91458129882812,2263100
2020-07-24,75.92330932617188,75.92330932617188,75.90576727796471,75.9145383020683,3056000
2020-07-27,75.89701843261719,75.9233248199652,75.88824740672369,75.9233248199652,2250900
2020-07-28,75.91458129882812,75.92335232789948,75.90581026975678,75.90581026975678,3804400
2020-07-29,75.9321060180664,75.94087704590773,75.91457065271774,75.92334168055906,2551300
2020-07-30,75.9583740234375,75.9583740234375,75.94083197816535,75.94083197816535,2016900
2020-07-31,75.96720123291016,75.96720123291016,75.94966586345419,75.96720123291016,3229400
2020-08-03,75.96717834472656,75.96717834472656,75.93208067067306,75.9496261606014,2979500
2020-08-04,75.97595977783203,75.97595977783203,75.95841428512435,75.96719037857714,2871000
2020-08-05,75.95838928222656,75.96716537279057,75.94961319166256,75.95838928222656,3037500
2020-08-06,75.95838928222656,75.97593476915888,75.94961319166256,75.95838928222656,1793300
2020-08-07,75.94963073730469,75.95840682989612,75.94086133891051,75.94963073730469,3944500
2020-08-10,75.93206787109375,75.9496133580645,75.92329178051051,75.9496133580645,2089800
2020-08-11,75.91455841064453,75.9233345061665,75.88823681827814,75.91455841064453,3345700
2020-08-12,75.89695739746094,75.90573348656345,75.88818130835843,75.89695739746094,4246900
2020-08-13,75.88819122314453,75.89696731339365,75.87942182709088,75.88819122314453,2073800
2020-08-14,75.89695739746094,75.91450288147138,75.88818130835843,75.89695739746094,2548600
2020-08-17,75.90576934814453,75.91453874719555,75.89699325489576,75.91453874719555,2655100
2020-08-18,75.91455841064453,75.9233345061665,75.90578900932206,75.90578900932206,2106500
2020-08-19,75.91455841064453,75.9233345061665,75.90578900932206,75.9233345061665,2064900
2020-08-20,75.91455841064453,75.93211060168845,75.91455841064453,75.9233345061665,2121000
2020-08-21,75.90576934814453,75.93209093369309,75.90576934814453,75.92331484044432,3337600
2020-08-24,75.89695739746094,75.92327897057389,75.89695739746094,75.91450288147138,2834100
2020-08-25,75.90576934814453,75.90576934814453,75.87944776259597,75.88821716164699,1986600
2020-08-26,75.90576934814453,75.90576934814453,75.88821716164699,75.90576934814453,2983300
2020-08-27,75.89695739746094,75.93205505967641,75.88818130835843,75.92327897057389,2609000
2020-08-28,75.92327880859375,75.94083098676134,75.91450271950997,75.91450271950997,3445500
2020-08-31,75.94963073730469,75.94963073730469,75.92330915372764,75.92330915372764,2357200
2020-09-01,75.93121337890625,75.93999444445278,75.92243901135022,75.93121337890625,3093600
2020-09-02,75.93997955322266,75.93997955322266,75.92242412356259,75.92242412356259,3682600
2020-09-03,75.93121337890625,75.95754987755532,75.93121337890625,75.93999444445278,2547200
2020-09-04,75.90484619140625,75.93996374140359,75.89606512940996,75.9311826794073,2904300
2020-09-08,75.91362762451172,75.93118305060231,75.91362762451172,75.92240868655092,2014700
2020-09-09,75.92245483398438,75.92245483398438,75.90489269923128,75.91367376660783,3009100
2020-09-10,75.91362762451172,75.93118305060231,75.90484656247251,75.90484656247251,2910000
2020-09-11,75.93121337890625,75.94877550999931,75.92243901135022,75.92243901135022,2109800
2020-09-14,75.92245483398438,75.94001027074557,75.92245483398438,75.94001027074557,1993000
2020-09-15,75.93121337890625,75.93121337890625,75.92243901135022,75.92243901135022,2013100
2020-09-16,75.93997955322266,75.93997955322266,75.91364305973796,75.93119848939803,2551200
2020-09-17,75.92245483398438,75.94879133812212,75.92245483398438,75.94001027074557,2494700
2020-09-18,75.93121337890625,75.94877550999931,75.92243901135022,75.93999444445278,2334200
2020-09-21,75.92245483398438,75.94001027074557,75.92245483398438,75.94001027074557,3969100
2020-09-22,75.93997955322266,75.93997955322266,75.92242412356259,75.93119848939803,2108400
2020-09-23,75.93997955322266,75.93997955322266,75.92242412356259,75.93119848939803,3298200
2020-09-24,75.93121337890625,75.93999444445278,75.92243901135022,75.93121337890625,2955200
2020-09-25,75.93997955322266,75.94876061704728,75.93997955322266,75.93997955322266,1786000
2020-09-28,75.94877624511719,75.94877624511719,75.93121411385414,75.94877624511719,2777700
2020-09-29,75.93997955322266,75.95753498288272,75.93997955322266,75.94876061704728,2568900
2020-09-30,75.94877624511719,75.94877624511719,75.93121411385414,75.94877624511719,3111800
2020-10-01,75.93119812011719,75.94876837377942,75.93119812011719,75.93119812011719,3890800
2020-10-02,75.93997955322266,75.94876467962646,75.92241600150307,75.93997955322266,3081300
2020-10-05,75.91361236572266,75.93117591315988,75.90482724146085,75.93117591315988,3139800
2020-10-06,75.91361236572266,75.92239748998446,75.90482724146085,75.91361236572266,2618100
2020-10-07,75.9048080444336,75.9048080444336,75.88724450143836,75.88724450143836,3613200
2020-10-08,75.9048080444336,75.91359316647356,75.89602962347833,75.9048080444336,1996700
2020-10-09,75.9048080444336,75.91359316647356,75.89602962347833,75.91359316647356,1977700
2020-10-12,75.92242431640625,75.92242431640625,75.89607563539718,75.90485406167437,2400900
2020-10-13,75.91361236572266,75.93117591315988,75.90482724146085,75.91361236572266,5330600
2020-10-14,75.91361236572266,75.93117591315988,75.91361236572266,75.91361236572266,8129500
2020-10-15,75.93119812011719,75.9399832469483,75.9136345675433,75.92241969437443,6851500
2020-10-16,75.92242431640625,75.93120274268344,75.91363918904031,75.92242431640625,1562100
2020-10-19,75.92242431640625,75.92242431640625,75.89607563539718,75.90485406167437,2499200
2020-10-20,75.91361236572266,75.92239748998446,75.90482724146085,75.91361236572266,1991800
2020-10-21,75.91361236572266,75.91361236572266,75.89604881828544,75.90482724146085,1788700
2020-10-22,75.88727569580078,75.91362437166693,75.88727569580078,75.90483924601573,3063300
2020-10-23,75.89604187011719,75.91360541594649,75.89604187011719,75.90482029248895,2014300
2020-10-26,75.9048080444336,75.91359316647356,75.89602962347833,75.9048080444336,2319200
2020-10-27,75.9048080444336,75.92237828851353,75.9048080444336,75.91359316647356,1982000
2020-10-28,75.9048080444336,75.92237828851353,75.9048080444336,75.91359316647356,4930200
2020-10-29,75.92242431640625,75.92242431640625,75.90485406167437,75.91363918904031,3688800
2020-10-30,75.91361236572266,75.92239748998446,75.89604881828544,75.92239748998446,3562300
2020-11-02,75.9127426147461,75.9127426147461,75.89517113623025,75.903953523432,3642500
2020-11-03,75.8951187133789,75.90390109451441,75.87754054289242,75.8951187133789,1739600
2020-11-04,75.9127426147461,75.9303207973743,75.903953523432,75.9127426147461,4432600
2020-11-05,75.8951187133789,75.9214792650009,75.8951187133789,75.91269017975766,4646000
2020-11-06,75.9039306640625,75.91271975272967,75.89514827950569,75.91271975272967,2479200
2020-11-09,75.87757110595703,75.87757110595703,75.85121054371716,75.8687820171736,5418600
2020-11-10,75.86878967285156,75.86878967285156,75.85121819762203,75.85121819762203,3162200
2020-11-11,75.85121154785156,75.86000063675135,75.84242245895177,75.85121154785156,2643200
2020-11-12,75.86002349853516,75.88638406906823,75.86002349853516,75.87759497751969,3915800
2020-11-13,75.86002349853516,75.88638406906823,75.86002349853516,75.87759497751969,3156800
2020-11-16,75.87757110595703,75.88636019474048,75.85999963250059,75.8687820171736,3752900
2020-11-17,75.86878967285156,75.8863678521922,75.86878967285156,75.86878967285156,3457900
2020-11-18,75.86878967285156,75.8863678521922,75.86878967285156,75.87757876252188,2325200
2020-11-19,75.88636779785156,75.89515688751558,75.87757870818754,75.87757870818754,1900700
2020-11-20,75.8951187133789,75.90390109451441,75.8951187133789,75.90390109451441,1784700
2020-11-23,75.8951187133789,75.90390109451441,75.8951187133789,75.8951187133789,1640500
2020-11-24,75.9039306640625,75.9039306640625,75.89514827950569,75.89514827950569,2649500
2020-11-25,75.9127426147461,75.9127426147461,75.903953523432,75.903953523432,2449800
2020-11-27,75.9127426147461,75.9215317060602,75.9127426147461,75.9127426147461,1378900
2020-11-30,75.9302978515625,75.9302978515625,75.91271967424633,75.9302978515625,3375300
2020-12-01,75.88899993896484,75.90657812977058,75.8802074902253,75.89778568103104,6173900
2020-12-02,75.90655517578125,75.90655517578125,75.88018454421041,75.88897699029113,2297100
2020-12-03,75.92412567138672,75.92412567138672,75.90654078255969,75.9153332269732,2751900
2020-12-04,75.91534423828125,75.91534423828125,75.89775934690358,75.90655179259241,2825200
2020-12-07,75.93295288085938,75.93295288085938,75.91537468910182,75.91537468910182,3213900
2020-12-08,75.91534423828125,75.93292242298791,75.91534423828125,75.92413668397009,2559800
2020-12-09,75.90655517578125,75.91534762186197,75.90655517578125,75.91534762186197,2829000
2020-12-10,75.92412567138672,75.94170385354371,75.9153332269732,75.9329114091302,2977700
2020-12-11,75.96810913085938,75.96810913085938,75.95053094068457,75.95932338910852,1802200
2020-12-14,75.95932006835938,75.96810580972614,75.95052762031982,75.95052762031982,2805200
2020-12-15,75.95932006835938,75.96810580972614,75.95052762031982,75.95932006835938,1969300
2020-12-16,75.95932006835938,75.95932006835938,75.95052762031982,75.95052762031982,1444700
2020-12-17,75.96106719970703,75.96986290434354,75.94348249959089,75.96986290434354,2541200
2020-12-18,75.9522705078125,75.96105950240154,75.9522705078125,75.9522705078125,2924100
2020-12-21,75.9522705078125,75.96105950240154,75.94347480406728,75.9522705078125,2249100
2020-12-22,75.9522705078125,75.96985520614676,75.9522705078125,75.9522705078125,1928400
2020-12-23,75.96986389160156,75.96986389160156,75.95227919125688,75.95227919125688,2821600
2020-12-24,75.9522705078125,75.96985520614676,75.9522705078125,75.9522705078125,1039500
2020-12-28,75.96106719970703,75.96106719970703,75.94348249959089,75.94348249959089,1836400
2020-12-29,75.96106719970703,75.96106719970703,75.95227820422738,75.96106719970703,2010600
2020-12-30,75.96986389160156,75.96986389160156,75.95227919125688,75.95227919125688,1327500
2020-12-31,75.96106719970703,75.96986290434354,75.94348249959089,75.96106719970703,1949900
2021-01-04,75.96986389160156,75.97865959635237,75.95227919125688,75.95227919125688,2989300
2021-01-05,75.96986389160156,75.97865959635237,75.95227919125688,75.96986389160156,2529400
2021-01-06,75.92586517333984,75.95225227824223,75.90828047922615,75.9434565766081,2082000
2021-01-07,75.94352722167969,75.94352722167969,75.91714680139197,75.9347315118635,4207700
2021-01-08,75.9347152709961,75.9347152709961,75.91713056428556,75.91713056428556,2760300
2021-01-11,75.92586517333984,75.93466087497397,75.91707618086028,75.92586517333984,2545700
2021-01-12,75.92586517333984,75.92586517333984,75.90828047922615,75.90828047922615,4048300
2021-01-13,75.91710662841797,75.92589562442248,75.91710662841797,75.91710662841797,2021800
2021-01-14,75.92586517333984,75.93466087497397,75.91707618086028,75.92586517333984,3344000
2021-01-15,75.9347152709961,75.94351097893106,75.92591956306114,75.92591956306114,3148300
2021-01-19,75.96106719970703,75.96106719970703,75.92589109031786,75.92589109031786,3019500
2021-01-20,75.9522705078125,75.96105950240154,75.94347480406728,75.9522705078125,2392300
2021-01-21,75.96106719970703,75.96986290434354,75.94348249959089,75.96106719970703,1574700
2021-01-22,75.96106719970703,75.96986290434354,75.96106719970703,75.96106719970703,4095800
2021-01-25,75.96986389160156,75.96986389160156,75.96106818685075,75.96106818685075,2037500
2021-01-26,75.96106719970703,75.97865860898004,75.96106719970703,75.97865860898004,2015500
2021-01-27,75.96106719970703,75.98745431361655,75.96106719970703,75.97865860898004,3786800
2021-01-28,75.9522705078125,75.96985520614676,75.9522705078125,75.96985520614676,2429600
2021-01-29,75.97867584228516,75.97867584228516,75.9610844290221,75.96988013565363,3237800
2021-02-01,75.98744201660156,75.98744201660156,75.96985121081492,75.98744201660156,3266300
2021-02-02,75.96109008789062,75.97868761388251,75.96109008789062,75.97868761388251,2245400
2021-02-03,75.96989440917969,75.96989440917969,75.96109564553998,75.96109564553998,2219000
2021-02-04,75.96989440917969,75.96989440917969,75.96109564553998,75.96109564553998,1848200
2021-02-05,75.98744201660156,75.98744201660156,75.96985121081492,75.97864996945144,1495900
2021-02-08,75.9786605834961,75.9786605834961,75.96986182363042,75.96986182363042,2193100
2021-02-09,75.96109008789062,75.97868761388251,75.96109008789062,75.97868761388251,1930700
2021-02-10,75.96989440917969,75.97869317281939,75.96109564553998,75.97869317281939,3016100
2021-02-11,75.96989440917969,75.97869317281939,75.96989440917969,75.97869317281939,2348600
2021-02-12,75.9786605834961,75.98745263187446,75.96986182363042,75.96986182363042,3364600
2021-02-16,75.95223236083984,75.96982987317024,75.94344031615914,75.96103111700505,3364200
2021-02-17,75.96989440917969,75.96989440917969,75.95229688190028,75.95229688190028,2307600
2021-02-18,75.96989440917969,75.97869317281939,75.95229688190028,75.96989440917969,2362300
2021-02-19,75.9786605834961,75.9786605834961,75.96106306376475,75.96106306376475,2113900
2021-02-22,75.96109008789062,75.96988885088658,75.96109008789062,75.96988885088658,3801600
2021-02-23,75.96989440917969,75.96989440917969,75.95229688190028,75.95229688190028,9025900
2021-02-24,75.95223236083984,75.95223236083984,75.93464155999393,75.94344031615914,2530000
2021-02-25,75.8379135131836,75.89949141433664,75.80272518231216,75.89949141433664,4956100
2021-02-26,75.93467712402344,75.93467712402344,75.85550841591142,75.89069003408056,5187500
2021-03-01,75.9276123046875,75.9364133049641,75.9100103041343,75.9276123046875,3366700
2021-03-02,75.94523620605469,75.94523620605469,75.92764091206833,75.92764091206833,5519200
2021-03-03,75.9012222290039,75.92761851879781,75.89242122800701,75.92761851879781,2406100
2021-03-04,75.9012222290039,75.91881751780092,75.89242122800701,75.91001651680402,2566100
2021-03-05,75.9012222290039,75.9012222290039,75.87482593921,75.88362022701011,4413600
2021-03-08,75.8748550415039,75.8924503370497,75.86605403713132,75.8924503370497,2729700
2021-03-09,75.8748550415039,75.8748550415039,75.85725303275873,75.8748550415039,3255500
2021-03-10,75.9012222290039,75.9012222290039,75.8660249382131,75.87482593921,2860000
2021-03-11,75.9012222290039,75.91001651680402,75.89242122800701,75.91001651680402,3578500
2021-03-12,75.89241790771484,75.89241790771484,75.87482261968763,75.88361690710299,1824700
2021-03-15,75.9012222290039,75.9012222290039,75.88362022701011,75.88362022701011,2273700
2021-03-16,75.9012222290039,75.9012222290039,75.88362022701011,75.89242122800701,1853600
2021-03-17,75.91880798339844,75.94520426987732,75.88361069702795,75.89241169691955,3413300
2021-03-18,75.91004180908203,75.91004180908203,75.87485121976296,75.8924465144225,4692000
2021-03-19,75.91004180908203,75.9276438169406,75.88364551049321,75.90124751835178,3276300
2021-03-22,75.9012222290039,75.91001651680402,75.9012222290039,75.91001651680402,2118500
2021-03-23,75.91004180908203,75.91884281301132,75.91004180908203,75.91884281301132,3241300
2021-03-24,75.9276123046875,75.9364133049641,75.9188113044109,75.9276123046875,2322600
2021-03-25,75.93644714355469,75.94524143455394,75.91884513515772,75.93644714355469,2771400
2021-03-26,75.93644714355469,75.94524143455394,75.92764613935621,75.92764613935621,3068700
2021-03-29,75.91880798339844,75.93640998318166,75.91000698350683,75.92760898329006,2182000
2021-03-30,75.91880798339844,75.91880798339844,75.90121269681117,75.91000698350683,2213800
2021-03-31,75.89241790771484,75.91001319574205,75.89241790771484,75.91001319574205,4481000
2021-04-01,75.89157104492188,75.9091702168905,75.89157104492188,75.89157104492188,3614300
2021-04-05,75.87397003173828,75.88277297562719,75.84756791475033,75.85637085863924,3118200
2021-04-06,75.89157104492188,75.90036727356701,75.88276810159839,75.88276810159839,2497100
2021-04-07,75.90036010742188,75.9179659924066,75.90036010742188,75.90916304991424,3509100
2021-04-08,75.9267807006836,75.9267807006836,75.90918152609298,75.91798447072797,2109800
2021-04-09,75.90036010742188,75.9179659924066,75.89156387960723,75.89156387960723,2496200
2021-04-12,75.88276672363281,75.90036589528185,75.87396378046917,75.89156966679644,1687100
2021-04-13,75.90914916992188,75.90914916992188,75.88274706195014,75.89155000283289,1237100
2021-04-14,75.90914916992188,75.90914916992188,75.90034622903913,75.90034622903913,1414000
2021-04-15,75.9267807006836,75.9267807006836,75.90918152609298,75.90918152609298,1843200
2021-04-16,75.9179458618164,75.9179458618164,75.9003399815001,75.9003399815001,1674900
2021-04-19,75.90914916992188,75.91795211080462,75.90034622903913,75.90034622903913,2063900
2021-04-20,75.9267807006836,75.93558364531857,75.90918152609298,75.91798447072797,2012700
2021-04-21,75.94434356689453,75.94434356689453,75.92673768759843,75.94434356689453,2061000
2021-04-22,75.9355697631836,75.9355697631836,75.91797059181036,75.92676682015791,4373500
2021-04-23,75.9179458618164,75.94434796761492,75.9179458618164,75.94434796761492,1535200
2021-04-26,75.90036010742188,75.9179659924066,75.90036010742188,75.9179659924066,1265800
2021-04-27,75.89157104492188,75.9091702168905,75.89157104492188,75.9091702168905,1473000
2021-04-28,75.90914916992188,75.91795211080462,75.89155000283289,75.90034622903913,2032700
2021-04-29,75.9267807006836,75.9267807006836,75.900378581458,75.90918152609298,1552900
2021-04-30,75.9355697631836,75.9355697631836,75.91797059181036,75.91797059181036,2367400
2021-05-03,75.92854309082031,75.93734054414944,75.91973892187795,75.92854309082031,2910400
2021-05-04,75.92854309082031,75.9461447130918,75.92854309082031,75.92854309082031,1972900
2021-05-05,75.94613647460938,75.94613647460938,75.92853485424727,75.92853485424727,1301900
2021-05-06,75.94613647460938,75.95494064259668,75.93733230662208,75.95494064259668,1981300
2021-05-07,75.9725341796875,75.98133834673806,75.96373672824873,75.9725341796875,1950300
2021-05-10,75.94613647460938,75.96374481058398,75.94613647460938,75.95494064259668,2483700
2021-05-11,75.93733215332031,75.95494048925936,75.93733215332031,75.94613632128984,2630000
2021-05-12,75.92854309082031,75.92854309082031,75.9109347529356,75.9109347529356,4113100
2021-05-13,75.94613647460938,75.94613647460938,75.92853485424727,75.93733230662208,5495200
2021-05-14,75.94613647460938,75.95494064259668,75.94613647460938,75.94613647460938,3836400
2021-05-17,75.94613647460938,75.95494064259668,75.93733230662208,75.93733230662208,3861000
2021-05-18,75.9549331665039,75.9549331665039,75.94612899938318,75.9549331665039,3419200
2021-05-19,75.92854309082031,75.9637530509765,75.92854309082031,75.9637530509765,5213300
2021-05-20,75.96376037597656,75.96376037597656,75.93734786660261,75.94615203639393,4011000
2021-05-21,75.94613647460938,75.96374481058398,75.94613647460938,75.96374481058398,1822400
2021-05-24,75.96376037597656,75.96376037597656,75.94615203639393,75.95495620618524,2565300
2021-05-25,75.96376037597656,75.97255783015402,75.95495620618524,75.96376037597656,2403900
2021-05-26,75.98135375976562,75.98135375976562,75.97254959092912,75.98135375976562,1810700
2021-05-27,75.98135375976562,75.98135375976562,75.96375213770575,75.97254959092912,1257900
2021-05-28,75.98135375976562,75.99015792860213,75.97254959092912,75.98135375976562,2054600
2021-06-01,75.96549224853516,75.98309631410174,75.96549224853516,75.96549224853516,2265800
2021-06-02,75.97430419921875,75.983102874489,75.96549880740248,75.983102874489,1234900
2021-06-03,75.9478988647461,75.96550965089243,75.9478988647461,75.95670425781927,1607800
2021-06-04,75.97430419921875,75.97430419921875,75.96549880740248,75.96549880740248,2060600
2021-06-07,75.96549224853516,75.96549224853516,75.95668685747914,75.96549224853516,1240100
2021-06-08,75.98310852050781,75.98310852050781,75.97430984458376,75.97430984458376,1504400
2021-06-09,75.96549224853516,75.99190170515774,75.96549224853516,75.99190170515774,2284000
2021-06-10,75.9919204711914,75.9919204711914,75.95670561481657,75.96551100804705,1736300
2021-06-11,75.97430419921875,75.99190826630527,75.97430419921875,75.99190826630527,1661000
2021-06-14,75.9478988647461,75.9743150439656,75.9478988647461,75.96550965089243,3526800
2021-06-15,75.9390869140625,75.95669098058468,75.9390869140625,75.95669098058468,12066300
2021-06-16,75.86865234375,75.95668610380028,75.85984695278135,75.94788071283163,2094700
2021-06-17,75.86865234375,75.88625640914191,75.85984695278135,75.88625640914191,2527100
2021-06-18,75.80701446533203,75.82461852757159,75.7629942349169,75.8158198547239,4317700
2021-06-21,75.82463073730469,75.82463073730469,75.78061721634639,75.7894158906109,5551300
2021-06-22,75.86865234375,75.86865234375,75.83343749642081,75.84224288738945,2681300
2021-06-23,75.81581115722656,75.85982466604837,75.81581115722656,75.85982466604837,2761200
2021-06-24,75.82463073730469,75.83343612811444,75.81583206304016,75.83343612811444,1273500
2021-06-25,75.81581115722656,75.83341521744661,75.81581115722656,75.83341521744661,1344300
2021-06-28,75.84223937988281,75.84223937988281,75.82462859876,75.8334339893214,1484900
2021-06-29,75.83345031738281,75.84225570984016,75.82464492492548,75.82464492492548,1691200
2021-06-30,75.85102844238281,75.85102844238281,75.83341766505097,75.85102844238281,2585800
2021-07-01,75.8360595703125,75.844866288334,75.8272595698486,75.844866288334,2227100
2021-07-02,75.87129211425781,75.87129211425781,75.8448786734377,75.8624921123569,1863400
2021-07-06,75.89769744873047,75.90650416724947,75.86248400977047,75.87128401073147,3158600
2021-07-07,75.90650177001953,75.90650177001953,75.88008833285471,75.88889505109559,1723000
2021-07-08,75.94171905517578,75.9505257730838,75.92411233691729,75.92411233691729,1440800
2021-07-09,75.91529083251953,75.93289754734867,75.90648411632687,75.92409754871221,1258000
2021-07-12,75.89769744873047,75.91531088576845,75.88009072925047,75.90650416724947,1271000
2021-07-13,75.8360595703125,75.86247972437702,75.8360595703125,75.86247972437702,2683300
2021-07-14,75.888916015625,75.888916015625,75.87130257427751,75.87130257427751,1696000
2021-07-15,75.89769744873047,75.89769744873047,75.88009072925047,75.89769744873047,1396300
2021-07-16,75.888916015625,75.90652273941286,75.86250257116339,75.87130257427751,1851600
2021-07-19,75.92414093017578,75.96816110117892,75.92414093017578,75.93294093384038,9352500
2021-07-20,75.95936584472656,75.9769792898343,75.94175911717988,75.96817256728043,2405300
2021-07-21,75.93292999267578,75.95054343258715,75.92412999027917,75.94173671263147,2789500
2021-07-22,75.94171905517578,75.9505257730838,75.92411233691729,75.93291233726778,2295700
2021-07-23,75.95056915283203,75.95056915283203,75.93295570695595,75.93295570695595,1386800
2021-07-26,75.93292999267578,75.95054343258715,75.93292999267578,75.95054343258715,2259200
2021-07-27,75.95056915283203,75.9593691582087,75.95056915283203,75.9593691582087,1387000
2021-07-28,75.95936584472656,75.96817256728043,75.92415238963319,75.95056583973376,2438500
2021-07-29,75.95936584472656,75.95936584472656,75.94175911717988,75.94175911717988,1197600
2021-07-30,75.97695922851562,75.97695922851562,75.95934578805863,75.96815250828712,2019300
2021-08-02,76.005126953125,76.01393489722768,75.98751778341246,75.98751778341246,3399900
2021-08-03,76.005126953125,76.01393489722768,75.99632572751514,76.005126953125,1221700
2021-08-04,75.9787368774414,76.0315711238737,75.96112770146239,76.01396194789467,1878600
2021-08-05,75.94347381591797,75.95228175874888,75.92586464874802,75.94347381591797,1400000
2021-08-06,75.91707611083984,75.92588405592213,75.91707611083984,75.91707611083984,2313700
2021-08-09,75.8906478881836,75.9346808886576,75.8906478881836,75.92587294486427,1862800
2021-08-10,75.86421966552734,75.89944471704958,75.86421966552734,75.89063677454611,1198100
2021-08-11,75.89948272705078,75.90828395547022,75.88186683322193,75.88186683322193,1837300
2021-08-12,75.89948272705078,75.89948272705078,75.88186683322193,75.89067478013635,1792800
2021-08-13,75.90824890136719,75.91705684421414,75.89063973416515,75.89063973416515,1333000
2021-08-16,75.9258804321289,75.94348960295945,75.91707248746701,75.9258804321289,1797100
2021-08-17,75.90824890136719,75.93467272990806,75.90824890136719,75.91705684421414,1579600
2021-08-18,75.90824890136719,75.9258647870611,75.89063973416515,75.90824890136719,2310100
2021-08-19,75.90824890136719,75.9258647870611,75.8994476770121,75.9258647870611,1780800
2021-08-20,75.90824890136719,75.91705684421414,75.8994476770121,75.90824890136719,1685300
2021-08-23,75.90824890136719,75.90824890136719,75.89063973416515,75.8994476770121,1532500
2021-08-24,75.89948272705078,75.90828395547022,75.89067478013635,75.90828395547022,1249900
2021-08-25,75.8906478881836,75.90825705727764,75.88183994439028,75.90825705727764,1319600
2021-08-26,75.8906478881836,75.90825705727764,75.88183994439028,75.8906478881836,2078600
2021-08-27,75.94347381591797,75.94347381591797,75.88183165308533,75.90824876308619,2774900
2021-08-30,75.96110534667969,75.96990657283146,75.9346882312379,75.94348945738967,1438000
2021-08-31,75.95227813720703,75.96108607961796,75.95227813720703,75.96108607961796,2052200
2021-09-01,75.94615173339844,75.95495428822984,75.93734245905951,75.95495428822984,1324600
2021-09-02,75.94615173339844,75.95495428822984,75.93734245905951,75.94615173339844,1640100
2021-09-03,75.94615173339844,75.95495428822984,75.94615173339844,75.94615173339844,1136600
2021-09-07,75.9197006225586,75.93731916583208,75.9197006225586,75.93731916583208,1468700
2021-09-08,75.93730926513672,75.9461185356249,75.92849999464853,75.93730926513672,1607200
2021-09-09,75.95494079589844,75.95494079589844,75.92851969708252,75.92851969708252,1600700
2021-09-10,75.92849731445312,75.94611585480759,75.92849731445312,75.92849731445312,1380200
2021-09-13,75.94615173339844,75.94615173339844,75.93734245905951,75.93734245905951,1095900
2021-09-14,75.95494079589844,75.96375006867251,75.94613824263067,75.95494079589844,1422900
2021-09-15,75.95494079589844,75.95494079589844,75.9373289698566,75.94613824263067,1790500
2021-09-16,75.92849731445312,75.93730658463036,75.9196880442759,75.92849731445312,1095300
2021-09-17,75.91090393066406,75.91970648347491,75.91090393066406,75.91970648347491,2905000
2021-09-20,75.92849731445312,75.93730658463036,75.9196880442759,75.92849731445312,2407400
2021-09-21,75.94615173339844,75.95495428822984,75.93734245905951,75.93734245905951,1931300
2021-09-22,75.90206909179688,75.94610871904081,75.88445727260152,75.92849018034175,1606100
2021-09-23,75.8580551147461,75.88448293173083,75.8580551147461,75.87567365940258,2855800
2021-09-24,75.83161926269531,75.86684962564753,75.83161926269531,75.85804035503331,1462800
2021-09-27,75.82281494140625,75.84043348378474,75.82281494140625,75.83162421259549,1835300
2021-09-28,75.83161926269531,75.84042853330953,75.82280999208109,75.83161926269531,2489500
2021-09-29,75.8580551147461,75.8580551147461,75.84044328959558,75.84044328959558,3552100
2021-09-30,75.8756332397461,75.8756332397461,75.84040288870663,75.84040288870663,4498600
2021-10-01,75.9117660522461,75.9117660522461,75.88534158824315,75.89415198303152,3991700
2021-10-04,75.87657928466797,75.8942000854129,75.87657928466797,75.88538968504044,12146800
2021-10-05,75.86774444580078,75.87655484333526,75.85894076863056,75.86774444580078,3590900
2021-10-06,75.85892486572266,75.85892486572266,75.8413040743477,75.85892486572266,3850200
2021-10-07,75.83250427246094,75.84131466937923,75.82370059590643,75.84131466937923,2452100
2021-10-08,75.80609893798828,75.84133381419207,75.79729525921144,75.84133381419207,1969600
2021-10-11,75.74441528320312,75.78846054441794,75.74441528320312,75.77083975178668,2012100
2021-10-12,75.7796401977539,75.78845059291268,75.75321573264004,75.7796401977539,1945700
2021-10-13,75.75324249267578,75.76205289094685,75.73562841649847,75.73562841649847,2764300
2021-10-14,75.75324249267578,75.77085656885309,75.70039354377903,75.76205289094685,3496500
2021-10-15,75.7092056274414,75.74444050407286,75.69159154930846,75.7268264259399,2839800
2021-10-18,75.6563491821289,75.68277365689488,75.63873510573988,75.6563491821289,2968700
2021-10-19,75.68276977539062,75.70039057124083,75.68276977539062,75.68276977539062,1838600
2021-10-20,75.7092056274414,75.7092056274414,75.70040194855771,75.70040194855771,2360700
2021-10-21,75.6211166381836,75.6563515124118,75.61230623953527,75.64754111376348,2117400
2021-10-22,75.603515625,75.603515625,75.55065994434204,75.5947052248293,3414900
2021-10-25,75.63873291015625,75.64753658791277,75.6123017157926,75.6123017157926,1990400
2021-10-26,75.6211166381836,75.62992703683192,75.60350256125204,75.6211166381836,2870300
2021-10-27,75.603515625,75.63875050531654,75.55065994434204,75.62994010514583,4373600
2021-10-28,75.61228942871094,75.6475242951054,75.56825088599057,75.57706128268008,2970000
2021-10-29,75.6211166381836,75.64754111376348,75.54184321144396,75.55945728837551,3957900
2021-11-01,75.58671569824219,75.60433202132633,75.56028113178286,75.57790417608908,5050500
2021-11-02,75.66605377197266,75.67486530047688,75.6220028506785,75.63962590768693,2187800
2021-11-03,75.64842987060547,75.66604620462518,75.57795109207414,75.64842987060547,3242400
2021-11-04,75.71891784667969,75.7541572433539,75.69248997948094,75.69248997948094,3545800
2021-11-05,75.75413513183594,75.76294665873945,75.69246788596274,75.70127941286626,2946700
2021-11-08,75.66605377197266,75.72772102904834,75.65724224346845,75.71890950054411,2292900
2021-11-09,75.7100830078125,75.7276993385482,75.70127148183215,75.7100830078125,1938700
2021-11-10,75.56031799316406,75.62198523587544,75.56031799316406,75.60436890419734,5382400
2021-11-11,75.50743865966797,75.551489556923,75.50743865966797,75.54267803322735,1839100
2021-11-12,75.56912994384766,75.58675299685005,75.54270208556947,75.56912994384766,3130800
2021-11-15,75.56031799316406,75.57794104606752,75.53389013503423,75.57794104606752,2433500
2021-11-16,75.56031799316406,75.56912951961579,75.47222289232285,75.54270166148596,1722500
2021-11-17,75.58671569824219,75.58671569824219,75.54266480869872,75.55147633085183,1445900
2021-11-18,75.57794189453125,75.5955582264071,75.56031884142995,75.5691303679806,1620300
2021-11-19,75.56031799316406,75.657224620457,75.56031799316406,75.6396082887789,2791100
2021-11-22,75.47223663330078,75.50747602429826,75.45462029841534,75.48985968941281,3126600
2021-11-23,75.47223663330078,75.49866449624224,75.46343182647135,75.4810481613568,2892300
2021-11-24,75.45460510253906,75.46341662882051,75.42817724491994,75.44579357625761,1613400
2021-11-26,75.60440063476562,75.66606790335827,75.60440063476562,75.61321216491548,2842700
2021-11-29,75.63960266113281,75.63960266113281,75.57793542300952,75.59555175337695,3767900
2021-11-30,75.57794189453125,75.72770423976512,75.55151403610473,75.68366004946274,6358600
2021-12-01,75.58672332763672,75.58672332763672,75.46331697041929,75.5162034877576,10046200
2021-12-02,75.48978424072266,75.53386083595242,75.46334097364249,75.52504417187762,4117900
2021-12-03,75.53388214111328,75.55150874909043,75.44572892578917,75.45454559235081,2931600
2021-12-06,75.47216033935547,75.51623021101857,75.45452701057467,75.50742027177262,4120400
2021-12-07,75.37519836425781,75.41926823659782,75.37519836425781,75.41045829721656,4194600
2021-12-08,75.40164184570312,75.40164184570312,75.34875530868788,75.35756524809403,2396700
2021-12-09,75.37519836425781,75.41926823659782,75.37519836425781,75.3928249681649,1829300
2021-12-10,75.41044616699219,75.4633326953509,75.38399617766935,75.40162950388458,1854400
2021-12-13,75.45452880859375,75.47216213779474,75.40164227128001,75.41045893588051,2589400
2021-12-14,75.41044616699219,75.43688943117154,75.41044616699219,75.41044616699219,3931700
2021-12-15,75.43688201904297,75.43688201904297,75.33991890981689,75.4016220952205,5859800
2021-12-16,75.49684143066406,75.49684143066406,75.45276229256426,75.45276229256426,2523500
2021-12-17,75.46159362792969,75.51449802453304,75.44396331343542,75.4880491895115,2459300
2021-12-20,75.47920989990234,75.53210755538994,75.47920989990234,75.50565872764614,5130600
2021-12-21,75.4351577758789,75.45279481996893,75.40870893630533,75.44397629792391,2031700
2021-12-22,75.42632293701172,75.44395324915408,75.40868589830997,75.43513472980321,3726000
2021-12-23,75.41749572753906,75.42631424587381,75.39985869086958,75.42631424587381,1919700
2021-12-27,75.39107513427734,75.39107513427734,75.3646262959262,75.3734380910025,2270700
2021-12-28,75.39107513427734,75.40870545099106,75.38225661263992,75.39107513427734,3464800
2021-12-29,75.38226318359375,75.39989350184428,75.37344466118762,75.38226318359375,3110300
2021-12-30,75.42632293701172,75.42632293701172,75.38223706681673,75.3910555861676,1619100
2021-12-31,75.41749572753906,75.44394455598469,75.39104689909344,75.43512603764995,2649500
2022-01-03,75.32935333251953,75.34698364792182,75.31171629055663,75.33816512694037,5301700
2022-01-04,75.3734359741211,75.3734359741211,75.32935682029421,75.32935682029421,2759300
2022-01-05,75.27645111083984,75.3469858276107,75.26763931616411,75.3469858276107,2851800
2022-01-06,75.2147216796875,75.24117051218214,75.19709136687763,75.23235871905702,3526800
2022-01-07,75.19710540771484,75.22355424514802,75.17065657028168,75.1882868863835,2658000
2022-01-10,75.15298461914062,75.18825196152352,75.15298461914062,75.17943344428835,4347300
2022-01-11,75.17948150634766,75.17948150634766,75.10013498017845,75.10895350305127,15869300
2022-01-12,75.15298461914062,75.18825196152352,75.15298461914062,75.18825196152352,7286200
2022-01-13,75.18827819824219,75.19709671855455,75.16182936386524,75.17064788417758,3739100
2022-01-14,75.09129333496094,75.16182804310013,75.09129333496094,75.16182804310013,2064800
2022-01-18,74.9766616821289,75.02955933739712,74.96784316406475,75.02074081933294,3257300
2022-01-19,75.0119400024414,75.04720735329946,75.00312148308704,75.00312148308704,3753500
2022-01-20,74.99430847167969,75.01194551168375,74.98549667823752,75.00312699168173,2762400
2022-01-21,75.05601501464844,75.09128236356521,75.04720322233851,75.07365205238634,5322600
2022-01-24,75.10010528564453,75.15300294884163,75.07365645404599,75.09128676625855,7835800
2022-01-25,75.06488037109375,75.12659658856687,75.06488037109375,75.10896626638736,4657100
2022-01-26,74.93257904052734,75.10009725815794,74.91494873019928,75.07364842938652,10878900
2022-01-27,74.87086486816406,74.90613221632265,74.8532345573642,74.87086486816406,7524900
2022-01-28,74.8973388671875,74.91497591047323,74.86207823373832,74.87089002882004,4613200
2022-01-31,74.8973388671875,74.91497591047323,74.85325971209545,74.87970855046291,7218500
2022-02-01,74.89115142822266,74.91760742411792,74.84706034452435,74.91760742411792,13138500
2022-02-02,74.90878295898438,74.93523895124709,74.8999620521033,74.91759713748492,5492000
2022-02-03,74.8470687866211,74.87352478550036,74.82942696844677,74.87352478550036,3620800
2022-02-04,74.69711303710938,74.74121083810029,74.66184287037237,74.74121083810029,9404700
2022-02-07,74.71476745605469,74.72358836341725,74.67949055498538,74.71476745605469,3555700
2022-02-08,74.6353988647461,74.68831758487849,74.6353988647461,74.67949667679285,14355600
2022-02-09,74.62657165527344,74.67066273124045,74.61775074872793,74.66184855307523,2976900
2022-02-10,74.24736022949219,74.4854709010349,74.24736022949219,74.47664999367971,5892000
2022-02-11,74.47664642333984,74.47664642333984,74.30026865497699,74.37082245367436,5432400
2022-02-14,74.31790924072266,74.37082795785248,74.27381815955906,74.3267301483078,4375400
2022-02-15,74.34437561035156,74.36201069800585,74.30027779864372,74.31791288629802,2127700
2022-02-16,74.44136810302734,74.45018228061417,74.35317250012042,74.37081431205374,3335200
2022-02-17,74.48546600341797,74.48546600341797,74.43255401952779,74.44137492630297,4442900
2022-02-18,74.4942855834961,74.53837665982586,74.46782959202217,74.51192066835193,2459400
2022-02-22,74.42373657226562,74.46783437981092,74.39728057909075,74.4501925654405,3487300
2022-02-23,74.379638671875,74.42373647936526,74.36200358590735,74.39728048622341,4258700
2022-02-24,74.44136810302734,74.5560129670746,74.42372629109403,74.53837115514126,4573600
2022-02-25,74.44136810302734,74.44136810302734,74.36199340608708,74.40609120754054,4279100
2022-02-28,74.57366943359375,74.63540233630175,74.56485525347958,74.57366943359375,5265300
2022-03-01,74.74568176269531,74.86036054174683,74.71039443136324,74.72803473184415,7383600
2022-03-02,74.49867248535156,74.63982181454868,74.48103218438715,74.63099829888125,5250800
2022-03-03,74.49867248535156,74.53395981765084,74.4545683677553,74.48985570005459,6877400
2022-03-04,74.57807922363281,74.63100686297007,74.5604321902729,74.56925570695286,2880500
2022-03-07,74.48102569580078,74.55160035425106,74.48102569580078,74.50748951012717,6302700
2022-03-08,74.38398742675781,74.46338560032432,74.36634712728186,74.43691505555556,5585700
2022-03-09,74.33988189697266,74.35752892808006,74.30460129549859,74.33106511178931,4988900
2022-03-10,74.27814483642578,74.28696835365295,74.2428642282604,74.27814483642578,4780300
2022-03-11,74.2516860961914,74.26050961402237,74.20758196778078,74.2516860961914,2620800
2022-03-14,74.0575942993164,74.14581599926693,74.0575942993164,74.12816896712852,3874900
2022-03-15,74.08409881591797,74.18113061568636,74.07527529580308,74.17231382594531,4999800
2022-03-16,74.01348114013672,74.08405579932926,73.88997885173474,74.06640876934615,5365100
2022-03-17,73.98702239990234,74.01348621632206,73.96055185311221,73.97819888430563,4453400
2022-03-18,73.96937561035156,73.98702264160264,73.94291179384538,73.95173530947092,4946500
2022-03-21,73.72235107421875,73.88996417391316,73.71352756097994,73.87231714743552,5342500
2022-03-22,73.66944122314453,73.69590503887491,73.62533037668041,73.64297740741415,2931500
2022-03-23,73.73120880126953,73.75767262289749,73.6782744276419,73.71356176660308,4184400
2022-03-24,73.71357727050781,73.72240078969685,73.66064961611983,73.7047604816919,3311200
2022-03-25,73.51068115234375,73.60771966928164,73.45774676923122,73.60771966928164,4601800
2022-03-28,73.4400863647461,73.5018375195016,73.4400863647461,73.46655018387402,2991200
2022-03-29,73.47537994384766,73.51948406935152,73.42245230109435,73.46655642659822,4640300
2022-03-30,73.52830505371094,73.5459520876019,73.4577303788899,73.46655389583539,5826600
2022-03-31,73.52830505371094,73.59005621158649,73.51948153676545,73.55476887417596,5328800
2022-04-01,73.3747329711914,73.41886287974818,73.34825771936883,73.36590564282432,10292300
2022-04-04,73.41886138916016,73.42768198406947,73.35708355840215,73.4012067327844,5015400
2022-04-05,73.28650665283203,73.37475976889839,73.26885198965007,73.37475976889839,4694600
2022-04-06,73.33942413330078,73.41885661526962,73.24234372938227,73.25999838461006,7479700
2022-04-07,73.39240264892578,73.4365258332344,73.35710006151083,73.39240264892578,6184500
2022-04-08,73.30416107177734,73.35711833272998,73.2953404726867,73.2953404726867,4539500
2022-04-11,73.32177734375,73.34825259372246,73.26882011052685,73.27764743827707,6705400
2022-04-12,73.50713348388672,73.52478141154856,73.41888037901691,73.43652830667875,5658800
2022-04-13,73.54244995117188,73.65717833582575,73.52479528689801,73.5689252143011,4808100
2022-04-14,73.41002655029297,73.49827962330674,73.39237862900136,73.48063170201513,4336200
2022-04-18,73.41002655029297,73.43650179886932,73.39237862900136,73.42767447158457,4100100
2022-04-19,73.24237060546875,73.34827837586373,73.22472267704322,73.32180311658513,5811000
2022-04-20,73.28650665283203,73.29533398442301,73.23355612984845,73.25120405974926,6121600
2022-04-21,73.16294860839844,73.20707179838267,73.09234342448653,73.20707179838267,7119600
2022-04-22,73.1452865600586,73.18058914844993,73.03938552816486,73.03938552816486,5426000
2022-04-25,73.260009765625,73.39239276728681,73.24235510765455,73.29531234828676,5772300
2022-04-26,73.39240264892578,73.41005057599321,73.33944540116333,73.37474798857826,6670600
2022-04-27,73.35708618164062,73.44533926683961,73.32178360090528,73.43651193833607,8770900
2022-04-28,73.30416107177734,73.31298840414975,73.23356261264342,73.2953404726867,4671300
2022-04-29,73.16294860839844,73.23355379231033,73.15412127708922,73.15412127708922,8047300
2022-05-02,73.15763854980469,73.19295988443,73.1399812509199,73.17530258554521,10907500
2022-05-03,73.12230682373047,73.20178149955716,73.09581751073983,73.18411746632688,7556800
2022-05-04,73.31658172607422,73.3254137440094,72.9986964489657,73.05168181972097,11387900
2022-05-05,73.1929702758789,73.24594891691056,73.14881691711474,73.22829161551891,6415700
2022-05-06,73.18411254882812,73.29007653052535,73.16645525363907,73.19294456484981,6375000
2022-05-09,73.36954498291016,73.38720901507843,73.28124503263199,73.29007704871611,6956200
2022-05-10,73.32540893554688,73.40487688118485,73.31657691819088,73.38721958332819,10070100
2022-05-11,73.33424377441406,73.3695583714861,73.21944775493536,73.2724331242546,7797800
2022-05-12,73.44020080566406,73.50201145562684,73.38722217336898,73.41371148951653,5231400
2022-05-13,73.41370391845703,73.41370391845703,73.3518932748687,73.38721460504131,5002600
2022-05-16,73.45784759521484,73.49316892073766,73.43135828528622,73.44018356402643,4515800
2022-05-17,73.2989273071289,73.38722727938281,73.2812632705645,73.31658460683727,3569200
2022-05-18,73.33424377441406,73.38722240687771,73.2636011065588,73.2724331242546,3613800
2022-05-19,73.44020080566406,73.48435415714701,73.41371148951653,73.48435415714701,4523400
2022-05-20,73.49317169189453,73.54615031374938,73.43136105411246,73.44901834911265,4869500
2022-05-23,73.45784759521484,73.50199419947786,73.43135828528622,73.48433690514345,3648100
2022-05-24,73.6256332397461,73.66095457379363,73.51084395673334,73.51967597445912,4830000
2022-05-25,73.67859649658203,73.71391782002881,73.63444315806017,73.71391782002881,3377200
2022-05-26,73.69627380371094,73.75808445231543,73.6697844881455,73.74042715422362,5493200
2022-05-27,73.71394348144531,73.73160078088878,73.6786221457024,73.72276876273908,6058600
2022-05-31,73.59912872314453,73.63445004989723,73.57263941229357,73.63445004989723,8197900
2022-06-01,73.46216583251953,73.58588360851623,73.43565584367926,73.55937361967595,10980900
2022-06-02,73.47985076904297,73.5063607604505,73.44450186646165,73.48868968021674,5243200
2022-06-03,73.4533462524414,73.47101733399228,73.43566842877625,73.43566842877625,3224000
2022-06-06,73.35610961914062,73.4179684934291,73.35610961914062,73.4179684934291,3584900
2022-06-07,73.36494445800781,73.41797116798082,73.35611229143888,73.39146118405026,3944900
2022-06-08,73.31192016601562,73.35610796470151,73.31192016601562,73.33843014838256,4133100
2022-06-09,73.25891876220703,73.31193874037407,73.24124094140922,73.28542875129055,5332600
2022-06-10,72.94963836669922,73.11753724393019,72.94963836669922,73.0998661618428,6124200
2022-06-13,72.57845306396484,72.76402970107156,72.47241312396794,72.73751971607234,8794300
2022-06-14,72.43707275390625,72.62264941285056,72.41056276578747,72.5961394247318,8106200
2022-06-15,72.71985626220703,72.76403732779917,72.46358181016632,72.57846067124132,9018300
2022-06-16,72.81706237792969,72.84357236510046,72.60497573845083,72.6314857256216,8076400
2022-06-17,72.79936218261719,72.85238888277301,72.7198322455494,72.8435499757286,8188800
2022-06-21,72.77288055419922,72.78171946468707,72.73753165436112,72.7552094753368,5443800
2022-06-22,72.98494720458984,72.98494720458984,72.91425616640461,72.93192724042306,4110700
2022-06-23,73.0468521118164,73.22358991551624,73.03801319899691,73.11754318802733,6229400
2022-06-24,73.02912902832031,73.10866571017502,72.98494123372204,73.00261904840569,6103300
2022-06-27,72.94963836669922,73.01149726717684,72.88777946622159,72.94963836669922,7376400
2022-06-28,72.93193817138672,72.94077708077643,72.89658927594034,72.91426709471975,4399500
2022-06-29,73.02030181884766,73.02914072760548,72.92309404884745,72.93193295760527,4170700
2022-06-30,73.1617202758789,73.21474026078687,73.11753246037956,73.13521028342493,16742600
2022-07-01,73.38194274902344,73.47924335871795,73.32002479272248,73.34656009562987,9559300
2022-07-05,73.37310791015625,73.42618527357293,73.35541995471885,73.39964996614071,9888800
2022-07-06,73.16964721679688,73.39078371987058,73.16079986707979,73.39078371987058,4883800
2022-07-07,73.11661529541016,73.16968592468686,73.07238527197684,73.16968592468686,4906300
2022-07-08,73.02816009521484,73.05469541161428,72.99277742383077,73.04585480518415,3249100
2022-07-11,73.05465698242188,73.14311698862642,73.04581638064221,73.09888698552415,16663800
2022-07-12,73.09004974365234,73.17850976209102,73.08120914065,73.14312710442594,6373100
2022-07-13,73.01044464111328,73.0988979119884,72.91314401858504,72.92199137023816,11769700
2022-07-14,72.98392486572266,73.03699548983079,72.83354684982726,72.86892951541715,6656800
2022-07-15,73.0369873046875,73.09005792284809,72.96622198143827,72.97506933398259,5961500
2022-07-18,72.99274444580078,73.01043914777564,72.94852118796659,72.99274444580078,2608200
2022-07-19,72.91316223144531,73.0104628782781,72.90431487758224,73.00161552441503,9115200
2022-07-20,72.90431213378906,72.98392481845312,72.89547152881238,72.98392481845312,5453600
2022-07-21,73.10774230957031,73.12543026360983,72.99274698838249,73.01044169097372,5850000
2022-07-22,73.29352569580078,73.3731316438472,73.24929567007203,73.25814302492867,6038100
2022-07-25,73.23160552978516,73.2669881996044,73.21391082059843,73.23160552978516,20449500
2022-07-26,73.19617462158203,73.31116316129814,73.19617462158203,73.3023225610852,2854600
2022-07-27,73.31120300292969,73.33774506364233,73.17852644213367,73.21390235931031,7051600
2022-07-28,73.47041320800781,73.50579586968463,73.4261899423263,73.48810791312256,5573700
2022-07-29,73.46155548095703,73.49693138583545,73.39963752459315,73.41732547703235,5546100
2022-08-01,73.45978546142578,73.47749893273135,73.40665855892885,73.45978546142578,6463000
2022-08-02,73.20299530029297,73.46864332828761,73.20299530029297,73.45092985670931,14265300
2022-08-03,73.22954559326172,73.22954559326172,73.06130817775852,73.18527543369089,6485500
2022-08-04,73.32696533203125,73.34467880427471,73.2207115214114,73.24727497406636,5411500
2022-08-05,73.02590942382812,73.08789306998146,73.00819595023532,73.05247287850659,5049700
2022-08-08,73.09675598144531,73.10560596327855,73.06133578697842,73.0790425063562,6868900
2022-08-09,73.02590942382812,73.04361614171019,72.99934596914966,73.03476616062453,3742100
2022-08-10,73.09675598144531,73.24728674114616,73.08789924390076,73.2030098091347,6820900
2022-08-11,73.07018280029297,73.22072030958947,73.07018280029297,73.19415685374628,4071500
2022-08-12,73.08790588378906,73.15874627915858,73.06134242445347,73.1498895408094,4782800
2022-08-15,73.14987182617188,73.18529201527896,73.13215835376319,73.15872856237623,17015900
2022-08-16,73.08790588378906,73.13217606411105,73.07904914543988,73.13217606411105,3249300
2022-08-17,73.02590942382812,73.04361614171019,72.95506904087839,72.98163249555685,4162400
2022-08-18,73.13217163085938,73.14988510648394,73.07018797759646,73.10560817313406,3648300
2022-08-19,73.07906341552734,73.08792015560597,73.03479322656075,73.06135669108336,4519300
2022-08-22,72.98164367675781,73.0436273324074,72.96393695616298,73.01706387365925,3739700
2022-08-23,73.01705169677734,73.11445553308457,72.97278152481721,72.99934497913543,4227600
2022-08-24,72.93738555908203,73.0082192088869,72.93738555908203,72.99051248536391,4551800
2022-08-25,72.98164367675781,73.01706387365925,72.96393695616298,72.99935715306442,3026400
2022-08-26,72.96393585205078,73.00820603072384,72.91080217964675,72.97279259007007,4304000
2022-08-29,72.91077423095703,72.95505114836922,72.90192425204187,72.94619441374496,3656100
2022-08-30,72.87539672851562,72.9285236510324,72.83111978927668,72.89310345078374,4626200
2022-08-31,72.86651611328125,72.91964301838989,72.8488026411049,72.88422282974739,5424100
2022-09-01,72.8133316040039,72.86652992127001,72.7601400506688,72.82219911753675,6728700
2022-09-02,72.97290802001953,72.9995037948619,72.91084895741051,72.95517975810147,4105600
2022-09-06,72.8133316040039,72.87539067087187,72.8133316040039,72.86652992127001,4991800
2022-09-07,72.91971588134766,72.91971588134766,72.83992855746503,72.85765681923989,4425300
2022-09-08,72.8310546875,72.89311374419088,72.82218717542133,72.87537872003355,4979800
2022-09-09,72.76898956298828,72.85764438459282,72.74239379289985,72.83104861450438,4072200
2022-09-12,72.76014709472656,72.82220616760259,72.74241882987555,72.81333865321125,3139400
2022-09-13,72.51188659667969,72.56507813740753,72.46755580345356,72.5384823670436,6543600
2022-09-14,72.44982147216797,72.51188051912544,72.44095396148009,72.44982147216797,4744800
2022-09-15,72.37004852294922,72.42324683867204,72.37004852294922,72.40551181212084,3592100
2022-09-16,72.40550231933594,72.43209809174509,72.33457575029159,72.3434432624046,4366200
2022-09-19,72.32572937011719,72.34345763393516,72.28139856467537,72.2991335924246,4378200
2022-09-20,72.29024505615234,72.40549564728181,72.26364928619395,72.29024505615234,15975300
2022-09-21,72.22821807861328,72.29914467261753,72.09523240583839,72.29027715738393,4475800
2022-09-22,72.09519958496094,72.1572586354796,72.05973630410324,72.14839112428287,6605100
2022-09-23,72.00656127929688,72.11294438233942,71.98882625283595,72.09521611980925,10192800
2022-09-26,71.84696960449219,71.98881597627697,71.81150632056355,71.97108771627755,6145800
2022-09-27,71.84696960449219,71.91789617234947,71.82037383252816,71.90902866038486,15088300
2022-09-28,72.15726470947266,72.15726470947266,72.01541833803087,72.07747739377349,7793400
2022-09-29,72.05977630615234,72.08637209057724,71.97998895287763,72.03318052172745,4734800
2022-09-30,71.99769592285156,72.12181405607316,71.9711001462942,72.06862250295846,8447100
2022-10-03,72.15574645996094,72.27115737905122,72.11136337587652,72.14686713396755,8906600
2022-10-04,72.18233489990234,72.27111456135538,72.16458303137408,72.20009354136785,6219800
2022-10-05,72.11133575439453,72.13796694923265,72.04919404212605,72.10245643180228,7175900
2022-10-06,72.02254486083984,72.12019707533479,72.02254486083984,72.1113245270626,5100100
2022-10-07,71.93376922607422,71.97815905749385,71.93376922607422,71.96040041575105,4619000
2022-10-10,71.9071273803711,71.95151720521253,71.87161687508522,71.94263788565698,2934800
2022-10-11,71.94264221191406,72.01366322675665,71.94264221191406,71.96927339924585,3836500
2022-10-12,72.013671875,72.02254442321828,71.95153017278422,71.9604027210025,8787600
2022-10-13,71.80059814453125,71.8893777970333,71.72070458480327,71.72958390464079,5751300
2022-10-14,71.7651138305664,71.89827658498396,71.74736195734896,71.8805247117665,5506000
2022-10-17,71.84498596191406,71.89824833357677,71.83610664232482,71.8893757869239,4013800
2022-10-18,71.88050842285156,71.92489148230703,71.83611859045858,71.91601893417844,7012000
2022-10-19,71.74734497070312,71.80060735068432,71.73846564972712,71.77397616069372,4349100
2022-10-20,71.66743469238281,71.74732824372843,71.66743469238281,71.70293842213474,5797300
2022-10-21,71.8538589477539,71.8982419959151,71.72957557620529,71.75620675968918,5180300
2022-10-24,71.83612060546875,71.88051043910686,71.79173754476832,71.81836873577612,3680100
2022-10-25,71.9071273803711,71.98702093756206,71.88937551419633,71.94263788565698,5113300
2022-10-26,71.96929931640625,72.00480983661538,71.91603692256214,71.92490947291003,6039900
2022-10-27,72.1202163696289,72.12909569321418,72.01369157836324,72.04920209976493,4010800
2022-10-28,72.013671875,72.07581357721578,71.98703391153246,72.03142374437412,4464100
2022-10-31,71.9071273803711,71.93375856610142,71.87161687508522,71.91600669992665,6845900
2022-11-01,71.83689880371094,72.02364902911451,71.83689880371094,72.01476100748768,5349700
2022-11-02,71.80131530761719,71.99696030927323,71.75685485208064,71.88135498318024,5714700
2022-11-03,71.66790771484375,71.7123749472756,71.64123008928348,71.64123008928348,4834000
2022-11-04,71.7479476928711,71.7746253185491,71.65012520888703,71.70348046024303,4347200
2022-11-07,71.68570709228516,71.71238472148153,71.67681228763703,71.71238472148153,4391400
2022-11-08,71.75684356689453,71.7746263893628,71.71237633360305,71.72127113721079,7092100
2022-11-09,71.87246704101562,71.89024986797861,71.76574972499093,71.78353933670284,4587600
2022-11-10,72.26375579833984,72.29043343068501,72.17482809560636,72.18371611655553,6631600
2022-11-11,72.24595642089844,72.281528854133,72.18370635892494,72.20149596791617,4246000
2022-11-14,72.18370819091797,72.18370819091797,72.13035293208594,72.17482017094467,7192100
2022-11-15,72.25483703613281,72.26373183888168,72.19258698638384,72.25483703613281,21231100
2022-11-16,72.26375579833984,72.299328236383,72.24596618694386,72.29043343068501,8253300
2022-11-17,72.17481994628906,72.20149757562203,72.13924751226241,72.20149757562203,5450000
2022-11-18,72.09477996826172,72.19260246523376,72.09477996826172,72.16592483601376,4372600
2022-11-21,72.07698822021484,72.1570210979664,72.06809341666006,72.14812629441161,3435700
2022-11-22,72.13035583496094,72.13925064004027,72.08588859431264,72.12146102988162,3421500
2022-11-23,72.19259643554688,72.20149123945997,72.10366875065829,72.12145157373702,4071000
2022-11-25,72.20150756835938,72.21039558953511,72.16593512940949,72.1748299353342,1539000
2022-11-28,72.21928405761719,72.2548564934453,72.20150123207733,72.21928405761719,4330000
2022-11-29,72.19259643554688,72.2370636703649,72.19259643554688,72.21927406253872,4708500
2022-11-30,72.40602111816406,72.40602111816406,72.13034327145688,72.15702089729987,10368900
2022-12-01,72.56197357177734,72.56197357177734,72.41939489735937,72.44613349770678,23602200
2022-12-02,72.54415130615234,72.55305737400055,72.39265977190703,72.43721730524831,5163300
2022-12-05,72.33920288085938,72.4728686947569,72.33920288085938,72.46395582755687,6591300
2022-12-06,72.41939544677734,72.43722118047752,72.36593184272769,72.37484470957777,4237200
2022-12-07,72.57089233398438,72.57979840296495,72.49069012347753,72.50851585849058,5160400
2022-12-08,72.4996109008789,72.55307451469918,72.49069803239996,72.52634270778904,4121000
2022-12-09,72.46395874023438,72.53524808364861,72.46395874023438,72.49069054438321,4623400
2022-12-12,72.41939544677734,72.50851051822737,72.39266364475252,72.49959765137727,4593800
2022-12-13,72.63324737548828,72.7312684935563,72.61542164573558,72.70452989892725,5790700
2022-12-14,72.64217376708984,72.7312888437398,72.56197835633587,72.69564417278498,5651700
2022-12-15,72.65198516845703,72.69664184999147,72.61626118596007,72.68770915095399,6162800
2022-12-16,72.72344970703125,72.76810639874289,72.59841914662407,72.6073518476973,3987700
2022-12-19,72.63414764404297,72.69666292812549,72.63414764404297,72.69666292812549,4845600
2022-12-20,72.63414764404297,72.652006233643,72.58055824793298,72.59842365118796,3735600
2022-12-21,72.70560455322266,72.72346314501455,72.67880644505115,72.71453044229072,5219300
2022-12-22,72.66092681884766,72.74130067912763,72.66092681884766,72.68771810560764,6612800
2022-12-23,72.62519836425781,72.64305694978127,72.60733977873437,72.6162656646694,2737200
2022-12-27,72.52696990966797,72.57162660060646,72.48232003238388,72.56269389968789,3969500
2022-12-28,72.52696990966797,72.56269389968789,72.52696990966797,72.54483531150512,4308900
2022-12-29,72.58057403564453,72.58950673921505,72.54485684867527,72.57164814573042,4149000
2022-12-30,72.49124908447266,72.58055565659419,72.4823231968188,72.51804037474365,6051600
2023-01-03,72.55376434326172,72.60735373744136,72.52697305299924,72.59842103613563,7190500
2023-01-04,72.62519836425781,72.67878093448155,72.58947437955753,72.66092234895811,4098500
2023-01-05,72.52696990966797,72.56269389968789,72.4733873314653,72.50017862056664,4879300
2023-01-06,72.80381774902344,72.81275044938177,72.57162204893885,72.59841333635984,6357400
2023-01-09,72.87525939941406,72.89312479858009,72.81274412963974,72.81274412963974,6204800
2023-01-10,72.81275177001953,72.83061717106021,72.76810189472603,72.81275177001953,3993000
2023-01-11,72.87525939941406,72.88419209899708,72.80381143005673,72.81274412963974,6779700
2023-01-12,73.03601837158203,73.04495107170905,72.94671181127322,73.00029438472775,5571100
2023-01-13,72.91098022460938,73.01815217400126,72.8931216398706,72.98242819087064,4546500
2023-01-17,72.95564270019531,72.98243398625745,72.91991871422792,72.92885141413316,5843400
2023-01-18,73.11640167236328,73.13426025960516,73.08067768422549,73.10746897191532,4551600
2023-01-19,73.09851837158203,73.1253096527114,73.07172709045267,73.10745106984261,4791800
2023-01-20,73.03601837158203,73.04495107170905,72.99136849825452,73.02708567145501,4042100
2023-01-23,72.96460723876953,73.00926394829867,72.94674864315222,72.99140535268135,5559300
2023-01-24,72.99136352539062,73.01815481029261,72.93777414193332,72.9645654268353,4179100
2023-01-25,73.03601837158203,73.0628096583093,73.00922708485477,73.01815978498179,3169400
2023-01-26,72.99136352539062,73.03601339567616,72.98243082587219,73.01815481029261,5417000
2023-01-27,72.99136352539062,72.99136352539062,72.9556395409702,72.97349812635375,3822700
2023-01-30,72.9199447631836,72.93780335572005,72.91101206008734,72.93780335572005,6446200
2023-01-31,73.05389404296875,73.05389404296875,72.95565476872079,73.00030464832594,7241100
2023-02-01,73.1809310913086,73.1809310913086,72.94829631686072,73.04671845888336,8447400
2023-02-02,73.18989562988281,73.24357796347326,73.16304763674812,73.23462863242837,10328800
2023-02-03,72.92145538330078,73.03776935771882,72.92145538330078,73.01092819641758,7167500
2023-02-06,72.71569061279297,72.81411279416297,72.71569061279297,72.78727162221492,4079000
2023-02-07,72.75144958496094,72.84987172367198,72.71565909576258,72.76934824272904,4900000
2023-02-08,72.7782974243164,72.79619608372711,72.73356442846656,72.76935492094951,5112700
2023-02-09,72.72466278076172,72.82308499303583,72.70677093595866,72.81413565746284,4328600
2023-02-10,72.68883514404297,72.76041613938602,72.68883514404297,72.75146680838327,5046300
2023-02-13,72.70671844482422,72.70671844482422,72.66197862560243,72.66197862560243,4934400
2023-02-14,72.55461120605469,72.64409084949399,72.55461120605469,72.61724968699755,7889600
2023-02-15,72.56356048583984,72.59935097792331,72.5456686529673,72.56356048583984,5025800
2023-02-16,72.572509765625,72.62619209054417,72.54566860316541,72.58145909522432,6081600
2023-02-17,72.63516998291016,72.63516998291016,72.54569713074814,72.56358897064412,3773700
2023-02-21,72.49198150634766,72.56356249249407,72.49198150634766,72.54567065912676,6391400
2023-02-22,72.52777862548828,72.57251845250182,72.50988679048638,72.54567728682937,3889600
2023-02-23,72.572509765625,72.58145909522432,72.51882744070583,72.54566860316541,4072900
2023-02-24,72.42041778564453,72.4651507886802,72.39357661855523,72.45620828387679,4189600
2023-02-27,72.48304748535156,72.48304748535156,72.44725698808988,72.4740981544513,3246600
2023-02-28,72.46513366699219,72.48303232504908,72.41145134549734,72.43829250624476,3978100
2023-03-01,72.33245849609375,72.43107791295918,72.32349122910037,72.40418295199963,5386100
2023-03-02,72.3593521118164,72.36831937864308,72.29659492407063,72.31452945772398,6623600
2023-03-03,72.4041976928711,72.41315812166816,72.33247322236274,72.41315812166816,6045000
2023-03-06,72.36831665039062,72.44004110225909,72.35934938390201,72.44004110225909,3862300
2023-03-07,72.21591186523438,72.40418343322318,72.2069445981814,72.3952161661702,6748700
2023-03-08,72.18004608154297,72.28762592079696,72.15315112172948,72.2517636943722,7627900
2023-03-09,72.41316223144531,72.43109677010126,72.28764782094315,72.3055823595991,6480300
2023-03-10,72.80762481689453,72.8165920843523,72.6193532404071,72.70003812746417,10588600
2023-03-13,73.53382110595703,73.56072291013959,73.2379696601629,73.38141174902954,12061400
2023-03-14,73.25589752197266,73.34554968271978,73.05865866431614,73.22900255775066,18453100
2023-03-15,73.68624114990234,73.88348001741011,73.52486451648889,73.74003108103291,13411600
2023-03-16,73.39038848876953,73.77589898488293,73.35452625191918,73.73106947881442,8516600
2023-03-17,73.75794982910156,73.84760882346997,73.51588832836129,73.52485559580232,8629700
2023-03-20,73.66829681396484,73.84760796058553,73.59657235531657,73.82967342591304,4907700
2023-03-21,73.39038848876953,73.5159028977346,73.37245395033321,73.43521799483804,4840900
2023-03-22,73.73103332519531,73.74896785483753,73.31862806367045,73.36345754775705,8003600
2023-03-23,73.94622039794922,73.98207578386642,73.73104704232476,73.78484380124097,4930700
2023-03-24,73.98207092285156,74.17930973253758,73.93724827339004,74.14344750895651,8638700
2023-03-27,73.66829681396484,73.77588350193726,73.6503691193132,73.72209357796147,3942500
2023-03-28,73.58760833740234,73.64139825875353,73.56071337672675,73.61450329807793,9564900
2023-03-29,73.56071472167969,73.60553737695169,73.50691795932438,73.51588522638704,4047500
2023-03-30,73.56969451904297,73.56969451904297,73.48900961429729,73.48900961429729,4077300
2023-03-31,73.65935516357422,73.65935516357422,73.52487347933241,73.54280117855411,6451500
2023-04-03,73.74919128417969,73.74919128417969,73.56050631457948,73.58746033094526,9610600
2023-04-04,73.91989135742188,73.94685222482191,73.67729839113154,73.67729839113154,4905400
2023-04-05,74.01873779296875,74.22539667541565,74.0097576909352,74.07265268036866,7535500
2023-04-06,73.99177551269531,74.0726444072431,73.97380845559522,74.02771648193445,4666600
2023-04-10,73.73119354248047,73.78510841282832,73.72221344328712,73.76713450436652,3702300
2023-04-11,73.72222900390625,73.76715007446718,73.65933402108975,73.76715007446718,2725400
2023-04-12,73.8031005859375,73.85700861959599,73.74919255227901,73.83904156005646,6091300
2023-04-13,73.84801483154297,73.94685077829345,73.83004092029454,73.91090981083522,3350600
2023-04-14,73.67731475830078,73.72224269224269,73.64137378215531,73.72224269224269,3161000
2023-04-17,73.56949615478516,73.62341104969299,73.54254213485159,73.61442409136824,3293300
2023-04-18,73.55150604248047,73.62338797646966,73.53353213146391,73.5694730984585,3581200
2023-04-19,73.48863220214844,73.54254024062709,73.47964524405516,73.52457317948104,5923200
2023-04-20,73.6683120727539,73.67729902863168,73.62339100344266,73.64135806015939,4592300
2023-04-21,73.62336730957031,73.7491572312215,73.61438035658477,73.74017027823596,3348200
2023-04-24,73.70423889160156,73.7222127999065,73.66829793002917,73.66829793002917,1906000
2023-04-25,73.99177551269531,74.01872952586493,73.83004457863866,73.83903153470818,3373400
2023-04-26,73.90191650390625,74.00075244216254,73.8480084848712,73.99176548731069,4804200
2023-04-27,73.7581787109375,73.8390476231054,73.72224458890783,73.81209360406292,3452200
2023-04-28,73.83901977539062,73.83901977539062,73.76713784836,73.8210527211519,4325300
2023-05-01,73.67784118652344,73.75889849254577,73.66884016330658,73.75889849254577,3339700
2023-05-02,73.92098999023438,73.97502360170256,73.6958407811055,73.70484180234448,5394100
2023-05-03,74.10111236572266,74.11012025867,73.94801254066343,73.97502934849634,4568800
2023-05-04,74.21819305419922,74.38930179113117,74.10111106097267,74.10111106097267,8624900
2023-05-05,74.03805541992188,74.10109691539067,74.0020307266529,74.09208902432151,3375100
2023-05-08,73.92098999023438,74.00204040743665,73.92098999023438,73.93899890372091,3166700
2023-05-09,73.9029769897461,73.92999379649794,73.86695229040735,73.92099277491988,4479100
2023-05-10,74.08309936523438,74.12812508546973,73.99304105375492,74.01104996764732,4931800
2023-05-11,74.12812805175781,74.23620215246305,74.11011913714478,74.22719425965202,7866500
2023-05-12,74.00202941894531,74.12811240765485,73.99302839904288,74.11010349684244,8635100
2023-05-15,74.01103210449219,74.02003999476862,73.98401530466995,74.00202421421575,3605100
2023-05-16,73.92098999023438,73.97502360170256,73.86694950775761,73.95701468821602,6905300
2023-05-17,73.83991241455078,73.91196179071855,73.8038877264669,73.9029539009459,4660300
2023-05-18,73.70484161376953,73.77689100954849,73.68683270032908,73.74987420388352,4385700
2023-05-19,73.65081024169922,73.79490903763828,73.59677662872646,73.65081024169922,5650300
2023-05-22,73.62379455566406,73.72286076162763,73.605785641402,73.66882714783254,4024300
2023-05-23,73.61477661132812,73.64179341453666,73.542734093108,73.5787519167141,8964000
2023-05-24,73.52472686767578,73.63280096409638,73.50671795377671,73.62379307164248,5761400
2023-05-25,73.36258697509766,73.5066857071104,73.35357908659543,73.46165313560499,7552600
2023-05-26,73.3446044921875,73.3536055129267,73.24553829599063,73.31758768795348,3728700
2023-05-30,73.48872375488281,73.49773164998263,73.34463178833961,73.37164860262828,4441800
2023-05-31,73.56075286865234,73.59677756809691,73.47969557714983,73.52472816920776,7230400
2023-06-01,73.67540740966797,73.70248953526483,73.61221348740162,73.62124315847423,5119300
2023-06-02,73.4677734375,73.60319096625997,73.43166163732258,73.59416129431021,9465300
2023-06-05,73.48582458496094,73.5670709605819,73.37748919651212,73.4045713217191,5934100
2023-06-06,73.44971466064453,73.50387891243886,73.42263253474736,73.48582645771442,4313400
2023-06-07,73.3955307006836,73.46774738781073,73.35038924456234,73.44066526918566,6869400
2023-06-08,73.51290893554688,73.54902073278966,73.46776746708814,73.49485648073602,4306300
2023-06-09,73.37748718261719,73.44068110223938,73.37748718261719,73.44068110223938,4022200
2023-06-12,73.44068908691406,73.44068908691406,73.37749516042125,73.43165941523755,3824300
2023-06-13,73.30525970458984,73.52193046404977,73.27817758156243,73.52193046404977,4872200
2023-06-14,73.2601318359375,73.40457213451444,73.16082611733171,73.38651968005017,6175900
2023-06-15,73.41358947753906,73.42261914706535,73.3503955660946,73.38650735657998,6384600
2023-06-16,73.31429290771484,73.34137503204731,73.23304653471746,73.28721078338238,5079900
2023-06-20,73.34137725830078,73.3955483962307,73.32332480407138,73.32332480407138,4787500
2023-06-21,73.34137725830078,73.37748905438045,73.28721300799172,73.29624267891684,20688500
2023-06-22,73.2601318359375,73.3594375545433,73.2511021648949,73.32332575799383,4198700
2023-06-23,73.3233413696289,73.42264710937837,73.29625923835584,73.39556497810533,3892900
2023-06-26,73.37748718261719,73.39554652400678,73.33235260438457,73.38651685331197,3101500
2023-06-27,73.2691421508789,73.40455274264073,73.25108281356458,73.3684409556312,3574100
2023-06-28,73.35041046142578,73.35041046142578,73.2601344106898,73.30526899224719,4298900
2023-06-29,73.16983032226562,73.18788277044689,73.14274131856591,73.178853102547,4646400
2023-06-30,73.19691467285156,73.20593745340838,73.15177321959253,73.19691467285156,6958700
2023-07-03,73.11185455322266,73.22951855702347,73.1028018825077,73.14805833091793,3600000
2023-07-05,73.09375,73.16615064416708,73.08469733004263,73.15710487937366,6037200
2023-07-06,73.04850769042969,73.05756036213877,72.90369946891086,72.9851527987967,8592000
2023-07-07,73.12994384765625,73.19329871842982,73.09374007790521,73.10278584147069,3944100
2023-07-10,73.2385482788086,73.25665361627232,73.15709497571092,73.16614073927975,2858000
2023-07-11,73.2295150756836,73.25666618137315,73.21140973511442,73.2295150756836,3658500
2023-07-12,73.44672393798828,73.47387504113141,73.40146749597402,73.41957283484516,5068800
2023-07-13,73.65489959716797,73.65489959716797,73.5643936028224,73.60059738159359,4954800
2023-07-14,73.46484375,73.58250777141193,73.46484375,73.55534975520224,4248900
2023-07-17,73.49197387695312,73.51913188540841,73.46482277366144,73.50102654643823,4027500
2023-07-18,73.49197387695312,73.59153252579839,73.48292811263164,73.5643814225067,2590600
2023-07-19,73.51914978027344,73.55534665669708,73.4829459986845,73.53724821848526,7015800
2023-07-20,73.4286117553711,73.44671709255476,73.37430955414595,73.4286117553711,8745700
2023-07-21,73.43766784667969,73.4557731847072,73.40146407578793,73.43766784667969,3891900
2023-07-24,73.34716796875,73.4648250550556,73.34716796875,73.44672662068697,4127300
2023-07-25,73.33811950683594,73.34717217712156,73.30191573085764,73.3200210714289,3275700
2023-07-26,73.41053009033203,73.43768119714592,73.30191875791196,73.36527364219921,4339700
2023-07-27,73.30193328857422,73.39243929761639,73.2928875212861,73.3743408578743,5591500
2023-07-28,73.40148162841797,73.41958697077503,73.3562320828551,73.3833831912258,6008600
2023-07-31,73.4195785522461,73.44672965750355,73.3833747768481,73.3833747768481,4066700
2023-08-01,73.35787200927734,73.42139982425009,73.34880254135949,73.38510118280479,4957400
2023-08-02,73.3941650390625,73.41231782002617,73.33064415220446,73.3941650390625,4046400
2023-08-03,73.42139434814453,73.44861659638366,73.3760193189077,73.40324156714682,4109400
2023-08-04,73.56657409667969,73.58471995247551,73.50305321650927,73.50305321650927,3590400
2023-08-07,73.59380340576172,73.6119561865566,73.55750476742932,73.56658115782676,10383600
2023-08-08,73.63009643554688,73.64824921495902,73.59379779997943,73.61195057939156,3017000
2023-08-09,73.58473205566406,73.64825986954021,73.57566258790276,73.62103069648279,3198100
2023-08-10,73.54843139648438,73.66639677236027,73.54843139648438,73.62102174603885,3867900
2023-08-11,73.4758529663086,73.53029747325081,73.46677657406529,73.48492935855188,3596100
2023-08-14,73.41234588623047,73.45771400946947,73.40326949227864,73.43049175087405,3217200
2023-08-15,73.43954467773438,73.50306556857937,73.42139881888917,73.43954467773438,4782100
2023-08-16,73.40323638916016,73.49397951797523,73.40323638916016,73.4667572716564,3794300
2023-08-17,73.48490905761719,73.50305491383203,73.42138817597996,73.48490905761719,6059400
2023-08-18,73.51213073730469,73.54842937271162,73.49397795797282,73.51213073730469,3090600
2023-08-21,73.43046569824219,73.47584072864251,73.43046569824219,73.46676433791092,2642200
2023-08-22,73.3941650390625,73.43954006821427,73.3941650390625,73.42139421050801,2734400
2023-08-23,73.53028106689453,73.55750331429171,73.4849129623183,73.4849129623183,5509000
2023-08-24,73.48490905761719,73.53935354951857,73.47583266788133,73.47583266788133,3653100
2023-08-25,73.43954467773438,73.50306556857937,73.39416964573458,73.45769053657958,4682300
2023-08-28,73.48490905761719,73.48490905761719,73.42138817597996,73.44861042193064,2798300
2023-08-29,73.64826965332031,73.64826965332031,73.44863056392525,73.44863056392525,5272000
2023-08-30,73.64826965332031,73.70271416015215,73.63919326109543,73.69363776792726,4512400
2023-08-31,73.72086334228516,73.72993973491891,73.65734244036697,73.68456469500919,3948700
2023-09-01,73.68081665039062,73.80818138223324,73.67172412729995,73.80818138223324,4157300
2023-09-05,73.58983612060547,73.67171740695353,73.58073665748753,73.65351848071766,4130000
2023-09-06,73.5079574584961,73.61712324607404,73.4988579959125,73.61712324607404,5001100
2023-09-07,73.64443969726562,73.64443969726562,73.5716647944567,73.58075731927116,3130700
2023-09-08,73.60803985595703,73.6899142067976,73.60803985595703,73.67172222022985,3581600
2023-09-11,73.6262435913086,73.6262435913086,73.59895213667342,73.60805160183789,2750500
2023-09-12,73.58983612060547,73.60803504684134,73.58073665748753,73.60803504684134,3358400
2023-09-13,73.653564453125,73.67176339072013,73.59898152206168,73.59898152206168,3489500
2023-09-14,73.63533020019531,73.69901256351159,73.62623073661955,73.68991309993582,3349300
2023-09-15,73.5989761352539,73.65355906232224,73.5989761352539,73.61716813065651,4055900
2023-09-18,73.58983612060547,73.60803504684134,73.57164413522628,73.58983612060547,2676700
2023-09-19,73.5352554321289,73.58983833076248,73.5352554321289,73.57164634483692,3162800
2023-09-20,73.48977661132812,73.62624082022614,73.48067714650612,73.60804883144013,3583600
2023-09-21,73.52616882324219,73.5534602773303,73.49887736915406,73.49887736915406,5170800
2023-09-22,73.5989761352539,73.62626759878808,73.55348573545662,73.56258520358818,3908000
2023-09-25,73.57166290283203,73.60805382373016,73.57166290283203,73.58075542741271,3439100
2023-09-26,73.58074188232422,73.59894080985237,73.55345043188917,73.58984134608829,14216300
2023-09-27,73.52616882324219,73.60805012636466,73.48977790417199,73.60805012636466,5777600
2023-09-28,73.653564453125,73.653564453125,73.56259058773244,73.58988205326412,4522600
2023-09-29,73.66263580322266,73.72631817877453,73.66263580322266,73.70811924812635,6015100
2023-10-02,73.58872985839844,73.62521494213289,73.57960684776027,73.5978528690366,5671000
2023-10-03,73.53400421142578,73.63433644994328,73.53400421142578,73.60696741858737,6707600
2023-10-04,73.69818115234375,73.69818115234375,73.58872590701763,73.625210988793,5927000
2023-10-05,73.77115631103516,73.78027932266176,73.7529172466009,73.77115631103516,4665400
2023-10-06,73.70730590820312,73.71642891942881,73.65258175848628,73.67082082211901,3456700
2023-10-09,73.92621612548828,73.92621612548828,73.83499993123789,73.83499993123789,4119300
2023-10-10,73.880615234375,73.90797731179146,73.82589107954207,73.84413014487995,5135700
2023-10-11,73.86237335205078,73.86237335205078,73.80764224048593,73.83500431685884,3131500
2023-10-12,73.77115631103516,73.80764139872261,73.7620402582275,73.79852534591495,5362000
2023-10-13,73.81678009033203,73.84414217220508,73.79854102202347,73.84414217220508,3506100
2023-10-16,73.77115631103516,73.78940233428835,73.7620402582275,73.78940233428835,2967800
2023-10-17,73.60699462890625,73.67084180803633,73.58875556007793,73.67084180803633,4245000
2023-10-18,73.60699462890625,73.652602739208,73.57963254625345,73.62524065655519,5232700
2023-10-19,73.70730590820312,73.71642891942881,73.61609667240216,73.62521968362785,5556600
2023-10-20,73.82589721679688,73.85325929648798,73.78028911143178,73.78028911143178,3660500
2023-10-23,73.87149047851562,73.87149047851562,73.78940424820394,73.80764331311127,4261800
2023-10-24,73.85325622558594,73.87149529168165,73.7985320684792,73.84413321312829,13761400
2023-10-25,73.77115631103516,73.8258874219758,73.7620402582275,73.81676441034921,4773400
2023-10-26,73.91709899902344,73.93533806403441,73.84412882134123,73.84412882134123,4710800
2023-10-27,73.96269989013672,73.97182290202085,73.91709874835435,73.94446082518759,3858100
2023-10-30,73.93533325195312,73.94445626327442,73.88973211298406,73.90797117680795,4816700
2023-10-31,73.90797424316406,73.92622026656366,73.88973517858346,73.88973517858346,3917400
2023-11-01,74.07262420654297,74.10006416966223,73.90797744919992,73.90797744919992,7362900
2023-11-02,74.08177185058594,74.16409872484122,74.05433188537684,74.14580076228317,7828400
2023-11-03,74.28301239013672,74.31960133900056,74.19154350729133,74.25557242314595,8024300
2023-11-06,74.14578247070312,74.20981136660458,74.14578247070312,74.20981136660458,6061400
2023-11-07,74.20067596435547,74.2372649050708,74.15493804380459,74.16408702364015,4546600
2023-11-08,74.18238830566406,74.21897725146013,74.18238830566406,74.19153728677004,4422000
2023-11-09,74.07262420654297,74.2098240221393,74.07262420654297,74.20068202018452,6032900
2023-11-10,74.0909194946289,74.1549484051705,74.05433054880115,74.1549484051705,3916100
2023-11-13,74.11835479736328,74.11835479736328,74.03603490839957,74.05432589084904,7360300
2023-11-14,74.41106414794922,74.41106414794922,74.32874425369636,74.36533319957358,7956500
2023-11-15,74.27384185791016,74.31957977537634,74.24640189888102,74.31043079615782,5069400
2023-11-16,74.40191650390625,74.43850545044101,74.39277450124355,74.39277450124355,4086500
2023-11-17,74.3470458984375,74.39278383199967,74.32875491218995,74.38363484956146,3381800
2023-11-20,74.35618591308594,74.36533489442073,74.33788795041637,74.35618591308594,6247300
2023-11-21,74.40191650390625,74.43850545044101,74.38362551995286,74.40191650390625,2590400
2023-11-22,74.41106414794922,74.43850411270017,74.36533319957358,74.43850411270017,4803300
2023-11-24,74.35618591308594,74.38362587846227,74.34703693175116,74.3744768971275,1575200
2023-11-27,74.4476547241211,74.45680370544771,74.38362581209077,74.3927747934174,4004100
2023-11-28,74.5848388671875,74.60312984565509,74.44763210349001,74.46593006058349,20921000
2023-11-29,74.73120880126953,74.7677977471958,74.68547785283259,74.70376883648179,4423100
2023-11-30,74.68548583984375,74.71292580756597,74.64889689000458,74.70377682544903,5204200
2023-12-01,74.90291595458984,74.91209269607732,74.6918998989974,74.70106964068206,11831100
2023-12-04,74.7928237915039,74.84787724631983,74.75613082136466,74.80200053394049,4431100
2023-12-05,74.88457489013672,74.91209811678796,74.81117495253118,74.8295214370309,12180000
2023-12-06,74.86622619628906,74.90292616744016,74.85704945355036,74.90292616744016,6794600
2023-12-07,74.9212646484375,74.95795761243632,74.91208790753662,74.9212646484375,4977800
2023-12-08,74.7561264038086,74.8295193395536,74.7285961781257,74.78364962968836,3367800
2023-12-11,74.77446746826172,74.77446746826172,74.69189779660692,74.71942102049186,2963900
2023-12-12,74.78363037109375,74.80197685035456,74.74693041277081,74.75610715230188,3268600
2023-12-13,75.1598129272461,75.17816641124897,74.81117372902662,74.83869695522773,10843800
2023-12-14,75.28868103027344,75.34390275255996,75.25186420805215,75.27026910811738,9304300
2023-12-15,75.20584869384766,75.27027638343952,75.17823783003564,75.23345955765967,7178300
2023-12-18,75.19664001464844,75.23345683909791,75.18744107510452,75.22425789955399,3760500
2023-12-19,75.22423553466797,75.24264043037513,75.19661765797348,75.19661765797348,5159300
2023-12-20,75.32550048828125,75.34391241279799,75.2610727966561,75.29788962359785,5164000
2023-12-21,75.39910888671875,75.45433761967801,75.3714980312838,75.44513166050324,6662900
2023-12-22,75.42671203613281,75.43591799436706,75.38990224737317,75.42671203613281,3387900
2023-12-26,75.3899154663086,75.4267252615225,75.37150354661175,75.38070950646018,2503100
2023-12-27,75.4819564819336,75.50036138014609,75.42672774311589,75.4359337032672,2584700
2023-12-28,75.4727554321289,75.50957225303935,75.46354947137866,75.5003662922891,2408600
2023-12-29,75.50956726074219,75.53717811907688,75.45434554407278,75.45434554407278,5075600
