Price,Close,High,Low,Open,Volume
Ticker,SPY,SPY,SPY,SPY,SPY
Date,,,,,
1993-01-29,24.175373077392578,24.192567510591296,24.072206478200293,24.192567510591296,1003200
1993-02-01,24.347339630126953,24.347339630126957,24.192589590104962,24.192589590104962,480500
1993-02-02,24.398900985717773,24.416095419111517,24.27853995196159,24.330123252142812,201300
1993-02-03,24.656824111938477,24.674018549952383,24.41610197974382,24.433296417757724,529400
1993-02-04,24.759986877441406,24.81157018343608,24.467681476804948,24.742792442109852,531500
1993-02-05,24.742799758911133,24.79438308015973,24.605244235581534,24.74279975891113,492100
1993-02-08,24.742799758911133,24.82877196099213,24.70841087807873,24.74279975891113,596100
1993-02-09,24.570858001708984,24.656830213051563,24.51927467490344,24.656830213051563,122100
1993-02-10,24.605239868164062,24.62243430552826,24.502073243978888,24.570850993435673,379600
1993-02-11,24.725603103637695,24.828769736893488,24.63963090925787,24.63963090925787,19500
1993-02-12,24.536466598510742,24.691216563042346,24.536466598510746,24.691216563042346,42500
1993-02-16,23.917469024658203,24.467691173320365,23.883080140366822,24.467691173320365,374800
1993-02-17,23.90028190612793,23.95186524837137,23.814309669055525,23.91747635354241,210900
1993-02-18,23.88306999206543,24.17537538433693,23.556375730114933,24.17537538433693,378100
1993-02-19,23.96904182434082,23.96904182434082,23.84868078218129,23.883069651369727,34900
1993-02-22,24.055017471313477,24.089406345468323,23.96904528592637,24.037823034236055,513600
1993-02-23,24.037824630737305,24.140991260053774,23.917463563201423,24.12379682183436,373700
1993-02-24,24.347339630126953,24.347339630126957,24.055033998974302,24.055033998974302,26300
1993-02-25,24.398900985717773,24.416095419111517,24.27853995196159,24.330123252142812,44500
1993-02-26,24.433317184448242,24.450511637076286,24.312956016051945,24.450511637076286,66200
1993-03-01,24.364526748657227,24.519276742120823,24.330137861220873,24.519276742120823,66500
1993-03-02,24.725603103637695,24.725603103637695,24.347325448366465,24.381714326118395,182400
1993-03-03,24.828773498535156,24.845967940016134,24.725606849649274,24.759995732611234,280100
1993-03-04,24.69121742248535,24.863161833505444,24.69121742248535,24.863161833505444,89500
1993-03-05,24.6224365234375,24.82876979039368,24.605242084524484,24.72560315691559,40000
1993-03-08,25.172664642333984,25.172664642333984,24.674025793544583,24.674025793544583,50800
1993-03-09,25.086688995361328,25.138272317490244,25.035105673232415,25.121077876780607,169300
1993-03-10,25.13826560974121,25.13826560974121,24.983515684647045,25.086682301376488,194400
1993-03-11,25.069496154785156,25.22424613104926,25.035107271170908,25.15546836382077,70900
1993-03-12,24.811573028564453,24.880350777777384,24.656823092835364,24.863156340474152,643600
1993-03-15,24.931949615478516,24.931949615478512,24.794394031393114,24.794394031393114,310800
1993-03-16,24.931949615478516,25.000727407521214,24.931949615478512,24.931949615478512,30800
1993-03-17,24.77717399597168,24.897535007749475,24.74278513546374,24.897535007749475,21800
1993-03-18,24.931949615478516,25.035116303542562,24.88036627144649,24.88036627144649,59300
1993-03-19,24.894193649291992,25.03239874935746,24.894193649291992,25.03239874935746,66900
1993-03-22,24.75599479675293,24.80782172235674,24.635065303677372,24.65234094554531,183400
1993-03-23,24.80782699584961,24.842378286930177,24.773275704769038,24.825102641389893,55200
1993-03-24,24.80782699584961,24.91148086909132,24.652346185987042,24.773275704769038,37200
1993-03-25,24.963321685791016,25.015148651228643,24.790565134332255,24.825116444624005,110100
1993-03-26,24.825103759765625,24.963308930314078,24.80782811344707,24.94603328399552,101500
1993-03-29,24.928754806518555,25.049684317014485,24.842376584735746,24.842376584735746,87100
1993-03-30,24.997859954833984,24.997859954833984,24.92875737030093,24.963308662567457,56000
1993-03-31,24.9805908203125,25.136071676040586,24.9805908203125,25.06696907349477,111600
1993-04-01,24.894193649291992,25.015123111849274,24.842366736767442,25.015123111849274,129500
1993-04-02,24.375930786132812,24.686892341164985,24.375930786132812,24.686892341164985,59400
1993-04-05,24.496864318847656,24.565966898026353,24.427761739668963,24.565966898026353,172200
1993-04-06,24.427772521972656,24.548702088913114,24.35866991229239,24.548702088913114,129700
1993-04-07,24.514135360717773,24.51413536071777,24.41048151141241,24.46230843606509,28000
1993-04-08,24.479602813720703,24.617808051906845,24.375948885081094,24.617808051906845,180800
1993-04-12,24.825103759765625,24.84237940608418,24.686898589217172,24.721449881854287,348500
1993-04-13,24.876935958862305,24.963314208719467,24.790557709005146,24.807833358976577,146100
1993-04-14,24.842374801635742,24.911477374102045,24.825099158519166,24.89420173098547,119600
1993-04-15,24.842374801635742,24.89420173098547,24.73872094293629,24.825099158519166,148600
1993-04-16,24.842374801635742,24.89420173098547,24.807823515402593,24.85965044475232,47900
1993-04-19,24.73872184753418,24.91147828501696,24.721446203785902,24.84237571002385,157000
1993-04-20,24.617786407470703,24.738715884560033,24.462305651212993,24.70416460539165,279500
1993-04-21,24.600509643554688,24.669612198733212,24.531407088376163,24.669612198733212,67900
1993-04-22,24.28955841064453,24.70417391694287,24.28955841064453,24.4968661637937,97700
1993-04-23,24.18592071533203,24.30685031890869,24.151369400024414,24.237747688293457,106000
1993-04-26,23.995864868164062,24.289550759279102,23.92676230554876,24.20317255600997,62600
1993-04-27,24.255001068115234,24.255001068115234,23.961315157746316,23.961315157746316,156800
1993-04-28,24.20317840576172,24.27228098507867,24.168627116103245,24.22045405059096,85900
1993-04-29,24.306833267211914,24.30683326721191,24.11680116633108,24.255006330608047,85000
1993-04-30,24.34139060974121,24.479595808377073,24.34139060974121,24.393217559229658,88500
1993-05-03,24.496864318847656,24.49686431884766,24.272280936516896,24.375934805284942,80500
1993-05-04,24.583251953125,24.66963021016339,24.514149347494293,24.548700650309648,149100
1993-05-05,24.652353286743164,24.738731539324604,24.58325068467801,24.58325068467801,109000
1993-05-06,24.565969467163086,24.635072053568607,24.548693820561706,24.617796406967226,54700
1993-05-07,24.514135360717773,24.583237926921345,24.479584077615986,24.583237926921345,68000
1993-05-10,24.565969467163086,24.70417463997413,24.548693820561706,24.548693820561706,113900
1993-05-11,24.669641494750977,24.669641494750977,24.49688490165048,24.565987538890678,42600
1993-05-12,24.635068893432617,24.65234453781791,24.56596631589143,24.56596631589143,31000
1993-05-13,24.34139060974121,24.53142275786552,24.32411495991173,24.53142275786552,129100
1993-05-14,24.324098587036133,24.410476778041232,24.306822948835112,24.341374225237153,63500
1993-05-17,24.410478591918945,24.41047859191895,24.289549115525862,24.393202952434223,34000
1993-05-18,24.39320945739746,24.445036389672385,24.306831236939253,24.42776074558074,105200
1993-05-19,24.894193649291992,24.894193649291992,24.23771942398103,24.393200161554677,50200
1993-05-20,24.963321685791016,24.963321685791016,24.84239209976988,24.894219065207512,98200
1993-05-21,24.73872184753418,25.015132147506627,24.721446203785902,24.980580860010072,221400
1993-05-24,24.842374801635742,24.92875301721862,24.790547872286016,24.790547872286016,30500
1993-05-25,24.894193649291992,24.946020561816542,24.894193649291992,24.946020561816542,191800
1993-05-26,25.20517349243164,25.222449142529268,24.9460387409673,24.963314391064923,102400
1993-05-27,25.1187744140625,25.239703864474084,25.084223142516336,25.239703864474084,53800
1993-05-28,24.997859954833984,25.101513831633575,24.876930431901133,25.101513831633575,79100
1993-06-01,25.239715576171875,25.32609379511839,25.04968349448954,25.084234782068144,28300
1993-06-02,25.20517349243164,25.291551742919758,25.06696829165066,25.170622192236397,20300
1993-06-03,25.1187744140625,25.153325685608667,25.066947506743254,25.153325685608667,21600
1993-06-04,25.03240966796875,25.04968531301221,24.92875579770801,25.04968531301221,32000
1993-06-07,24.946035385131836,25.084240567320933,24.94603538513184,25.084240567320933,121400
1993-06-08,24.721450805664062,24.876931628341197,24.721450805664062,24.876931628341197,104500
1993-06-09,24.80782699584961,24.91148086909132,24.773275704769038,24.80782699584961,43300
1993-06-10,24.825103759765625,24.84237940608418,24.738725528172843,24.79055246712851,17900
1993-06-11,24.928754806518555,24.963306095231676,24.825100940379183,24.911479162161992,647400
1993-06-14,24.894193649291992,24.980571836832908,24.894193649291992,24.963296199324724,64200
1993-06-15,24.842374801635742,24.946028660335198,24.842374801635742,24.92875301721862,142400
1993-06-16,24.894193649291992,24.894193649291992,24.77326418673471,24.842366736767442,330900
1993-06-17,24.9805908203125,24.9805908203125,24.89421256713023,24.94603951903959,37400
1993-06-18,24.774866104125977,24.9662449855483,24.774866104125977,24.9662449855483,58500
1993-06-21,24.827056884765625,24.84445496247044,24.792260729356006,24.84445496247044,29300
1993-06-22,24.844459533691406,24.86185761459735,24.809663371879513,24.86185761459735,137500
1993-06-23,24.618282318115234,24.844457350013116,24.618282318115234,24.844457350013116,227600
1993-06-24,24.9488582611084,24.9488582611084,24.687886940385507,24.687886940385507,243700
1993-06-25,24.93144989013672,25.001042213626285,24.91405180926433,24.93144989013672,44800
1993-06-28,25.209823608398438,25.209823608398438,25.01844468521529,25.053240853066768,439900
1993-06-29,25.088031768798828,25.175022170216298,25.053235608231837,25.175022170216298,207500
1993-06-30,25.088031768798828,25.175022170216298,25.053235608231837,25.122827929365815,437600
1993-07-01,25.018447875976562,25.122836392844334,24.983651703687304,25.122836392844334,605700
1993-07-02,24.879249572753906,24.94884187925112,24.79225918963239,24.931443802626816,285400
1993-07-06,24.618282318115234,24.914049667520153,24.583486159361716,24.844457350013116,246400
1993-07-07,24.6878662109375,24.7226623578169,24.600875843738987,24.600875843738987,343700
1993-07-08,24.96624755859375,25.018441804360844,24.670480165913546,24.705276329758274,248200
1993-07-09,25.035846710205078,25.035846710205075,24.914060103553627,24.966254363547105,378200
1993-07-12,25.018447875976562,25.03584596212119,24.966253617542673,25.00104978983193,373700
1993-07-13,25.001047134399414,25.10543564017979,24.861862460025584,25.03584330299287,389600
1993-07-14,25.088031768798828,25.157624089932803,25.001041367381355,25.01843944766485,617300
1993-07-15,24.983644485473633,25.070634891063726,24.93145024211958,25.070634891063726,443800
1993-07-16,24.914039611816406,25.01842804594413,24.879243467107166,25.00102997358951,216400
1993-07-19,24.896656036376953,24.914054118862193,24.827063706436,24.914054118862193,188200
1993-07-20,24.96624755859375,24.96624755859375,24.75747057552537,24.879257148981925,68500
1993-07-21,24.9488582611084,24.9488582611084,24.861867820867435,24.931460173060206,142700
1993-07-22,24.774866104125977,24.948846905418996,24.774866104125977,24.914050745160395,632400
1993-07-23,24.896656036376953,24.896656036376957,24.80966562395076,24.827063706436,286200
1993-07-26,25.035846710205078,25.088040970198556,24.966254363547105,24.966254363547105,121300
1993-07-27,25.018447875976562,25.07064213441045,24.931457445253418,25.05324404826582,92800
1993-07-28,24.96624755859375,25.018441804360844,24.93145139474902,24.96624755859375,30800
1993-07-29,25.10542869567871,25.175021013615453,24.98364213928942,25.018438298257788,331000
1993-07-30,24.96624755859375,25.10543221397267,24.93145139474902,25.10543221397267,75300
1993-08-02,25.035846710205078,25.12283714352754,25.00105053687609,25.00105053687609,41300
1993-08-03,25.053241729736328,25.15763023694356,24.96625130706363,25.088037898805403,81600
1993-08-04,25.053241729736328,25.105435983339945,24.98364939159817,25.053241729736328,434000
1993-08-05,25.001047134399414,25.0532413872896,24.966250965805955,25.0532413872896,36800
1993-08-06,25.035846710205078,25.088040970198556,25.00105053687609,25.070642883534063,402300
1993-08-09,25.175025939941406,25.244618271496186,25.053239359720543,25.105433608386626,828200
1993-08-10,25.15762710571289,25.175025188081985,25.122830940974698,25.15762710571289,604900
1993-08-11,25.15762710571289,25.227219435189273,25.140229023343792,25.140229023343792,542200
1993-08-12,25.088031768798828,25.22721641106678,25.001041367381355,25.22721641106678,303700
1993-08-13,25.122835159301758,25.140233244592135,25.105437074011384,25.105437074011384,103500
1993-08-16,25.26201629638672,25.331608627781723,25.140229716445457,25.140229716445457,241800
1993-08-17,25.34901237487793,25.349012374877933,25.244623854459764,25.244623854459764,369300
1993-08-18,25.488201141357422,25.540395409906278,25.41860878329228,25.43600687280857,414300
1993-08-19,25.488201141357422,25.505599230873706,25.453404962324853,25.505599230873706,28500
1993-08-20,25.505578994750977,25.50557899475098,25.41858861618771,25.43598669190036,80700
1993-08-23,25.453401565551758,25.470799652746255,25.40120730396826,25.40120730396826,15600
1993-08-24,25.731765747070312,25.731765747070312,25.453396408359612,25.453396408359612,273400
1993-08-25,25.74916648864746,25.853555001439275,25.696972232251554,25.73176840318216,242300
1993-08-26,25.766557693481445,25.905742340036376,25.662169208565246,25.766557693481445,120000
1993-08-27,25.74916648864746,25.74916648864746,25.696972232251554,25.696972232251554,25700
1993-08-30,25.85355567932129,25.888351851164256,25.766565249713885,25.766565249713885,183500
1993-08-31,25.923133850097656,25.923133850097656,25.80134731523143,25.83614346805035,66500
1993-09-01,25.88833999633789,25.940534230201475,25.836145762474306,25.836145762474306,136500
1993-09-02,25.801366806030273,25.94055152244851,25.783968716477997,25.90575534334395,472400
1993-09-03,25.81877326965332,25.853569460043687,25.74918088887258,25.78397707926295,630500
1993-09-07,25.644779205322266,25.85355624091512,25.609983032723456,25.818760068316312,196400
1993-09-08,25.55777931213379,25.64476971142628,25.383798513548808,25.64476971142628,269900
1993-09-09,25.6099796295166,25.627377713504046,25.45339687362961,25.45339687362961,239200
1993-09-10,25.836158752441406,25.853556839143387,25.644779798719618,25.67957597212358,106500
1993-09-13,25.85355567932129,25.92314802300722,25.853555679321293,25.92314802300722,66900
1993-09-14,25.74916648864746,25.783962659578066,25.66217606132095,25.783962659578066,184500
1993-09-15,25.81877326965332,25.836171364848504,25.557801841725556,25.644792317701476,101000
1993-09-16,25.714357376098633,25.801347759644297,25.696959299389498,25.783949682935162,54300
1993-09-17,25.664501190185547,25.71702063327597,25.62948822812527,25.69951415224583,200900
1993-09-20,25.454421997070312,25.752032157971406,25.45442199707031,25.69951271781239,57800
1993-09-21,25.366893768310547,25.524452114697567,25.104296524332174,25.489439148833785,318200
1993-09-22,25.576974868774414,25.61198783916288,25.419416502026316,25.45442947241478,439700
1993-09-23,25.717025756835938,25.734532241353868,25.61198684972837,25.64699981876423,88500
1993-09-24,25.64701271057129,25.69953219052468,25.6119997239357,25.682025697206882,53500
1993-09-27,25.927108764648438,25.927108764648438,25.839576324524707,25.839576324524707,274600
1993-09-28,25.87457847595215,25.94460439875581,25.857071995251236,25.94460439875581,158300
1993-09-29,25.787057876586914,25.9446162750182,25.752044899157738,25.87459032015985,221000
1993-09-30,25.734535217285156,25.839574136539383,25.682015757658043,25.78705467691227,99300
1993-10-01,25.857088088989258,25.892101072183554,25.664516681420615,25.699529664614914,22700
1993-10-04,25.89209747314453,25.89209747314453,25.822071516489643,25.89209747314453,1038500
1993-10-05,25.857088088989258,25.944620546975003,25.76955563100351,25.944620546975003,436500
1993-10-06,25.839574813842773,25.979626709852763,25.839574813842773,25.87458778784527,209200
1993-10-07,25.7695369720459,25.87457584557326,25.75203049312467,25.87457584557326,59400
1993-10-08,25.804576873779297,25.857096365381288,25.61200540457199,25.839589868180624,54400
1993-10-11,25.857088088989258,25.909607563780703,25.857088088989258,25.857088088989258,467100
1993-10-12,25.89209747314453,25.909603962308253,25.87459098398081,25.89209747314453,26200
1993-10-13,25.89209747314453,25.909603962308253,25.857084494817087,25.909603962308253,139100
1993-10-14,26.22471046447754,26.22471046447754,25.927100265614975,25.997126194759108,108100
1993-10-15,26.36475372314453,26.41727315287191,26.277221340265562,26.347247246568738,1502500
1993-10-18,26.29474449157715,26.347263954609595,26.259731516222185,26.347263954609595,722400
1993-10-19,26.102161407470703,26.312239165277308,26.102161407470703,26.259719725825658,880100
1993-10-20,26.137182235717773,26.18970169098043,26.08466278045511,26.18970169098043,230400
1993-10-21,26.102161407470703,26.154680846922354,26.06714844783627,26.154680846922354,56200
1993-10-22,25.979631423950195,26.24222877661816,25.9796314239502,26.137189835550974,390700
1993-10-25,26.049644470214844,26.084657433212442,25.92709909972324,25.99712502571844,114500
1993-10-26,26.032148361206055,26.0496548496803,25.944615918834813,26.03214836120605,186200
1993-10-27,26.049644470214844,26.067150951713643,25.99712502571844,25.99712502571844,118400
1993-10-28,26.24222183227539,26.312247774456246,26.084663462368468,26.084663462368468,129600
1993-10-29,26.24222183227539,26.259728317820606,26.207208861184967,26.22471534673018,80700
1993-11-01,26.312252044677734,26.329758533064084,26.20721311435966,26.20721311435966,36400
1993-11-02,26.29474449157715,26.32975746693211,26.137186102479816,26.27723800389967,262100
1993-11-03,25.962120056152344,26.277236820151497,25.83957464793045,26.277236820151497,479100
1993-11-04,25.682010650634766,25.962114379612377,25.664504167573664,25.962114379612377,130400
1993-11-05,25.804576873779297,25.804576873779297,25.506966421368002,25.61200540457199,363200
1993-11-08,25.839574813842773,25.90960076184777,25.75204237883653,25.822068326841524,367600
1993-11-09,25.857088088989258,26.032153004960747,25.839581597392108,26.014646513363598,246900
1993-11-10,26.049644470214844,26.049644470214844,25.787047247732836,25.85707317372804,46500
1993-11-11,25.979631423950195,26.11968334537311,25.962124933772333,26.049657384661653,88900
1993-11-12,26.102161407470703,26.18969380655679,26.014629008384617,26.032135488201835,108200
1993-11-15,26.08465576171875,26.15468168322672,26.01462984021078,26.15468168322672,243300
1993-11-16,26.207202911376953,26.22470939294768,26.032138095669694,26.13717698509405,492600
1993-11-17,26.067157745361328,26.224716119913545,25.9971318011159,26.224716119913545,39600
1993-11-18,25.997135162353516,26.0846676039776,25.927109209054244,26.032148139003148,240800
1993-11-19,25.944599151611328,25.979612105931988,25.89207972013033,25.90958619729066,106000
1993-11-22,25.787057876586914,25.892096808874438,25.699525433013978,25.87459032015985,165300
1993-11-23,25.927108764648438,25.944615252673184,25.78705686045047,25.927108764648438,89700
1993-11-24,26.032148361206055,26.0496548496803,25.962122407309064,25.997135384257557,77200
1993-11-26,26.049644470214844,26.102163914711245,26.03213798871604,26.102163914711245,1019800
1993-11-29,25.944599151611328,26.172183354695637,25.944599151611325,26.11966392321464,517500
1993-11-30,25.962120056152344,26.084665464374236,25.90960059548582,25.92710708237466,230000
1993-12-01,25.997135162353516,26.119680580627232,25.997135162353512,26.102174092302416,379200
1993-12-02,26.067157745361328,26.084664231422686,25.9971318011159,26.04965125929997,352000
1993-12-03,26.17220115661621,26.17220115661621,26.049655733140415,26.049655733140415,306000
1993-12-06,26.259723663330078,26.29473662821452,26.20720421600342,26.20720421600342,99500
1993-12-07,26.24222183227539,26.27723480336582,26.207208861184967,26.259728317820606,88800
1993-12-08,26.24222183227539,26.242221832275394,26.207208861184967,26.242221832275394,146700
1993-12-09,26.15470314025879,26.277248603432696,26.11969015078053,26.242235613954435,416500
1993-12-10,26.102161407470703,26.17218732673957,26.049641968019053,26.17218732673957,412900
1993-12-13,26.259723663330078,26.259723663330078,26.06715235646566,26.1021653213501,273200
1993-12-14,26.067157745361328,26.27723557809762,26.067157745361328,26.27723557809762,41900
1993-12-15,26.032148361206055,26.11968080357729,26.03214836120605,26.102174315103042,82600
1993-12-16,26.119691848754883,26.137198344632065,26.08467885700052,26.137198344632065,78200
1993-12-17,26.26322364807129,26.28084997266731,26.157465700495163,26.175092025091182,104700
1993-12-20,26.298494338989258,26.316120675677585,26.227988992235932,26.245615328924263,68800
1993-12-21,26.2103328704834,26.263211820457474,26.17508023716735,26.263211820457474,205700
1993-12-22,26.386619567871094,26.40424590024776,26.227982576481086,26.280861573611087,410300
1993-12-23,26.368982315063477,26.421861290294217,26.333729664909647,26.368982315063477,533800
1993-12-27,26.5100040435791,26.5100040435791,26.36899338377283,26.36899338377283,447100
1993-12-28,26.562881469726562,26.580507801159694,26.474749812560916,26.492376143994044,880600
1993-12-29,26.527629852294922,26.598135180806004,26.51000352016715,26.580508848678235,266700
1993-12-30,26.421876907348633,26.51000858482478,26.368997900862947,26.51000858482478,219900
1993-12-31,26.28084945678711,26.509991672037433,26.263223132537085,26.47473902353738,312900
1994-01-03,26.2103328704834,26.31609077043155,26.17508023716735,26.280838137115502,960900
1994-01-04,26.31610107421875,26.316101074218754,26.210343132862214,26.24559577998106,164300
1994-01-05,26.368982315063477,26.38660864014039,26.245598039525078,26.351355989986562,710900
1994-01-06,26.368982315063477,26.421861290294217,26.333729664909647,26.404234965217302,201000
1994-01-07,26.527629852294922,26.545256184422694,26.351366531017213,26.4218718595283,775500
1994-01-10,26.844884872436523,26.844884872436523,26.492358478839193,26.56286375755866,593700
1994-01-11,26.791996002197266,26.827248628515946,26.703864436400565,26.827248628515946,295200
1994-01-12,26.703872680664062,26.809630592270654,26.61574108765857,26.809630592270654,158400
1994-01-13,26.633384704589844,26.68626369473794,26.598132044491116,26.633384704589844,244300
1994-01-14,26.739133834838867,26.792012807485218,26.721507510623415,26.721507510623415,137200
1994-01-17,26.739133834838867,26.77438648326977,26.686254862192513,26.739133834838867,17700
1994-01-18,26.77438735961914,26.809640009203893,26.72150838524201,26.77438735961914,166400
1994-01-19,26.703872680664062,26.774377955068456,26.65099372486077,26.73912531786626,200800
1994-01-20,26.77438735961914,26.792013684411515,26.72150838524201,26.73913471003439,281100
1994-01-21,26.721508026123047,26.809639648900497,26.703881701567553,26.809639648900497,85600
1994-01-24,26.61576271057129,26.827278705622188,26.61576271057129,26.70389437517583,373800
1994-01-25,26.61576271057129,26.651015376413106,26.562883711808567,26.633389043492198,310400
1994-01-26,26.686243057250977,26.70386937366924,26.580485158741393,26.61573779157792,145100
1994-01-27,26.933021545410156,26.968274191412,26.703879346398157,26.7391319924,344500
1994-01-28,27.00352668762207,27.09165830213781,27.003526687622074,27.03877933342837,356500
1994-01-31,27.197423934936523,27.25030291860782,27.0740396397035,27.109292295484362,313800
1994-02-01,27.056407928466797,27.16216587476699,27.021155279700064,27.16216587476699,303600
1994-02-02,27.23265838623047,27.232658386230465,27.126900489584912,27.144526805692504,307600
1994-02-03,27.10930061340332,27.17980594659813,27.02116894690981,27.17980594659813,466100
1994-02-04,26.49237060546875,27.14454473215028,26.492370605468746,27.109292076653983,1403200
1994-02-07,26.61576271057129,26.686268042254923,26.421873048441302,26.421873048441302,516400
1994-02-08,26.633384704589844,26.668637364688575,26.527626724293658,26.668637364688575,188200
1994-02-09,26.739133834838867,26.756760159054316,26.61574956533071,26.65100221376161,144600
1994-02-10,26.5100040435791,26.73914636576429,26.5100040435791,26.72152003328851,883900
1994-02-11,26.598133087158203,26.668638410119524,26.404243449014572,26.527627764196883,519400
1994-02-14,26.633384704589844,26.72151635483667,26.510000394244294,26.54525305434302,2742100
1994-02-15,26.77438735961914,26.792013684411515,26.651003086072507,26.68625573565726,374700
1994-02-16,26.75675392150879,26.809632881827973,26.703874961189598,26.809632881827973,287600
1994-02-17,26.598133087158203,26.897780709743813,26.527627764196883,26.880154379003486,342400
1994-02-18,26.43947410583496,26.633363582611082,26.368968841552732,26.615737266540528,313300
1994-02-22,26.703872680664062,26.703872680664062,26.509983176051982,26.509983176051982,154500
1994-02-23,26.633384704589844,26.756769014935397,26.54525305434302,26.739142684886033,391700
1994-02-24,26.28084945678711,26.54524432053748,26.263223132537085,26.54524432053748,770800
1994-02-25,26.404233932495117,26.404233932495117,26.26322333739501,26.31610231055755,531300
1994-02-28,26.404233932495117,26.545244527595226,26.404233932495117,26.47473923004517,333000
1994-03-01,26.298494338989258,26.457131369184232,26.15748364548261,26.40425235911924,423600
1994-03-02,26.333740234375,26.333740234375,25.89308193058693,25.963587259193023,581500
1994-03-03,26.26322364807129,26.29847629726333,26.192718349687205,26.29847629726333,223200
1994-03-04,26.333740234375,26.404245562981092,26.175103245011297,26.263234905768908,595800
1994-03-07,26.474742889404297,26.509995543051975,26.421863908932785,26.421863908932785,539800
1994-03-08,26.368982315063477,26.492366590601875,26.333729664909647,26.492366590601875,880300
1994-03-09,26.49237060546875,26.509996933216897,26.280854672490953,26.404238966728,2500100
1994-03-10,26.28084945678711,26.47473902353738,26.192717835536985,26.47473902353738,207400
1994-03-11,26.421876907348633,26.457129578339092,26.175108210415427,26.31611889437726,576600
1994-03-14,26.45711326599121,26.527618564501516,26.421860616736062,26.527618564501516,345900
1994-03-15,26.43947410583496,26.562858318328857,26.421847789764403,26.509979370117186,748600
1994-03-16,26.651012420654297,26.651012420654297,26.386617456163677,26.474749110993884,455500
1994-03-17,26.651012420654297,26.686265082586377,26.56288076582409,26.56288076582409,133000
1994-03-18,26.64518928527832,26.680645292311294,26.503365257146434,26.52109326066292,365500
1994-03-21,26.57429313659668,26.627477178898072,26.50338108019482,26.556565122496213,324800
1994-03-22,26.64518928527832,26.69837329582778,26.52109326066292,26.574277271212377,435700
1994-03-23,26.62746238708496,26.69837440409451,26.609734382832574,26.62746238708496,698500
1994-03-24,26.308366775512695,26.57428692486087,26.184270705816882,26.521102894991234,1200500
1994-03-25,26.060169219970703,26.397001339140395,26.060169219970707,26.326089314052037,100900
1994-03-28,26.095619201660156,26.131075206010237,25.865155173384625,26.095619201660156,1117200
1994-03-29,25.581514358520508,26.113354573874368,25.581514358520508,26.095626566695906,338400
1994-03-30,25.226953506469727,25.670153673484304,25.22695350646973,25.599241646761975,1123900
1994-03-31,25.297874450683594,25.351058489472695,24.695122011073753,25.226962398964787,788800
1994-04-04,24.907855987548828,24.978768033064984,24.58875178272614,24.58875178272614,2627300
1994-04-05,25.421958923339844,25.42195892333984,25.15603885091997,25.15603885091997,1179000
1994-04-06,25.421958923339844,25.475142937823815,25.244678875059925,25.457414932995825,516500
1994-04-07,25.546043395996094,25.599227386411076,25.262395447116194,25.404219421556146,666100
1994-04-08,25.351045608520508,25.492869639896846,25.22694958106621,25.492869639896846,242400
1994-04-11,25.4574031829834,25.563771162856586,25.359899201432974,25.421947189692332,203300
1994-04-12,25.421958923339844,25.52832695230779,25.368774908855865,25.484006940237812,1409200
1994-04-13,25.289003372192383,25.47514745589937,25.102859288485394,25.413099427997043,364100
1994-04-14,25.297874450683594,25.43083454765635,25.191506373105383,25.24469041189449,419900
1994-04-15,25.297874450683594,25.404242528261797,25.25355441835934,25.28901044421874,387300
1994-04-18,25.12944984436035,25.395369948533475,25.049673813108413,25.324457920753975,369100
1994-04-19,25.164894104003906,25.26239809665767,24.95215812003205,25.10284610867878,472200
1994-04-20,25.138301849365234,25.253533839506897,25.00534186074024,25.191485844815233,508000
1994-04-21,25.475128173828125,25.510584162935746,25.156024271859504,25.244664244628567,200300
1994-04-22,25.44854736328125,25.55491537733885,25.377635353909515,25.537187374995916,301800
1994-04-25,25.714460372924805,25.732188370424236,25.439676411683624,25.439676411683624,394600
1994-04-26,25.687868118286133,25.72332411292835,25.634684126322806,25.679004119625578,399000
1994-04-28,25.501726150512695,25.67014213829849,25.42195015629837,25.634686140869903,287000
1994-04-29,25.581514358520508,25.616970372877432,25.42196229391435,25.457418308271276,481900
1994-05-02,25.74106216430664,25.936070211005934,25.492870104871177,25.581510126098127,275000
1994-05-03,25.714460372924805,25.75878036667338,25.56377239417964,25.749916367923667,183400
1994-05-04,25.670156478881836,25.767660526280906,25.57265243148277,25.767660526280906,401900
1994-05-05,25.634689331054688,25.741057336577736,25.634689331054688,25.696737334276467,659800
1994-05-06,25.386493682861328,25.510589671534532,25.297853690951897,25.510589671534532,216300
1994-05-09,25.164894104003906,25.38649408730792,25.120574107343103,25.315582092650633,499300
1994-05-10,25.359909057617188,25.439685073527205,25.271269039939394,25.28899704347495,583400
1994-05-11,25.12944984436035,25.368777938116164,25.05853781658085,25.333321924226414,210600
1994-05-12,25.253543853759766,25.315591873056473,25.19149583446306,25.288999864786454,305200
1994-05-13,25.253543853759766,25.324455875813143,25.12944781516635,25.324455875813143,321300
1994-05-16,25.262407302856445,25.386503338730126,25.25354330029404,25.306727315668475,450400
1994-05-17,25.634689331054688,25.634689331054688,25.24467331080351,25.280129312644526,470200
1994-05-18,25.820838928222656,25.91834295438484,25.537190852114474,25.652422883033424,824800
1994-05-19,25.944934844970703,26.015846863679197,25.767654798199462,25.767654798199462,531000
1994-05-20,25.84743309020996,25.91834511514881,25.811977077740536,25.900617108914098,370400
1994-05-23,25.8031063079834,25.829698310361948,25.72333030084776,25.820834309569097,262700
1994-05-24,25.90947914123535,26.006983168109656,25.87402313146288,25.87402313146288,549600
1994-05-25,25.980384826660156,25.99811282722424,25.72332881848099,25.81196882130139,738200
1994-05-26,25.998125076293945,26.060173107502283,25.944941049543942,25.971533062918944,369600
1994-05-27,26.02471160888672,26.02471160888672,25.90947957519614,25.953799588154055,162000
1994-05-31,25.989255905151367,26.042439921328345,25.90061587818973,25.944935891670546,160000
1994-06-01,26.10447883605957,26.10447883605957,25.847422847521123,25.92719884396409,200500
1994-06-02,26.07790184020996,26.12222186373173,26.033581816688187,26.12222186373173,55100
1994-06-03,26.22858238220215,26.31722240377093,26.015846330437075,26.095622349848977,550400
1994-06-06,26.219722747802734,26.361546805938247,26.201994740535795,26.28177077323702,99300
1994-06-07,26.184268951416016,26.219724968953475,26.11335691634109,26.175404947031648,120600
1994-06-08,25.971525192260742,26.246309247195924,25.971525192260742,26.246309247195924,131900
1994-06-09,26.11336326599121,26.113363265991207,26.033587207133802,26.086771246372074,80500
1994-06-10,26.157665252685547,26.210849255232517,26.139937251836553,26.139937251836553,83100
1994-06-13,26.193124771118164,26.201988772732754,26.113348756586838,26.122212758201428,109700
1994-06-14,26.39699935913086,26.405863361602023,26.272903324534543,26.272903324534543,161000
1994-06-15,26.290637969970703,26.414734035911227,26.272909960550628,26.40587003120119,142800
1994-06-16,26.34381866455078,26.361546671727464,26.26404263225571,26.290634643020734,44000
1994-06-17,26.19676971435547,26.38414442961482,26.161079292401304,26.3573766131492,403800
1994-06-20,25.97369384765625,26.053997263880536,25.94692604224815,26.009384254867044,137400
1994-06-21,25.750640869140625,25.955860806767177,25.643569597335464,25.955860806767177,139200
1994-06-22,25.848783493041992,25.938009532023845,25.795247869652883,25.82201568134744,279900
1994-06-23,25.697101593017578,25.929089315732323,25.66141117413839,25.89339889685313,922500
1994-06-24,25.161745071411133,25.572184884632733,25.126054652870124,25.572184884632733,353800
1994-06-27,25.598955154418945,25.59895515441895,25.134979668873537,25.259896145751146,371200
1994-06-28,25.474037170410156,25.607876244860645,25.268817256252735,25.607876244860645,5382300
1994-06-29,25.554330825805664,25.70601505207616,25.48295001344308,25.50971781807905,311800
1994-06-30,25.39374351501465,25.607886116687293,25.30451743098438,25.598963508284267,271900
1994-07-01,25.4472713470459,25.518652192339154,25.340200079106012,25.518652192339154,406900
1994-07-05,25.58111000061035,25.616800422655153,25.42050310140875,25.500806551009553,112000
1994-07-06,25.545413970947266,25.59002698871001,25.393729710553938,25.482955746079426,174800
1994-07-07,25.652496337890625,25.65249633789062,25.5186572265625,25.545425048828122,66700
1994-07-08,25.643569946289062,25.688182976814968,25.482963036395812,25.491885642500993,148400
1994-07-11,25.554330825805664,25.70601505207616,25.42941440417114,25.661402044349543,124000
1994-07-12,25.590028762817383,25.59895136698852,25.420499283565803,25.563260950303974,257300
1994-07-13,25.634641647338867,25.714945084452008,25.59895123084414,25.59895123084414,532700
1994-07-14,25.9112606048584,25.96479626726513,25.741731007237078,25.75957622803932,494200
1994-07-15,25.92017364501953,25.97370928765985,25.884483216592656,25.893405823699375,49100
1994-07-18,25.964778900146484,26.027237131177767,25.920165877981287,25.920165877981287,72300
1994-07-19,25.9112606048584,26.018331929671863,25.9112606048584,26.00940931927074,609500
1994-07-20,25.79524803161621,25.929087090929336,25.732789803936754,25.929087090929336,185300
1994-07-21,25.848783493041992,25.866628700838366,25.741712246263774,25.795247869652883,86300
1994-07-22,25.893407821655273,25.929098252836052,25.839872174884103,25.911253037245665,151600
1994-07-25,25.929101943969727,25.95586977116584,25.875566289577495,25.90233411677361,120900
1994-07-26,25.902315139770508,25.938005549883865,25.875547332185487,25.92016034482719,489600
1994-07-27,25.902315139770508,25.902315139770508,25.79524390943043,25.902315139770508,83200
1994-07-28,25.95585823059082,26.027239071376222,25.90232260000177,25.90232260000177,828200
1994-07-29,26.214622497558594,26.294925970151525,26.125396416899783,26.134319024965663,459100
1994-08-01,26.33954620361328,26.357391424618438,26.205707046074593,26.232474877582334,486300
1994-08-02,26.37523078918457,26.48230209144107,26.286004703970818,26.42876644031282,505500
1994-08-03,26.384143829345703,26.401989039916785,26.321685592346913,26.36629861877462,144100
1994-08-04,26.232465744018555,26.393072677145202,26.22354313662263,26.366304854957427,231700
1994-08-05,26.143234252929688,26.17892467511799,26.07185340855309,26.098621225194314,138400
1994-08-08,26.205686569213867,26.232454379805507,26.143228344500045,26.169996155091685,328600
1994-08-09,26.250307083129883,26.250307083129883,26.10754538587289,26.10754538587289,105900
1994-08-10,26.34844207763672,26.37520988198244,26.23244825880527,26.26813866459956,840300
1994-08-11,26.250307083129883,26.40199138646544,26.116467991951453,26.285997507444133,876200
1994-08-12,26.455533981323242,26.464456589748647,26.294927029665967,26.294927029665967,184100
1994-08-15,26.446611404418945,26.54476009721537,26.446611404418945,26.4823018381631,325900
1994-08-16,26.63397979736328,26.6607476162551,26.35737900214778,26.46445027771507,1089500
1994-08-17,26.616127014160156,26.687507844235007,26.598281806641445,26.669662636716296,133700
1994-08-18,26.526914596557617,26.589372854941708,26.500146771535864,26.526914596557617,620000
1994-08-19,26.509037017822266,26.562572602509892,26.446578835686704,26.53580481016608,103200
1994-08-22,26.482295989990234,26.517986415852754,26.428760351196456,26.517986415852754,79700
1994-08-23,26.63397979736328,26.75889628552512,26.562598946985087,26.598289372174182,268600
1994-08-24,26.91948890686035,26.91948890686035,26.651810860056965,26.660733461617077,254700
1994-08-25,26.84811019897461,26.955181426089165,26.776729380898242,26.892723210272344,147400
1994-08-26,27.231779098510742,27.285314706174916,26.910565452525688,26.910565452525688,339500
1994-08-29,27.213953018188477,27.401327776674368,27.20503041064153,27.30317909365795,350300
1994-08-30,27.28531837463379,27.32993138701874,27.16932454243293,27.205014952340886,36000
1994-08-31,27.213953018188477,27.347792131392684,27.178262588000692,27.24072084082932,356200
1994-09-01,27.124711990356445,27.14255719561326,27.026563361443973,27.124711990356445,294600
1994-09-02,27.008724212646484,27.249634537635405,26.96411118950039,27.249634537635405,99600
1994-09-06,27.017648696899414,27.044416512649317,26.910577433899814,26.990880881149515,229800
1994-09-07,26.990886688232422,27.080112759929058,26.96411886672343,27.080112759929058,27900
1994-09-08,27.124711990356445,27.160402400870073,27.03548596407238,27.044408566700785,284800
1994-09-09,26.839210510253906,26.91059138927054,26.732139191728958,26.857055730008064,488400
1994-09-12,26.758893966674805,26.874887838487666,26.714280939054472,26.8391974163914,129400
1994-09-13,26.839210510253906,26.91059138927054,26.758907021360194,26.81244268062267,389200
1994-09-14,26.865968704223633,26.90165913093134,26.7499748174236,26.7499748174236,423500
1994-09-15,27.205018997192383,27.205018997192383,26.93734088308423,26.93734088308423,779800
1994-09-16,27.011402130126953,27.083217090924897,26.91265655902978,27.00242526002721,571300
1994-09-19,27.0383358001709,27.19094260913601,27.011405186824117,27.07424328463328,167300
1994-09-20,26.52665901184082,26.921641413370764,26.526659011840817,26.894710795084634,355600
1994-09-21,26.52665901184082,26.607450866699217,26.275306574503578,26.607450866699217,397500
1994-09-22,26.463825225830078,26.589501465030086,26.436894603144363,26.589501465030086,266400
1994-09-23,26.374061584472656,26.52666847587362,26.329177204648843,26.472807220085045,176600
1994-09-26,26.50869369506836,26.526647432755503,26.41892500663264,26.472786219694072,223000
1994-09-27,26.490758895874023,26.58052764848627,26.42792076904545,26.508712646396475,479500
1994-09-28,26.69721031188965,26.73311779045305,26.616418485121994,26.634372224403695,324000
1994-09-29,26.56256866455078,26.697221766939517,26.481776803117544,26.697221766939517,195900
1994-09-30,26.52665901184082,26.67926584879557,26.526659011840817,26.55358963012695,5200
1994-10-03,26.463825225830078,26.571547716572944,26.41894085468722,26.544617093887226,72600
1994-10-04,26.0688533782959,26.598489173516096,26.05089962252572,26.598489173516096,84200
1994-10-05,26.077821731567383,26.077821731567383,25.853399857801744,26.02396048186363,461900
1994-10-06,25.997024536132812,26.113723886605786,25.952140170566285,26.095770140379173,345200
1994-10-07,26.113723754882812,26.18553873942701,25.970093785794425,25.9970244049985,188700
1994-10-10,26.392013549804688,26.43689792659007,26.221452918020237,26.23042979337731,213600
1994-10-11,26.78699493408203,26.85880993390531,26.508711809766837,26.508711809766837,461400
1994-10-12,26.822904586791992,26.858812089585555,26.760066456903257,26.822904586791992,162400
1994-10-13,26.91266632080078,27.190949394831744,26.88573570073327,27.128111281340882,1564500
1994-10-14,27.029369354248047,27.03834622882601,26.822901238954888,27.002438730514157,72800
1994-10-17,26.97550392150879,27.03834203380515,26.948573301953207,27.002434541064375,282300
1994-10-18,26.91266632080078,26.948573814224133,26.82289758724241,26.948573814224133,132100
1994-10-19,27.0383358001709,27.137081382442442,26.80493715116544,26.813914022281036,136700
1994-10-20,26.85879898071289,27.038336407054555,26.77800713885914,27.038336407054555,290300
1994-10-21,26.751070022583008,26.822884975663765,26.63437072382677,26.786977499123385,87800
1994-10-24,26.52665901184082,26.8677801767985,26.517682139078772,26.76005770365397,149600
1994-10-25,26.55358123779297,26.607442457342245,26.427905058844658,26.436881928769537,91800
1994-10-26,26.652313232421875,26.67924382848023,26.526637117482867,26.65231323242187,201000
1994-10-27,26.813926696777344,26.813926696777344,26.68825044175395,26.751088569265647,210300
1994-10-28,27.37946891784668,27.406399543011776,26.867787039709874,26.867787039709874,192100
1994-10-31,27.280710220336914,27.343548315612452,27.271733349583265,27.316617703351508,36300
1994-11-01,26.97550392150879,27.16401825839787,26.966527048323595,27.16401825839787,435200
1994-11-02,26.822904586791992,27.137095236235673,26.822904586791992,26.89471959237912,115600
1994-11-03,26.966527938842773,27.011412306250968,26.876759204026385,26.91266669795294,87000
1994-11-04,26.616437911987305,27.0922123502117,26.61643791198731,27.0922123502117,124400
1994-11-07,26.69721031188965,26.769025269016453,26.607441615481143,26.679256572607947,115000
1994-11-08,26.9036922454834,26.9934609883779,26.742108508273287,26.78699287972054,308300
1994-11-09,26.94856834411621,27.190943875525647,26.71516968424045,27.190943875525647,318500
1994-11-10,26.760053634643555,27.02038290515837,26.74209989184943,26.966521676775994,172100
1994-11-11,26.661314010620117,26.75108274466261,26.589499023386125,26.724152124449862,302200
1994-11-14,26.91266632080078,26.92164319415662,26.778013220463222,26.778013220463222,181400
1994-11-15,26.822904586791992,27.056303354950156,26.616436445729,26.885742716680728,316900
1994-11-16,26.91266632080078,26.912666320800785,26.778013220463222,26.867781954021595,106900
1994-11-17,26.733125686645508,26.930616877077405,26.625403219137194,26.930616877077405,104700
1994-11-18,26.69721031188965,26.786979008298154,26.58051100655859,26.7420946600939,269300
1994-11-21,26.427921295166016,26.76006568644358,26.427921295166016,26.679273807484172,283100
1994-11-22,25.8533935546875,26.42791341145833,25.853393554687496,26.329167811075845,483600
1994-11-23,25.997024536132812,26.00600140924612,25.62897273848729,25.871348312546537,601600
1994-11-25,26.122697830200195,26.158605318626588,26.014975364921018,26.014975364921018,77300
1994-11-28,26.239398956298828,26.248375829017373,26.050884629209445,26.11372273823924,79900
1994-11-29,26.230419158935547,26.284280389241367,26.140650441759174,26.230419158935543,105500
1994-11-30,26.19451141357422,26.400979461042418,26.19451141357422,26.36507197452621,218800
1994-12-01,25.934194564819336,26.22145459461311,25.880333309233002,26.22145459461311,439000
1994-12-02,26.176563262939453,26.17656326293945,25.880326435889724,25.880326435889724,318500
1994-12-05,26.203493118286133,26.32019247098833,26.14065500529264,26.230423738140484,139200
1994-12-06,26.221445083618164,26.230421956293146,26.059861375468515,26.104745738843416,249900
1994-12-07,26.032941818237305,26.14066433610587,26.006011188770163,26.059872447704446,531900
1994-12-08,25.781574249267578,26.17655658456276,25.709759279213905,26.140649099535928,261500
1994-12-09,25.88032341003418,25.898277155029,25.67385534259374,25.781577812562663,235900
1994-12-12,26.050891876220703,26.050891876220707,25.82646999582597,25.82646999582597,151100
1994-12-13,26.149635314941406,26.158612189405854,26.032935946903564,26.032935946903564,70900
1994-12-14,26.284278869628906,26.400978195211273,26.113718316854673,26.113718316854673,203300
1994-12-15,26.365070343017578,26.445862182679534,26.320185987649825,26.320185987649825,130100
1994-12-16,26.493860244750977,26.548150941973827,26.421472648453843,26.448617997065266,266100
1994-12-19,26.530061721801758,26.548158626114038,26.41243184377194,26.4938679131772,1120200
1994-12-20,26.448604583740234,26.575282813015757,26.44860458374023,26.557185923119256,675600
1994-12-21,26.72910499572754,26.79244410709182,26.466700105789794,26.466700105789794,544500
1994-12-22,26.647661209106445,26.756242511146947,26.620515883596322,26.72909718563682,222000
1994-12-23,26.674819946289062,26.738159070991923,26.62957771435845,26.62957771435845,125800
1994-12-27,26.81959342956543,26.873884104524066,26.74720586295392,26.765302754606797,95200
1994-12-28,26.683856964111328,26.846728929304277,26.620517866536293,26.846728929304277,358200
1994-12-29,26.701963424682617,26.783399436482735,26.674818087415915,26.783399436482735,220100
1994-12-30,26.385276794433594,26.783408543046445,26.385276794433594,26.756263196550115,2209500
1995-01-03,26.511960983276367,26.548154786666505,26.45767027819116,26.466718729038693,324300
1995-01-04,26.638633728027344,26.638633728027344,26.493858544722848,26.629585279070813,351800
1995-01-05,26.638633728027344,26.70197287072306,26.61148838115775,26.656730625940405,89800
1995-01-06,26.665773391723633,26.783403203088547,26.584337368470997,26.692918732807843,448400
1995-01-09,26.692907333374023,26.692907333374023,26.63861667439089,26.6567135607186,36800
1995-01-10,26.72006607055664,26.86484123382413,26.720066070556637,26.75625986137351,229800
1995-01-11,26.738157272338867,26.810544838558396,26.530043019457718,26.810544838558396,222400
1995-01-12,26.74720573425293,26.76530262581873,26.656721276423927,26.71101195112133,40300
1995-01-13,27.06389808654785,27.063898086547855,26.85578385853361,26.891977637318696,170600
1995-01-16,27.226783752441406,27.235832201677844,27.05486321694909,27.05486321694909,105100
1995-01-17,27.235824584960938,27.25392147837287,27.1362916711953,27.172485458019167,89500
1995-01-18,27.20867919921875,27.262969879363514,27.14534007238319,27.21772764590954,84500
1995-01-19,27.054872512817383,27.145357036271623,27.036775608126536,27.11821167923535,139100
1995-01-20,26.95533561706543,27.027723225301926,26.901044910888057,27.018674774272363,78700
1995-01-23,27.03676986694336,27.03676986694336,26.75626790379903,26.774364804647053,53700
1995-01-24,27.072948455810547,27.072948455810547,27.009609338433986,27.027706229113004,32400
1995-01-25,27.145336151123047,27.24486905034383,26.937221907297772,26.937221907297772,15700
1995-01-26,27.17247772216797,27.208671498687675,27.072944836738785,27.12723550151834,9800
1995-01-27,27.281064987182617,27.35345255597116,27.1724836339998,27.35345255597116,91200
1995-01-30,27.163433074951172,27.244869083503655,27.127239293372288,27.226772192714215,26600
1995-01-31,27.272014617919922,27.317256845222374,27.17248171785452,27.217723945156976,127500
1995-02-01,27.262964248657227,27.407739365809075,27.217722024547275,27.30820647276718,380200
1995-02-02,27.42584800720215,27.42584800720215,27.253927481917806,27.253927481917806,131700
1995-02-03,27.814922332763672,27.860164561671876,27.55251740509609,27.597759634004294,405100
1995-02-06,27.932558059692383,28.013994089020933,27.778734448738458,27.805879791847975,405400
1995-02-07,27.968759536743164,27.977807986932987,27.878275034844933,27.977807986932987,702900
1995-02-08,27.968759536743164,28.06829248883122,27.914468835604225,27.93256573598387,521500
1995-02-09,27.968759536743164,27.968759536743164,27.86922658465511,27.92351728579405,390700
1995-02-10,28.004953384399414,28.004953384399414,27.851129730914828,27.932565782759607,148300
1995-02-13,28.01400375366211,28.068294458611067,27.98685840118763,27.98685840118763,79700
1995-02-14,28.050182342529297,28.104473018030962,27.941600991525956,28.104473018030962,170200
1995-02-15,28.20401382446289,28.240207618270347,28.023044855425592,28.050190200781184,431500
1995-02-16,28.16782569885254,28.194971049670578,28.086389646398416,28.167825698852536,99300
1995-02-17,28.059242248535156,28.15877519427327,28.050193798922603,28.140678295048158,49100
1995-02-21,28.050182342529297,28.104473018030962,28.04113389661235,28.05923078844624,168000
1995-02-22,28.258304595947266,28.258304595947266,28.05923872943723,28.077335626392685,386400
1995-02-23,28.303531646728516,28.466403631907898,28.29448320310744,28.366870752076053,402800
1995-02-24,28.37592315673828,28.384971601622446,28.267341818128315,28.339729377201625,307600
1995-02-27,28.14972686767578,28.37593810897822,28.10448461941529,28.29450206210934,280900
1995-02-28,28.384965896606445,28.384965896606445,28.12256104770572,28.12256104770572,493500
1995-03-01,28.20401382446289,28.394031241952053,28.176868479107295,28.357837448144593,242600
1995-03-02,28.240211486816406,28.240211486816406,28.113533191136998,28.194969238359477,488600
1995-03-03,28.249250411987305,28.249250411987305,28.077329925815697,28.149717498940582,290000
1995-03-06,28.267356872558594,28.267356872558597,28.023048730574253,28.05924252938675,85700
1995-03-07,28.050182342529297,28.23115126086819,27.923504099692064,28.167812139449577,180900
1995-03-08,28.122575759887695,28.15876955108446,27.99589749069901,28.09543041649012,155900
1995-03-09,28.1135196685791,28.1406650045964,28.041132105866314,28.1135196685791,63500
1995-03-10,28.529752731323242,28.602140305649467,28.104475732156672,28.140669519319786,192100
1995-03-13,28.502605438232422,28.60213834611196,28.475460099719818,28.511653884403287,261300
1995-03-14,28.710723876953125,28.74691766690201,28.58404561213203,28.58404561213203,223300
1995-03-15,28.65642738342285,28.710718057341555,28.547846035585444,28.66547582907597,278500
1995-03-16,28.82834815979004,28.846445051290218,28.629282353288033,28.629282353288033,20400
1995-03-17,28.85703468322754,28.89342438648508,28.766060425083698,28.784255276712464,89900
1995-03-20,28.85703468322754,28.89342438648508,28.802450128341235,28.89342438648508,91700
1995-03-21,28.78425407409668,29.03898198625683,28.738766946925224,28.857033477571008,104400
1995-03-22,28.811534881591797,28.838827147030628,28.72056066346236,28.838827147030628,74900
1995-03-23,28.82975196838379,28.91162882787115,28.738777680064498,28.775167395392213,220500
1995-03-24,29.239107131958008,29.23910713195801,28.92069744010408,28.92069744010408,134000
1995-03-27,29.357385635375977,29.35738563537598,29.211826859371637,29.28460624737381,132100
1995-03-28,29.357385635375977,29.35738563537598,29.24821655337272,29.28460624737381,121900
1995-03-29,29.348283767700195,29.630303853502646,29.18453016949232,29.330088923454877,246100
1995-03-30,29.29370880126953,29.411975327485838,29.175442275053225,29.411975327485838,298400
1995-03-31,29.17544174194336,29.211831441652674,28.84793444455952,29.066272642815413,541300
1995-04-03,29.248226165771484,29.248226165771484,29.148154474380043,29.166349327360304,193300
1995-04-04,29.439266204833984,29.439266204833984,29.257317711602624,29.257317711602624,66900
1995-04-05,29.439266204833984,29.46655847881869,29.357389382879873,29.37558423220301,107200
1995-04-06,29.548423767089844,29.575716030421514,29.45744955598427,29.512034082647613,352500
1995-04-07,29.521133422851562,29.612107639871134,29.3846720973222,29.612107639871134,361400
1995-04-10,29.57572364807129,29.57572364807129,29.45745714317282,29.475651990080276,285400
1995-04-11,29.47565460205078,29.657603087248628,29.457459753530998,29.648505662988736,250300
1995-04-12,29.57572364807129,29.57572364807129,29.46655456662655,29.52113910734892,150900
1995-04-13,29.739471435546875,29.748568857215748,29.612107532182648,29.630302375520394,243400
1995-04-17,29.56663703918457,29.875949549748345,29.47566277137169,29.848657269404484,178900
1995-04-18,29.46656036376953,29.593924317178846,29.39378096182135,29.593924317178846,329500
1995-04-19,29.439266204833984,29.530240451449664,29.28460998558733,29.46655847881869,223000
1995-04-20,29.4847469329834,29.56662373717866,29.36648043803468,29.521136623736847,207900
1995-04-21,29.63031768798828,29.639415114358556,29.493856292434145,29.493856292434145,145000
1995-04-24,29.976009368896484,29.976009368896484,29.61211244180821,29.61211244180821,169000
1995-04-25,29.894132614135742,29.97600942287805,29.875937767748564,29.930522306910103,293200
1995-04-26,29.92144203186035,29.939636888675103,29.766785748934954,29.839565176193965,204400
1995-04-27,29.99419403076172,30.012388870938096,29.85773272943887,29.87592756961525,502200
1995-04-28,30.039695739746094,30.085182862307796,29.79406527791292,29.985111192672058,130800
1995-05-01,29.957807540893555,30.076074014635314,29.957807540893555,30.012392067235904,518700
1995-05-02,30.02149772644043,30.066984844207763,29.921426067352296,29.985108032226563,228400
1995-05-03,30.439977645874023,30.439977645874023,30.121567837862788,30.121567837862788,724700
1995-05-04,30.421796798706055,30.676524762331585,30.349017380527332,30.476381362340096,311400
1995-05-05,30.385393142700195,30.549146758439296,30.321711181023876,30.549146758439296,314900
1995-05-08,30.60375213623047,30.70382385843574,30.330829257488816,30.35812154536298,183100
1995-05-09,30.576444625854492,30.767490545861317,30.530957502043343,30.7311008468124,180600
1995-05-10,30.612834930419922,30.667419480072976,30.46727613134512,30.6583220551308,330300
1995-05-11,30.694713592529297,30.6947135925293,30.558252210227007,30.65832389058202,351700
1995-05-12,30.71291160583496,30.785691017223193,30.567352783058492,30.57645020948202,94600
1995-05-15,30.858455657958984,30.85845565795898,30.73109174899335,30.794773703476164,147200
1995-05-16,30.876644134521484,30.949423496064256,30.794767352785865,30.849351873942943,221600
1995-05-17,30.758399963378906,30.88576393838255,30.731107683020987,30.876666511596575,189200
1995-05-18,30.3126163482666,30.722000422597933,30.3126163482666,30.703805574849873,577800
1995-05-19,30.3308048248291,30.385389356607437,30.221635761272427,30.267122871087707,363900
1995-05-22,30.667409896850586,30.71289700734725,30.41268207806927,30.430876922267938,216000
1995-05-23,30.949440002441406,30.94944000244141,30.63103012587308,30.722004376321173,136800
1995-05-24,30.931236267089844,31.104087293288288,30.740190396028407,31.00401564654182,370800
1995-05-25,30.958541870117188,30.985834149168127,30.69471650595809,30.84027532756311,379900
1995-05-26,30.60375213623047,30.849382727097954,30.48548555544242,30.840285297806563,518600
1995-05-30,30.594633102416992,30.75838671402672,30.49456145087772,30.676509908221856,61500
1995-05-31,31.231464385986328,31.231464385986328,30.5400599894425,30.5400599894425,564500
1995-06-01,31.14957618713379,31.386109183881885,31.004017419904194,31.094991649422692,810100
1995-06-02,31.176881790161133,31.39522003438753,30.913056411720902,31.0222255338341,112900
1995-06-05,31.367916107177734,31.467987765292282,31.149577944018727,31.176870214413604,257200
1995-06-06,31.31332778930664,31.44978912482076,31.31332778930664,31.340620056409467,165800
1995-06-07,31.14957618713379,31.267842685507837,31.113186495326392,31.24964783960414,41900
1995-06-08,31.0767822265625,31.231438344200544,31.0767822265625,31.140464157354636,141100
1995-06-09,30.894861221313477,31.049517475954914,30.712912686441193,31.01312776898046,304900
1995-06-12,31.06769561767578,31.195059523575473,30.976721399175997,30.994916242875952,378500
1995-06-13,31.404308319091797,31.422503167480613,31.18597013842604,31.213262411009257,120000
1995-06-14,31.37700843811035,31.41339812606409,31.258741952260706,31.358813594133483,389400
1995-06-15,31.51347541809082,31.577157383427608,31.36791664017816,31.422501181895406,274500
1995-06-16,31.607046127319336,31.607046127319336,31.45148162698221,31.45148162698221,325100
1995-06-19,31.963909149169922,31.98221084350097,31.680232887038727,31.698534581369774,134600
1995-06-20,31.881553649902344,31.982212975433036,31.854101106575794,31.872402802126828,287800
1995-06-21,31.863256454467773,32.00967003955436,31.86325645446777,31.98221749235062,158200
1995-06-22,32.28419494628906,32.302496644104416,32.000518630151035,32.000518630151035,297000
1995-06-23,32.220157623291016,32.22930847748678,32.11949822713759,32.21100676909525,315400
1995-06-26,31.835783004760742,32.18351504103005,31.835783004760746,32.12860998267174,132900
1995-06-27,31.771751403808594,32.03712605551091,31.753449703691192,31.826656504160795,127700
1995-06-28,31.936458587646484,32.064570455906384,31.671084003393837,31.771743328455187,212600
1995-06-29,31.881553649902344,32.018816366535106,31.661933303289928,31.936458736555448,89200
1995-06-30,31.863256454467773,32.05542428489391,31.799200510992392,31.945614096078973,714100
1995-07-03,31.982215881347656,31.982215881347653,31.899858243884957,31.899858243884957,9500
1995-07-05,32.1011848449707,32.247598458858825,32.00052548542262,32.07373229236668,409300
1995-07-06,32.51296615600586,32.51296615600586,32.04627286190051,32.1103288042287,202500
1995-07-07,32.65938186645508,32.668532715955344,32.430610628948386,32.448912327948925,481700
1995-07-10,32.67769241333008,32.76920093310977,32.62278730146226,32.68684326530805,400400
1995-07-11,32.52211380004883,32.67767821608733,32.47635956003751,32.65022567208054,420500
1995-07-12,32.92475891113281,32.97966401215193,32.52212150365926,32.58617745484823,203400
1995-07-13,32.8515625,32.95222188370474,32.81495908774374,32.879015059192206,215600
1995-07-14,32.82408142089844,32.85153395623791,32.65021536374843,32.67766789908791,543700
1995-07-17,33.007110595703125,33.04371398976545,32.842395322422654,32.8698478679694,171500
1995-07-18,32.723419189453125,32.95219029676194,32.69596665657606,32.95219029676194,221200
1995-07-19,32.36655044555664,32.631925046325975,31.744292760994057,32.595321653116414,486600
1995-07-20,32.48550796508789,32.54956389628666,32.22928424029283,32.403150339260904,318900
1995-07-21,32.44889450073242,32.57700632335234,32.320782678112494,32.45804534520527,94000
1995-07-24,32.68684387207031,32.72344728066166,32.49467597696576,32.49467597696576,108400
1995-07-25,32.93390655517578,32.97966080157086,32.622777679689264,32.72343702175843,107400
1995-07-26,32.90644836425781,33.0711636230333,32.897297516548065,32.91559921196756,167800
1995-07-27,33.18097686767578,33.20842941334678,33.0620158364348,33.0620158364348,187700
1995-07-28,32.97052001953125,33.20844217343295,32.94306746331183,33.20844217343295,415600
1995-07-31,32.88816452026367,33.025427310415026,32.81495769884962,32.997974752384756,342500
1995-08-01,32.83324432373047,32.93390365694146,32.65022735425594,32.93390365694146,141000
1995-08-02,32.76005935668945,33.263356357979376,32.70515422927601,33.02543413918778,240400
1995-08-03,32.750877380371094,32.769179072117595,32.47635200417351,32.53125707941303,1193600
1995-08-04,32.787479400634766,32.84238447359146,32.75087601866365,32.814931937113116,240500
1995-08-07,32.860694885253906,32.961354212387796,32.84239318941138,32.860694885253906,193100
1995-08-08,32.860694885253906,32.97965590823032,32.760035558120016,32.87899658109643,951900
1995-08-09,32.8515625,32.97052358983287,32.8241099408078,32.97052358983287,107100
1995-08-10,32.77835464477539,32.961371700301775,32.641091853130604,32.88816487809122,280800
1995-08-11,32.5953254699707,32.78749330682342,32.458062729361615,32.75088990932766,257200
1995-08-14,32.88816452026367,32.88816452026367,32.60448808728422,32.67769490869827,254800
1995-08-15,32.82408142089844,32.878986491577386,32.59531029306948,32.878986491577386,44400
1995-08-16,32.915592193603516,32.915592193603516,32.760027815707694,32.796631198742006,374900
1995-08-17,32.860694885253906,32.93390166862401,32.74173386227749,32.93390166862401,353800
1995-08-18,32.89731216430664,33.03457494107009,32.86985960895395,33.025424089285856,85400
1995-08-21,32.80580139160156,33.1718354378119,32.7966505404463,33.03457267048302,266700
1995-08-22,32.86985778808594,32.92476289574978,32.6868407625398,32.85155608553133,220200
1995-08-23,32.750877380371094,32.91559260608964,32.750877380371094,32.89729091434313,176500
1995-08-24,32.787479400634766,32.851535319084235,32.65021671824305,32.76002686415642,167400
1995-08-25,32.97052001953125,33.0254251319701,32.84240809050726,32.84240809050726,195000
1995-08-28,32.8515625,33.06203212047354,32.7966573816156,33.06203212047354,293000
1995-08-29,32.93390655517578,32.9430574044548,32.659381076805325,32.888152308780704,1133100
1995-08-30,33.007110595703125,33.04371398976545,32.924752959062886,32.96135635312522,437400
1995-08-31,33.03456497192383,33.08947006605999,32.97050902876497,32.99796157583305,491900
1995-09-01,33.18097686767578,33.235881959017775,32.99795989653582,33.025412442206814,629900
1995-09-05,33.492103576660156,33.510405272603684,33.22672898547897,33.28163407330956,272200
1995-09-06,33.556156158447266,33.59275954667573,33.51040192316168,33.519552770218795,214500
1995-09-07,33.57447814941406,33.61108155977047,33.528723886468555,33.592779854592266,258800
1995-09-08,33.70257568359375,33.70257568359375,33.48295531530533,33.70257568359375,107300
1995-09-11,33.79408645629883,33.85814240138252,33.75748305910815,33.75748305910815,260700
1995-09-12,33.94965744018555,33.94965744018555,33.720886163634425,33.80324382319283,139500
1995-09-13,34.10520935058594,34.1509635890493,33.903890701347166,33.91304154903984,239800
1995-09-14,34.41633224487305,34.44378478322312,34.13265601525564,34.22416447642255,457600
1995-09-15,34.40685272216797,34.48964996133896,34.268857323549646,34.388453335685526,431200
1995-09-18,34.278045654296875,34.30564472487199,34.11245123084616,34.28724534448858,307500
1995-09-19,34.44365310668945,34.462052494032775,34.22286045856965,34.34245647630121,549600
1995-09-20,34.60923767089844,34.60923767089844,34.471242305384486,34.49884137848728,290800
1995-09-21,34.32404708862305,34.59083812737139,34.186051723753216,34.56323905439743,508500
1995-09-22,34.333251953125,34.37005072263532,34.020462412287316,34.04806148942005,449900
1995-09-25,34.278045654296875,34.37004255621393,34.15844968180469,34.37004255621393,130000
1995-09-26,34.26887130737305,34.46206494427368,34.18607403441564,34.37926767131626,466600
1995-09-27,34.24125671386719,34.25965609952752,33.91006777198132,34.121660707075065,654400
1995-09-28,34.49885559082031,34.49885559082031,34.241264135742185,34.26886322021485,456200
1995-09-29,34.43446350097656,34.682855302880476,34.3884650191425,34.47126228644381,606600
1995-10-02,34.259666442871094,34.51725791988516,34.176869182402285,34.43446065941636,293100
1995-10-03,34.29645538330078,34.35165354110652,34.12166121691593,34.25965661143029,839700
1995-10-04,34.259666442871094,34.314864616516964,34.213667964832865,34.314864616516964,248800
1995-10-05,34.36085510253906,34.36085510253906,34.20446031358507,34.29645724826389,268800
1995-10-06,34.38845443725586,34.48965106615094,34.37925474371994,34.37925474371994,75300
1995-10-09,34.10325241088867,34.27804652899142,34.03885457790345,34.2596471481385,358200
1995-10-10,34.084877014160156,34.084877014160156,33.71688913816383,33.75368792576346,360800
1995-10-11,34.19526672363281,34.20446641874275,34.07567068720364,34.20446641874275,228100
1995-10-12,34.40685272216797,34.42525210865041,34.22285885734354,34.22285885734354,199800
1995-10-13,34.51723861694336,34.65523397388743,34.51723861694336,34.56323706925805,488100
1995-10-16,34.351661682128906,34.480457414199016,34.351661682128906,34.41605954816396,443600
1995-10-17,34.58164596557617,34.618444737553375,34.32405456173576,34.38845241269586,146000
1995-10-18,34.68281936645508,34.79321560847032,34.57242312443984,34.7472171742973,228100
1995-10-19,34.84842300415039,34.84842300415039,34.61843077207442,34.664429218489616,500600
1995-10-20,34.6368522644043,34.848445253004904,34.6368522644043,34.82084616753526,748400
1995-10-23,34.56325149536133,34.62764935548045,34.47125455233402,34.47125455233402,533000
1995-10-24,34.60004425048828,34.646042713995975,34.51724701617443,34.60924394318982,172200
1995-10-25,34.314842224121094,34.67363011868965,34.314842224121094,34.627631670668045,302700
1995-10-26,34.002052307128906,34.3976389546415,33.726061622817795,34.37003988621039,606800
1995-10-27,34.259666442871094,34.259666442871094,33.80888135809648,33.96527618342645,905800
1995-10-30,34.48044967651367,34.498849062680435,34.34245428026295,34.34245428026295,488700
1995-10-31,34.333251953125,34.64604149396269,34.333251953125,34.57244395494206,508200
1995-11-01,34.60923767089844,34.60923767089844,34.28724848469922,34.31484755780201,415700
1995-11-02,34.83003234863281,34.83003234863281,34.55404160102083,34.55404160102083,326000
1995-11-03,34.876033782958984,34.88523347533117,34.774837166864934,34.876033782958984,615000
1995-11-06,34.75644302368164,34.86683934879656,34.747243329922064,34.86683934879656,311200
1995-11-07,34.62764358520508,34.73803989844165,34.5172472719685,34.73803989844165,358200
1995-11-08,34.94044494628906,34.95884433804593,34.6736537658145,34.6736537658145,357200
1995-11-09,35.06924057006836,35.078440265915695,34.9036460448162,35.078440265915695,503700
1995-11-10,35.05083084106445,35.096829306735145,34.866836978381706,34.87603667151584,795600
1995-11-13,35.014015197753906,35.12441146217142,34.92201831073932,34.986416131649534,818500
1995-11-14,34.784061431884766,35.02325360253512,34.784061431884766,34.94965601156578,341800
1995-11-15,35.13364028930664,35.142839985637956,34.80245122137916,34.8208506140418,584700
1995-11-16,35.32681655883789,35.36361532608668,35.12442333896955,35.13362303078175,577700
1995-11-17,35.43722152709961,35.44642122116168,35.336024892416816,35.382023362727175,267000
1995-11-20,35.253204345703125,35.501595921207816,35.24400465772147,35.49239623322616,448800
1995-11-21,35.538394927978516,35.538394927978516,35.28080366264499,35.290003350692615,119200
1995-11-22,35.42803192138672,35.54762797824936,35.42803192138672,35.51082919152239,351600
1995-11-24,35.52001953125,35.52001953125,35.43722228292541,35.464821365700274,62400
1995-11-27,35.52922821044922,35.70402244556018,35.52922821044922,35.59362608654273,273000
1995-11-28,35.906402587890625,35.906402587890625,35.41881884790646,35.50161608677169,479000
1995-11-29,35.94319534301758,35.97079441801862,35.82359935134642,35.97079441801862,549200
1995-11-30,35.860382080078125,36.035176143577736,35.82358332986768,35.94317926805162,286200
1995-12-01,35.906402587890625,35.96160074713411,35.823605349025385,35.906402587890625,465200
1995-12-04,36.34799575805664,36.34799575805664,35.9432091690021,35.98920764503102,631700
1995-12-05,36.58718490600586,36.62398368388467,36.28359498850568,36.31119407191479,567700
1995-12-06,36.66998291015625,36.81717802469777,36.50438840629704,36.6791826048151,272800
1995-12-07,36.476783752441406,36.669977310777156,36.44918467267915,36.623978844506745,289700
1995-12-08,36.59638595581055,36.642384429862595,36.3663935855503,36.63318473505219,296900
1995-12-11,36.75276565551758,36.82636318373889,36.59637090804729,36.669968436268604,186500
1995-12-12,36.64238739013672,36.71598495456581,36.58718921681489,36.58718921681489,299400
1995-12-13,36.87236022949219,36.918358682872295,36.688366415971764,36.688366415971764,390700
1995-12-14,36.60558319091797,36.97357095860752,36.51358624899558,36.90917309926185,395000
1995-12-15,36.618980407714844,36.656006677085635,36.48938846491706,36.656006677085635,416700
1995-12-18,35.91549301147461,36.29501239638968,35.90623644111083,36.29501239638968,862300
1995-12-19,36.295005798339844,36.34128864174502,35.88771677637428,35.93399961977946,1022600
1995-12-20,35.94325637817383,36.44311108958804,35.94325637817383,36.40608481466847,1349800
1995-12-21,36.128387451171875,36.2394662750033,35.98953892138259,36.15615715712973,857600
1995-12-22,36.25796890258789,36.35979112825255,36.220942638709836,36.32276486437449,332800
1995-12-26,36.43385314941406,36.452366286176975,36.33203089721803,36.40608344426969,432200
1995-12-27,36.41533660888672,36.526415419081594,36.35054063627304,36.526415419081594,151800
1995-12-28,36.37831115722656,36.52641624081832,36.28574547998171,36.34128488632862,256200
1995-12-29,36.424598693847656,36.452368400602815,36.28575016007187,36.41534212492927,339200
1996-01-02,36.81338119506836,36.81338119506836,36.341296095508774,36.37832237782717,514400
1996-01-03,36.915191650390625,37.02627046177595,36.730060298081746,36.93370478562151,610300
1996-01-04,36.563446044921875,37.10032702482199,36.26723584911491,36.96147849553748,1129700
1996-01-05,36.48939895629883,36.581964656340176,36.23947156618719,36.322780696224406,302400
1996-01-08,36.628238677978516,36.67452151684379,36.572699271340184,36.61898211020546,179900
1996-01-09,35.9987907409668,36.76708583777838,35.91548163408361,36.73931613548398,415500
1996-01-10,35.52670669555664,36.02656134942846,35.332318774606485,35.95250880811412,787700
1996-01-11,35.739620208740234,35.739620208740234,35.415640227568026,35.58225850359945,513200
1996-01-12,35.6840705871582,35.841432247335035,35.350834130313146,35.832175679089346,390400
1996-01-15,35.61001968383789,35.81366419463707,35.46191458507485,35.6933288018921,154200
1996-01-16,36.045066833496094,36.07283653059432,35.48041632583219,35.785882993912665,454600
1996-01-17,35.93399429321289,36.211691312480376,35.81365891819698,35.96176399513964,407600
1996-01-18,36.05432891845703,36.08209861980629,35.767375337848,36.07284205268987,425600
1996-01-19,36.295005798339844,36.3875714851502,36.01730873790878,36.054335012632926,169800
1996-01-22,36.30425262451172,36.38756172028444,36.202430396345065,36.26722635972384,288200
1996-01-23,36.387577056884766,36.387577056884766,36.211702225014804,36.285754785802155,362200
1996-01-24,36.68377685546875,36.757829395171946,36.42459296650758,36.44310610143338,1506500
1996-01-25,36.55419158935547,36.73006640328248,36.507908743585205,36.71155326497437,298400
1996-01-26,36.868900299072266,36.88741343002837,36.480124548994176,36.52640737638443,726300
1996-01-29,37.01702117919922,37.01702117919922,36.81337665158172,36.841146359893195,254800
1996-01-30,37.33174514770508,37.405797704407696,37.04479149048245,37.091074338421585,272100
1996-01-31,37.720523834228516,37.72978040449458,37.303978172255434,37.32249131278758,498000
1996-02-01,37.85938262939453,37.85938262939453,37.655738028454024,37.68350774676409,373900
1996-02-02,37.70199966430664,37.924157285702016,37.618690556283376,37.84084817767875,496200
1996-02-05,38.007476806640625,38.063016227205615,37.58167458230904,37.63721400287403,295300
1996-02-06,38.36848068237305,38.40550696047425,37.9704481927851,38.025987609936905,301600
1996-02-07,38.59064865112305,38.59064865112305,38.322208063240446,38.35923435122425,585100
1996-02-08,39.007171630859375,39.044197897238924,38.46103420176096,38.53508673452007,1526600
1996-02-09,38.99790954589844,39.321889330875045,38.812778240197524,38.988652980613395,804600
1996-02-12,39.294132232666016,39.47000702946711,39.03494832159072,39.07197459460148,626500
1996-02-13,39.21082305908203,39.50703324272004,39.099744240217774,39.12751394493384,1045900
1996-02-14,38.868343353271484,39.31265878098214,38.84983021045021,39.1830667812332,431400
1996-02-15,38.627662658691406,39.04420826608204,38.581379813425784,38.78502433259454,889500
1996-02-16,38.470298767089844,38.64617356896056,38.34996337633619,38.553607883765444,606100
1996-02-20,38.090782165527344,38.28517011825543,37.84085479773409,38.17409128812509,492300
1996-02-21,38.5628662109375,38.59063591776247,38.164833746446305,38.164833746446305,434000
1996-02-22,39.173805236816406,39.294140649878464,38.748003005981445,38.775772716688074,721400
1996-02-23,39.062713623046875,39.46074601304474,38.70170750188601,39.395950042579976,1430400
1996-02-26,38.507328033447266,39.0349524800594,38.48881489496964,38.95164335691012,1408400
1996-02-27,38.38698959350586,38.609147237644784,38.211114791895874,38.599890669139,601000
1996-02-28,38.21110534667969,38.94237407787826,38.21110534667969,38.69244679000027,865900
1996-02-29,37.84085464477539,38.47955791544308,37.84085464477539,37.98895975101718,914300
1996-03-01,38.44252395629883,38.44252395629883,37.68348543850049,38.294418879655254,1452600
1996-03-04,38.664695739746094,38.89611000680227,38.396255189960925,38.52584717951238,652600
1996-03-05,39.02568817138672,39.02568817138672,38.55360323382963,38.57211636863578,402000
1996-03-06,38.683197021484375,39.081229438790864,38.683197021484375,38.97015062465882,624700
1996-03-07,38.87759017944336,38.896103317624046,38.64617595218477,38.75725478126889,534200
1996-03-08,37.61867904663086,38.43325674252247,36.73004883293091,38.02596789457667,2289900
1996-03-11,38.05374526977539,38.10928466934208,37.3595027751918,37.47058157432517,1511400
1996-03-12,37.7575569152832,37.942688353946025,37.26695860282671,37.803839774948905,1385300
1996-03-13,38.0167236328125,38.17408528408053,37.794566007492925,38.00746706509085,1019300
1996-03-14,38.1833381652832,38.396239202326,38.053746229691946,38.07225936334784,725600
1996-03-15,38.15766143798828,38.27853122324507,37.93451721905268,38.12047073483235,869200
1996-03-18,38.8922119140625,38.8922119140625,38.427327717145666,38.51100687259069,917600
1996-03-19,38.808509826660156,39.23620303509963,38.67834232843944,39.23620303509963,858300
1996-03-20,38.76203918457031,38.99448125211991,38.46451333810683,38.99448125211991,744300
1996-03-21,38.669044494628906,38.82710502754756,38.53887699693119,38.8085096707336,650800
1996-03-22,38.771331787109375,38.87360628343029,38.641164246337304,38.687652653755904,344500
1996-03-25,38.69694137573242,39.16182534228375,38.59466690309113,39.12463462495964,802400
1996-03-26,38.882896423339844,38.985170899824,38.59466835324814,38.63185907196964,969400
1996-03-27,38.52958297729492,38.96657390391965,38.492392260135375,38.938680866049985,809600
1996-03-28,38.67836380004883,38.69695916726039,38.38083792466384,38.39013560826962,1001300
1996-03-29,38.49238967895508,38.789915396280335,38.30643610562679,38.789915396280335,457700
1996-04-01,38.938697814941406,38.94799549827831,38.557492798128465,38.678362681508176,773400
1996-04-02,39.01306915283203,39.01306915283203,38.85500857714134,38.98517611006309,638800
1996-04-03,39.01306915283203,39.040962195600976,38.780627129757484,38.8736039389873,288000
1996-04-04,38.98517608642578,39.10604593835126,38.97587840550843,39.013069129177815,934900
1996-04-08,38.31573486328125,38.31573486328125,37.841553237940964,38.0089114586493,2217200
1996-04-09,38.166969299316406,38.46449500396394,38.09258787315452,38.46449500396394,1180900
1996-04-10,37.48825454711914,38.26925985018412,37.33949163224962,38.10190157095591,939500
1996-04-11,37.441768646240234,37.767187544332714,36.96758682330548,37.58123388827987,1276000
1996-04-12,37.91594696044922,37.97173305210265,37.59052809247086,37.702100275777724,411300
1996-04-15,38.23206329345703,38.27855169726717,37.99032359364432,38.111193443550675,484200
1996-04-16,38.343624114990234,38.47379160713618,38.22275430085472,38.30643340294854,429700
1996-04-17,38.25066375732422,38.41802203336502,37.99032866126076,38.30644984933782,525300
1996-04-18,38.30643844604492,38.42730827609312,38.139080219824336,38.34362916298283,818600
1996-04-19,38.39942932128906,38.59468065682104,38.33434554277841,38.492406147732865,885100
1996-04-22,38.69694137573242,38.84570424502884,38.43660635446368,38.75272745171858,828900
1996-04-23,38.81781768798828,38.84571073063834,38.54818494237112,38.63186407032128,225400
1996-04-24,38.67836380004883,39.01308040985694,38.5946846475968,39.01308040985694,699000
1996-04-25,38.855010986328125,39.013071571819296,38.529592133846315,38.762034171333326,475500
1996-04-26,38.938697814941406,39.16184221502703,38.817827931561695,38.957293181615206,563300
1996-04-29,38.938697814941406,39.013079281636614,38.77133951487719,38.77133951487719,219900
1996-04-30,38.91080856323242,39.01308308992192,38.75274793107592,38.938701615965925,184400
1996-05-01,38.99448013305664,39.15254073445434,38.845717214094094,38.901503308705045,561900
1996-05-02,38.32505798339844,38.90151445961646,38.13910428139262,38.687667702309774,1299600
1996-05-03,38.26926040649414,38.66906074601777,37.93454384317204,38.54819087592923,1329300
1996-05-06,38.23206329345703,38.41801690869758,37.897346786024045,38.41801690869758,647500
1996-05-07,38.074005126953125,38.232065709897746,37.94383758805756,38.232065709897746,582100
1996-05-08,38.548187255859375,38.548187255859375,37.53473997875164,37.888051873523146,1694700
1996-05-09,38.52029800415039,38.71554933364283,38.38083276879865,38.41802349822578,593400
1996-05-10,38.9014892578125,39.031656764889306,38.7155356762742,38.9014892578125,925100
1996-05-13,39.48725509643555,39.65461337092009,38.95728722723451,38.99447795489774,867500
1996-05-14,39.728981018066406,39.83125548359384,39.608111195170345,39.645301909907595,632300
1996-05-15,39.6825065612793,40.05441383926692,39.65461351543023,39.73829265297744,466100
1996-05-16,39.76618194580078,39.83126571330618,39.44076310827377,39.45935847041817,514400
1996-05-17,39.98001480102539,40.04509854605031,39.86844266669694,39.86844266669694,427700
1996-05-20,40.24968338012695,40.31476718323643,39.85918056147015,40.25898106628545,788500
1996-05-21,40.193885803222656,40.38913715688161,40.16599275269995,40.31475568882106,352700
1996-05-22,40.5750617980957,40.5750617980957,40.10088027845709,40.24034543129198,1218100
1996-05-23,40.40773010253906,40.72385132285345,40.18458571172891,40.63087449334922,967900
1996-05-24,40.565799713134766,40.65877656326801,40.4263344379349,40.44492980796155,659100
1996-05-28,40.15666580200195,40.68663337567968,40.054391357958885,40.68663337567968,456400
1996-05-29,39.887062072753906,40.27756477836129,39.75689450421811,40.24037404449392,649600
1996-05-30,40.091590881347656,40.29613981441575,39.71968373031474,39.83125587562461,895800
1996-05-31,39.79404830932617,40.249634376418925,39.79404830932617,40.08227622932363,923500
1996-06-03,39.90566635131836,39.93355940794789,39.69181958382527,39.8033918103434,503100
1996-06-04,40.184566497802734,40.22175721182199,40.0172082847161,40.091589712754605,627100
1996-06-05,40.53789520263672,40.58438361456635,40.119499495270055,40.20317863674339,428000
1996-06-06,40.2403564453125,40.761026491739834,40.165975010108596,40.761026491739834,523300
1996-06-07,40.2403564453125,40.24965412471299,39.38496994046759,39.38496994046759,1422800
1996-06-10,40.11018753051758,40.30543879109729,40.04510377699101,40.184568963119375,548800
1996-06-11,40.072998046875,40.48209593876885,40.072998046875,40.258951634099475,688700
1996-06-12,39.99862289428711,40.3054463613981,39.933539128536296,40.203171872361104,1120600
1996-06-13,39.99862289428711,40.14738578743183,39.76618087374848,40.09159970250256,1502000
1996-06-14,39.831275939941406,40.017229609128805,39.70110837151022,40.017229609128805,1468200
1996-06-17,39.80339050292969,39.99864189292303,39.70111596531412,39.849878929118574,1101000
1996-06-18,39.477943420410156,39.887041279689015,39.468645741790176,39.77546913624933,718000
1996-06-19,39.654598236083984,39.868444838529456,39.52443073894326,39.663895914451174,552100
1996-06-20,39.62672805786133,39.821979416194296,39.384988280877664,39.69181184397232,1234400
1996-06-21,39.967552185058594,39.967552185058594,39.705837624445486,39.81800100756539,573300
1996-06-24,40.04232406616211,40.210569125263625,39.98624237979493,40.06101796161783,416500
1996-06-25,39.99557876586914,40.182517671061326,39.94884403957109,40.1544768352825,454400
1996-06-26,39.72453308105469,40.032982396742874,39.71518613209444,39.94885985610064,838200
1996-06-27,40.00491714477539,40.107733520614765,39.57495775490163,39.724508847031636,1090500
1996-06-28,40.1451416015625,40.37881530122235,40.06101906968495,40.17318244552168,1060800
1996-07-01,40.49097442626953,40.50032137327467,40.19187212210503,40.247953804135875,471300
1996-07-02,40.34142303466797,40.462933345013354,40.27599440602045,40.453586398063706,389400
1996-07-03,40.25727844238281,40.37878868611418,40.11707431500047,40.322707035161244,308300
1996-07-05,39.2291374206543,39.74321951694593,39.10762710698536,39.55628057283988,842900
1996-07-08,39.07024002075195,39.472158757807534,38.95807665227132,39.25717896821966,942000
1996-07-09,39.2291374206543,39.36934162873383,39.10762710698536,39.2478313150649,716300
1996-07-10,39.38802719116211,39.38802719116211,38.83655742270493,39.21978217705653,1132300
1996-07-11,38.59354019165039,39.294561144513985,38.21031540408496,39.21978557620853,1587400
1996-07-12,38.62158203125,38.8272148494222,38.331826696552824,38.65896981637222,1312000
1996-07-15,37.48123550415039,38.71503178508502,37.48123550415039,38.71503178508502,1951300
1996-07-16,37.57469940185547,37.98596476844294,36.11657673849988,37.5933932821549,4141000
1996-07-17,38.023372650146484,38.28508711283186,37.686882626693865,38.13553599129736,1340500
1996-07-18,38.54679870605469,38.61222731685546,37.883165653646856,38.13553315244983,1432500
1996-07-19,38.266380310058594,38.50940080054749,38.060747587337225,38.453319148896206,1216000
1996-07-22,37.98598861694336,38.13553975323054,37.69623329038695,38.00468250897926,519800
1996-07-23,37.49993896484375,38.247694477602344,37.43451035747737,38.04206171159373,1479800
1996-07-24,37.57469940185547,37.799025965448635,36.8643319504771,37.051270753471414,2463400
1996-07-25,37.91120529174805,38.023368621013574,37.761654186060674,37.948593068169885,1989800
1996-07-26,38.11684799194336,38.17292967118604,37.92056211459397,38.02337852653889,642300
1996-07-29,37.69623947143555,38.11685211121105,37.64950473368271,38.06077042590765,1297900
1996-07-30,38.060760498046875,38.09814827849683,37.64949491309745,37.94859715669703,1868200
1996-07-31,38.341190338134766,38.44400679199129,37.995353175162805,38.08882267866874,767100
1996-08-01,38.97676467895508,39.11696886844773,38.32247846132274,38.3785601371198,1168600
1996-08-02,39.81801223754883,39.83670614000777,39.331970773616305,39.48152199328785,1098500
1996-08-05,39.58431625366211,39.836683795302925,39.462805955835044,39.82733684931623,710200
1996-08-06,39.705810546875,39.789933026847194,39.3599736847671,39.574953355807146,640000
1996-08-07,39.80862808227539,39.9301383346984,39.556260634935306,39.85536279474578,917800
1996-08-08,39.743228912353516,39.818004507673095,39.59367772171437,39.818004507673095,925100
1996-08-09,39.61235809326172,39.939501211068276,39.51888863103128,39.883419533730006,648800
1996-08-12,39.90211486816406,39.99558433377232,39.48150227292692,39.63105341790012,764200
1996-08-13,39.58431625366211,39.855377687276324,39.481499847808436,39.82733684931623,805200
1996-08-14,39.72453308105469,39.76192087689568,39.481512408088236,39.59367579561121,533800
1996-08-15,39.64976119995117,39.85539409632055,39.60302645077631,39.62172035044625,632600
1996-08-16,39.98622131347656,40.00491519908361,39.76189468619198,39.76189468619198,475100
1996-08-19,40.00491714477539,40.03295797454977,39.85536605264539,39.99557020151726,436400
1996-08-20,39.97688674926758,40.023621477756315,39.8834172922901,40.014274532058565,645700
1996-08-21,39.83668899536133,39.96754625625646,39.705831734466194,39.87407678418851,266400
1996-08-22,40.21054458618164,40.28532012237165,39.91144244142157,39.93013632546907,584800
1996-08-23,39.99557876586914,40.20121156158055,39.864721532234604,40.13578294476328,757100
1996-08-26,39.799312591552734,39.948863789642175,39.7338839423886,39.902129040239224,784700
1996-08-27,39.9488525390625,39.986240328055544,39.78060748859382,39.91146475006946,389400
1996-08-28,39.8834228515625,40.07970873857511,39.8740759045619,40.04232095057271,227600
1996-08-29,39.490848541259766,39.8366855580708,39.25717488125231,39.8366855580708,680200
1996-08-30,39.07958984375,39.49085555844146,38.9580795189548,39.481508610380295,1500900
1996-09-03,39.33196258544922,39.388044281150904,38.50943104849115,38.565512744192844,1782000
1996-09-04,39.369327545166016,39.930144176863536,39.17304172407188,39.33193976971951,930200
1996-09-05,38.892616271972656,39.341269379652225,38.892616271972656,39.18237140401571,616600
1996-09-06,39.44411849975586,39.584322712432716,38.967424176654546,39.03285280923708,804900
1996-09-09,39.91145706176758,39.9208040072153,39.52823229841103,39.593660916545076,719200
1996-09-10,39.89276123046875,40.02361846037188,39.705822330607134,39.85537345049642,669900
1996-09-11,40.11711502075195,40.1545028259903,39.72454306574925,39.818012578845135,713500
1996-09-12,40.397499084472656,40.519009377878064,40.173172388954995,40.229254062834414,713300
1996-09-13,41.01439666748047,41.05178444931044,40.752682194670655,40.86484554016057,2008800
1996-09-16,41.16395568847656,41.369588527973946,41.014404532478466,41.07048621597775,1220200
1996-09-17,41.07047653198242,41.26676237794774,40.81810901574129,41.20133376262597,604700
1996-09-18,40.96768569946289,41.1265838643935,40.80878753453228,41.01442045385425,225500
1996-09-19,41.12656021118164,41.15460104768926,40.8461518461054,40.90223351912065,410000
1996-09-20,41.27244186401367,41.35699728781884,41.11272606349279,41.24425672274528,948400
1996-09-23,41.263065338134766,41.338225748586744,40.981213798939855,41.1691148250698,466800
1996-09-24,41.25366973876953,41.638866837218536,41.07516376631756,41.225484585224486,1269800
1996-09-25,41.28184127807617,41.450952143575805,41.18789079724304,41.450952143575805,1353300
1996-09-26,41.263065338134766,41.60128718516866,41.122139568537314,41.338225748586744,773200
1996-09-27,41.30063247680664,41.31942257347489,41.11273151012418,41.31942257347489,407600
1996-09-30,41.263065338134766,41.52612677471669,41.23488018421528,41.35701585119974,578200
1996-10-01,41.488548278808594,41.51673343388931,41.15032641784005,41.310042296630755,561400
1996-10-02,41.770389556884766,41.84554995194888,41.58248856922446,41.63885886552255,609000
1996-10-03,41.73279571533203,41.8079560858234,41.61066011328356,41.789165993200555,342200
1996-10-04,42.296504974365234,42.296504974365234,41.78917239581887,41.90191296882917,754100
1996-10-07,42.34349822998047,42.4656339027095,42.24015266074821,42.277732867741754,235100
1996-10-08,42.17437744140625,42.503204175745566,42.09921704498583,42.36227843245729,386200
1996-10-09,41.845558166503906,42.31531072787014,41.79858291036729,42.24015031805154,528800
1996-10-10,41.7609748840332,42.00524605320865,41.71399965919177,41.84553028874778,1562200
1996-10-11,42.277713775634766,42.277713775634766,41.92070197041829,41.92070197041829,331300
1996-10-14,42.33409881591797,42.50320972996291,42.26833346045604,42.27772851123632,201600
1996-10-15,42.277713775634766,42.76625624593099,42.06162768300374,42.76625624593099,776900
1996-10-16,42.484405517578125,42.484405517578125,42.052233325227704,42.39045504098021,590100
1996-10-17,42.59714126586914,42.7098818250201,42.418635380546796,42.615931359060966,792500
1996-10-18,42.82263946533203,42.87900976739258,42.52199785434242,42.615948357776674,695800
1996-10-21,42.76628112792969,43.06692282302937,42.65354049226731,42.86023165764834,879200
1996-10-22,42.46564865112305,42.73810524645105,42.446858541100426,42.72871019143974,848900
1996-10-23,42.60655212402344,42.62534222418839,42.20256497047702,42.371675871961564,735900
1996-10-24,42.24013900756836,42.6817062970158,42.22134891014506,42.60654590732262,379300
1996-10-25,42.277713775634766,42.428034535725914,42.164973205566405,42.23073853810629,568300
1996-10-28,41.9958610534668,42.531378744752615,41.977070959035714,42.31529265879518,975400
1996-10-29,42.33409881591797,42.43744437450099,41.9113215308056,42.127407698751924,815900
1996-10-30,42.193172454833984,42.465628923591545,42.146197201599925,42.465628923591545,495400
1996-10-31,42.59714126586914,42.615931359060966,42.2025493088408,42.249524541820364,726300
1996-11-01,42.446842193603516,42.78506404375175,42.24954611435038,42.68171847842868,821300
1996-11-04,42.728675842285156,42.728675842285156,42.40924422868847,42.50319470327573,1608400
1996-11-05,42.972957611083984,43.17025365608459,42.86021701394078,42.86961206370272,764000
1996-11-06,43.79972839355469,43.81851849582562,43.01054409817532,43.0481243027172,1665000
1996-11-07,43.903072357177734,44.072183271457476,43.61182578258486,43.668196087344775,1446300
1996-11-08,44.147361755371094,44.15675681001152,43.74337440583269,43.91248538936039,1355700
1996-11-11,44.10035705566406,44.2037025877502,44.02519666869233,44.043986765435264,655900
1996-11-12,43.968807220458984,44.25065854879526,43.90304191051385,44.22247341596163,719900
1996-11-13,44.1661262512207,44.23189159556415,43.903064873846915,44.01580546414997,481900
1996-11-14,44.45736312866211,44.45736312866211,43.98761077100507,44.006400865311356,558800
1996-11-15,44.51371765136719,44.79556896617112,44.32581677483124,44.57008791432798,2250900
1996-11-18,44.523128509521484,44.64526412265163,44.335227566244335,44.59828888683234,1518200
1996-11-19,44.84255599975586,44.85195104605792,44.51372937918359,44.57949470329804,1029300
1996-11-20,44.917720794677734,45.10562173922773,44.68284461399023,44.83316536963023,730000
1996-11-21,44.85197448730469,45.002295306700766,44.72044377033312,44.974110153064004,653000
1996-11-22,45.19956970214844,45.246544935678,44.917718300971046,44.917718300971046,965100
1996-11-25,45.772674560546875,45.791464656836105,45.143206334857915,45.24655186444864,2058800
1996-11-26,45.622344970703125,46.11088737977985,45.37807376616476,45.86661617524148,2861800
1996-11-27,45.53778839111328,45.810244727680704,45.48141811458209,45.73508435897245,872000
1996-11-29,45.7068977355957,45.82903333077818,45.612947277763034,45.69750268981244,1073400
1996-12-02,45.725704193115234,45.772679438844754,45.33111212898726,45.650543799948,1350600
1996-12-03,44.945919036865234,46.045139882875525,44.945919036865234,45.735103234000825,1777800
1996-12-04,45.06802749633789,45.133792806422186,44.551300059961285,45.021052274849104,2365100
1996-12-05,44.945919036865234,45.18079528601273,44.814388337342635,45.00228933666063,1697700
1996-12-06,44.682838439941406,44.945899725962924,43.686963571431356,44.04397531674628,3401800
1996-12-09,45.340518951416016,45.34991400300148,44.842581217386794,44.908346578484995,1864600
1996-12-10,45.12443161010742,45.50023366390803,45.077456353382345,45.434468304492924,1331600
1996-12-11,44.71104049682617,44.870756338062996,44.08157218136339,44.269473171053775,1847900
1996-12-12,43.968807220458984,45.021052179581076,43.85606668912447,44.96468191391382,2540200
1996-12-13,44.08156967163086,44.24128550377445,43.53665683255273,43.9312488884369,1678300
1996-12-16,43.517860412597656,44.3070444097173,43.3299594609025,44.19430383870021,1831100
1996-12-17,43.865501403808594,44.0627975120716,43.217242762373,43.38635371231272,2023200
1996-12-18,44.21309280395508,44.35401851412493,44.05337699909591,44.11914233050851,1666800
1996-12-19,45.12443161010742,45.1714068668325,44.429197810576305,44.607703786131594,2269300
1996-12-20,45.22340393066406,45.75211178455074,45.166756660604776,45.39334574084192,1543200
1996-12-23,45.110145568847656,45.4405882425416,44.91187996463129,45.37449970780281,1263700
1996-12-24,45.44059371948242,45.44059371948242,45.19512198943743,45.22344565059647,633000
1996-12-26,45.789894104003906,45.81821774984144,45.54442250674533,45.58218736786203,1384300
1996-12-27,45.8465576171875,45.94096980338434,45.61996837031507,45.78991030546939,410400
1996-12-30,45.45003128051758,45.99762201883706,45.41226640201278,45.99762201883706,694100
1996-12-31,44.61920928955078,45.54444892357024,44.61920928955078,45.48780159903844,1378100
1997-01-02,44.73247528076172,44.94018200431106,43.9582956748051,44.94018200431106,2031900
1997-01-03,45.3745002746582,45.3933827133909,44.76082101584573,44.940204183806294,2123200
1997-01-06,44.977970123291016,45.58220817700441,44.90244036657684,45.37450134604043,1374100
1997-01-07,45.52553939819336,45.60106911930193,44.78912461738476,44.977948920156194,939000
1997-01-08,45.1290283203125,45.7899136722836,45.1290283203125,45.771031233655854,1802200
1997-01-09,45.506675720214844,45.846559605262094,45.28008646351668,45.3556162157494,1415700
1997-01-10,45.99761962890625,46.073149381991485,44.864673332627774,44.864673332627774,2369500
1997-01-13,45.93153762817383,46.22421546300906,45.70494833668849,46.22421546300906,1364600
1997-01-14,46.507442474365234,46.76235537465104,46.22420591849212,46.33750054084137,2111200
1997-01-15,46.39414596557617,46.649058855496925,46.14867429380064,46.35638109299532,1583900
1997-01-16,46.58298110961914,46.70571697391283,46.224214737068365,46.54521622829801,1308400
1997-01-17,46.86621856689453,46.97951321290637,46.59242317236594,46.64907049537186,1604000
1997-01-20,46.92287826538086,47.18723250912948,46.80958358948859,46.97952560332699,1889900
1997-01-21,47.30050277709961,47.461003485125694,46.59241141816099,46.75291212618708,2785800
1997-01-22,47.64039611816406,47.64039611816406,47.05504047818662,47.31939463817643,1201600
1997-01-23,46.97951889038086,48.1502303739836,46.46969292171515,47.772581508305294,2601100
1997-01-24,46.375274658203125,47.07392496860765,46.375274658203125,47.05504252778591,2176000
1997-01-27,46.243080139160156,46.66793489748237,46.148667970644105,46.450786909895456,2108500
1997-01-28,46.375274658203125,47.036160086964166,45.922096078481275,46.903983001211955,4376000
1997-01-29,46.82843017578125,46.82843017578125,46.28083966162897,46.4507815453314,1122700
1997-01-30,47.43268585205078,47.451568290686154,46.77180049981282,47.05503707934337,2126300
1997-01-31,47.37602233886719,47.98026016861758,47.357139906687486,47.69702368592208,3208100
1997-02-03,47.51765823364258,47.66871774720075,47.347716280889635,47.56486433162951,755000
1997-02-04,47.81033706665039,47.85754316564985,47.394923395455166,47.583747791453,654100
1997-02-05,46.91340637207031,48.01802873985703,46.60184621705354,47.876410487576685,2255400
1997-02-06,47.22496795654297,47.25329160785637,46.77178953552856,46.99837874603576,2483100
1997-02-07,47.86698913574219,47.88587157721585,46.99839682795358,47.62151739658454,2321000
1997-02-10,47.41379928588867,48.05580214360282,47.38547563040129,47.88586021067849,1670000
1997-02-11,47.96139144897461,47.96139144897461,47.206093945841154,47.60262513498622,1664300
1997-02-12,48.64116287231445,48.72613384782898,47.89530653168696,47.961395068198264,2675400
1997-02-13,49.16987609863281,49.28317074402137,48.75446239887478,48.82999216246715,1104800
1997-02-14,49.05658721923828,49.226529207295684,48.88664523118087,49.05658721923828,1112900
1997-02-18,49.471988677978516,49.50975355483193,48.792220894616975,49.15098722472445,833100
1997-02-19,49.14157485961914,49.547547524165466,49.03772138729334,49.33984057951386,648100
1997-02-20,48.5467414855957,49.16042063700832,48.433446873027215,48.96215506501348,1193900
1997-02-21,48.565616607666016,48.80164701497388,48.4239983632813,48.58449904025065,1844400
1997-02-24,49.14157485961914,49.169898533889814,48.3201883057696,48.3201883057696,787300
1997-02-25,49.179317474365234,49.26428845867495,48.867757198562956,49.18875869484409,1653900
1997-02-26,48.69780731201172,49.20763313497578,48.11245173749742,49.13210338342555,1597800
1997-02-27,47.97084045410156,48.82999150336809,47.96139923377995,48.82999150336809,1813100
1997-02-28,47.8292121887207,48.263508233071505,47.77256487858799,47.88585949885342,2961200
1997-03-03,48.150203704833984,48.187968570484834,47.54596585442038,47.58373072007123,1210400
1997-03-04,47.885887145996094,48.41459567915378,47.79147490793222,48.28241854586435,1478700
1997-03-05,48.69780731201172,48.69780731201172,48.008598329115856,48.169099051160096,1254800
1997-03-06,48.41457748413086,48.88663849704165,48.263517959999405,48.71669653239377,1528500
1997-03-07,48.848876953125,49.037701371188874,48.49011055880363,48.603405209641956,1859300
1997-03-10,49.35869598388672,49.35869598388672,48.66948695427239,48.90551744386634,1074900
1997-03-11,49.09436798095703,49.424810842367314,49.09436798095703,49.39648716853215,624600
1997-03-12,48.660037994384766,49.15098133464631,48.518419723155475,49.132098898482404,1055600
1997-03-13,47.90475845336914,48.622291295792486,47.772581350817475,48.49011419324082,2514100
1997-03-14,48.150203704833984,48.357910465913655,47.88584964527803,48.121880055595845,1642700
1997-03-17,48.28237533569336,48.357905058549356,47.39490109213545,47.885844290699396,3013500
1997-03-18,47.76313400268555,48.405136989873256,47.56486837428934,48.33904844707452,1352500
1997-03-19,47.60262680053711,48.036922880034275,47.16833072103994,47.640391677015124,1510000
1997-03-20,47.357147216796875,47.73479591868521,47.05502825528621,47.58373643792987,1808200
1997-03-21,47.5764274597168,47.765974979476624,47.51956320378885,47.72806547552466,2810600
1997-03-24,48.23982620239258,48.26825831999713,47.367907929186266,47.6143196150924,2145600
1997-03-25,47.765968322753906,48.50520354679653,47.63328507741292,48.126108560108,2125800
1997-03-26,47.974483489990234,48.31566906992695,47.72807168225816,47.95552873554931,1335300
1997-03-27,46.70451354980469,48.14507484436035,46.19273519515991,48.14507484436035,2898500
1997-03-31,45.71884536743164,46.78031109735542,45.643026386722795,46.64762788111495,4270700
1997-04-01,46.012664794921875,46.211689709585805,45.519841196706444,45.643047096260304,3210900
1997-04-02,45.18813705444336,46.06005580633279,45.150227543491646,45.870508251574215,2672700
1997-04-03,45.43454360961914,45.56722688257172,44.998584284203524,45.15022231043504,2284200
1997-04-04,46.003196716308594,46.01267409511294,44.97963980543893,45.188142139134605,3706700
1997-04-07,46.18324661254883,46.47704522633685,46.18324661254883,46.211678736463796,2596200
1997-04-08,46.514957427978516,46.571821679112965,46.00317916776849,46.17377192117183,1822700
1997-04-09,46.13585662841797,46.73293119037161,46.003173392428266,46.70449906837381,2453200
1997-04-10,45.96525192260742,46.42964312759871,45.908387693424814,46.154799353216106,1996500
1997-04-11,44.505760192871094,45.6809548828021,44.50576019287109,45.52931685829487,4221600
1997-04-14,45.102821350097656,45.15968559218645,44.46783731343942,44.723726402839006,3988500
1997-04-15,45.87051010131836,45.87998747943847,45.18813887667065,45.643053026435794,2760400
1997-04-16,46.4012336730957,46.46757530620675,45.64304358039806,45.71886258966782,2273300
1997-04-17,46.211692810058594,46.70451644133895,46.097964279763126,46.40124036055104,1386000
1997-04-18,46.43914031982422,46.69502946036203,46.24959280831474,46.590778329031814,1702100
1997-04-21,46.13585662841797,46.64763482437823,45.775716416445924,46.55286108438559,2809400
1997-04-22,47.14994430541992,47.14994430541992,46.097955598304026,46.1642972284825,3215000
1997-04-23,47.197330474853516,47.33001373321656,46.81823545095911,47.10255671887992,2047700
1997-04-24,46.96039581298828,47.481651467824676,46.62868766900148,47.33949083468748,2689900
1997-04-25,46.4201774597168,46.82770453827291,46.353835842277434,46.74240817299372,1606200
1997-04-28,46.87509536743164,47.19732610792753,46.32540763364453,46.40122663140827,1666500
1997-04-29,48.353572845458984,48.39148234984586,47.491131620657576,47.67120176649524,3197400
1997-04-30,48.581031799316406,48.941172105280906,48.05029871684241,48.06925346978791,3372200
1997-05-01,48.5241584777832,48.846389217674734,48.10715399086475,48.65684172362089,2149500
1997-05-02,49.39606857299805,49.5382291694284,48.56205974060668,48.69474296394167,1448300
1997-05-05,50.57126998901367,50.684998482242335,49.310779189062615,49.52875880108422,3636200
1997-05-06,50.53335952758789,50.62813327013776,50.0405360663286,50.32485729397819,1721100
1997-05-07,49.43400573730469,50.34383406375815,49.37714146690135,50.34383406375815,2327200
1997-05-08,49.775177001953125,50.47650280129519,49.24444396461318,49.320262969947464,2923700
1997-05-09,50.11638641357422,50.419662579465744,49.52878884215939,50.32488877762464,2558200
1997-05-12,50.950374603271484,51.10201262292408,50.26800351483482,50.30591301974796,2357900
1997-05-13,50.74184799194336,51.007214399073426,50.35327575293146,50.91244068224126,1195100
1997-05-14,50.836647033691406,51.25365159548902,50.60918999998361,51.09253619661267,2772000
1997-05-15,51.177818298339844,51.31050153096517,50.65656274159749,50.836632843017576,884100
1997-05-16,50.47650909423828,51.139925473621815,50.34382581836157,51.026196951441776,1934200
1997-05-19,50.62812805175781,50.89349450354539,50.381716346526495,50.533354318976535,1375800
1997-05-20,51.234710693359375,51.36739399889157,50.19219900703501,50.51442989189891,1756400
1997-05-21,51.120967864990234,51.54744979934777,50.741872812227975,51.3673796492857,1208000
1997-05-22,50.950374603271484,51.2346958901201,50.68500806887945,51.177831632750376,907600
1997-05-23,51.42423629760742,51.68960279527292,51.04514130094242,51.17782454977517,644400
1997-05-27,51.632713317871094,51.87912494530587,51.11145795214369,51.17779954414536,1531000
1997-05-28,51.62327575683594,51.8317780639133,51.26313540824777,51.63275313443037,716700
1997-05-29,51.31998062133789,51.70855295845236,51.253639002806146,51.61377921769273,1282700
1997-05-30,51.65170669555664,51.89811850731526,50.41964763676355,50.476511901015535,2143300
1997-06-02,51.42423629760742,51.86019554377217,51.38632679794092,51.76542179460592,1479100
1997-06-03,51.25362777709961,51.82227009711181,51.15885405709758,51.196763545098385,1562100
1997-06-04,51.19679641723633,51.40529873511474,50.997771477443294,51.272615441919385,1063100
1997-06-05,51.38630294799805,51.746443027677856,51.20623290815814,51.31048398385493,1180800
1997-06-06,52.390907287597656,52.42881677188681,51.310486985357045,51.310486985357045,1511100
1997-06-09,52.65627670288086,52.69418618934802,52.37195555437719,52.428819784077916,1823400
1997-06-10,52.8173942565918,53.01641906897085,52.46673149192396,52.67523367632106,1217500
1997-06-11,52.940589904785156,53.01640886633873,52.66574616915344,52.76999724128961,1673800
1997-06-12,53.96418380737305,53.98313856108129,53.11121989050203,53.300767427584475,4273300
1997-06-13,54.4190788269043,54.58967155049961,53.92625540318451,54.02102913851524,2132900
1997-06-16,54.438018798828125,54.5896567342009,54.267426121533745,54.43801879882812,800400
1997-06-17,54.36222839355469,54.73184605522634,53.945223852181535,54.2484998822711,2048100
1997-06-18,54.17267608642578,54.362223588477654,53.96417383416872,54.05894758519466,1971900
1997-06-19,54.731834411621094,54.892949768330624,54.21057884579613,54.35273945465748,2029900
1997-06-20,54.54536056518555,55.011560228135856,54.49778917100695,54.76418897840712,1396900
1997-06-23,53.222862243652344,54.74514646942717,53.184805138007974,54.4406896242722,3991500
1997-06-24,54.57389450073242,54.72612293727561,53.58440966320171,53.7366380997449,4895100
1997-06-25,54.19331741333008,54.9544595118319,53.54634662960352,54.488259976499535,4708900
1997-06-26,53.926944732666016,54.573915840961945,53.39414499642232,54.098201790744355,2569900
1997-06-27,54.13624572753906,54.63098821924944,54.00304582592474,54.17430284228602,2617900
1997-06-30,53.77469253540039,54.47874901940953,53.508292784694234,54.136235054215895,2384900
1997-07-01,54.402645111083984,54.53584501167075,53.822274115670176,53.88887406596356,1749000
1997-07-02,55.29700469970703,55.297004699707024,54.32654797579613,54.53586217114946,1961800
1997-07-03,56.05813980102539,56.115225483103835,55.69659714786196,55.94396843686852,2539100
1997-07-07,55.48725891113281,56.32451521843386,55.3540590440622,56.248401008679224,1158600
1997-07-08,56.0676155090332,56.134215425639894,55.525301902378715,55.56335899758254,3396500
1997-07-09,55.449214935302734,56.24841432695776,54.821272556145225,56.21035721306942,5390300
1997-07-10,55.69657897949219,55.92492163331996,55.09717951319427,55.48726488015006,2072200
1997-07-11,55.8868408203125,56.134211923705095,55.6394697169199,55.7726695418236,2258900
1997-07-14,56.05813980102539,56.21036828656789,55.54436866231946,55.953482717214925,3186400
1997-07-15,56.34355163574219,56.48626579895329,55.696580762518536,56.210351750078495,2983100
1997-07-16,57.08567428588867,57.294988424936925,56.56238893826802,56.705103123982745,2621300
1997-07-17,56.80024337768555,57.1237288508583,56.49578646175826,57.009557507385566,1794800
1997-07-18,55.59195327758789,56.76221003835177,55.449239038470346,56.63852436444989,3961900
1997-07-21,55.6014289855957,55.77268595372382,55.220857945310996,55.58240043358147,3810300
1997-07-22,57.0761604309082,57.11421754738156,55.791732749932606,55.82978986640595,4243400
1997-07-23,57.02858352661133,57.532840271174294,56.95246930101692,57.19984053419875,3204300
1997-07-24,57.29499816894531,57.3996552562682,56.43871290903082,57.19985536228815,4152700
1997-07-25,57.25690460205078,57.73261833254306,57.009533462194796,57.58038993878554,2364800
1997-07-28,57.2188720703125,57.58041466071354,56.933443709469564,57.390129086818256,2794700
1997-07-29,57.40915298461914,57.52332431968965,56.88586769887933,57.009553311872374,2737100
1997-07-30,58.09417724609375,58.22737712841365,57.48526349834563,57.54234916219701,4839800
1997-07-31,58.03710174560547,58.474758578441175,57.865844724061056,58.094187419453604,2138700
1997-08-01,57.808746337890625,58.28446018201416,57.12371840235276,58.15126030565957,7077700
1997-08-04,57.96097183227539,58.17980018948852,57.485258012246874,57.71360064586056,2339500
1997-08-05,57.99903106689453,58.26543081588946,57.78971697839852,57.90388829939635,1466700
1997-08-06,58.47477340698242,58.77923041137933,57.8848879609634,58.113230714261086,2478200
1997-08-07,58.03710174560547,58.83630117947938,57.92293039790919,58.76018694768186,3641900
1997-08-08,56.85732650756836,57.69458298893818,56.26744125933054,57.42818319941142,7113100
1997-08-11,57.27595138549805,57.409151272441065,56.40063784272964,57.085665832722306,6355900
1997-08-12,56.36260986328125,57.57092374792621,56.305524167943695,57.37112381424476,6132500
1997-08-13,56.19132614135742,57.142753945985895,55.69658368295062,57.047611165523044,6982300
1997-08-14,56.400634765625,56.819262958892125,55.84880669268198,56.686063079216225,3462700
1997-08-15,54.66904830932617,56.0961901900082,54.57390551728071,56.0961901900082,4907100
1997-08-18,55.8868408203125,55.8868408203125,54.40261419995691,55.03055623164581,5638900
1997-08-19,56.533836364746094,56.571893474382414,55.73463706238348,56.153265268382945,3802800
1997-08-20,57.39009475708008,57.42815184909406,56.39109609171314,56.59089582478652,3564600
1997-08-21,56.38163757324219,57.39015150890936,56.07718053605964,57.314037249613726,5392600
1997-08-22,56.36260986328125,56.46726697140011,55.14478169608004,55.4111816076553,8087800
1997-08-25,56.15328598022461,56.876371330020795,55.924943238183715,56.495800093285965,3888000
1997-08-26,55.32552719116211,56.36258350480556,55.230384410093905,56.02006949296002,4290000
1997-08-27,55.65852737426758,56.00104138887845,55.04961357051491,55.41115614149305,5484300
1997-08-28,54.811744689941406,55.982000651903356,54.80223041382789,55.52531539845479,4287900
1997-08-29,55.03060531616211,55.4777765557644,54.631005485028155,54.87837680906346,2652300
1997-09-02,56.81925964355469,56.84780247324837,55.163775521321185,55.220861180708546,7294000
1997-09-03,56.51482009887695,57.23790533919929,56.476762980965255,56.80976276269264,2812500
1997-09-04,56.87636947631836,57.066655088484026,56.47676969077045,56.66705530293612,2473700
1997-09-05,56.71459197998047,57.50427678694883,56.38159236258418,57.218848543466294,3663300
1997-09-08,56.96199035644531,57.237904457052785,56.81927616647594,57.06664742908953,803500
1997-09-09,56.99049758911133,57.40912561814653,56.57186956007612,56.7621550278194,1885200
1997-09-10,55.81074142456055,56.93342596054727,55.81074142456054,56.70508334305845,3623700
1997-09-11,55.52534484863281,55.96300178198393,54.9544879790444,55.88688753270547,7055900
1997-09-12,56.4196891784668,56.60997480807377,55.37311821562846,56.02008935629216,6708000
1997-09-15,56.324520111083984,56.819262517465134,56.13423457016817,56.4196628815419,2060500
1997-09-16,57.73261260986328,58.0180408198659,56.64798541185332,56.819242337854895,6979000
1997-09-17,57.73261260986328,58.15124065120045,57.5423271365282,58.075126461866425,2220000
1997-09-18,57.98000717163086,58.68406370768283,57.82777873140341,57.84680728643184,5045400
1997-09-19,58.078102111816406,58.278634855050235,57.69613498184721,57.848921833834886,1566400
1997-09-22,58.402801513671875,58.79431800517949,58.192719493838524,58.36460478279309,3259000
1997-09-23,58.13539123535156,58.48871079443632,57.906210980810094,58.40276819898327,1872800
1997-09-24,57.65790939331055,58.7369659950734,57.619712699442836,58.28815484212779,2793100
1997-09-25,57.25688552856445,57.90622979406518,57.21868880706441,57.60065602206484,6327800
1997-09-26,57.734344482421875,57.944426450435984,57.562459235864885,57.715246121693326,3995800
1997-09-29,58.2881965637207,58.402786727345315,57.5433605001607,57.75344246680583,2065000
1997-09-30,57.677040100097656,58.47917112135729,57.67704010009765,58.059007253078434,4137600
1997-10-01,58.44098663330078,58.55557680317,57.925330868889304,58.21180629356235,3567500
1997-10-02,58.765647888183594,58.78474624628831,58.24999221935651,58.38368072608946,2577500
1997-10-03,59.0616455078125,59.739636911378334,58.26906400786934,59.56775176681235,6499900
1997-10-06,59.45319747924805,59.653730268689785,59.224017148457506,59.47229584014727,2272100
1997-10-07,60.00700759887695,60.197991073093625,59.40540965509445,59.605942303021955,1832800
1997-10-08,59.58687210083008,60.12162608122214,59.11896236798702,60.112076903000855,4439400
1997-10-09,59.376808166503906,59.65373441880828,58.803857299667264,59.14762781976925,3607600
1997-10-10,59.204917907714844,59.271762169868715,58.82295069540701,58.86114741663779,2858100
1997-10-13,59.26220703125,59.61552666711147,59.109420161688284,59.49138733559257,1760300
1997-10-14,59.281307220458984,59.586880969018054,58.7847498790505,59.56778260973311,2235700
1997-10-15,59.147586822509766,59.319471963421165,58.84201323866729,58.86111158765745,2601700
1997-10-16,58.2117805480957,59.58686197836568,58.05899372251015,59.47227185917652,9488100
1997-10-17,57.61973190307617,58.2881742685411,56.83669941781727,58.06854320560262,8151300
1997-10-20,58.44098663330078,58.51738007988026,57.543363635991916,57.96352759217905,3636400
1997-10-21,59.57733154296875,59.58688072257173,58.68925783989196,58.803847995127676,5225400
1997-10-22,59.18579864501953,59.5200198377552,58.99481510631343,59.49137230694928,4485200
1997-10-23,58.02079391479492,58.51735107140607,57.619728519070534,58.02079391479492,8054100
1997-10-24,57.44786071777344,58.765647416419164,57.247327959283865,58.765647416419164,6778700
1997-10-27,53.284423828125,57.40966954385081,53.07434187037971,56.84626792989752,10840700
1997-10-28,56.35926055908203,56.760326120498746,51.56557218214893,51.56557218214893,19548000
1997-10-29,56.2064323425293,57.295038065779096,55.78626873004691,56.531104224902045,10134400
1997-10-30,54.96508026123047,56.56934250652004,54.850490100852646,55.385244182615835,9772900
1997-10-31,56.26376724243164,56.53114427617029,55.270652545688115,56.110980366009564,7072700
1997-11-03,57.44786071777344,57.677041013190085,56.76031983152348,56.95130341103736,5548500
1997-11-04,57.44786071777344,57.715237729092856,57.00859848489152,57.37146728596788,3455700
1997-11-05,57.638851165771484,58.23090033281552,57.352375762363074,57.562457724862576,4774900
1997-11-06,57.419193267822266,57.65792265942306,57.142267173565344,57.46693914614242,3679800
1997-11-07,56.798492431640625,56.98947593006578,55.88177163919989,56.454722134475354,10606800
1997-11-10,56.454734802246094,57.35235744626016,56.22555455271059,57.218668967364444,4347900
1997-11-11,56.47381591796875,56.874881232232305,56.24463573838957,56.64570105265313,3212400
1997-11-12,55.308815002441406,56.66479769069186,55.23242161155405,55.99635552042756,6775300
1997-11-13,56.11094665527344,56.32102848413933,55.06053751094395,55.90086482640754,8589600
1997-11-14,56.874881744384766,57.07541440332232,55.986808540518446,56.416521381098924,5827900
1997-11-17,57.92530059814453,58.24997257643944,57.466940158198774,57.677022026507245,5149900
1997-11-18,57.56245040893555,58.116302785133,57.38101600983638,57.944417564933794,3433600
1997-11-19,57.8488883972168,58.09716688819198,56.68388932417942,57.256839687968295,4387900
1997-11-20,58.72744369506836,58.99482067449306,58.23088644756535,58.24998480323854,4822700
1997-11-21,59.12850570678711,59.166702415900026,58.46006329731116,59.05211228856129,5436500
1997-11-24,58.058990478515625,58.88021962015252,57.829810252942536,58.67013774671052,4337200
1997-11-25,58.2117805480957,58.5555509056632,57.84891183733002,58.44096078647404,4525000
1997-11-26,58.38365173339844,58.66057778839819,58.24996329305372,58.59373356822584,2681100
1997-11-28,58.44098663330078,58.822953866198176,58.42188827165592,58.51738007988026,1564700
1997-12-01,59.94972229003906,59.94972229003906,58.68923115555592,58.80382125869075,4850900
1997-12-02,59.58687210083008,59.882896625689966,59.43408524928949,59.701462239485515,1974900
1997-12-03,59.7587890625,60.21714986067833,59.20493643136785,59.66329722954618,3302500
1997-12-04,59.70145034790039,60.33169598497035,59.51046682151555,60.19800751650097,2872500
1997-12-05,60.46540069580078,60.50359741133824,59.35769594521442,59.510482807364255,3458800
1997-12-08,60.29353713989258,60.50361915083297,60.0452583996903,60.484520786202026,2289200
1997-12-09,59.9306526184082,60.25532473265707,59.66327558314443,60.0261444167167,1703000
1997-12-10,59.41498947143555,59.79695661686426,58.956628896921096,59.62507140142134,3558400
1997-12-11,58.402801513671875,59.033047573171935,58.25001459015672,58.86116228421737,5072800
1997-12-12,58.517356872558594,58.97571737025487,58.001701312650276,58.93752066211351,4478400
1997-12-15,59.10940170288086,59.34813111202012,58.593746179140055,58.82292641191375,4674700
1997-12-16,59.4723014831543,59.777875286535945,59.20492440519535,59.415006395020235,2885800
1997-12-17,59.166709899902344,59.81605403695744,59.099865650499616,59.79695567998523,2236300
1997-12-18,58.59376525878906,59.24310946309115,58.192699720837766,59.24310946309115,4658300
1997-12-19,58.15581512451172,58.82691750807845,56.6793898806649,58.002420293982176,8556000
1997-12-22,58.529727935791016,58.846104843552055,58.021607447568755,58.5584894728602,5136800
1997-12-23,57.48472595214844,58.67353616196605,57.38885416103411,58.55849001262886,4436500
1997-12-24,57.31216812133789,57.94492206847879,57.216296311165024,57.94492206847879,2019200
1997-12-26,57.54222869873047,57.7531465646705,57.31213648134135,57.7531465646705,941800
1997-12-29,58.673553466796875,58.73107655843099,57.94492763943142,58.04079945882162,2080000
1997-12-30,59.59390640258789,59.67060383682546,58.80775770165285,58.86528077733102,3616000
1997-12-31,59.555580139160156,59.90071872335361,59.32548774969784,59.440533944429,4359500
1998-01-02,59.86232376098633,59.919846813927705,59.229570178631256,59.708928953142674,2360900
1998-01-05,59.99656295776367,60.3992244541245,59.38298353473764,60.034911671702794,4191800
1998-01-06,59.037818908691406,59.68974675633529,59.018644560231294,59.67057240787518,3154900
1998-01-07,59.19122314453125,59.34461795669719,58.42424908370156,58.961130926282344,4424200
1998-01-08,58.673553466796875,59.095389472113716,58.52015855577257,59.095389472113716,3831000
1998-01-09,56.64104080200195,58.596824878442106,56.391774204024294,58.44343004891739,10258800
1998-01-12,57.67643737792969,57.79148346312503,55.77817697220661,55.9123974049345,12097900
1998-01-13,58.481781005859375,58.52012971471567,57.8106786008741,58.059945208440055,5224900
1998-01-14,58.750244140625,58.88446467227786,58.11749020569007,58.71189541729561,3770400
1998-01-15,58.261268615722656,58.750214592257436,58.174984031628284,58.59681977608966,2875400
1998-01-16,59.0953483581543,59.325440564610446,58.69268699685603,59.05699965707827,4374800
1998-01-20,60.05409622192383,60.14038084293234,59.21042437206283,59.32547053340751,5091700
1998-01-21,59.47883224487305,59.93901663361481,58.999473506600374,59.65140139065121,4699400
1998-01-22,58.95153045654297,59.440476310061214,58.826897199763806,58.99946632453496,4543400
1998-01-23,58.86526870727539,59.38297628222537,58.29003806844209,59.21040709057538,6350300
1998-01-26,58.82691955566406,59.35421430396287,58.53930423841016,59.13370922740155,4362900
1998-01-27,59.42132568359375,59.823987135467085,58.69270019925152,58.788571973507075,7044200
1998-01-28,59.95820999145508,60.19788943657602,59.63224594609059,59.766466435358325,4268600
1998-01-29,60.28413391113281,61.08945631070902,59.86229836849766,60.034867454121134,8007700
1998-01-30,60.32252883911133,60.725190347573296,60.13078526365325,60.61014420229845,3649100
1998-02-02,61.31955337524414,61.664691574354336,61.20450730887408,61.30037903084913,5756300
1998-02-03,61.77975082397461,61.8564482179212,61.18534602088858,61.357915157268394,2759600
1998-02-04,61.70309066772461,62.067403508832996,61.3196034665579,61.53052142719959,3374000
1998-02-05,61.66476058959961,62.335863394523734,61.377145101774985,62.16329410182896,5076200
1998-02-06,62.3549919128418,62.354991912841804,61.77976136014031,61.971504877707474,5701200
1998-02-09,62.14405822753906,62.431673430690275,61.79891998375761,62.41249908381353,2322200
1998-02-10,62.73847961425781,62.87270007798024,62.08655164760599,62.23994646328877,3660400
1998-02-11,62.68095397949219,62.79600008652093,62.402925887506065,62.64260527714927,4073200
1998-02-12,62.949432373046875,63.160350361503625,61.89484243076312,62.41255022061151,5024700
1998-02-13,62.58510208129883,62.90147897601127,62.508404652277626,62.70014822483062,2101300
1998-02-17,62.891876220703125,63.256188918323055,62.680958343133696,63.08361974576624,3055500
1998-02-18,63.46713638305664,63.495897925224185,62.757685009590446,62.77685937103548,3007400
1998-02-19,63.13158416748047,63.44796112686192,63.04529954219461,63.35208932098875,3387800
1998-02-20,63.60134506225586,63.63969377800036,62.81519638949357,63.294555336299844,3707000
1998-02-23,63.850589752197266,63.96563585985888,63.40957967282773,63.96563585985888,3227800
1998-02-24,63.35205841064453,63.869765909763,63.16031489245251,63.75471979884778,3386800
1998-02-25,64.13818359375,64.34910138733184,63.582127592488796,63.6588249719731,3481800
1998-02-26,64.50255584716797,64.56007893502216,63.927324968626046,64.08071986957056,3187600
1998-02-27,64.50255584716797,64.7518225612028,64.13824295742475,64.40668403407766,3442900
1998-03-02,64.36827087402344,64.88597814646867,64.19570178320836,64.57918865168631,4252300
1998-03-03,64.73262023925781,64.8093176566029,64.13821525483334,64.13821525483334,3349200
1998-03-04,64.3107681274414,64.67508076740008,64.0806759337833,64.48333727268499,4404100
1998-03-05,63.71638488769531,64.0806976511218,63.29454905635938,63.50546697202735,7268000
1998-03-06,65.00106048583984,65.00106048583984,64.08069148781026,64.15738890431273,6896300
1998-03-09,64.77099609375,65.17365770356905,64.57925247002665,64.75182173137766,3362800
1998-03-10,65.38453674316406,65.55710590172373,65.00104972414256,65.17361888270224,5481900
1998-03-11,65.69136047363281,65.8447553609034,65.51879122545338,65.63383739090634,3439600
1998-03-12,65.95979309082031,66.01731616619021,65.34621362020803,65.71052643088407,3191300
1998-03-13,65.71051788330078,66.2665742062117,65.57629739156367,66.17070242639947,2879400
1998-03-16,66.41996002197266,66.49665743539295,65.97894989480598,66.17069342835671,3223600
1998-03-17,66.6117172241211,66.6117172241211,66.05566086272228,66.45832236580418,4581900
1998-03-18,66.86100769042969,66.86100769042969,66.28577676679537,66.41999731564337,1944100
1998-03-19,67.0335693359375,67.11026678369029,66.66925645911175,66.86100007849373,2554800
1998-03-20,67.61073303222656,67.80302749477556,66.99539075206978,67.41843856967756,3123300
1998-03-23,67.4568862915039,67.8799340390561,67.32228019001002,67.51457462071556,4453100
1998-03-24,68.03380584716797,68.18764147373024,67.64921678076226,67.7261345940434,3333600
1998-03-25,67.78379821777344,68.62989385510167,67.1876853823831,68.55297606989002,4597600
1998-03-26,67.74530792236328,68.14912610753774,67.45686636152438,67.61070186063846,3333500
1998-03-27,67.4568862915039,68.16837568511441,67.07229743009282,68.14914624204386,2611300
1998-03-30,67.4184341430664,67.74533470793581,67.05307468821238,67.45689303305105,3108700
1998-03-31,67.6491928100586,68.41837067032078,67.53381613101926,67.78379893560448,5926500
1998-04-01,68.19725799560547,68.3510936262173,67.32231784650071,67.87997200746858,2929000
1998-04-02,68.93759155273438,69.07219772870903,68.1491839505971,68.2645606728611,3920900
1998-04-03,69.2836685180664,69.41827459067991,68.82216198339152,69.12983300650812,3787600
1998-04-06,68.72600555419922,69.764395117693,68.72600555419922,69.687477372249,4550500
1998-04-07,68.2645492553711,68.87989167119416,67.78381299300932,68.76451496822733,5583700
1998-04-08,67.87994384765625,68.47605666898127,67.53381382237075,68.43759777728289,4854800
1998-04-09,68.41835021972656,68.4760385420029,68.01453196379227,68.03376140455104,4481200
1998-04-13,68.22604370117188,68.53371469869688,67.6876194555031,68.53371469869688,4350200
1998-04-14,68.802978515625,68.802978515625,68.24532441362581,68.37993057617734,3279100
1998-04-15,68.99526977539062,68.99526977539062,68.39915679795554,68.89912252096562,3867200
1998-04-16,68.1876220703125,68.6106699229766,67.99532759182883,68.4952932358864,7177900
1998-04-17,69.0914306640625,69.18757793746086,67.95689283796183,68.12995793007889,5688800
1998-04-20,69.07219696044922,69.26449149541706,68.84144351848781,68.91836133247494,3688300
1998-04-21,69.39904022216797,69.6297934731145,68.86061596995941,69.18751640880032,4573200
1998-04-22,69.59136199951172,69.80288589616677,69.41829699315758,69.4567558834585,2386100
1998-04-23,68.9183578491211,69.53370032991683,68.76452222892216,69.30294689961842,5062000
1998-04-24,68.1876220703125,69.206782806276,67.89918035258698,68.76450550576354,11039700
1998-04-27,66.89922332763672,67.49533598160531,66.22619291186572,67.30304157709932,14510200
1998-04-28,66.8031005859375,67.57227848560287,66.53388832105462,67.55304903811124,6511400
1998-04-29,67.26461029052734,67.66842870565058,66.7261857370297,67.09154525547453,7703100
1998-04-30,68.51453399658203,68.87027884051601,67.93765046587828,68.03379772099558,8684500
1998-05-01,69.2836685180664,69.2836685180664,68.49526152133016,68.76447366655717,4008800
1998-05-04,69.11062622070312,69.72596846863371,69.01447899446397,69.36060900892492,4537200
1998-05-05,68.62993621826172,69.01452538171513,68.379953262017,68.91837809085179,5146400
1998-05-06,67.8222885131836,68.99528528077764,67.80305905797714,68.99528528077764,5526100
1998-05-07,67.2838134765625,68.03376166907063,67.2838134765625,67.99530278740355,6940400
1998-05-08,68.37992095947266,68.53375655218238,67.6876607922789,67.6876607922789,7951000
1998-05-11,68.1491470336914,69.05293086850615,67.91839371416422,68.6491125593336,6336300
1998-05-12,68.87985229492188,68.89908173442352,67.89915088033756,68.18759247286235,6045200
1998-05-13,69.05293273925781,69.26445662122157,68.66834386296009,68.95678552018337,4441500
1998-05-14,68.70679473876953,69.34136631066413,68.5145003230439,68.62987697247928,4187500
1998-05-15,68.32225036621094,69.05296962146453,68.18764418761158,68.91836344286517,6716100
1998-05-18,68.0530014038086,68.66834360356046,67.58188003212356,68.12991917877757,4847200
1998-05-19,68.51453399658203,68.72605795784007,68.16840387815978,68.303010035324,5918700
1998-05-20,69.16830444335938,69.22599277066827,68.22606176398084,68.9760100189964,5716600
1998-05-21,68.72600555419922,69.39903582683408,68.49525231786727,69.14905315414113,6301500
1998-05-22,68.45683288574219,68.95679851917738,68.26453841134403,68.76450404477923,4862200
1998-05-26,67.3607177734375,68.97599048053677,67.187652840534,68.97599048053677,6899300
1998-05-27,67.4568862915039,67.6299512791389,66.19735777038261,66.78385578403451,10202600
1998-05-28,67.76457214355469,67.91840772163313,67.11077093672131,67.61073656547624,4907600
1998-05-29,67.09152221679688,68.18760039574713,67.09152221679688,68.07222374533131,4772600
1998-06-01,67.39918518066406,67.8222328479892,66.8030725585241,67.05305527103441,6092200
1998-06-02,67.4568862915039,67.89916348212665,67.16844464544559,67.68763960835055,6701100
1998-06-03,66.38003540039062,67.80301414304095,66.38003540039062,67.61071971835848,6445100
1998-06-04,67.61073303222656,67.72610970975596,66.4954251494424,66.6108018269718,6566300
1998-06-05,68.9183578491211,68.9183578491211,67.61075507743018,67.91842631782805,8463200
1998-06-08,68.84139251708984,69.20675186285094,68.70678644233575,68.87985139559102,4159900
1998-06-09,69.05293273925781,69.17792412405457,68.55296720007075,68.74526163821963,2725300
1998-06-10,68.61064910888672,69.57212120962784,68.45681357276814,68.68756687694601,6186900
1998-06-11,67.322265625,68.84139129891459,67.30303618608968,68.57217915417023,8056600
1998-06-12,67.95685577392578,67.95685577392578,66.6107946804977,67.61072577847284,9779000
1998-06-15,66.16853332519531,67.6299714340924,66.14930387639403,66.95694072604768,10234200
1998-06-16,67.18768310546875,67.20691255112,66.30312860551123,66.7069469641875,7471500
1998-06-17,68.5914077758789,68.78370216269101,67.64916528049957,67.78377135126804,12057700
1998-06-18,68.28374481201172,68.57218642625564,68.14913872536455,68.41835089865889,3844600
1998-06-19,67.94161987304688,68.66501872178034,67.67155096951971,68.5589202239661,3549100
1998-06-22,68.2695541381836,68.55891364993063,67.94161335820361,68.05735716290243,5438300
1998-06-23,69.07978057861328,69.17623377685206,68.52035202882837,68.57822394777163,5004600
1998-06-24,70.00572204589844,70.17933777982324,68.89651041249002,69.23409656178823,8291900
1998-06-25,69.88995361328125,70.64228819537288,69.63917541925072,70.31434748010217,5854800
1998-06-26,70.17937469482422,70.2758279310733,69.83214304432757,69.94788692782645,4833100
1998-06-29,70.43012237548828,70.79664451329553,70.24686130658465,70.52657556964807,5953400
1998-06-30,69.94784545898438,70.48798326175645,69.79352037247807,70.31436753943686,4284800
1998-07-01,70.758056640625,70.95096301096477,70.14075625553777,70.41082517401344,3489500
1998-07-02,70.89310455322266,70.9123951939174,70.52658238002232,70.81594199044363,3503900
1998-07-06,71.60682678222656,71.60682678222656,70.71945770033476,70.85449212584003,3144400
1998-07-07,71.4718017578125,71.68399874008941,71.16315160177336,71.5971908837034,4920700
1998-07-08,71.99261474609375,72.18552100211222,71.45247722924202,71.52963973164941,6875000
1998-07-09,71.51036834716797,72.05050600935321,71.37533393162165,71.78043717826058,6942500
1998-07-10,71.89618682861328,72.18554631410542,71.02810837213687,71.62611797548729,7849700
1998-07-13,71.91548156738281,72.12767853552691,71.64541269883577,71.95406283431811,6555100
1998-07-14,72.72571563720703,72.93791268548536,72.18557769613494,72.18557769613494,6983600
1998-07-15,72.59068298339844,73.01507709066253,72.55210170091989,72.8800426019876,4977500
1998-07-16,73.09221649169922,73.2079603024541,72.26271918128934,72.64853188380556,6315600
1998-07-17,73.18866729736328,73.45873618037939,73.03434222135408,73.22724856636559,3539500
1998-07-20,73.18866729736328,73.60341593913802,72.8028546073403,73.30441110437019,2338400
1998-07-21,71.91548156738281,73.45873224479446,71.78044713310929,73.45873224479446,5518600
1998-07-22,71.91548156738281,72.21448638613131,71.3174719298858,71.81902840004459,10417300
1998-07-23,70.48799133300781,71.97337046071488,70.31437559080828,71.79975471851535,15110900
1998-07-24,70.43012237548828,71.04742281811102,69.67778746104182,70.97026026278317,11540500
1998-07-27,70.93167114257812,70.98954305267542,69.65848912043775,70.14075503791516,9600000
1998-07-28,69.73562622070312,70.77732022234018,69.06045418260503,70.64228581472057,13693000
1998-07-29,69.46560668945312,70.4494295001063,69.29199089933785,70.19865113660647,7462400
1998-07-30,70.50728607177734,70.73877374150683,70.00572945403009,70.14076392803896,6821600
1998-07-31,69.00260162353516,70.6808868740936,68.7132420975768,70.58443369877415,7680500
1998-08-03,68.71324157714844,69.39805911672978,68.53962586288837,69.0026011009152,10486500
1998-08-04,66.0511474609375,69.2726841507671,66.0511474609375,69.2726841507671,15091600
1998-08-05,66.95781707763672,67.20859541875146,65.1830780482093,66.62987617002513,21718400
1998-08-06,67.24717712402344,67.59440867543836,66.3983888872314,66.74562043864633,13084400
1998-08-07,67.3629150390625,68.26957512120337,66.95781159810593,67.7101465598824,12083800
1998-08-10,66.97708892822266,67.69084246806835,66.7841825661022,67.13141401791903,6273000
1998-08-11,65.9739761352539,66.32120758859735,65.12518813819216,65.91610422636333,14287100
1998-08-12,67.09286499023438,67.208608863133,66.35982046187644,66.51414562574126,11158400
1998-08-13,66.28262329101562,67.69083967641846,66.28262329101562,67.16999252017358,9073900
1998-08-14,65.51101684570312,67.11214004894028,65.2988197946717,66.88065235690598,8628500
1998-08-17,66.89994812011719,67.24717968475447,65.12520901197107,65.43385929164864,11290000
1998-08-18,68.13450622558594,68.2695406376978,67.15068408019951,67.28571849231137,7603900
1998-08-19,67.96086883544922,68.57816880784047,67.67150947339081,68.57816880784047,6258600
1998-08-20,67.5558090209961,68.15381875247836,67.38219329250124,67.71013411299153,7402800
1998-08-21,67.01568603515625,67.1121392390065,65.12520323969127,66.78419834591564,16685400
1998-08-24,67.4400634765625,67.8644574686919,66.86134439638604,67.4400634765625,7201700
1998-08-25,67.59439086914062,68.67466652230041,67.06389836089252,68.13452869572052,9688300
1998-08-26,67.20858001708984,67.67155530997451,66.51411707776286,66.84205791022282,9339700
1998-08-27,64.04493713378906,66.39839566701866,63.871321340354086,66.05116408014871,24887800
1998-08-28,63.81341552734375,65.26021303778836,63.061080821912554,64.7972378344461,23735900
1998-08-31,59.260868072509766,64.20891906879842,58.64356736342113,64.04494856794676,22563100
1998-09-01,61.768646240234375,62.07729656498258,57.794773309101245,59.29944364224874,24748500
1998-09-02,61.32489776611328,62.81027591269734,60.97766651106766,61.61425714531797,13843200
1998-09-03,60.84267807006836,61.34423470602961,59.723820959077884,60.26395887472846,17311300
1998-09-04,60.34110641479492,61.61428832763906,59.10650577203697,61.382800707121945,17783800
1998-09-08,63.58193588256836,63.58193588256837,61.6142910221248,62.270172642272655,14746500
1998-09-09,62.03872299194336,63.65913739844934,62.00014169655036,63.427649626091345,12109700
1998-09-10,60.804080963134766,61.32492810336466,59.76238668267497,60.76549969348811,19889300
1998-09-11,62.77173614501953,62.77173614501953,59.8781404407316,60.611184685817875,20379800
1998-09-14,63.85200500488281,64.47895067335976,63.022507658897936,63.50477355772635,10686800
1998-09-15,64.23782348632812,64.39214858779678,63.138257138363954,63.50477925435201,8337900
1998-09-16,64.81655883789062,64.97088397798085,63.67841092972529,64.66223369780042,11024900
1998-09-17,62.964622497558594,63.60121335001552,62.82958807431015,63.118947552699666,12945200
1998-09-18,63.24509048461914,63.438678150626544,62.62560995339545,63.419319384025805,7019200
1998-09-21,63.206398010253906,64.05818407838596,61.289879356956774,61.7157723910228,8834600
1998-09-22,63.729095458984375,64.21306489594508,63.28384357698054,64.11627100855294,7270100
1998-09-23,66.2844009399414,66.2844009399414,64.29044845839528,64.34852474426555,13688500
1998-09-24,64.65828704833984,66.16827099737293,63.961371379555345,65.85853070013538,11129500
1998-09-25,64.5808334350586,65.3067870483124,63.57417775801332,63.88391796633494,10247400
1998-09-28,65.16162109375,65.85853682737299,64.5808579823975,65.23905617526367,8847800
1998-09-29,65.00675201416016,65.62623267659409,64.03881347910715,65.27777480397499,10618100
1998-09-30,63.03217697143555,64.61959666174812,62.799871650902006,64.11626846725876,7908400
1998-10-01,61.21244812011719,62.90634097606603,60.76719628369635,61.96744036448296,13335600
1998-10-02,62.3932991027832,62.4900929270196,60.22511743988785,61.25113197679369,14351800
1998-10-05,61.135013580322266,61.928723382980024,59.6831054047288,61.696418074885074,12807200
1998-10-06,61.07691955566406,62.74177378127012,60.41872137344772,62.41267469016194,12621000
1998-10-07,60.16703414916992,61.96739907062192,59.31524859493457,61.09625475379031,14348500
1998-10-08,59.83795166015625,59.93474549978769,57.12772415047593,58.57963174494753,20625000
1998-10-09,61.03822326660156,61.19309348104267,58.269918183466764,60.089643203149784,12708500
1998-10-12,61.9287223815918,62.838584823584554,61.75449340333787,62.33525666418431,9508500
1998-10-13,61.71574783325195,62.1997169975654,61.17370236922088,61.67703030010687,6256800
1998-10-14,62.29655075073242,63.070901909846555,61.231817906950475,61.289894243884035,8176900
1998-10-15,65.64559173583984,66.43930133807206,61.909348974112596,62.0255015988295,20541100
1998-10-16,65.6649398803711,66.12955030405297,65.04545931546193,65.74237495098474,16573900
1998-10-19,65.8972396850586,66.16826240996777,65.35519423524025,65.4713468316299,7915900
1998-10-20,66.2844009399414,67.39752975245503,65.7229968431954,66.63285865516306,14611600
1998-10-21,66.0521240234375,66.67160467078509,65.5875135379268,66.2069941852744,9178400
1998-10-22,67.03943634033203,67.19430653690225,65.76175721862776,66.1489327100533,8277500
1998-10-23,66.1876449584961,66.90391956026981,66.14892741245427,66.8845607872489,6237200
1998-10-26,66.67161560058594,67.19430248247207,66.1489287186998,66.7296919207955,5838600
1998-10-27,66.2844009399414,67.5040029432172,65.83914941493596,67.1749039899523,10089700
1998-10-28,66.16828918457031,66.61354098423243,65.68431983711149,66.0134189933835,5650600
1998-10-29,67.77508544921875,67.79444422826738,66.05215411389158,66.34253579962088,9625600
1998-10-30,68.1428451538086,68.7042492758144,67.83310494856401,68.22028020511974,9872800
1998-11-02,69.30442810058594,69.30442810058594,68.25905404543742,68.64622962141836,6501400
1998-11-03,68.80108642578125,69.265697026293,68.60749867556802,69.13018560114374,6866000
1998-11-04,69.53668212890625,70.0593687707438,68.82040784194368,69.67219348049376,8233600
1998-11-05,70.48526763916016,70.58206147002964,68.83977251437888,69.09143647463955,6841500
1998-11-06,70.6982650756836,70.96928799766047,70.19493679201224,70.29173069271828,5224800
1998-11-09,70.19490051269531,70.77566361677167,69.69157248916248,70.58207591541289,6188700
1998-11-10,70.0013427734375,70.58210612609324,69.53673209131291,70.0013427734375,14015200
1998-11-11,69.53668212890625,70.62077294160635,69.31405633701247,70.50462035453134,10922400
1998-11-12,69.45926666259766,70.07874730172895,69.1882438829777,69.57541928243477,5457400
1998-11-13,70.13684844970703,70.13684844970703,69.45929126070904,69.51736759119457,5524600
1998-11-16,70.65949249267578,70.8434007608074,69.93353880268253,70.75628631800821,6023700
1998-11-17,70.65949249267578,71.6274307460001,70.00129448041524,70.40782854681146,9058900
1998-11-18,71.08543395996094,71.24030418645323,70.31108282749949,70.81441106359944,4567700
1998-11-19,71.70487976074219,71.80167360491166,71.00796408272201,71.41449822823378,5249300
1998-11-20,72.24694061279297,72.32437570455373,71.7629712892882,72.08239104280135,5562000
1998-11-23,73.95050048828125,74.1053706463719,72.57602783522681,72.7696155328401,7151300
1998-11-24,73.48590850830078,74.12474807120225,73.37943524781721,73.71821380390132,5323700
1998-11-25,73.48590850830078,73.83436645170158,73.23424443806688,73.67949625463456,4393500
1998-11-27,74.02792358398438,74.16343495037765,73.7278627012564,74.00856481735676,4557900
1998-11-30,71.93717193603516,73.95048352950869,71.93717193603516,73.72785772830728,8705400
1998-12-01,72.8664321899414,73.11809627561335,71.3758064517306,71.93721095053726,8950600
1998-12-02,72.65347290039062,73.04064834883395,71.8597632310818,72.6147553555463,7495500
1998-12-03,71.45323181152344,73.29231526373007,71.29836162607445,72.63411697557191,12145300
1998-12-04,73.33102416992188,73.40845925352264,72.16949791591044,72.2469329995112,10339500
1998-12-07,73.67945861816406,74.00855761882323,73.09869567582436,73.13741320531368,4290000
1998-12-08,73.35037231445312,74.18279934256647,72.788968039679,73.42780738683575,10102600
1998-12-09,73.48590850830078,73.69885502926793,73.02129791709973,73.52462605756754,5327900
1998-12-10,72.4115219116211,73.62144575054003,72.30504861379622,73.62144575054003,5966600
1998-12-11,72.55669403076172,72.69220546571779,71.58875520964698,72.13080094947124,8198200
1998-12-14,70.4659194946289,72.11141486744305,70.4659194946289,71.9565447147076,9521400
1998-12-15,72.2856674194336,72.32438497027421,70.94991191543227,71.04670579253381,9631500
1998-12-16,72.18885040283203,72.55666701791752,71.70488117245638,72.55666701791752,7260000
1998-12-17,73.3406982421875,73.46653024392282,72.49859176903581,72.61474438602225,6914700
1998-12-18,73.65234375,74.04080547863924,73.26388202136076,73.53580523140822,4802400
1998-12-21,74.6817398071289,75.41981681952706,73.96308587400439,74.11847050819347,8580700
1998-12-22,75.01195526123047,75.34214771059374,74.07964716891067,74.83714749392051,5461100
1998-12-23,76.58521270751953,76.58521270751953,75.0896353860691,75.32271237123021,7791000
1998-12-24,76.25503540039062,76.6046509473104,76.13849688475071,76.54638168949045,1507100
1998-12-28,76.0608139038086,76.64350655373563,75.82773684383778,76.60466037707383,4203600
1998-12-29,77.26502227783203,77.37184923171039,75.90540650119848,76.27444506914188,3935800
1998-12-30,76.64350891113281,77.53697100183533,76.46870111077797,77.03197068969912,6810700
1998-12-31,76.64350891113281,77.03197068969912,76.11908551006829,76.64350891113281,6790500
1999-01-04,76.46865844726562,77.82827391368895,75.65288916741164,76.68231230627501,9450400
1999-01-05,77.34272003173828,77.61464320613415,76.41041200523817,76.41041200523817,8031000
1999-01-06,79.20735168457031,79.40158256167814,78.15850494818807,78.19735112360964,7737700
1999-01-07,78.81888580322266,79.07138593024135,78.17792394232902,78.5469625895102,5504900
1999-01-08,79.40157318115234,79.86772723113954,78.29445731243275,79.6734963769782,6224400
1999-01-11,78.64407348632812,79.36272765254056,77.82830389224915,79.36272765254056,7578300
1999-01-12,77.22618103027344,78.44983530716158,76.91541169011137,78.44983530716158,7768800
1999-01-13,76.68235778808594,77.77005080635666,74.81774118533613,74.83716427494811,10810600
1999-01-14,75.34217834472656,77.01256435597855,75.14794741318563,76.83775651759171,11400700
1999-01-15,77.30386352539062,77.55636358213185,75.86655551009441,76.06078632297228,7817700
1999-01-19,77.80884552001953,78.08076859472753,76.75999937471721,77.87682628869652,6535100
1999-01-20,78.43043518066406,79.51812818960839,77.71178087118298,78.37216591232776,6534400
1999-01-21,76.35213470458984,78.21675056102349,76.19675004988704,78.05165436540176,6937500
1999-01-22,76.17733001708984,76.97367640431592,75.6917529517081,75.90540686047606,7522300
1999-01-25,76.95425415039062,77.0707926473372,75.7694460981004,76.62406174237532,5700300
1999-01-26,78.35272216796875,78.35272216796875,76.83772159060098,77.14849093980463,6047000
1999-01-27,77.4398422241211,78.70234278709272,77.16791902594258,78.54695810241928,7399400
1999-01-28,78.74118041992188,78.91598817122411,77.80887241297657,77.84771857993262,5961700
1999-01-29,79.34330749511719,79.74148076406453,77.94484528222895,79.14907663221604,6456800
1999-02-01,78.87709045410156,79.98420548879346,78.87709045410156,79.98420548879346,9426800
1999-02-02,78.39155578613281,79.07136362867857,77.54665175325452,78.9839597632084,9194500
1999-02-03,79.18792724609375,79.51811973154473,78.10023435284351,78.11965744022298,10290700
1999-02-04,78.00310516357422,79.24618253669891,77.55637423260752,79.16849020087861,7761100
1999-02-05,77.10962677001953,78.1002038393573,76.58520361566423,78.1002038393573,7516100
1999-02-08,77.26502227783203,77.75059934091544,76.6629067196086,77.75059934091544,8528400
1999-02-09,75.536376953125,77.38157001317819,75.52666541070366,77.30387767380753,8985700
1999-02-10,76.02191925048828,76.44922692128816,75.41009235820663,75.90538079481558,6936700
1999-02-11,77.77003479003906,78.3721504440079,76.13849559863965,76.48811113965381,9181800
1999-02-12,76.83769226074219,78.00307687541472,76.21615379958351,77.57576918336812,10676600
1999-02-16,76.37157440185547,78.08080597544735,76.37157440185547,77.53695956566811,6915500
1999-02-17,76.2939224243164,77.91575096872334,75.98315288287317,76.56584577307925,7858100
1999-02-18,76.89599609375,77.30388089242864,75.96368798248453,76.56580363767681,9048900
1999-02-19,77.22618103027344,78.15848905075964,76.68233468498983,77.0707963601924,5312200
1999-02-22,79.28502655029297,79.38214196742955,77.24560279042508,77.34271820756165,10695800
1999-02-23,79.2461929321289,79.86773170022403,78.68292342354269,79.30446219163782,7770700
1999-02-24,77.84768676757812,80.0813404547716,77.69230216325163,79.4598020374656,7271000
1999-02-25,77.10962677001953,77.86712688186607,76.2550112592183,77.40097296688359,11633000
1999-02-26,76.79888153076172,77.59522805143982,76.33272746987697,77.53695879382923,9621300
1999-03-01,77.01252746582031,77.2650275558722,76.06079635716327,76.85714279501917,7607200
1999-03-02,76.33271789550781,77.88656457022553,76.02194856056427,77.38156440094227,9651500
1999-03-03,76.7406005859375,76.79886983467398,75.69175410868095,76.50752359099161,7881400
1999-03-04,77.71178436279297,77.9934191724057,76.61437975981926,77.10966856293129,8256400
1999-03-05,79.27530670166016,79.63463370741312,78.66347963781051,79.24617207957208,10703100
1999-03-08,79.79004669189453,80.05225838379828,79.09081551348456,79.73177742702704,4802200
1999-03-09,79.59577941894531,80.76116418349795,79.4015486248532,79.63462557776374,7893400
1999-03-10,80.2950439453125,80.33389012041908,79.42100500541433,79.84831293158676,3950000
1999-03-11,81.18851470947266,81.53813032305412,80.10082168944145,80.60582202017022,6583700
1999-03-12,80.41155242919922,81.44097568493535,80.31443702771469,81.42155260463844,5286500
1999-03-15,81.55750274658203,81.57692582415922,80.4892334798371,80.76115656591762,5394400
1999-03-16,81.24675750732422,81.82945000677908,81.09137284080292,81.49925759042134,4547500
1999-03-17,80.89713287353516,81.38270990158759,80.5669404944595,81.22732525261081,4524100
1999-03-18,82.1985092163086,82.27620156906502,80.64466216117988,80.664085249369,3506300
1999-03-19,80.80130004882812,82.63149817041604,80.80130004882812,82.43679624258753,5526700
1999-03-22,80.95706939697266,81.36594348483615,80.6358111850799,81.03495017561332,4603800
1999-03-23,78.62067413330078,80.70398570642193,78.31888600822249,80.56769429509625,9713800
1999-03-24,79.06842041015625,79.23391698082513,78.2701428339887,79.02948004058709,6280900
1999-03-25,80.6844482421875,80.6844482421875,79.59411786053631,79.7888197144026,6639600
1999-03-26,80.10037231445312,80.45083578106959,79.57467711452841,80.13931269963273,6159700
1999-03-29,81.71642303466797,81.89165482101822,80.47033033173284,80.47033033173284,5863900
1999-03-30,81.28807830810547,81.7553630696371,80.72344255458809,80.9570849353539,5401400
1999-03-31,79.98359680175781,81.99876288476219,79.94465639435677,81.71644493110456,7413600
1999-04-01,80.587158203125,80.80133040419636,79.82782039932654,80.80133040419636,7683600
1999-04-05,82.49519348144531,82.6120146192524,81.15175039666369,81.58009456862305,5791100
1999-04-06,82.30049896240234,82.85539941672657,81.71639322100843,82.35890953654174,5381300
1999-04-07,82.96251678466797,83.09880817577162,81.85271545710964,82.67046380373156,6248600
1999-04-08,84.01392364501953,84.07233425242048,82.41736704272715,82.98200291426959,5909100
1999-04-09,84.03338623046875,84.42279024451169,83.2351080016807,83.76080342063868,4365800
1999-04-12,84.92900085449219,84.98741144655166,83.00145131652916,83.15721289535445,8213200
1999-04-13,84.3838119506836,85.02632828533346,83.79970619191099,84.89003694161985,10071400
1999-04-14,82.96251678466797,84.77324526647368,82.67046380373156,84.77324526647368,11551700
1999-04-15,82.65097045898438,83.21560606400453,81.61905021532685,83.1377252908983,11150000
1999-04-16,81.95004272460938,82.80673122066136,81.73587060059639,82.80673122066136,6476200
1999-04-19,80.6844482421875,83.81914808943465,79.98352156826888,82.67040715162358,12487200
1999-04-20,81.69693756103516,81.73587795072106,80.37296431171427,80.87918937763108,9049600
1999-04-21,84.03338623046875,84.50067104732028,81.24914753006165,81.65802174480675,5772200
1999-04-22,84.8316421508789,84.96793351995308,83.73157610049455,84.18912569667211,6897400
1999-04-23,84.61739349365234,85.20149883300108,84.11116886621679,84.65633384960893,4593100
1999-04-26,85.10423278808594,85.24052416981017,84.40330568207563,85.04582219591842,3606500
1999-04-27,85.5130844116211,85.66884594971148,84.63692575986268,85.4352036425759,5147200
1999-04-28,84.3448715209961,85.51308303790739,84.11122921761384,85.00685804724583,5544300
1999-04-29,83.70236206054688,84.77322270565739,83.37136877024,84.46169960889796,9824300
1999-04-30,83.02088928222656,84.50062370658145,81.93055865375455,84.16963048008101,10991900
1999-05-03,84.53960418701172,84.63695518216028,82.92357766754559,83.13774985687242,10709700
1999-05-04,83.33243560791016,84.61746849345269,82.94303170320029,84.18912419827186,10509300
1999-05-05,83.99442291259766,84.15018447571791,82.14475435054462,83.44925744167676,10032300
1999-05-06,83.47850036621094,84.18916281830813,82.47578485160805,83.76081832663311,13507200
1999-05-07,84.11128234863281,84.18916316562229,83.13777213626437,83.79975908067492,8680700
1999-05-10,83.6926040649414,84.55902744074456,83.19611426532386,84.01386217057627,5580100
1999-05-11,84.53960418701172,85.2794717501408,83.93602801709063,84.30596179865518,7000600
1999-05-12,85.20159149169922,85.49364447898796,81.93059803406544,84.57854511881659,13865800
1999-05-13,85.57150268554688,85.98037675981227,85.24050938733201,85.51309210350895,4485700
1999-05-14,83.35187530517578,84.65637790864385,83.17664361217261,83.83863000796238,8370100
1999-05-17,83.60501861572266,83.78998547106718,82.47574728835612,83.25455510033304,6268100
1999-05-18,83.44921875,84.10146999314628,82.63147092277181,83.81915229088894,8218600
1999-05-19,84.0528335571289,84.11124414333956,83.02091320074071,83.7802508214792,5052400
1999-05-20,83.5466079711914,84.48117734490783,83.52713777590564,84.18912441562145,4670400
1999-05-21,83.07933044433594,83.91654891377735,82.61204571720586,83.56608536842978,6418200
1999-05-24,81.69693756103516,83.39084451237215,81.23938798222574,83.39084451237215,7952000
1999-05-25,80.37297058105469,82.45628159175547,80.02250704654428,81.8527055045431,15406400
1999-05-26,81.26858520507812,81.61904867745268,79.8083207368508,80.56765826032901,12575900
1999-05-27,80.10037231445312,81.17123290689233,79.74990884783665,80.89865021063508,14515400
1999-05-28,81.12257385253906,81.4633022918573,80.11985873111682,80.37297128603895,8748000
1999-06-01,80.84024810791016,81.09336063811314,79.98355954414617,81.07389044348214,6705300
1999-06-02,80.9181137084961,81.11281561828555,79.75963734524886,80.84023294458032,6981900
1999-06-03,81.36592864990234,81.54116036989495,80.8597036810348,81.42433922323322,6076600
1999-06-04,83.00147247314453,83.08908838356656,81.5801477040759,81.91114114344805,9787200
1999-06-07,83.21560668945312,83.60501055791103,82.80673262757233,83.13772591576155,5299100
1999-06-08,82.39787292480469,83.36164766719077,81.98899879167121,83.09880001017638,4895700
1999-06-09,82.31999206542969,82.92356816619325,82.12529009744144,82.4952238366191,7409700
1999-06-10,81.56063079833984,81.91109423934489,80.74288276932808,81.89162404817795,7040700
1999-06-11,80.87918853759766,82.37839352493395,80.43137406086083,81.75534729643056,12824800
1999-06-14,80.95706939697266,81.46329445813699,80.71369196372058,81.42435406881665,6823500
1999-06-15,81.50223541259766,82.02793067206734,81.04468583491106,81.28806326985074,5700900
1999-06-16,83.05985260009766,83.41031611317824,82.47574674496336,82.47574674496336,7865800
1999-06-17,83.83868408203125,84.46173050344903,82.63153164053428,82.78729324588873,8162800
1999-06-18,83.93550109863281,84.16984870523673,83.34963208212305,83.77926936089688,2875100
1999-06-21,84.13077545166016,84.52135472488048,83.52537757816863,84.03313063335507,4646400
1999-06-22,83.544921875,84.48231230277,83.42774807152875,83.74021154745209,5862400
1999-06-23,83.13484191894531,83.50589242316424,82.5685016756638,83.11531294503905,9629200
1999-06-24,82.50988006591797,83.07622007110415,81.65060557529065,83.037162139712,9176900
1999-06-25,82.30484008789062,83.12505678825636,82.02167003657388,82.86141570599594,4087000
1999-06-28,83.31060791015625,83.50589766146933,82.80285455674228,82.92002840753011,5028900
1999-06-29,84.09173583984375,84.48231519813378,82.97858466871715,83.11528744411866,6956200
1999-06-30,85.61502838134766,85.92749198857885,83.64260186070074,84.13082624699948,16856100
1999-07-01,86.25949096679688,86.55242562029517,85.02916542210404,85.61503472910063,9939500
1999-07-02,87.11874389648438,87.17733081235288,86.1813532425881,86.3180560462813,3772800
1999-07-06,87.09925842285156,87.95853361805459,86.61103388012258,87.02114249601493,11221100
1999-07-07,87.21636962890625,87.3140144672727,86.5621492118511,86.90390614613364,3230700
1999-07-08,87.28475189208984,87.8803856168261,86.70864714193509,86.90393688775026,7101500
1999-07-09,87.80225372314453,87.86084063621603,87.21638459242959,87.48979018676323,2976800
1999-07-12,87.41170501708984,88.07569026520893,87.17735728245957,88.07569026520893,4436300
1999-07-13,87.09925842285156,87.44101560276187,86.65009184354089,87.09925842285156,6477600
1999-07-14,87.58740234375,87.62646027121656,86.70859897575251,87.4897575250836,4382500
1999-07-15,88.14402770996094,88.34908194524499,87.68509680242043,87.9780314242548,3348600
1999-07-16,88.6224594116211,88.83727806599039,87.95847447993421,88.27093797719863,2281500
1999-07-19,88.03665161132812,88.89592682670045,87.8413617896526,88.85686886236535,4287000
1999-07-20,86.23017883300781,87.74367421508416,85.9470087292645,87.56791346103658,7060100
1999-07-21,86.13256072998047,86.80631049648865,85.81033258078091,86.29855704926509,4793700
1999-07-22,84.99989318847656,86.23998353137564,84.65813600736264,85.88846185937275,7804100
1999-07-23,84.83389282226562,85.61505205635646,84.4433132052202,85.40023326698149,4603000
1999-07-26,84.20893096923828,85.06820577504683,84.13081507780113,84.28704686067542,4333400
1999-07-27,84.91197967529297,85.74196107736287,84.59951608863136,84.99009557195838,5908500
1999-07-28,85.18538665771484,85.81031384089844,84.73622024480163,85.14632870876588,3955500
1999-07-29,83.99410247802734,84.52138468377176,83.31058850761791,84.32609497794049,7760600
1999-07-30,82.95906066894531,84.57996510291953,82.84188685444116,84.24797262849107,5994300
1999-08-02,83.15436553955078,84.20893006259816,82.80284403186832,82.95907581306052,6065500
1999-08-03,82.76378631591797,83.64259008755938,82.09980124401112,83.5644741967468,5445400
1999-08-04,81.63109588623047,83.66210879823237,81.5139220643842,82.93953689684707,6497900
1999-08-05,82.37319946289062,82.45131534668663,80.51794722273543,81.78733033442056,10322000
1999-08-06,81.47486877441406,82.49037528838087,80.92805757458578,82.0021510028199,7537700
1999-08-09,81.29908752441406,82.36341619846657,81.08426889295392,81.61155098835607,5565900
1999-08-10,80.40074920654297,81.33813953005864,79.36571405766107,81.16237884439946,9793300
1999-08-11,81.37722778320312,81.57251750670494,80.38125019334392,81.04523525325006,8003400
1999-08-12,81.32838439941406,82.37318415097336,81.18191714452257,81.6701413274942,7036800
1999-08-13,83.21296691894531,83.27155384707412,81.94358347615454,82.2560470928415,5857700
1999-08-16,83.583984375,83.7206871531834,82.64659389602804,83.19340500876167,3927000
1999-08-17,84.13077545166016,84.26747819728728,83.19338519593134,84.01360166969405,4808000
1999-08-18,83.52542114257812,83.97458754105354,83.27154448257029,83.86717818489637,4355500
1999-08-19,82.8418960571289,83.26176893907805,82.29508486203235,82.72472222960822,6448100
1999-08-20,83.68163299560547,83.81833577996235,82.9200031970457,83.15435082737179,3663700
1999-08-23,85.28304290771484,85.33186535041447,84.15036223708341,84.24800712248268,5637800
1999-08-24,85.59549713134766,86.22042432920372,84.59951940976455,85.0291568582906,9279500
1999-08-25,86.47429656982422,86.72817323093707,85.08773942066941,85.73219556041741,6005300
1999-08-26,85.43922424316406,86.50355286516462,85.302521484375,86.4156725202288,4322300
1999-08-27,84.40421295166016,85.65406709994943,84.40421295166016,85.5368932735473,6247400
1999-08-30,82.8418960571289,84.67761935495308,82.49037457456683,84.57997449868583,4652000
1999-08-31,82.52945709228516,83.58402185399444,81.78735596367493,83.07626845020849,11453700
1999-09-01,83.544921875,83.57421532586781,82.68564731621085,83.07622666111502,6863900
1999-09-02,82.55867767333984,82.91019895024584,81.65058104133269,82.5684421532539,10896300
1999-09-03,84.97057342529297,85.30256601279699,84.16988542013623,84.2870592745494,9160800
1999-09-07,84.6581039428711,85.38067599497865,84.50187214782082,85.02915445611552,4560800
1999-09-08,84.24798583984375,85.0291447257023,83.75976153618215,84.26751481199021,6159600
1999-09-09,84.20893096923828,84.52139453498684,83.54494589202258,84.20893096923828,6177800
1999-09-10,84.91197967529297,85.2146787748714,84.32611045030245,85.14632736528918,2934500
1999-09-13,84.33588409423828,84.6581122029693,84.05271393808071,84.4432934638153,2320500
1999-09-14,83.77925872802734,84.09172216384283,83.34962150378105,83.77925872802734,3736000
1999-09-15,82.45133972167969,84.6385851145807,82.41228176823502,84.6385851145807,6984500
1999-09-16,82.77357482910156,82.99815808037788,81.43583981062959,82.80286829665934,15377600
1999-09-17,83.81935119628906,83.93685495964834,82.82056920773515,83.11432861613336,8542300
1999-09-20,83.70194244384766,83.97611820290565,83.4081827019998,83.93695023732595,2803900
1999-09-21,81.9393539428711,83.01647260129795,81.56725840632365,82.87938477204362,9335200
1999-09-22,81.85121154785156,82.62477844727498,81.31265231407578,82.25268297666625,13009100
1999-09-23,80.13761901855469,82.60519966282104,79.98094723161715,82.60519966282104,12204100
1999-09-24,80.05927276611328,80.45095218277724,79.15841010778617,80.05927276611328,13792900
1999-09-27,80.58804321289062,81.31265016279997,80.39220349669891,80.68596307098649,6970300
1999-09-28,80.4313735961914,80.72513317835426,78.68840007535843,80.17678195831692,11063400
1999-09-29,79.47175598144531,80.92096986577921,79.43258803862548,80.49012249476102,7580300
1999-09-30,80.68595123291016,81.1167985453189,79.5696650143966,79.86342454558438,7498900
1999-10-01,80.50975036621094,80.56850231247671,79.35429542298387,80.17682267070484,11127100
1999-10-04,81.9393539428711,82.01768984530214,80.68597950397441,80.96015516248306,6341600
1999-10-05,81.8609848022461,82.70309541145579,80.64677880757162,81.9197367052142,11976000
1999-10-06,83.1143798828125,83.2318837186506,81.90017357915218,81.93934152443155,10308200
1999-10-07,82.6443862915039,83.34940949209494,82.40937855797357,83.26128159202106,6535600
1999-10-08,83.89775848388672,83.89775848388672,82.2429124073488,82.56604803176153,9674300
1999-10-11,83.76068878173828,84.05444850390944,83.54526498547942,83.72152081878212,4282000
1999-10-12,82.46810913085938,83.54522763055002,82.21351748547795,83.42772379422013,8686100
1999-10-13,80.33345794677734,82.29185526386114,80.33345794677734,81.90017580044437,10469300
1999-10-14,80.31385803222656,80.96012901858684,79.43257941446255,80.51948970970483,10562200
1999-10-15,78.257568359375,79.43260692332957,78.02256064658408,78.96259149774775,14238700
1999-10-18,78.82550811767578,78.92342800353626,77.35670982976879,78.29674073402927,9758800
1999-10-19,79.58924865722656,80.37260740385281,78.92339372259426,79.70675246922049,14392900
1999-10-20,80.37263488769531,81.13640992683277,79.66761177464535,80.05929128189533,9759400
1999-10-21,80.84262084960938,80.84262084960938,79.3542392641999,79.72633466055227,9105400
1999-10-22,81.52809143066406,82.23311456097969,81.19516384134836,81.31266769640096,8309600
1999-10-25,81.11681365966797,81.7630847486996,80.6859662669802,81.03847777008838,8114300
1999-10-26,80.09842681884766,81.90015182308579,80.09842681884766,81.58680834408786,6256300
1999-10-27,81.54766845703125,81.6651723020702,80.37263000664176,80.45096590333438,5433300
1999-10-28,84.32858276367188,84.5146304961974,82.84020090346773,82.99687267822607,10509700
1999-10-29,85.85616302490234,86.28701055833022,85.0532198944231,85.1315558095918,10988600
1999-11-01,84.95527648925781,85.85613926438596,84.95527648925781,85.54279569042835,4006500
1999-11-02,84.34817504882812,86.01281281970121,84.34817504882812,85.20986989492714,6516900
1999-11-03,84.9161148071289,85.46446610200888,84.6811071093232,85.22945840420317,7222300
1999-11-04,85.56241607666016,86.08139159188825,85.08260852484551,85.6995039486072,7907500
1999-11-05,86.40447235107422,87.17803913662894,85.71903342716496,86.8744876131834,7431500
1999-11-08,86.48283386230469,86.71784156301746,85.69947485992873,85.85614666040392,4649200
1999-11-09,85.67009735107422,86.91367974490053,85.40571369254423,86.79617589666498,4533700
1999-11-10,86.30657196044922,86.7276273943384,85.27841334281283,85.38612519799378,6405600
1999-11-11,86.7961654663086,86.7961654663086,86.14989437867588,86.60032574278354,4794100
1999-11-12,87.57952117919922,87.7264009665078,85.93446756134306,87.2661776329409,11802900
1999-11-15,87.78514862060547,87.89286045940375,87.3640932507576,87.63826884042598,2187500
1999-11-16,88.51953887939453,89.61624113099765,87.79493203458533,88.08869156626473,7544800
1999-11-17,88.75454711914062,89.5770738135369,88.55870742999866,89.14622649742456,9459000
1999-11-18,89.3812484741211,89.6162561388208,88.75456136825521,89.26374464177124,4491000
1999-11-19,89.30292510986328,89.5966847319352,88.98958151298656,89.2441731854489,4832100
1999-11-22,89.28337097167969,89.61629865461862,88.6762675498499,89.26378699033035,4155400
1999-11-23,88.49995422363281,89.51832059221633,87.97118707071445,89.51832059221633,5918000
1999-11-24,88.97003936767578,89.26379912785961,87.7362483749037,88.20626399119783,4459700
1999-11-26,88.63703918457031,89.53790171273872,88.51953537654835,89.28331012869113,1693900
1999-11-29,88.32369995117188,88.94059497300378,88.01035644801917,88.28453201327778,7348600
1999-11-30,87.28577423095703,89.18541975494242,87.10951846069035,88.20622103123861,7682000
1999-12-01,87.99075317382812,88.04950506777905,87.10947476456433,87.30531441106739,6980200
1999-12-02,88.51953887939453,88.59787475450904,87.97118775359297,88.12785950382198,6698300
1999-12-03,90.14507293701172,91.08510411254431,89.63588938359823,89.63588938359823,10045400
1999-12-06,89.47916412353516,90.06668325763584,89.14623661421143,89.94917943081572,3138900
1999-12-07,88.75454711914062,89.81208144050727,88.59787536782706,89.79249747159307,10714200
1999-12-08,88.18663024902344,89.0287410864003,88.04954243828767,88.57830970826849,4611400
1999-12-09,88.61749267578125,89.12667605911172,87.34453421745512,88.87208436744649,6474700
1999-12-10,88.91123962402344,89.49875882858748,88.28455247248847,89.16583127933453,5127300
1999-12-13,89.06791687011719,89.44001238914362,88.53914955360594,88.63706942703394,4210800
1999-12-14,88.20619201660156,89.2931022423834,88.12785614447314,88.7545431215005,5739000
1999-12-15,88.67623138427734,89.11687078492801,87.75578463625149,87.97120834323627,6879100
1999-12-16,89.06791687011719,89.40084443977241,88.46081365486353,89.10708481948839,5854900
1999-12-17,89.63992309570312,90.03256402034484,89.24728217106141,89.83624355802398,4775400
1999-12-20,88.99209594726562,89.95406654100398,88.63871899446377,89.56142548233527,4608700
1999-12-21,90.34668731689453,90.50374370510295,88.79575548333636,88.95281187154478,7981300
1999-12-22,90.58229064941406,90.58229064941406,89.81664059841121,90.22891370279736,5377500
1999-12-23,92.02520751953125,92.02520751953125,91.09268541666667,91.10250143880208,5721700
1999-12-27,91.89759063720703,92.21170331616351,91.1319409822506,92.03501493425048,2691000
1999-12-28,91.83867645263672,92.03499683838413,91.39695558470505,91.64235606688932,4084500
1999-12-29,92.23135375976562,92.23135375976564,91.28901553488936,91.9172410181402,3001000
1999-12-30,92.12342071533203,92.70256635435223,91.83875590971192,92.42771757651214,3641300
1999-12-31,92.2706069946289,92.6632478754571,91.8779661138007,92.25097495058749,3172700
2000-01-03,91.36750793457031,93.13439141418168,90.38590600145288,93.13439141418168,8164300
2000-01-04,87.79446411132812,90.50368505215175,87.72575198601737,90.16994044349956,8089800
2000-01-05,87.95152282714844,88.91349260807037,86.22390362875802,87.91225875445774,12177900
2000-01-06,86.53809356689453,88.89394003423286,86.53809356689453,87.7160168005637,6227200
2000-01-07,91.56387329101562,91.56387329101562,87.99084049964237,88.14789688607635,8066500
2000-01-10,91.8779525756836,92.29022543980525,91.11230297088623,91.8779525756836,5741700
2000-01-11,90.77855682373047,91.77979090634516,90.15033151699186,91.60310253882491,7503700
2000-01-12,89.87548065185547,90.83745062825147,89.7576884098478,90.83745062825147,6907700
2000-01-13,91.09271240234375,91.56388160442484,90.01294964757459,90.75896755086964,5158300
2000-01-14,92.32952880859375,92.64364160062809,91.70130322452508,92.0546801155637,7437300
2000-01-18,91.60311889648438,92.11355204935806,91.21047800965847,91.30863823136495,6488500
2000-01-19,92.34912109375,92.34912109375,91.09267046662416,91.28899087711257,6157900
2000-01-20,90.9356460571289,92.32952146085432,90.34668461893507,92.32952146085432,5800100
2000-01-21,90.73931121826172,91.40680074258471,90.50372668026536,91.40680074258471,6244800
2000-01-24,88.16747283935547,91.6227111425678,87.57851176494428,91.50491892768557,7896900
2000-01-25,89.16873168945312,89.16873168945312,87.32331980508312,88.27547380925274,9942500
2000-01-26,88.46197509765625,88.92332805255968,88.01043816306989,88.57976734146138,5158100
2000-01-27,88.10859680175781,89.3454153397504,86.77361806233723,89.10983085632324,10922700
2000-01-28,85.36014556884766,87.99084002750119,85.14419303865968,87.59819906352305,11916200
2000-01-31,87.67670440673828,87.74541655752726,84.8104261166837,85.3208592368304,10768700
2000-02-01,88.54051208496094,89.01168110714254,87.0288448054616,87.79449446650672,8419900
2000-02-02,88.61905670166016,89.36507445856381,88.18715168450541,88.7564810253003,6205900
2000-02-03,89.95401763916016,89.99328172368183,87.95154932855468,88.50124651185814,7997500
2000-02-04,89.58100891113281,90.46445081360947,89.28652827697393,89.95401771440073,4925400
2000-02-07,89.44356536865234,89.69878186333902,88.85460422706771,89.56135759696927,5845800
2000-02-08,90.6607666015625,90.81782293175144,90.22886169354294,90.44481414755272,4936400
2000-02-09,88.75646209716797,90.75893038602246,88.74664607614417,90.75893038602246,8511500
2000-02-10,88.93312072753906,89.56134586292124,88.50121594696381,88.97238479850044,6690600
2000-02-11,87.12700653076172,89.16873899565563,86.7147336291966,89.10984286686062,9849800
2000-02-14,87.63742065429688,87.81410900239021,86.89140318456943,87.81410900239021,8528800
2000-02-15,88.62886047363281,88.7172046694754,86.5674959039725,87.48038592767921,11078300
2000-02-16,87.3233413696289,88.54052823224514,87.19573306951591,88.187151401163,8845400
2000-02-17,86.87183380126953,88.22644544698424,86.83256969559663,88.22644544698424,7584200
2000-02-18,85.00679016113281,87.24484422080236,84.5748849917229,87.24484422080236,9409200
2000-02-22,84.79076385498047,85.65457344275984,83.8876901950293,84.92818810758173,16415400
2000-02-23,85.79205322265625,86.36138263763499,84.49633800235985,85.20309175888517,12119000
2000-02-24,84.06442260742188,86.08652338476061,83.61288554063749,85.87057087455939,17375000
2000-02-25,83.76011657714844,85.89019337279373,83.63250828985173,84.92822320701843,10559900
2000-02-28,85.51718139648438,85.87055817911448,83.37728865722433,83.78956157029278,13397800
2000-02-29,86.3416976928711,86.34169769287111,85.28156770755618,85.47788807520709,8242500
2000-03-01,86.96997833251953,87.3233552196494,86.2043284104048,86.45954505110971,6868000
2000-03-02,87.02882385253906,87.40183257196118,86.28280641369483,87.12698404186067,7600200
2000-03-03,88.65830993652344,89.03131876929446,87.77486796417101,88.22640497226226,12770300
2000-03-06,87.79446411132812,88.79569793728467,87.16623896562989,88.46195332863249,11967100
2000-03-07,86.09635162353516,88.04974051568924,84.94787674724355,87.95158026985234,20062000
2000-03-08,85.98832702636719,86.59692020851728,84.83003677646863,85.73311053062683,11808500
2000-03-09,88.50127410888672,88.50127410888672,85.51720275472726,86.22395649650188,5500900
2000-03-10,88.03006744384766,89.20798984496962,87.65705868349237,88.06933152388505,7924600
2000-03-13,87.06809997558594,88.24602241043038,85.24232020157703,85.87054550016074,10540500
2000-03-14,85.83128356933594,88.01044012839272,85.53680295324718,87.50000706050555,8263900
2000-03-15,87.83378601074219,88.22642698530964,85.47794016333738,85.98837343027509,10300800
2000-03-16,91.93685913085938,92.25097182487896,88.50125154002008,88.97242058104948,25601400
2000-03-17,92.54448699951172,93.21367299653072,91.59975382724957,91.83593712031511,10272900
2000-03-20,92.0721435546875,92.8003755580059,91.18645598308404,92.50514636747141,12502300
2000-03-21,93.9615707397461,94.31584561894915,91.00928007972055,91.65878402492618,13612600
2000-03-22,94.5323257446289,95.00469214435222,93.64663874514768,94.19773287815822,8260000
2000-03-23,96.14629364013672,96.6580241692347,93.94191597633011,93.94191597633011,11654500
2000-03-24,96.71705627441406,98.09479211877894,95.55582177702081,96.28405358047081,11462900
2000-03-27,95.6935806274414,96.85481494603849,95.61485287702804,96.59894975719507,8798600
2000-03-28,95.14248657226562,96.35292573738651,94.847257507602,95.26057819813109,6334400
2000-03-29,95.24092864990234,96.03804739557728,94.2568314330197,95.45743003761652,6747500
2000-03-30,93.64663696289062,95.68371702292828,92.66254031552943,94.57168781141013,9491900
2000-03-31,94.7094955444336,95.92977582784069,93.48921526102652,94.23712898311473,9249100
2000-04-03,95.26056671142578,95.2605667114258,93.64664801920742,94.55201704167138,8508200
2000-04-04,94.5520248413086,96.3627630356051,89.05092347928826,95.57548555982402,19585500
2000-04-05,93.9615707397461,94.98503150188829,92.97747385307092,93.13492935493895,8387200
2000-04-06,94.77841186523438,95.53616679344775,93.84351942133475,94.63079726882917,6378500
2000-04-07,95.3786849975586,95.81168769461725,94.78822677429677,95.45741276066016,6023600
2000-04-10,95.0047607421875,96.43170193833596,94.67016763412511,95.57553722064688,9624200
2000-04-11,94.72908782958984,95.49668276525449,93.4497629368154,94.47322285103495,9006400
2000-04-12,92.13114166259766,95.2015236534896,92.05241391924145,94.70947525751333,10779200
2000-04-13,90.85184478759766,93.3120875515599,90.55661565592219,92.87908482510255,12225800
2000-04-14,85.65577697753906,89.94643860003526,84.08122225368724,89.82834699574639,29604000
2000-04-17,88.64743041992188,88.64743041992188,84.82913523753625,85.14404618041343,23918200
2000-04-18,90.9896011352539,90.9896011352539,88.03731037810745,88.52935883763186,11069200
2000-04-19,90.14325714111328,91.40290090902404,89.76930039751478,91.00926223155193,6553700
2000-04-20,90.57630920410156,90.6550369826362,89.67093975095322,90.41885364703228,8537600
2000-04-24,89.59225463867188,90.26144107490096,88.49006521429453,89.11988774251016,12893100
2000-04-25,93.31209564208984,93.31209564208984,90.96994432772395,91.08803599063316,14102000
2000-04-26,92.25914764404297,93.68608912760416,91.95407739583332,93.19404034016927,7711100
2000-04-27,91.95401763916016,92.80034100356168,90.06455152328701,90.06455152328701,15595300
2000-04-28,91.38321685791016,93.12506796536763,91.36353492449255,92.58381479638366,8743400
2000-05-01,92.62322998046875,93.51875844713074,91.85563415190133,92.30831887131288,7328300
2000-05-02,90.77308654785156,92.6625523563064,90.77308654785156,91.63909171006003,9411900
2000-05-03,88.64743041992188,90.69435154862344,88.03729046809737,90.69435154862344,12630700
2000-05-04,89.31664276123047,89.66107670753314,88.64745680841384,89.4347343999628,5963600
2000-05-05,90.39913177490234,90.69436081401045,88.76553109183749,88.84425883559965,7862400
2000-05-08,89.72017669677734,90.30079427110113,89.3363786391735,89.90715523766127,5064100
2000-05-09,89.0017318725586,90.32042184059517,88.3423868885403,90.10392050255932,5620300
2000-05-10,86.99418640136719,88.78524318021887,86.75800308987027,88.49001404084771,10293900
2000-05-11,88.98204803466797,89.11982161047922,87.62399421595704,88.25381627680848,7091100
2000-05-12,89.9464340209961,90.35975461496567,89.19852056524164,89.31661216351866,5960800
2000-05-15,91.50133514404297,91.70799550519858,89.43473153248682,89.90709807227108,4441300
2000-05-16,92.38699340820312,93.0364971965437,91.52098835708235,92.30826567628306,8192200
2000-05-17,91.42259216308594,92.07209604712939,90.98958957372363,91.75718507304772,5907200
2000-05-18,90.30074310302734,92.15084551185136,90.30074310302734,91.71784282042445,4325600
2000-05-19,88.8836441040039,90.21217509980114,88.43095946839894,89.78901337521387,6518400
2000-05-22,88.21443939208984,89.1001265345807,86.28560961510973,88.96235297908213,10839400
2000-05-23,86.91541290283203,88.68678680710171,86.63986585105675,88.45060361986576,7979200
2000-05-24,88.33252716064453,88.6080742596305,85.97069488362195,86.91542779443098,11081500
2000-05-25,86.8170394897461,89.31664593164085,86.73831172779666,88.60809607409588,8278900
2000-05-26,86.91541290283203,87.97823724539384,86.49225135903428,87.42714314184327,4814000
2000-05-30,89.74966430664062,90.02521152161715,87.84051574573182,88.17510879248903,5362700
2000-05-31,89.9464340209961,90.69434747675055,89.49374956093419,89.78897855662673,6056500
2000-06-01,91.52098846435547,91.59971619636782,90.06452542212702,90.49752794819494,8961600
2000-06-02,93.1152572631836,93.90253485577023,92.88891495531495,93.8041251566969,8962200
2000-06-05,92.66258239746094,93.35145036345736,92.50512686237604,92.87908375820268,6998100
2000-06-06,92.24922180175781,93.07586300416314,91.89494700072694,92.34763146871082,4858900
2000-06-07,92.88892364501953,93.21367568234189,91.95403141636429,92.34767024948229,4919500
2000-06-08,92.52482604980469,93.05623857976526,91.9934135198441,92.8987830153325,5723100
2000-06-09,92.32795715332031,93.19396229396114,91.71781716786883,92.89873326874267,3085300
2000-06-12,91.24547576904297,92.56416577692171,91.24547576904297,92.56416577692171,3678900
2000-06-13,92.95777893066406,93.05618860558538,91.08799510715929,91.20608671706485,6558700
2000-06-14,93.1152572631836,93.76476127706756,92.70193652707562,93.37112248077426,6420500
2000-06-15,93.31209564208984,93.68605257463565,92.48545400172542,93.29241369827164,5881200
2000-06-16,92.54536437988281,93.63041981388271,92.09161392566466,93.63041981388271,5567900
2000-06-19,93.72907257080078,94.16309479697583,92.32836447723588,92.46646245829157,5106900
2000-06-20,93.39364624023438,93.98549444201025,92.80179803845849,93.5514724273746,6480000
2000-06-21,93.35418701171875,93.70929592258327,92.73274641770583,92.76233882694453,3115000
2000-06-22,91.93379211425781,93.2358586978503,91.53922648286614,93.15694557157197,7490500
2000-06-23,91.14466094970703,92.2494447187944,90.8290084442535,92.05216190288593,4863300
2000-06-26,92.31851196289062,92.32837610563695,91.46033154396002,91.77598411184255,5201300
2000-06-27,91.63784790039062,92.6242617636887,91.5490706526938,92.1606472479386,4159500
2000-06-28,91.89429473876953,92.79193115152479,91.73646855630707,91.93375128438515,5347700
2000-06-29,91.02628326416016,92.0126972570531,90.60212524721621,91.38139230160162,6345700
2000-06-30,91.7167739868164,91.91405678739032,90.83886552426245,90.86845794434853,7420200
2000-07-03,92.97937774658203,93.07801914032973,91.65758307036285,91.81540930035916,1436600
2000-07-05,91.30252075195312,92.58485952655921,91.14469444123237,92.40730492699836,2748200
2000-07-06,92.0126953125,92.46644573964142,91.0460096198944,91.4997600470358,5963200
2000-07-07,93.49227142333984,93.9262933628447,92.32830349466775,92.60449927435266,3034800
2000-07-10,93.3344955444336,94.00525708501924,93.13721273837898,93.35422382503904,2816100
2000-07-11,93.53178405761719,94.1433607937037,92.90047903972145,93.09776185781386,5431600
2000-07-12,94.14331817626953,94.77462290838199,93.86712235597034,94.24195954066211,5883000
2000-07-13,94.55767059326172,94.93250801059366,94.18283317592979,94.68590444655949,5356000
2000-07-14,95.4848403930664,95.4848403930664,94.48856261623793,94.9719053000458,5341900
2000-07-17,95.32701873779297,95.9484593607732,95.12973600033892,95.31715460092026,4208300
2000-07-18,94.54773712158203,95.09026456463752,94.28140546771841,95.09026456463752,4262100
2000-07-19,93.78826141357422,94.63657761903987,93.59097857509384,94.36038164516734,8506800
2000-07-20,95.09028625488281,95.09028625488281,93.94604629579915,94.06441594673885,4538900
2000-07-21,93.23582458496094,94.53789069215675,93.23582458496094,94.53789069215675,5656900
2000-07-24,92.70316314697266,93.9756368696753,92.5256086740374,93.51202241256658,5628500
2000-07-25,92.99909210205078,93.33447279058173,92.66371141351983,93.2752879631939,4757100
2000-07-26,92.09162139892578,92.90048096991035,91.94365928228227,92.78211127659553,12062500
2000-07-27,91.77600860595703,92.5651402362748,91.34198620928225,92.13111783960002,7652600
2000-07-28,89.70446014404297,92.11130952551937,89.33948708209778,91.99293988380742,6229500
2000-07-31,90.2765884399414,90.98680635598988,89.68474017656766,90.23713188904982,5265500
2000-08-01,90.82898712158203,91.3616505994888,90.3555084745538,90.67116090590596,3946600
2000-08-02,91.28275299072266,91.79568827876216,90.6711763011371,90.82900254361078,7439800
2000-08-03,91.9140396118164,92.05213754641241,90.03985335658513,90.19767956755197,4607100
2000-08-04,92.40724182128906,92.62425285033137,91.7956652848971,92.3677852705541,3686600
2000-08-07,93.51203918457031,93.70932196766013,92.40725559926737,92.62426666066617,4159800
2000-08-08,93.86711120605469,93.94602428819513,93.1174369257205,93.1174369257205,3658700
2000-08-09,93.07804870605469,94.20256095197352,93.03859213602244,94.15324023943323,5383800
2000-08-10,92.62422943115234,93.34431129999943,92.34803364584114,93.13716446101603,4193400
2000-08-11,93.05828857421875,93.43312586124655,91.89432015660608,92.56508161760321,5089400
2000-08-14,94.24197387695312,94.41952835986972,92.84126628949997,93.29501663473127,2966700
2000-08-15,94.16307830810547,94.57737217872567,93.78824099659195,94.28144798542553,5564600
2000-08-16,93.82771301269531,94.65630089043569,93.33450594261176,94.26173523436884,5191600
2000-08-17,94.81410217285156,94.97192839369693,93.65013379411702,93.86714484777939,5652200
2000-08-18,94.49845886230469,94.93248101156789,94.20253466962524,94.93248101156789,4626400
2000-08-21,95.01141357421875,95.14951155906499,94.3209236499875,94.71548932097679,2380600
2000-08-22,94.85352325439453,95.52428444213359,94.75488190325643,95.05080595667073,3075300
2000-08-23,95.22844696044922,95.50464299472439,94.24203255232358,94.57741345108629,5483200
2000-08-24,95.52430725097656,95.64267690060602,95.01137210258221,95.42566587628534,4529000
2000-08-25,95.4848403930664,95.72157966676822,95.28755766498156,95.42565557464096,2822200
2000-08-28,95.81034851074219,96.53043040524277,95.48483203788577,95.48483203788577,5518700
2000-08-29,95.8301010131836,95.87942170336022,95.26784514517007,95.60322583837112,3561900
2000-08-30,94.9127426147461,95.64268887887947,94.9127426147461,95.5243192144254,3964800
2000-08-31,96.17538452148438,96.64886333759014,95.26788345728164,95.36652487730368,4863100
2000-09-01,96.27403259277344,96.96452258063145,95.9583800268955,96.74751144159036,3191200
2000-09-05,95.50459289550781,96.08657709100822,95.20866872830422,95.8794301739657,3470800
2000-09-06,94.41952514648438,95.9287381999123,94.39979687127618,95.44539545731121,4322200
2000-09-07,95.22844696044922,95.37640912166806,94.58727759516755,94.85360948536147,4265500
2000-09-08,94.57733917236328,95.01136117106832,94.2715509460029,94.87326326238944,3518200
2000-09-11,94.43923950195312,95.44538138927287,93.8671196052419,94.53788086345506,3937500
2000-09-12,93.74879455566406,94.85357832988906,93.70933799229888,94.53792582296764,4769100
2000-09-13,93.9953842163086,94.28144425852425,93.2161172047556,93.43312827126404,7691600
2000-09-14,94.46881866455078,94.65623722512574,93.53172586167594,94.61678068605733,3397100
2000-09-15,92.40209197998047,93.8260968221377,92.40209197998047,93.78654113207779,4085700
2000-09-18,91.55162811279297,93.01518838074429,91.26484941164034,92.63940939302707,5109300
2000-09-19,92.3823471069336,92.59990347991074,91.5813440973359,91.84834510053513,6588200
2000-09-20,91.69994354248047,92.42183461102366,90.60227356154492,92.20427839858598,6508100
2000-09-21,90.30563354492188,92.12519514941877,90.2660778578676,91.43297062596886,5972300
2000-09-22,91.94720458984375,91.9669824355288,90.13753170966076,90.26608770661365,7791300
2000-09-25,91.2945327758789,92.44164778909402,90.95830940993655,92.36253640887229,9726300
2000-09-26,90.12764739990234,91.76920867578383,90.12764739990234,91.37365174183648,5302400
2000-09-27,90.60227966308594,91.11650347256864,89.94961098181943,90.85939156782729,7186200
2000-09-28,91.76923370361328,92.60979241749337,90.4342286874508,90.62211828231811,7036400
2000-09-29,90.8989486694336,92.38228660463976,90.8989486694336,92.06584117846245,9333600
2000-10-02,91.03746795654297,91.70991503682157,90.59246621224094,91.31435793077533,5517800
2000-10-03,90.18696594238281,92.2438616568582,90.04852103852389,91.47252576392994,9347200
2000-10-04,90.93852996826172,91.29453117300915,89.71230359635388,90.42430600584875,6148900
2000-10-05,91.25496673583984,91.67030143489764,90.70118713709613,90.76052066553295,4566900
2000-10-06,89.27723693847656,91.5418013224942,88.44656703342206,91.05724387787906,10014900
2000-10-09,88.60475158691406,89.43542113304139,88.20919466018677,89.43542113304139,4508000
2000-10-10,87.14118194580078,89.39585619496584,87.14118194580078,88.66407595620174,6104700
2000-10-11,86.4094467163086,87.73456297403179,85.51944325962883,87.10167162705952,10346000
2000-10-12,84.25362396240234,87.08185594048298,84.03606765639613,86.88407748047734,12336900
2000-10-13,87.06201171875,87.12134521151607,84.09533708044638,84.13489274229043,11778800
2000-10-16,87.45763397216797,87.48730074081524,86.50829737545516,86.96318782804671,5659000
2000-10-17,85.28203582763672,87.69493201756522,85.06447961379071,87.61582066707577,7831700
2000-10-18,84.96566009521484,86.15233132559494,82.3747612422183,83.9372116955521,10897300
2000-10-19,88.16962432861328,88.25862462235011,86.35006276777156,86.60717472745571,8767300
2000-10-20,88.54537963867188,89.35627098671422,87.5762655885725,87.5762655885725,7373500
2000-10-23,88.94097137451172,89.25741690308458,87.9323012521857,88.56519230933144,5290000
2000-10-24,88.34764862060547,89.83098724754646,87.97186950178042,89.21787394841084,5750700
2000-10-25,86.27094268798828,88.32783815785321,86.15227564164992,87.81361429038698,9137600
2000-10-26,86.5082778930664,87.12139097369857,84.82716138165566,86.78516767141642,9345800
2000-10-27,88.14984130859375,88.14984130859375,86.46872474785098,87.25983842349464,9762900
2000-10-30,88.94097137451172,89.29697259415619,87.43785511379059,87.61585572361282,10154100
2000-10-31,90.4737319946289,90.93851124960186,88.6442817356928,89.2475058751258,7752400
2000-11-01,90.16716003417969,90.66160596549236,89.3760465440794,90.02871517341214,6753600
2000-11-02,90.31554412841797,91.07699128684217,90.19687703879343,90.60232292834397,11395100
2000-11-03,90.364990234375,90.97810354084592,90.10787820262912,90.80010290348339,5187100
2000-11-06,90.99784088134766,91.32417523790976,90.52317272634824,90.6022840855148,4042500
2000-11-07,90.97808074951172,91.1363034986413,90.22652269114619,90.59241279850835,5231300
2000-11-08,88.96070861816406,91.17582630718906,88.96070861816406,91.17582630718906,6123300
2000-11-09,88.62452697753906,89.37608511749589,86.86429870237706,88.60474913175074,10635300
2000-11-10,86.46874237060547,88.2685263494996,86.40940883283973,87.97185866067089,8569500
2000-11-13,85.79630279541016,86.69619486023062,84.18440821776471,85.83585849056709,17285300
2000-11-14,88.05094146728516,88.3673868993329,86.70604838108224,87.002715973627,7668900
2000-11-15,88.32783508300781,88.67394728944592,87.18072034167004,88.01138963712152,8837700
2000-11-16,86.943359375,88.52558611521839,86.90380370649454,87.7048059937301,6684100
2000-11-17,86.47859954833984,87.97182636729917,85.91493114648102,86.90382307956668,6551100
2000-11-20,85.24251556396484,86.31051923924423,85.00518141390276,85.91496232247408,5458500
2000-11-21,85.6776123046875,86.19183620125303,84.50083069523946,85.36116682987793,7684300
2000-11-22,83.63060760498047,85.36116883601647,83.62071868366026,85.02494551112947,5736900
2000-11-24,85.34140014648438,85.42051152553094,84.57006420078034,84.57006420078034,3411600
2000-11-27,86.09292602539062,86.50826060993765,85.63803576612484,86.36981574842198,5992000
2000-11-28,84.60960388183594,86.44894309665847,84.57993712030655,85.51938456873741,5336100
2000-11-29,84.4513931274414,86.0138427895182,84.34261498641075,85.04472844215411,6914100
2000-11-30,83.7196273803711,84.49096342285502,82.1176217536737,83.85807231107334,11201600
2000-12-01,83.6800308227539,84.84692324027753,82.90869515693319,84.29314378789344,7587200
2000-12-04,84.39205932617188,84.72828267010084,83.22516654430073,83.46250066942707,6996600
2000-12-05,87.16095733642578,87.49718067990644,85.06450590060524,85.36117355661757,8883400
2000-12-06,85.7666015625,87.5564960491612,85.46004504820996,87.20049493579212,12888000
2000-12-07,84.5898208618164,85.99404748823422,84.5898208618164,85.36115661435576,6529100
2000-12-08,84.78758239746094,88.26848151151579,84.728248889835,86.74558814911678,10276300
2000-12-11,87.73453521728516,88.32787066735696,86.5280864688058,86.94342128385607,6405600
2000-12-12,87.35870361328125,87.85314952460841,86.94336904776645,87.45759279554669,5022900
2000-12-13,86.16216278076172,88.22894712842373,86.09294033849552,88.13005792518632,6070500
2000-12-14,85.06449890136719,86.3896143225231,84.82716479608553,85.994057480387,7678400
2000-12-15,83.1431655883789,84.51202228740017,82.88526505088214,84.51202228740017,9065300
2000-12-18,84.25415802001953,84.7302822942085,83.64908342157108,83.83754928010421,7235400
2000-12-19,82.53811645507812,85.68252012245702,82.53811645507812,84.09543940706074,9616600
2000-12-20,80.1475830078125,81.85369492332535,80.04839045458502,81.65530981687036,9994300
2000-12-21,80.70301055908203,81.80404720756509,79.69124715236788,79.98882462493087,14331500
2000-12-22,83.12332916259766,83.23244093118818,81.7941494361313,81.89334195303178,10182900
2000-12-26,84.0160903930664,84.0160903930664,82.70674872460303,83.06384190691122,4665300
2000-12-27,84.63106536865234,84.89888519576834,83.32172399164085,83.63914008303757,4854100
2000-12-28,84.88898468017578,84.98817723063169,84.17479831689316,84.31366788753145,8358700
2000-12-29,83.28205871582031,85.2460710580943,83.28205871582031,85.10720149853958,8774600
2001-01-02,81.77428436279297,83.8970035347529,80.98074448542476,83.79781105008188,8737500
2001-01-03,85.70233154296875,86.33716362847223,81.04028341505263,81.45689197116428,19431600
2001-01-04,84.77989196777344,85.99996061315031,84.4327179629914,85.66270586564775,9219000
2001-01-05,82.01237487792969,84.82944242332543,82.01237487792969,84.73024990412137,12911400
2001-01-08,82.64720153808594,82.64720153808594,81.06012133572231,82.44881651279049,6625300
2001-01-09,82.42899322509766,83.48043405323969,82.16117339151431,83.19277571346498,5702400
2001-01-10,83.87720489501953,83.87720489501955,81.7743232207357,81.8933542589027,8746100
2001-01-11,83.95655059814453,84.74017152173307,83.2225259355426,83.2225259355426,7245100
2001-01-12,83.79784393310547,84.88896169265111,83.3415583245682,84.23429103692372,7244000
2001-01-16,84.33348083496094,84.55170437981735,83.49034441165212,83.79784122485886,8542200
2001-01-17,84.7203598022461,85.73212384624904,84.20455852491126,85.60317352691533,7851400
2001-01-18,85.5634994506836,86.14873553549583,84.39302728105912,84.71044346265221,8107000
2001-01-19,85.07742309570312,86.45619910250069,84.98814982907594,86.45619910250069,7782500
2001-01-22,85.642822265625,86.19830038085259,84.78976658866834,85.2262136792043,7050900
2001-01-23,86.31735229492188,86.75379949108098,85.16671877777513,85.36510386693837,8463100
2001-01-24,86.57522583007812,87.17038091140313,86.23797128399396,86.4958718192348,6199900
2001-01-25,86.35700988769531,87.13071156139624,86.11894783424887,86.4958794188724,10818300
2001-01-26,86.25782775878906,86.41653581354305,85.3551756973758,85.80154210137137,7136800
2001-01-29,86.71810913085938,86.90855110015823,85.93725830963959,86.01978962085151,6705900
2001-01-30,87.47991180419922,87.55608859691347,86.20389240559,86.52766314817407,7069100
2001-01-31,86.9847183227539,88.05123186187582,86.71808993797343,87.22594799273351,9706900
2001-02-01,87.56239318847656,87.57509254368347,86.49587983357266,87.03549103201296,8239100
2001-02-02,85.57540893554688,87.60052582908223,85.5436653783857,87.22596735341816,8276600
2001-02-05,86.2038803100586,86.29911097436356,85.54365893003285,85.57540248480117,4352900
2001-02-06,85.94991302490234,86.7815414814468,85.8419927360988,85.89278046378904,7106700
2001-02-07,85.50556945800781,85.95629499499178,84.86438259482185,85.52461365327345,5748700
2001-02-08,84.50885772705078,85.95627434006846,84.49616805777147,85.57538083950985,5943300
2001-02-09,83.69627380371094,84.65487661242253,83.3280699702233,84.65487661242253,9913000
2001-02-12,84.65486907958984,84.75009002513495,83.60739024474549,83.60739024474549,5804400
2001-02-13,83.96293640136719,85.17546870643831,83.79788345150453,84.87709667981296,6587600
2001-02-14,83.83595275878906,84.21050149440683,82.94719140532787,84.21050149440683,8400100
2001-02-15,84.64852905273438,84.76280389372496,83.79151133577582,84.33111293087462,5929800
2001-02-16,82.7821273803711,83.34712773536202,82.08381766804332,83.16303063202047,6434900
2001-02-20,81.50613403320312,83.25192318856456,81.32203689354557,83.18843607184182,5760000
2001-02-21,79.74759674072266,81.79175169067449,79.67141515790969,81.19501291048272,10910800
2001-02-22,79.86824798583984,80.33167768358635,78.09706533480865,80.21105799991548,21281600
2001-02-23,79.3286361694336,79.69684003123292,77.32256880857653,79.40481778189107,20173000
2001-02-26,81.01730346679688,81.01730346679688,79.03662485923553,79.86190882323267,11503700
2001-02-27,80.26815032958984,81.15691115190629,79.67775644426065,80.49669021058071,11415000
2001-02-28,78.6875,80.52216585374681,78.25581363186025,80.46503324372564,14825800
2001-03-01,79.10009002685547,79.10009002685547,77.29081925125269,78.75093522785015,14672000
2001-03-02,78.47160339355469,79.76666157634985,77.63997481692734,77.76693931110167,12564300
2001-03-05,79.18900299072266,79.21439687138302,78.59860858468484,78.81445414860417,5293200
2001-03-06,80.03962707519531,81.09979545017481,79.66507364222765,80.21102959985221,6917000
2001-03-07,80.61100769042969,80.64909607859592,79.83651150847582,80.56021994395066,6371700
2001-03-08,80.6998519897461,80.77602873602754,80.07771444927062,80.3697366112459,6055000
2001-03-09,78.31291198730469,80.05235111254072,78.1542039141857,80.05235111254072,10020300
2001-03-12,74.96098327636719,77.76694028590329,74.75148749930703,77.66536481458259,13972900
2001-03-13,76.19255065917969,76.45918383666867,74.6118200002652,75.79895783551683,12888000
2001-03-14,74.68798828125,75.72911240880369,73.48180647199618,74.307090037113,19883400
2001-03-15,74.7070541381836,75.45615633442112,74.50390802615573,75.19587280533695,10370300
2001-03-16,73.20863342285156,74.72996709772933,73.08132221917246,74.55809818686902,58514600
2001-03-19,74.69815063476562,74.91457728917487,73.08770127491013,73.68605189168238,10067800
2001-03-20,72.69303894042969,75.40470714927969,72.63575253526679,75.04824545557359,15083900
2001-03-21,71.45813751220703,73.3677616744841,71.22898222421975,72.68029581052227,19004600
2001-03-22,70.73249816894531,71.67457693515038,68.77194904645958,71.30538167381997,28624800
2001-03-23,72.87129211425781,72.98586980847944,70.97439581135058,72.08834372767221,12861700
2001-03-26,73.80058288574219,74.01063777550073,73.05582604531675,73.64780951228776,9943800
2001-03-27,75.30921173095703,75.52563833301964,73.38049205955649,73.59691866161911,12880700
2001-03-28,73.22773742675781,74.4435292109781,73.1386220020056,74.4117050486674,10953300
2001-03-29,73.5078125,74.15708267500517,71.38176142414754,73.01130606449473,12060300
2001-03-30,74.27803802490234,74.27803802490234,72.88401042001749,73.55238101709492,9183600
2001-04-02,72.69303894042969,74.71724114876679,72.43842622002612,74.02978000468023,10561000
2001-04-03,70.26779174804688,72.66118832873052,70.05773195939541,72.55297747630688,12836000
2001-04-04,70.56059265136719,71.3562691694395,69.57395668281197,70.38236188834685,14884300
2001-04-05,73.23413848876953,73.51421358779156,71.61095490175819,72.12019030140884,21522800
2001-04-06,72.12015533447266,72.82035002718644,71.33084036206495,72.55936567588397,14937800
2001-04-09,72.92218780517578,73.19590082611289,71.78914478803988,72.56572614309057,9034300
2001-04-10,74.25255584716797,74.9527504212191,73.31047243116109,73.48870324749132,17873600
2001-04-11,74.30348205566406,75.74206216750648,73.9279200927136,75.6083890521455,12722300
2001-04-12,75.65292358398438,75.71021481954767,73.81331983312322,74.02974637486085,9233200
2001-04-16,74.8572769165039,75.67841600671763,74.41806659861365,75.29649209082024,7350000
2001-04-17,75.91390991210938,76.16852738029951,74.4880540328143,74.67265157584156,10924700
2001-04-18,78.93112182617188,80.20420443627141,76.82417166051304,77.05968883526961,32481600
2001-04-19,79.98145294189453,80.10239254341924,78.66381202529479,79.09029373138229,13809900
2001-04-20,79.24939727783203,79.82228545835437,78.71470488029453,79.50401478655586,7626700
2001-04-23,77.81079864501953,78.86109264647412,77.60074372986797,78.70832411097548,8451800
2001-04-24,77.39073181152344,78.70837277894738,77.08518969517523,77.98907763571341,10044700
2001-04-25,78.40282440185547,78.72109518844067,76.9897013323889,77.28887664880727,8249000
2001-04-26,78.7529296875,79.70774211366964,78.61288975463344,78.75929646347406,10590400
2001-04-27,80.06419372558594,80.10238466373931,79.05845693185046,79.51676761539709,7938700
2001-04-30,80.62432098388672,81.01260669739258,79.35760033804993,80.49064304122086,10766900
2001-05-01,80.87259674072266,80.93624991725181,79.31306720541505,79.61224247717074,10578000
2001-05-02,80.7261734008789,81.27996612086649,80.20420969079896,81.10173532080384,9572900
2001-05-03,79.70137023925781,80.29972087543808,79.07119543809726,80.28698732430452,9926200
2001-05-04,81.05718231201172,81.0635490860282,78.5746746524053,78.70834776819753,12145300
2001-05-07,80.35697937011719,81.08263612697789,80.35061745318737,80.75163675889719,7185200
2001-05-08,80.31883239746094,80.90444959954347,79.92417479270387,80.75168095039756,6952600
2001-05-09,79.98145294189453,80.5543413526829,79.60589087287832,79.72683533083004,9507400
2001-05-10,80.21696472167969,81.15904836105138,80.05782933273645,81.00627974746534,6872400
2001-05-11,79.66315460205078,80.51611771935038,79.18574856750764,80.20421380324795,7734400
2001-05-14,79.8222885131836,79.84775075067293,79.22393807324725,79.50401782920473,7914000
2001-05-15,80.19154357910156,80.5225432008852,79.47224818784875,79.91783039214575,9782200
2001-05-16,82.08203125,82.24116663812053,79.32581001863663,79.46584508078432,14909000
2001-05-17,82.20930480957031,82.80129326780973,81.83374777456916,82.1138274999427,11824600
2001-05-18,82.58488464355469,82.58488464355469,81.54095713719464,82.17112690629037,6683100
2001-05-21,83.80070495605469,83.92164942450438,82.2093508193058,82.64856611510527,11531500
2001-05-22,83.69247436523438,84.08076507183296,83.43149972992913,83.91526777714517,8342700
2001-05-23,82.27297973632812,83.41875625162871,82.27297973632812,83.41875625162871,12330800
2001-05-24,82.5148696899414,82.75038691381438,81.82740377157675,82.41302072880926,7902800
2001-05-25,81.54096984863281,82.5594304185918,81.41365863506827,82.52760140109412,7425000
2001-05-29,80.89171600341797,81.70012663806381,80.77713830939051,81.61737311344939,9003900
2001-05-30,79.75865936279297,80.89806448085494,79.5676949523367,80.5797937010456,10041800
2001-05-31,80.17241668701172,80.68801871181148,79.73320626286845,79.84141717487279,9874200
2001-06-01,80.66889190673828,80.90440911121871,79.64405988775351,80.33152089308663,8848300
2001-06-04,81.05718231201172,81.11447356530876,80.25514361725841,80.7134542179321,5623500
2001-06-05,81.98656463623047,82.26027287746302,81.01265185402644,81.15269179093528,9115400
2001-06-06,81.30546569824219,82.0056605299596,81.06994354346376,82.0056605299596,12064900
2001-06-07,81.5982666015625,81.70011558533169,80.84078056816641,80.87260958970099,7355300
2001-06-08,80.84075927734375,81.39455205377735,80.29333327482566,81.28633632291637,8170600
2001-06-11,80.2678451538086,80.83436643897694,79.82863502377157,80.6561356782171,7012200
2001-06-12,80.12786102294922,80.67528722957022,78.95662671994535,79.47859067783662,9364400
2001-06-13,79.44037628173828,80.57341930538095,79.34489409129543,80.31243497526557,7629400
2001-06-14,77.65808868408203,79.12213656086128,77.49895325645072,79.04574980728421,12603000
2001-06-15,77.78319549560547,78.13429106748718,76.85758698099308,77.18314788671616,16821100
2001-06-18,77.40657806396484,78.15983374703397,77.18315579996977,77.65553499673649,11368300
2001-06-19,77.74490356445312,78.44708990691736,77.17038569507692,78.12152896923082,7732300
2001-06-20,78.15340423583984,78.42789568065051,77.30439524721184,77.36184943671223,8787200
2001-06-21,79.04071044921875,79.35350143101813,77.97466423659023,78.01934866256157,12259100
2001-06-22,78.42156219482422,78.89394143144149,77.98110251443048,78.83010718923491,12212000
2001-06-25,77.7001953125,78.79816137761732,77.55975711297496,78.69602273423963,8406800
2001-06-26,77.5916748046875,78.12788805890672,76.96608780452664,77.17674509878638,8005800
2001-06-27,77.5469970703125,78.03214104599955,77.18313665342777,77.62359618740052,10105100
2001-06-28,77.97465515136719,79.11730519119797,77.83421700889552,77.87890142966044,10269300
2001-06-29,78.26193237304688,79.16201077943484,78.04489509136457,78.3896056595405,9824200
2001-07-02,79.23858642578125,79.3598747944883,78.27467896682835,78.38958245554122,8522200
2001-07-03,79.2194595336914,79.2194595336914,78.5491930478315,79.14286043258619,3303100
2001-07-05,77.6746826171875,78.93223701552586,77.66191771827481,78.56199163393833,5517900
2001-07-06,75.9958267211914,77.55340268239178,75.9958267211914,77.43849909859301,11665900
2001-07-09,76.4107437133789,76.94696200493158,76.09156766633849,76.27669035805073,8339300
2001-07-10,75.49152374267578,77.01080004842905,75.45960418829735,76.78737777850066,8630700
2001-07-11,75.56808471679688,75.89364550012675,74.74461030616115,75.38934699112173,15328600
2001-07-12,77.36189270019531,77.54063050928664,76.16178763302771,76.28307609072829,12002800
2001-07-13,78.0321044921875,78.0831737931489,76.99797793402044,77.1384112063094,10433800
2001-07-16,77.05546569824219,78.05767809612414,76.78735903975532,77.73211722782493,6915300
2001-07-17,77.77678680419922,77.84700589708164,76.4937030965943,76.72989016334603,7469800
2001-07-18,77.2469711303711,77.64913110713239,76.64053385339453,76.95970982962255,7709300
2001-07-19,77.92362976074219,78.50453242826417,77.08739018510087,77.99384887154682,10082900
2001-07-20,77.4576187133789,77.84063375701214,77.18951207902651,77.3363351617844,6705800
2001-07-23,75.93195343017578,77.8023246149671,75.93195343017578,77.7512601664511,8065200
2001-07-24,75.19786071777344,76.09154954040709,74.5275892305594,75.96388110009909,12269000
2001-07-25,76.02769470214844,76.27027149128308,74.9807981907686,75.2744394200349,12088500
2001-07-26,76.82564544677734,77.14482137706744,75.68299503191024,76.00217096220032,12898200
2001-07-27,77.11930847167969,77.464019158056,76.54479553129208,77.13207823982673,8478800
2001-07-30,77.14482116699219,77.46399709641312,76.79373056677207,77.36186333152227,8547700
2001-07-31,77.46402740478516,78.31303687808322,77.1129366671982,77.24060514082254,11918100
2001-08-01,77.94915771484375,78.32578303106308,77.5916821780608,77.859788830648,11940800
2001-08-02,78.26832580566406,78.67687062660097,77.80871166455044,78.664105731676,11070100
2001-08-03,77.84066009521484,78.10876682028396,77.17677329725308,78.10876682028396,10816300
2001-08-06,76.79373931884766,77.56614457164768,76.66606601038562,77.46400592487805,8550100
2001-08-07,77.09374237060547,77.36823383096775,76.54476432011847,76.77456648042781,8865100
2001-08-08,75.66385650634766,77.34272526626935,75.6000222848453,76.67883864811918,15183800
2001-08-09,75.88727569580078,75.944729902033,75.23615887001412,75.77237215357505,14118500
2001-08-10,76.14899444580078,76.50008504888004,74.90420538877919,75.83620339608771,11173300
2001-08-13,76.16816711425781,76.50649292464237,75.84260620208563,76.34690491066931,7431600
2001-08-14,76.13622283935547,76.82564400469825,75.8362015615145,76.69159070092127,13178100
2001-08-15,75.47866821289062,76.35321138464502,75.37653452135777,76.11063960579916,8520600
2001-08-16,75.74044799804688,75.80428220901737,74.68716647120027,75.19784989944047,10734700
2001-08-17,74.52758026123047,75.24253610353189,74.05520124465468,75.10209791395141,11604600
2001-08-20,75.21699523925781,75.2616796713254,74.39990569845757,74.55949365159005,10417400
2001-08-21,73.93390655517578,75.67022426033303,73.92114166186043,75.19784528385983,14480800
2001-08-22,74.699951171875,74.96167783756,73.90839603143736,74.52759826953174,11752300
2001-08-23,74.43181610107422,75.0190985660861,74.36159701610133,74.66162313003322,8744100
2001-08-24,75.97661590576172,76.04683498119275,74.52117483362206,74.82120090678427,11687700
2001-08-27,75.52339935302734,76.09153206129724,75.49148468540092,75.94471387569277,7425100
2001-08-28,74.41902160644531,75.63827048098914,74.41902160644531,75.50421724579232,12046600
2001-08-29,73.75521850585938,74.80211579142744,73.51902642341446,74.7701962312826,16180000
2001-08-30,72.3380355834961,73.88284597997156,71.52094594801282,73.31471319060465,17692600
2001-08-31,72.86788940429688,73.26366456878674,72.21676756878168,72.38912535416384,15985400
2001-09-04,72.4018783569336,74.15734625233057,72.36996368097884,72.67636989538704,24473400
2001-09-05,72.58060455322266,72.8934004712774,71.46348879792532,72.58060455322266,21477100
2001-09-06,70.71021270751953,72.32524653194419,70.71021270751953,71.9103169702578,21653000
2001-09-07,69.40162658691406,71.01665628314878,69.34417237739667,70.2314812213378,33133900
2001-09-10,70.25061798095703,70.44212060002162,68.75048734530998,68.75048734530998,23408700
2001-09-17,66.58013916015625,67.92067786151866,63.83522263860005,64.47357486498605,32388700
2001-09-18,66.42053985595703,67.21848000381696,65.9800753358615,66.59927766983924,22029200
2001-09-19,65.07997131347656,66.70777053295008,62.91595885996931,66.45242881045094,42771800
2001-09-20,63.011722564697266,64.99061270362981,62.915968794860085,64.09053895573402,36210900
2001-09-21,62.33188247680664,63.42755952559666,60.10208511423803,60.40964101117233,49782100
2001-09-24,64.52325439453125,64.81800246922386,63.47242916084678,63.895324746568534,25549600
2001-09-25,65.19598388671875,65.3561705793151,64.01060333920766,64.5552371163333,25466200
2001-09-26,64.96534729003906,65.61250322197404,64.3502306681205,65.58046391195762,18587500
2001-09-27,65.52919006347656,65.54200774036326,64.07469660156603,64.87563030908561,20536800
2001-09-28,66.91963958740234,70.23871030151376,65.67658844662492,65.98414925566225,21687200
2001-10-01,66.81067657470703,66.8427158748537,65.88800437031536,66.57360335226075,20457400
2001-10-02,67.65010070800781,67.65010070800781,66.41345823076527,66.63771880673902,19833100
2001-10-03,68.78418731689453,69.12378243409121,66.86194637712937,67.0221331221098,32045800
2001-10-04,68.84188079833984,69.82222323311784,68.39976366559166,69.38651494115949,32674100
2001-10-05,68.70734405517578,68.95723514355605,67.61166172795205,68.72015685189405,29796100
2001-10-08,68.25879669189453,68.75217476087106,67.83590609271343,68.09220105536231,12970300
2001-10-09,67.89352416992188,68.39971468253086,67.66285495180868,68.31001052976569,15976300
2001-10-10,69.40575408935547,69.553128133632,67.61165951949522,67.79107288729278,19987400
2001-10-11,70.48219299316406,70.674419111278,69.80940646827857,69.80940646827857,23006300
2001-10-12,70.16182708740234,70.41171813526267,68.75218502826644,69.93756651733715,31360500
2001-10-15,70.03363800048828,70.12974612450815,69.23910832617761,69.60433386298574,16873000
2001-10-16,70.4758071899414,70.87307234926497,69.80942928809938,70.35406850462012,15877100
2001-10-17,68.9764633178711,71.21907937166198,68.9764633178711,71.16781840290315,28542300
2001-10-18,68.82907104492188,69.30322754772236,68.39977154430397,69.08537093239251,16510000
2001-10-19,68.78418731689453,69.14300894983852,67.92558871028496,68.55992685162423,21912500
2001-10-22,70.14259338378906,70.2066671229967,68.69450341283428,68.75217320008022,17540600
2001-10-23,69.78374481201172,70.66156490600531,69.44414486040765,70.45652610063702,22062500
2001-10-24,69.59796142578125,70.12977787735636,69.34166157249065,69.82863080489147,16065200
2001-10-25,70.84742736816406,70.86664900462273,68.39336408432122,68.84829407172715,27467900
2001-10-26,70.68722534179688,71.62912443378384,70.27073871689282,70.45014713660218,18623300
2001-10-29,68.84829711914062,70.83461770869634,68.84829711914062,70.5847266466451,18727500
2001-10-30,68.0217056274414,69.00845173109617,67.63725350667933,68.78419125299283,26178600
2001-10-31,67.79106140136719,69.11099917975248,67.79106140136719,68.49588240278128,28124200
2001-11-01,69.52747344970703,69.8478470193362,67.72697066420241,68.30364406723747,29806800
2001-11-02,70.00164031982422,70.08493570633524,69.11741083354403,69.48263658749822,17575900
2001-11-05,70.91790008544922,71.18060389465893,70.45015247986271,70.55908321881617,15929500
2001-11-06,72.01998901367188,72.07124996487663,70.38608163574231,70.70645524800196,23245800
2001-11-07,71.92384338378906,72.48129497656085,71.53298736273837,71.61628270434332,19716000
2001-11-08,72.14813995361328,73.09644804220001,71.69961883040486,72.32114445007481,22563500
2001-11-09,72.22503662109375,72.37881460469933,71.4048808571787,71.92388460716876,15895800
2001-11-12,71.78286743164062,72.1801322308024,70.48215213352006,71.12289897109751,26068800
2001-11-13,73.3976058959961,73.3976058959961,72.5197803264531,72.68637599488393,15296200
2001-11-14,73.46802520751953,73.94217643700267,72.85931285772098,73.79480253254329,17571300
2001-11-15,73.60261535644531,73.80124537752182,73.00031156542357,73.28224183160602,19470200
2001-11-16,73.27581787109375,73.74996922122645,72.66070141695945,73.73715643382224,18134900
2001-11-19,74.17925262451172,74.23051354019202,73.33346706982665,73.63461883881095,13625400
2001-11-20,73.55780029296875,74.19854766524718,73.45527836691724,73.92302609962687,16209700
2001-11-21,73.07083129882812,73.47450038558418,72.73123597192811,73.36557450497747,11470200
2001-11-23,74.12163543701172,74.16648754495411,73.04517995788136,73.07081043220745,6717100
2001-11-26,74.28182220458984,74.54452601142621,73.73077922808844,74.16648751442645,13726000
2001-11-27,73.96143341064453,74.90333237201641,73.1028298072976,74.08317691649894,19261400
2001-11-28,72.62230682373047,73.79487572047405,72.56464190512732,73.51935414728044,20195500
2001-11-29,73.60261535644531,73.63464977582203,72.404416613682,72.82731201295566,16354700
2001-11-30,73.07721710205078,73.62826006240947,73.05799058049251,73.30147763510071,13680300
2001-12-03,72.64153289794922,73.0964629553077,72.4108634479485,72.82094138383543,15220400
2001-12-04,73.87174987792969,73.87815871911275,72.62869866814489,72.99392439936337,17239900
2001-12-05,75.22368621826172,75.60813337637161,74.0447093930791,74.07674869313443,25204000
2001-12-06,75.18522644042969,75.56967842753014,74.92252279698846,75.18522644042969,17972900
2001-12-07,74.68550872802734,75.02510403761993,74.13446562202321,74.90336536665222,18857800
2001-12-10,73.2886734008789,74.57657682485684,73.2694517643069,74.23057270101886,13862700
2001-12-11,73.14128112792969,74.14725386130603,72.98109435580918,73.62184144429123,20833300
2001-12-12,73.2245864868164,73.54496007479759,72.47491346418356,73.39759096189353,16171500
2001-12-13,71.80210876464844,72.85293347565133,71.7892959753243,72.6927467222849,19026700
2001-12-14,72.48773193359375,72.718401326086,71.76368932791797,71.97513708578809,16721900
2001-12-17,73.2374267578125,73.27587003590381,72.3403794570705,72.39804437420747,13925900
2001-12-18,73.67313385009766,73.78205972841843,73.26305104089315,73.44886836253622,13663700
2001-12-19,74.192138671875,74.2754340702366,73.04520029120712,73.10286520810796,20143400
2001-12-20,73.4616470336914,74.19850708653016,73.397573309208,74.00628102456811,14867900
2001-12-21,73.90721893310547,73.9843748226198,73.42500566062675,73.95865619278169,14037700
2001-12-24,73.76577758789062,73.96509084763902,73.68862169444253,73.83007171310037,5728800
2001-12-26,74.17083740234375,74.71734484238114,73.71434272159121,73.71434272159121,10304800
2001-12-27,74.62088775634766,74.6337495226871,74.10009904211195,74.13224855263395,9407300
2001-12-28,74.58232116699219,75.06453445039946,74.53088390615022,74.76877755854893,10593800
2001-12-31,73.48931884765625,74.8330844046539,73.44431246309959,74.67877750122075,14619500
2002-01-02,74.28015899658203,74.4216090599936,73.17428203390489,74.0101206420666,18651900
2002-01-03,75.12239074707031,75.19311574785985,74.28655740960806,74.35728241039759,15743000
2002-01-04,75.6239242553711,75.85538708697611,74.93596664624744,75.33459326320056,20140700
2002-01-07,75.09027862548828,75.86181817927607,74.94239767659238,75.67536172428943,13106500
2002-01-08,74.91667175292969,75.26386598997355,74.56305153571475,75.0902713241158,12683700
2002-01-09,74.30586242675781,75.72678384553186,74.15798150746102,75.01953857856361,16610300
2002-01-10,74.63375854492188,74.80735316887687,74.13225751424389,74.38300802958288,12823400
2002-01-11,73.90082550048828,74.76237790552003,73.74651365350083,74.71737150981433,13708400
2002-01-14,73.43787384033203,73.8365003743106,73.27070518445174,73.71434300357241,12301100
2002-01-15,74.03582000732422,74.19012689754332,73.23213113383031,73.65005032911266,20219900
2002-01-16,72.53775787353516,73.55362199843148,72.45417597920644,73.48932785623028,17067000
2002-01-17,73.08427429199219,73.45075634278777,72.9106795964908,73.14214246071212,17283400
2002-01-18,72.74992370605469,73.19998754955753,72.44130499527559,72.65348005235322,17028000
2002-01-22,72.24839782714844,73.25139970903716,72.02336107720944,73.13566834533259,11689300
2002-01-23,72.80136108398438,73.00710525636796,72.02338587353944,72.41558646860315,12438900
2002-01-24,73.0263671875,73.4571431296692,72.85919857362603,73.0649426732685,12142800
2002-01-25,73.00712585449219,73.41218342853122,72.67921930103428,72.73065658497461,12810700
2002-01-28,73.20642852783203,73.4186036141631,72.60205279294784,73.23214716605355,10589200
2002-01-29,70.90465545654297,73.38001652235229,70.75677943189528,73.199990976523,27720800
2002-01-30,71.92694854736328,72.9042321591789,69.69590722142189,70.97537866544211,34711800
2002-01-31,72.76924133300781,72.84639726871293,71.7662386954913,72.10700216052805,19909200
2002-02-01,72.42847442626953,72.84639380715247,72.11985560344421,72.71136969975215,15838500
2002-02-04,70.62816619873047,72.15839271445202,70.36455884013569,72.15839271445202,24243400
2002-02-05,70.19096374511719,71.03965892032082,69.77947547261405,70.33884464242011,33614000
2002-02-06,69.8887939453125,70.55746378642424,69.47730556698657,70.49960053259484,29486000
2002-02-07,69.45156860351562,70.63460105802412,69.43871174116674,69.9016372709602,23445400
2002-02-08,70.78250885009766,71.20685907816897,69.63163029771366,69.84380050642001,19277800
2002-02-11,71.65045166015625,71.77903988124625,70.60886941015292,70.7567502792,18792400
2002-02-12,71.42542266845703,71.82405404562921,70.74389619311349,71.34184080620838,13942500
2002-02-13,72.18412780761719,72.35772737557555,71.592613891205,71.67620068515839,16781100
2002-02-14,72.04908752441406,72.63417528924802,71.74689976941866,72.33841841774718,20453800
2002-02-15,71.29682159423828,72.16480428782363,71.18109024140517,72.10694106407,18366800
2002-02-19,69.92738342285156,70.91109810816735,69.83093974863199,70.82108532031683,15988100
2002-02-20,71.10395050048828,71.10395050048828,69.32297834462221,70.1138102525972,29242800
2002-02-21,69.63160705566406,71.12967941134478,69.60588842266887,70.67961559724803,26288600
2002-02-22,70.49315643310547,70.68604372037017,69.35513517316069,69.66374894639124,26572900
2002-02-25,71.65686798095703,71.88833067198793,70.53170402940563,70.55742265122302,17458700
2002-02-26,71.50901794433594,72.03623761928608,71.09109877271423,71.7533375821279,22346500
2002-02-27,71.7854995727539,72.56346990481262,71.14254839862325,71.98481286702939,28597900
2002-02-28,71.4640121459961,72.49273287310776,71.38685625196496,71.90121906818447,23755400
2002-03-01,73.12928009033203,73.2000051263404,71.69550142651693,71.83052061198859,26273600
2002-03-04,74.42157745361328,74.57588431847053,73.07138134912714,73.23211909740708,27184600
2002-03-05,74.1836929321289,74.83950577264672,73.92008554334117,74.15154832172071,22718900
2002-03-06,75.06452178955078,75.32170314505564,73.98436402069152,74.00365176392226,20143200
2002-03-07,74.90379333496094,75.54674435071168,74.30584869409967,75.45673160093273,19330800
2002-03-08,75.21881866455078,75.80390629335807,74.89091726246443,75.46956910394655,19930100
2002-03-11,75.37954711914062,75.80389698312295,74.85875856363968,75.15451533005535,15621800
2002-03-12,75.33455657958984,75.38599382941698,74.54372971113382,74.64659930546195,17153600
2002-03-13,74.6080322265625,75.06452683322601,74.35085085377733,74.98737094979245,17175300
2002-03-14,74.50516510009766,74.8587901358936,74.34442733934081,74.60803962153908,11168100
2002-03-15,75.21509552001953,75.40853044546715,74.73150082733108,74.77663613520681,21220100
2002-03-18,75.22795104980469,75.80181606711511,74.86041946659041,75.50521206306298,17548900
2002-03-19,75.73090362548828,75.91789410616734,75.32468597948916,75.63418865218713,17912000
2002-03-20,74.3059310913086,75.16995611995253,74.27369439851206,75.11837150822288,17114500
2002-03-21,74.33817291259766,74.7314969692288,73.58376641160191,74.34462221892683,25846800
2002-03-22,74.17695617675781,74.75727061706415,73.95772409069625,74.47356024194147,15235400
2002-03-25,73.25491333007812,74.38330077518792,73.05502912828848,74.20920395737596,17499600
2002-03-26,73.68051147460938,74.16410633966017,73.16467990351735,73.1969166095586,19947600
2002-03-27,73.87393188476562,74.1576423715611,73.35165114260128,73.52574308352938,19020300
2002-03-28,73.84165954589844,74.64765043952427,73.82876585612675,74.13181921923054,17532900
2002-04-01,73.87393188476562,74.21567137874378,73.18400358955122,73.65470463179098,17711000
2002-04-02,73.46768951416016,74.1189266674803,73.35807100494114,73.49348181518944,15669500
2002-04-03,72.95185089111328,73.64177893257917,72.31995675486584,73.51282235112654,25658500
2002-04-04,72.64881134033203,73.11951229903937,72.36510582326409,72.60367603629537,23549000
2002-04-05,72.6617202758789,73.26782231342821,72.33287448867478,72.98411675605318,19404900
2002-04-08,72.81646728515625,72.88094559561164,71.72032124927539,71.7783502528713,16470100
2002-04-09,72.30706024169922,72.97764530732924,72.17165435143427,72.97764530732924,15122700
2002-04-10,73.1259536743164,73.20977496718535,72.27482245728402,72.28127176269814,17199300
2002-04-11,71.30766296386719,72.89385823875743,71.24963394910277,72.79068898666866,25453700
2002-04-12,71.84276580810547,71.99107022004956,70.95295409456723,71.58484787219751,14950600
2002-04-15,71.29475402832031,72.1265374978208,71.05617887339423,71.9717885721448,17394900
2002-04-16,72.99055480957031,73.06793172907412,72.00402245294927,72.02336545298036,15040900
2002-04-17,72.8358154296875,73.29361786144234,72.60368956015263,73.11307661166636,12920100
2002-04-18,72.51982116699219,73.15816443414826,71.6686951709918,72.79708216898958,25204800
2002-04-19,72.78421020507812,73.01633600889933,72.5778767038347,72.99054370632156,10499200
2002-04-22,71.572021484375,72.49407565162458,71.46885224525724,72.46183403455527,13922900
2002-04-23,71.26251220703125,71.88151774669603,71.03683566620535,71.63004397905617,16967000
2002-04-24,70.54679870605469,72.0942978436466,70.54034939915711,71.28830665974257,18902700
2002-04-25,70.58546447753906,70.75955635883717,70.10186990580408,70.41781698191166,25451500
2002-04-26,69.2442855834961,70.93364417782493,69.17980729930474,70.7917890009773,19769800
2002-04-29,68.9025650024414,69.80527598493643,68.7542604809986,69.59249316175378,17724400
2002-04-30,69.54735565185547,70.0502932765987,68.7607076052042,69.00572711179274,19473500
2002-05-01,70.39852142333984,70.44365675034054,68.86391538593455,69.6183222455383,24575600
2002-05-02,70.12770080566406,70.86921387433684,69.49580138626628,70.34692810421404,15666800
2002-05-03,69.3667984008789,70.12765396779595,69.12177403158395,70.02448477664485,18185500
2002-05-06,68.00628662109375,69.63116205495245,67.90311742814887,69.4054855946079,23630400
2002-05-07,67.76773071289062,68.55437881369308,67.63877410462565,68.41252359297404,21910000
2002-05-08,70.28888702392578,70.5145635923502,68.85744576223335,69.02509332136874,27917400
2002-05-09,69.4764175415039,70.34688675420395,69.36680395665995,70.05673198976334,18085600
2002-05-10,68.1675033569336,69.66987193247404,68.0901264411559,69.61828732195558,18958900
2002-05-13,69.55381774902344,69.60539744663706,68.21264722347252,68.48990839058756,14677700
2002-05-14,71.06908416748047,71.16580409988721,70.28243593232972,70.68220935723357,34201200
2002-05-15,70.79176330566406,71.51393261686329,70.46936708234983,70.60477290581669,29535300
2002-05-16,71.15936279296875,71.23673973146963,70.49522672549008,70.73379701028495,28092000
2002-05-17,71.50752258300781,71.73319907938182,70.99168637468551,71.3527736882626,27823700
2002-05-20,70.7337646484375,71.37211303040844,70.59835875754688,71.3398714242723,13833800
2002-05-21,70.08898162841797,71.23671704681584,69.84396211359366,70.99814191861229,16877200
2002-05-22,70.24376678466797,70.35982974753358,69.63765965421629,69.77951493320552,15844200
2002-05-23,70.99172973632812,71.1593773443386,69.94716790955773,70.45010581420743,13879800
2002-05-24,70.0825424194336,71.05617616404125,70.03095780638195,70.91432585721842,11877000
2002-05-28,69.70209503173828,70.36623077466626,69.2829787619223,70.31465109358571,24236900
2002-05-29,69.18631744384766,69.6505644498965,69.07669885301162,69.39265108633006,14773300
2002-05-30,68.99283599853516,69.32168173445899,68.28356483663164,68.70268117937707,18217900
2002-05-31,69.13467407226562,69.99869392885381,68.89609900232007,69.2507369550259,19826300
2002-06-03,67.29705810546875,69.37973707870208,67.14230421839345,69.0508912178933,26056300
2002-06-04,67.46465301513672,67.83218462786256,66.76828069375655,67.15515529882943,25856200
2002-06-05,68.09658813476562,68.13527414000224,67.28414758913608,67.6710223996425,19695900
2002-06-06,66.71028137207031,68.090137960924,66.51039712171807,68.0514519561797,22998500
2002-06-07,66.63288879394531,67.0068698165746,65.5883275561324,65.62701355179098,24011600
2002-06-10,66.89081573486328,67.35506742152877,66.42656404819779,66.5684192768322,18759900
2002-06-11,65.7430648803711,67.40663127203003,65.59476531021043,67.14226389657611,19990700
2002-06-12,66.14283752441406,66.29113709320312,64.98220867599633,65.58186609444917,31266000
2002-06-13,65.47872924804688,66.41367710359793,65.34331839285888,65.85270543863926,21043900
2002-06-14,65.38201141357422,65.48517573585896,63.5121107231289,64.67918448302737,39267500
2002-06-17,67.13584899902344,67.27769932688786,65.672166132687,65.71730144595753,17647200
2002-06-18,67.68389892578125,67.72258491839274,66.81987404222255,66.89080164159597,21628500
2002-06-19,66.10413360595703,67.33568980379353,65.92359246937676,66.73603250336502,21540700
2002-06-20,65.25948333740234,66.44590473182978,65.0982851259417,65.93651779328866,25691000
2002-06-21,64.23906707763672,65.30669963205251,63.85083840419336,65.0090574845261,31190700
2002-06-24,64.5755615234375,65.1514353569509,62.9255828268603,63.80557080682182,37169700
2002-06-25,63.12613296508789,65.2808084839643,63.113194150198034,64.89905173727895,33355000
2002-06-26,63.22969055175781,63.50792208976219,61.59265577982849,61.599122721770364,37913600
2002-06-27,64.33613586425781,64.37495725688946,62.485573787674376,63.73437959548633,31616400
2002-06-28,64.03205108642578,65.02850842482991,63.98028591483631,64.21322425039044,28184200
2002-07-01,62.78322219848633,64.57555236355459,62.69263564898071,64.17437983246067,20270200
2002-07-02,61.45029830932617,62.89321608256429,61.320885433670355,62.673221598844066,34213900
2002-07-03,61.7996711730957,62.01319365969912,60.64145249960698,61.22379777351104,30565800
2002-07-05,64.25849914550781,64.40085085832727,62.54382152271991,62.62146432127812,19013500
2002-07-08,63.4561653137207,64.51085457134961,63.1261685770255,64.0449829235769,19118600
2002-07-09,61.857948303222656,63.63086304080895,61.476191362314246,63.236167278427914,28620400
2002-07-10,59.606197357177734,62.162040720587854,59.55443221618117,62.11674745636475,50522500
2002-07-11,60.09151077270508,60.40209188155864,58.441531970903284,59.37328517065938,59476500
2002-07-12,59.43149948120117,60.7514811400683,59.217971947429376,60.3891349760407,39018600
2002-07-15,59.748573303222656,59.78739964625144,56.86920380565138,59.295640439536605,77317200
2002-07-16,58.596805572509766,59.77443555412101,58.15034474062501,58.95915667680296,53282400
2002-07-17,58.7132682800293,60.36971830140004,58.07269067874455,59.8261941725859,48880600
2002-07-18,56.810951232910156,58.946211739657414,56.77859678147312,58.687390937949694,32656700
2002-07-19,54.811561584472656,56.64918469904462,54.546273861188304,56.13801501068189,77572600
2002-07-22,53.18749237060547,55.588051508253045,52.702205013440825,54.41688799607555,78134000
2002-07-23,51.73162078857422,53.86041486302934,51.602212825093815,53.41395393340377,74484100
2002-07-24,54.81806182861328,55.07688274529442,50.26283047945975,50.55400092535204,107022800
2002-07-25,54.35215377807617,55.549194272774216,52.799234111383456,54.526854957403664,87176600
2002-07-26,55.3874397277832,55.60096726111751,54.22275351582523,54.77274463841063,41206800
2002-07-29,58.08565902709961,58.45447721978323,56.487450149869424,56.6168581366854,53492900
2002-07-30,58.84269714355469,59.14033939215015,57.40624612110918,57.794474926381646,47532200
2002-07-31,58.98503875732422,59.23738768437135,57.749171759624865,58.55151181134918,44669900
2002-08-01,57.445045471191406,59.10796224704242,57.153875213147906,58.80384823638642,66571900
2002-08-02,56.157432556152344,57.5291794164377,55.40038574695461,57.26388672419436,51772900
2002-08-05,54.20335006713867,56.248029446088275,54.06100328284746,55.963326004311156,47191300
2002-08-06,56.028038024902344,56.875676592745876,55.0704071159498,55.14805486664786,64730000
2002-08-07,57.00505447387695,57.263875236275254,55.497428099257654,56.85623586769986,43289400
2002-08-08,58.84914016723633,58.94619856325552,56.81093853380867,57.212105997015215,48339800
2002-08-09,59.069183349609375,59.489766753318555,57.813905019443155,58.299192422969426,41879200
2002-08-12,58.6356201171875,59.056198290191205,57.94327743643663,58.227975823864405,25841700
2002-08-13,57.5680046081543,59.30856963926713,57.36094893035847,58.33152334563832,49690500
2002-08-14,59.67090606689453,59.93619379658537,56.953295187309934,57.60034469150685,57423600
2002-08-15,60.49917221069336,60.816225313827736,59.65800527483536,60.072116860814816,45551500
2002-08-16,60.317955017089844,60.87441798051592,59.52855383936466,60.05913423046908,36517300
2002-08-19,61.728519439697266,61.95498576326213,60.2403037078214,60.47324190822972,33669900
2002-08-20,61.07502746582031,61.72854911652156,60.57680131444873,61.35325906470516,30508300
2002-08-21,61.954994201660156,61.97440489823869,60.544425989996626,61.50852843396871,39628900
2002-08-22,62.5567626953125,62.86087683202355,61.515012324986124,61.786772003350244,38399800
2002-08-23,61.21088409423828,62.213812832898014,60.919713782547966,62.1232262943012,33716400
2002-08-26,61.6379508972168,61.88382798646731,60.49914213363069,61.4114845075654,33830100
2002-08-27,60.926170349121094,62.27850114732606,60.499115400259605,61.922622023274826,35335700
2002-08-28,59.59324645996094,60.49264469643094,59.39913460938606,60.35676492005004,38970600
2002-08-29,59.61915588378906,60.207973449943864,58.75857864245382,59.05622089668914,42965700
2002-08-30,59.3862190246582,60.427969407615706,59.14034192267095,59.32151504377707,30366700
2002-09-03,57.12152862548828,58.88150404164329,57.03741396831759,58.70680285010543,76586400
2002-09-04,57.936824798583984,58.396229446156575,56.97918916852774,57.33506844173035,51099500
2002-09-05,57.445045471191406,57.86562857238385,56.61682302141902,57.257400551071854,67250900
2002-09-06,58.234466552734375,58.60328464343782,57.807411428447814,58.07270414564344,38622200
2002-09-09,58.66152572631836,59.10798664382181,57.45801293955782,57.65212487950799,33998400
2002-09-10,59.33445358276367,59.386218741861,58.596817343717206,58.97210734227692,41416600
2002-09-11,58.965614318847656,60.389126063985564,58.94620362529593,59.83266314472369,27711200
2002-09-12,57.878604888916016,58.778003751007056,57.58096256171883,58.71977163630688,43601700
2002-09-13,58.02095413208008,58.16977775754425,57.10214460480893,57.386848095297864,41131000
2002-09-16,58.16328430175781,58.163284301757805,57.23800323749831,57.78799437379883,28167600
2002-09-17,56.83034896850586,59.00443530847855,56.77858383265055,58.81031851731864,47609700
2002-09-18,56.26097869873047,57.263907873412585,55.827456513172955,56.299805044006035,54719400
2002-09-19,54.80510711669922,56.163915423613616,54.80510711669921,55.639801814496174,48510500
2002-09-20,54.82328796386719,55.37574453717567,54.62830591614243,55.19375930914234,46325600
2002-09-23,54.37485122680664,54.63482741209121,53.744398564163,54.36835033455616,46893800
2002-09-24,53.4974250793457,54.368361344345985,53.19844843874229,53.58192181952918,69507000
2002-09-25,54.82328796386719,55.096265805917184,53.321904873866664,54.18633966575054,59294400
2002-09-26,55.72021484375,55.87620145296081,54.888274690934246,55.25874598701298,53638000
2002-09-27,53.78338623046875,55.655241271233315,53.78338623046875,55.24577437570808,64648300
2002-09-30,53.15945053100586,53.815901906432615,52.58099499858075,53.295939537212256,73096400
2002-10-01,55.7137565612793,55.746251110405055,52.9514669904265,53.57541886314816,67198100
2002-10-02,54.043399810791016,55.59028063766653,53.685924954773704,55.04432444890934,56749100
2002-10-03,53.4974250793457,54.98581234752472,53.26344249822497,54.03688519463679,55547000
2002-10-04,52.5159912109375,53.89388280421049,51.72305097623556,53.81589193438914,68483700
2002-10-07,51.43057632446289,52.77597353148318,51.05360883941802,52.0350304295722,53188000
2002-10-08,52.23652267456055,52.84747276331997,50.826126342407534,51.872547028168455,79531000
2002-10-09,50.76112747192383,51.80104716573351,50.553143533161894,51.40457700766728,79956400
2002-10-10,52.40547180175781,52.6914514163093,50.09165116395167,50.65710950398062,76749000
2002-10-11,54.69981002807617,55.070281435707344,53.17892401446173,53.36090927312597,82308300
2002-10-14,55.00524139404297,55.14823112161585,53.97182374994886,54.07581312354197,40631900
2002-10-15,57.650604248046875,57.6636060342317,56.44819687983378,56.53918954821346,82320300
2002-10-16,56.253196716308594,57.06563453740648,55.843724880890015,56.812154333922095,62977800
2002-10-17,57.371124267578125,58.04057739906953,57.098146267588476,57.7610985061101,68534100
2002-10-18,57.611549377441406,57.91702657419732,56.5001358240927,56.96810046944445,47448700
2002-10-21,58.60599899291992,58.820483714791784,56.91612973429535,57.273604270748464,45859100
2002-10-22,58.18354034423828,58.50201951592643,57.533590137289245,57.87806791230254,40966800
2002-10-23,58.62550735473633,58.67100367139476,56.987634996306284,57.69607834980562,54905800
2002-10-24,57.42957305908203,59.08044638570946,57.26058469811527,58.98295290981617,54987400
2002-10-25,58.62550735473633,58.74899948226347,57.15662344049185,57.33210781653819,43672100
2002-10-28,58.2420539855957,59.33397082304032,57.74809030803727,59.24297816648059,39416100
2002-10-29,57.56608581542969,58.164038776093854,56.54566425650616,57.89756178744565,59508200
2002-10-30,58.12506103515625,58.4695339334014,57.345122584741844,57.63759826396531,41688600
2002-10-31,57.533565521240234,58.69048055994743,57.31908581334554,58.27451300217216,41620600
2002-11-01,58.67101287841797,59.0284875359218,57.228127341369756,57.42310946104943,51878900
2002-11-04,59.229976654052734,60.406390219940775,59.08049084275848,59.66544717956359,49080600
2002-11-05,59.697914123535156,59.84090393517145,59.04146315135292,59.04146315135292,37270800
2002-11-06,60.47134017944336,60.49083788333393,59.008952882959136,60.107369816887946,65013100
2002-11-07,58.989463806152344,59.938390217824775,58.63849020862008,59.808397241669304,51572000
2002-11-08,58.26805877685547,59.51596244953155,58.18356204485251,58.8400133871499,37905400
2002-11-11,57.36459732055664,58.20952947688416,57.06562086905068,58.1770349470595,33505100
2002-11-12,57.81954574584961,58.44999797753993,57.43607766356964,57.62456374016851,37724500
2002-11-13,57.87806701660156,58.326529280522095,56.838142734595365,57.40360119103175,63891500
2002-11-14,58.96998977661133,59.14547416647417,58.33303633451711,58.54102022114904,31896800
2002-11-15,59.40544891357422,59.5029424347317,58.46301815402048,58.49551764731513,39152100
2002-11-18,58.80748748779297,59.89290296945987,58.72299080083786,59.89290296945987,28934800
2002-11-19,58.72947692871094,59.210438495488184,58.33950795676385,58.50849137074873,32806600
2002-11-20,60.035926818847656,60.06842136717536,58.46304290967516,58.48254558914607,36688400
2002-11-21,61.153831481933594,61.21883048968779,60.07491638366144,60.18540676287864,55128200
2002-11-22,60.71835708618164,61.27081386081204,60.620863547428655,60.757357476919246,32513800
2002-11-25,60.75735092163086,61.26431131797608,60.29588188523781,60.72485142597721,33846400
2002-11-26,59.600440979003906,60.73785401263931,59.5484487232419,60.49087468190602,42284700
2002-11-27,61.27733612060547,61.51781960555894,60.0749286132963,60.13342178170901,37764000
2002-11-29,61.082359313964844,61.71280722799104,60.94586532485461,61.615318605383074,19385700
2002-12-02,61.17983627319336,62.42774495069784,60.58838392096535,62.050772486048274,49911900
2002-12-03,60.36086654663086,60.70533930038226,60.02288972348655,60.60784579529349,34407700
2002-12-04,60.08789825439453,60.53636551089119,59.42495118536747,59.64593188880087,64040800
2002-12-05,59.4249382019043,60.31537162944819,59.21045347750875,60.269875320521166,36724900
2002-12-06,59.81491470336914,59.90590733252725,58.48251979999616,58.57351242915426,49824100
2002-12-09,58.17052459716797,59.444425993299184,58.15752777909697,59.190945891752534,36789600
2002-12-10,58.950504302978516,59.210485476803456,58.33955424702763,58.508537795094654,33319900
2002-12-11,59.002479553222656,59.54844031077746,58.59951359467612,58.76849707980298,39201000
2002-12-12,58.99597930908203,59.46394426104901,58.62550788189595,59.27545810213305,34465600
2002-12-13,58.066532135009766,58.807479716371155,58.02103583217158,58.437008405053014,36862200
2002-12-16,59.56792068481445,59.65891329146646,58.274521525639294,58.37851095093081,37098400
2002-12-17,59.04800796508789,59.62646357247961,58.976513006086286,59.38598503650083,32353900
2002-12-18,58.36551284790039,58.75548186193095,58.06003554998019,58.70348467106687,35612600
2002-12-19,57.949581146240234,58.95050041759446,57.5856055433833,58.073068352653586,39264200
2002-12-20,58.77643966674805,58.79603319362076,58.19514178175083,58.26045519902463,31176900
2002-12-23,58.79603958129883,59.089957465604066,58.33230779025176,58.51518737172442,22599300
2002-12-24,58.358428955078125,58.69153386769616,58.293115536530024,58.51518215621244,10937000
2002-12-26,58.384559631347656,59.18139635253357,58.02532832815899,58.58703273872956,17485600
2002-12-27,57.07172775268555,58.319235333790154,57.07172775268555,58.103696592066235,22205700
2002-12-30,57.548519134521484,57.78365137682932,56.96722136411972,57.339513250591565,29968000
2002-12-31,57.62691116333008,57.75753800148925,56.8953879135931,57.47015297782571,34036600
2003-01-02,59.48181915283203,59.632044453452586,57.82936576147032,58.03183879078714,44516300
2003-01-03,59.66468811035156,59.684281628034505,59.10951684926963,59.37730821251512,32222600
2003-01-06,60.71628952026367,61.06245517910725,59.54716070250265,59.59288060115944,40984500
2003-01-07,60.566062927246094,60.9840748101708,60.21989232076949,60.677096243596,38640400
2003-01-08,59.69084930419922,60.350526355444295,59.46878266337914,60.21989452281934,38702200
2003-01-09,60.618309020996094,60.859974158599044,59.70391116648672,59.97169768585173,34804900
2003-01-10,60.78159713745117,61.16042196615325,59.95863904031945,60.05660668300555,37768900
2003-01-13,60.76199722290039,61.30410804323043,60.37664458058251,61.09510212230845,31649900
2003-01-14,60.95796203613281,61.28453420392554,60.3570704433372,60.53995006000579,30733000
2003-01-15,60.350547790527344,61.11472559619532,60.03050840734187,61.09513206011614,33511800
2003-01-16,60.102294921875,60.69665821762943,59.7300031264668,60.41580616263081,44812100
2003-01-17,59.21403503417969,60.285190752158805,58.880930212401715,59.429568758301386,35618300
2003-01-21,58.29314041137695,59.383890414167674,58.09719508902446,59.35123618250662,36826200
2003-01-22,57.58771514892578,58.652343240477975,57.476681845847985,57.97960061943774,42286500
2003-01-23,57.940406799316406,58.37801210722001,57.44401593700098,57.96653315871128,55919800
2003-01-24,56.41859817504883,57.92083193407312,56.281438481361505,57.86204636072419,68633900
2003-01-27,55.64786911010742,56.6929035398375,55.19067028442062,55.994039630234255,57884400
2003-01-28,56.059364318847656,56.43165628986124,55.60216041805035,55.92873249729365,46929100
2003-01-29,56.4838981628418,56.94109699267558,55.36701748135989,55.79156209940184,53712200
2003-01-30,55.14496612548828,56.745167454755396,55.12537259638544,56.68638686744688,49845900
2003-01-31,56.209598541259766,56.30757118580335,54.96209548223162,54.96209548223162,55317000
2003-02-03,56.32063674926758,56.69945666665955,56.11815862212655,56.26185116942157,39696000
2003-02-04,55.76543045043945,56.00709551362456,55.06003874890544,55.71971057179287,43633400
2003-02-05,55.41926193237305,56.52307677799392,55.1776018654095,56.00709247096087,55270600
2003-02-06,55.15801239013672,55.44539736339671,54.63550014604735,55.105764653893296,53638000
2003-02-07,54.48529815673828,55.51073454316978,54.19138520501485,55.45848678455156,43165000
2003-02-10,54.87063217163086,54.949006267216646,53.98235587897248,54.511400956550794,45455900
2003-02-11,54.49182891845703,55.438886156223774,54.09994333672927,55.10578615245771,46861000
2003-02-12,53.623130798339844,54.61591264281089,53.61659796192916,54.315466948142955,35873600
2003-02-13,53.78641891479492,53.98889698663286,52.90467532270208,53.655792080075365,57934100
2003-02-14,54.96208190917969,54.994736127233026,53.440254824630166,53.799486104878156,59580900
2003-02-18,55.92876052856445,56.03979887831095,55.11886276139,55.21030259075984,39492700
2003-02-19,55.63481521606445,55.824227605006094,55.04698452333074,55.72625499236813,31432000
2003-02-20,55.07963943481445,55.79156406392285,54.896759896441424,55.65440441014308,29280100
2003-02-21,55.63481521606445,56.00057432127917,54.511406555083155,55.11229793739136,60955800
2003-02-24,54.733497619628906,55.51726883345105,54.59633292326897,55.47154892902969,30628600
2003-02-25,55.171085357666016,55.1841460476807,53.701511067849104,54.178303491345815,56770600
2003-02-26,54.367713928222656,55.21027042200486,54.263213462586805,54.87716553304583,37787200
2003-02-27,55.086177825927734,55.3539693319856,54.315472476226695,54.66816594879394,51126000
2003-02-28,55.45195007324219,55.66748888043696,54.968624703883435,55.171097835014386,43666800
2003-03-03,54.92287063598633,56.02668547135495,54.68121057126732,55.68705282059915,42923100
2003-03-04,54.047672271728516,54.87063520249181,53.98235886076816,54.83144316944052,31440500
2003-03-05,54.50486373901367,54.56364928907056,53.792939184845025,53.95622518164626,43974700
2003-03-06,54.047672271728516,54.550591017526514,53.86479272780198,54.12605135473726,41217700
2003-03-07,54.41997146606445,54.85757685936578,53.18552939654611,53.30309554521902,63538000
2003-03-10,53.11369323730469,54.11953603759301,52.97000069682129,53.94971712764941,41014100
2003-03-11,52.591163635253906,53.55781914904201,52.565042254938334,53.21818639090226,48102700
2003-03-12,52.94385528564453,52.96998164570817,51.84657307844028,52.499717130750106,62459800
2003-03-13,54.77266311645508,54.805322313793404,53.250836209416775,53.67538085934553,72117800
2003-03-14,54.94902038574219,55.367032279915,54.43956870116251,54.99474028094563,63951800
2003-03-17,56.67983627319336,56.79086955872115,54.35464519699573,54.511398363805164,88217500
2003-03-18,57.012939453125,57.05212649791322,56.353262628328544,56.921499693223694,50792300
2003-03-19,57.450557708740234,57.58118952603364,56.614534010439705,57.006419496131294,49630800
2003-03-20,57.57461929321289,57.861999138409224,56.3989586166654,57.03904164791705,67321600
2003-03-21,58.803592681884766,58.941305416122056,57.66254073878471,58.23306921192845,71165300
2003-03-24,56.849403381347656,57.800279596492054,56.62643623239046,57.72158442570898,65398900
2003-03-25,57.393646240234375,57.87892520640825,56.685410322397445,56.88214057611337,61040100
2003-03-26,57.10514831542969,57.61009516407581,56.921531279558366,57.419918947440806,45740800
2003-03-27,57.15103530883789,57.485483382101954,56.390330672109826,56.659201967114996,53120200
2003-03-28,56.86248016357422,57.23627322876167,56.56082304107089,56.70509492643911,32583000
2003-03-31,55.57059860229492,56.78378629655843,55.3476365950319,55.97062338303066,61119500
2003-04-01,56.42312240600586,56.65264363493562,55.682095294550464,55.90505734460008,53574000
2003-04-02,57.78717041015625,58.21342219058032,57.38058616986138,57.406817895350414,50431200
2003-04-03,57.511680603027344,58.35763411742947,57.47889473230185,58.278944025140376,48755500
2003-04-04,57.85269546508789,58.095329953208875,57.459229941141615,57.99040814830981,36250100
2003-04-07,57.741233825683594,59.57740855356504,57.688770404067405,59.24296049474588,69776200
2003-04-08,57.83302688598633,58.134683975036886,57.51825144343718,57.9051628206708,39712700
2003-04-09,57.072349548339844,58.42980959435869,56.90184589430796,57.9445353517015,55647300
2003-04-10,57.38711166381836,57.46580179090157,56.206709725698964,57.11168120946575,41812400
2003-04-11,57.15103530883789,58.16748787981939,56.960859149655874,57.813372276583884,47730100
2003-04-14,58.33143615722656,58.36422705010287,57.052671386055614,57.36088776761677,36711700
2003-04-15,58.87574005126953,58.87574005126954,57.98388169202114,58.25930721388622,49709800
2003-04-16,57.872379302978516,59.05933528313039,57.72810741525444,58.9609726353063,51788000
2003-04-17,58.73145294189453,58.83637978208967,57.83304063786246,57.90517658969984,37403100
2003-04-21,58.79045867919922,59.12490663241766,58.403547320929704,58.928171365069005,32052700
2003-04-22,59.898712158203125,60.04298400319643,58.29205934590869,58.42977201526092,59763600
2003-04-23,60.4495735168457,60.56105449729013,59.83314103149442,60.08233969741203,44227100
2003-04-24,59.91185760498047,60.38401840097427,59.649545495740874,60.02333862537141,49692400
2003-04-25,59.170806884765625,59.98396959566993,59.03308920496478,59.8724886198172,43917200
2003-04-28,60.19383239746094,60.45614446377894,59.216725078692555,59.308533551425874,46432900
2003-04-29,60.40365219116211,60.85614016429835,59.938050872409,60.42332471117949,52017100
2003-04-30,60.272518157958984,60.70532874745943,59.9446293767794,60.27251815795898,48709100
2003-05-01,60.265960693359375,60.81025728634335,59.34787107934014,60.279074043577324,50240400
2003-05-02,61.12500762939453,61.295511145292465,59.9970697603815,60.04297397583276,50201500
2003-05-05,61.00699996948242,61.49883325527727,60.65943858136397,61.29554376483521,35437800
2003-05-06,61.58406066894531,61.89227185744984,60.98730080789849,61.01353250540234,44401000
2003-05-07,61.243080139160156,61.73491342328652,60.96765470081424,61.26275267001531,41413100
2003-05-08,60.62663269042969,61.20372013831708,60.51515170733714,60.672536918949305,40570700
2003-05-09,61.46604537963867,61.51194961803117,60.73157256217196,60.87584445517317,33608100
2003-05-12,62.22017288208008,62.37756309824368,61.170929790251336,61.31520165347511,35662300
2003-05-13,62.108707427978516,62.416923757717974,61.81360945445907,61.990667237933344,39253600
2003-05-14,61.97755432128906,62.45626925976347,61.58408868609705,62.35790160016872,32195100
2003-05-15,62.37104415893555,62.515316115232864,61.8070746951491,62.22677220263823,43879200
2003-05-16,62.21360397338867,62.5939510644005,61.813579357627766,62.22671732003686,38905000
2003-05-19,60.7578010559082,61.91852530996033,60.54795240533208,61.74146754358124,41606000
2003-05-20,60.633182525634766,61.006975472617796,60.062654342056504,60.86926280827509,55404600
2003-05-21,60.7578010559082,60.90862711556697,60.27252698954839,60.40368051996354,49333800
2003-05-22,61.36109924316406,61.67587463824706,60.77745768013439,60.954515400178764,38421800
2003-05-23,61.4857063293457,61.629978195173905,61.07912243502858,61.33487528692919,26155900
2003-05-27,62.561195373535156,62.849734167637166,61.03323208798149,61.184063164706245,43719200
2003-05-28,62.73823547363281,63.26285950207874,62.58085026637325,62.85627562987387,37727100
2003-05-29,62.57426452636719,63.49235368481128,62.35130266099913,62.87592146355047,50844200
2003-05-30,63.57766342163086,63.66947192451358,62.66613256930376,62.88909965001048,52529500
2003-06-02,63.8399543762207,64.5613088035705,63.39402536606486,63.95799455547333,50305500
2003-06-03,64.10227966308594,64.16129726329176,63.51207864509009,63.708813985484554,38254500
2003-06-04,65.02690887451172,65.15150321568798,63.98421989435518,64.04324247970057,49360700
2003-06-05,65.34820556640625,65.34820556640625,64.44322973716599,64.64652409181836,46262400
2003-06-06,65.092529296875,66.49589389457877,65.007274950098,65.84011585814937,60356800
2003-06-09,64.43013000488281,64.98753979818127,64.11535464925927,64.77113205388913,37808500
2003-06-10,65.08590698242188,65.0924661573168,64.39078453909465,64.56784223578167,29965900
2003-06-11,65.77450561523438,65.83352320697745,64.73181646575873,65.02691943403455,37610200
2003-06-12,65.97779083251953,66.1679669544739,65.32857234942466,66.06959930474764,36442000
2003-06-13,65.28922271728516,66.06959973954613,64.88919794143597,65.97779126671385,48628300
2003-06-16,66.6663589477539,66.69258565120448,65.44661210665718,65.55153393001888,36326300
2003-06-17,66.6663589477539,67.00736112766248,66.38437435538883,66.93522518520723,36801800
2003-06-18,66.60733795166016,66.98113102461056,66.23354487870975,66.42372100399142,35521000
2003-06-19,65.59088134765625,66.71226558318286,65.47284116513696,66.65324299032989,43551700
2003-06-20,65.44611358642578,66.14374752566404,65.43294783968857,66.07135098239277,41545000
2003-06-23,64.7747802734375,65.59088558589322,64.44570700845813,65.45267039589349,34237500
2003-06-24,64.84061431884766,65.21575775808121,64.51154095035291,64.64317331050748,36213600
2003-06-25,64.18901824951172,65.44608029665898,64.18901824951172,64.84716465628823,47743400
2003-06-26,65.0248794555664,65.14334603233249,63.813887224039824,64.35356718013875,33477300
2003-06-27,64.27460479736328,65.28156837704937,64.22195185981172,64.99198224177633,54208800
2003-06-30,64.25486755371094,64.93934079925954,64.14956668122882,64.64317676031337,33349000
2003-07-01,64.84717559814453,65.05778228299897,63.46506891495862,64.00474885872681,51322800
2003-07-02,65.66326904296875,65.67643478386088,64.87349531224422,65.005122593612,34662100
2003-07-03,64.98538208007812,65.71592507515028,64.43254144665009,65.2025716237502,30792800
2003-07-07,66.27536010742188,66.40699243917676,65.58430919543389,65.58430919543389,31391100
2003-07-08,66.57151794433594,66.66365805051075,65.92653217985304,66.14372172494762,30952500
2003-07-09,66.19638061523438,66.73606058058311,65.83439800745062,66.42014803003913,36528500
2003-07-10,65.3539810180664,65.84100825730019,64.91301883396785,65.70937588097908,49777700
2003-07-11,65.97260284423828,66.11081300478115,65.41317933120499,65.41317933120499,39976300
2003-07-14,66.29508972167969,67.06511981201515,66.11080451004256,66.6044143148102,42114900
2003-07-15,66.15032196044922,66.7755592766567,65.78175641774097,66.72290633894687,42573600
2003-07-16,65.76202392578125,66.38726636882569,65.30790606981954,66.34777414824454,39894200
2003-07-17,64.82745361328125,65.73569430295038,64.60368613284176,65.25524999670742,52253500
2003-07-18,65.49214172363281,65.68300475902598,64.80108607897685,65.1696464114558,35698100
2003-07-21,64.68263244628906,65.47898905000707,64.39962927131002,65.45266258939752,34786000
2003-07-22,65.26840209960938,65.42636091097549,64.44571878680419,64.95249451939803,49968300
2003-07-23,65.31443786621094,65.45264798763374,64.68261801631049,65.29469428047308,37275400
2003-07-24,64.82084655761719,66.0384165629359,64.74187219222394,65.80806629510683,40896200
2003-07-25,65.96602630615234,66.00551348958987,64.52468385557016,64.93273649570897,43241100
2003-07-28,65.7225112915039,66.45963719485707,65.59746184703754,66.05816741960554,34382800
2003-07-29,65.41975402832031,65.98576034149684,64.94588781066008,65.9067809648006,53472100
2003-07-30,65.26178741455078,65.65009130883043,65.11041156107682,65.55136836276111,28363300
2003-07-31,65.4131851196289,66.41357068626237,65.26839207541146,65.80149419469022,54937200
2003-08-01,64.8340072631836,65.50531442317673,64.65630491233382,65.28154704359864,49321000
2003-08-04,64.8340072631836,65.1564976130939,63.84020473202129,64.70237496232102,55214100
2003-08-05,63.458492279052734,64.99855789314589,63.40583934735076,64.76820759352468,61415600
2003-08-06,63.82706832885742,64.53786293927239,63.45850276728811,63.63620518583742,50096900
2003-08-07,64.49832916259766,64.54439919686351,63.68222926077801,63.952066598261695,43427400
2003-08-08,64.68263244628906,64.86033480008882,64.34039850088273,64.70895890689862,27357300
2003-08-11,64.92613220214844,65.1828088523199,64.39303029534354,64.66945555197698,34631400
2003-08-12,65.51850891113281,65.5448303615954,64.7747998934075,64.9656630474582,43285600
2003-08-13,65.18284606933594,65.71594325926212,64.84718986544215,65.69619966278493,36152000
2003-08-14,65.36051177978516,65.65009777778802,64.79450552255672,65.22230165017237,35525100
2003-08-15,65.56458282470703,65.67646657014535,65.23550944076278,65.39346325910284,12567000
2003-08-18,66.13053894042969,66.20951327865339,65.64350708884844,65.768556486046,22873800
2003-08-19,66.38067626953125,66.43332921040052,65.81466970833867,66.26879253612967,37437700
2003-08-20,66.11083984375,66.40042602412247,65.91998170260771,66.0055389735081,21295300
2003-08-21,66.32139587402344,66.81500556502803,66.07788497339926,66.50568104318806,46494200
2003-08-22,65.66326904296875,67.01247127265366,65.63694760370232,66.96640122204903,52040300
2003-08-25,65.76860046386719,66.36093350291087,65.34080410115449,65.6238073852942,23473000
2003-08-26,65.8870620727539,66.07134233286132,65.0446351572569,65.48559221126541,45065800
2003-08-27,65.90678405761719,66.05157707772571,65.53164078790822,65.84755328825943,18919500
2003-08-28,66.31482696533203,66.47278068179195,65.59086699186118,66.07789388001312,27402400
2003-08-29,66.76237487792969,66.78870133744884,66.1305549132461,66.21611214073931,28706600
2003-09-02,67.65745544433594,67.7101033429153,66.5056991844847,66.89400317045889,49419100
2003-09-03,68.0260009765625,68.24976830509189,67.64427492303359,67.80881149563146,44912400
2003-09-04,68.05892944335938,68.15106954823094,67.63113323002186,67.85490062149307,28381000
2003-09-05,67.6772232055664,68.15108961083851,67.39421993693226,67.74961974088635,31637300
2003-09-08,68.23666381835938,68.36829117640076,67.74305369381142,67.81545024711274,32632800
2003-09-09,67.78910064697266,68.09184748420404,67.5784939331917,68.03261669966882,35053200
2003-09-10,67.10465240478516,67.65749837133534,66.8348148066122,67.47979590944843,45904900
2003-09-11,67.30207824707031,67.63115157408537,67.0256528362197,67.19677237222047,38396300
2003-09-12,67.4271240234375,67.55217349696679,66.70316369401333,67.07172924197845,42524800
2003-09-15,67.1901626586914,67.54556231244435,67.09802256563604,67.47316580772106,21312800
2003-09-16,68.17080688476562,68.21029406287094,67.24281802922138,67.28231022858537,37892600
2003-09-17,68.0391616821289,68.30900407134993,67.82197722249033,68.10498032816369,31885800
2003-09-18,68.84212493896484,68.90793858666632,67.90097521518139,68.05235112402828,30243600
2003-09-19,68.49195861816406,69.10638461934114,68.31357915225715,68.88836135170605,34331600
2003-09-22,67.75200653076172,68.02287979316486,67.40845380706247,67.95020537240288,36677400
2003-09-23,68.00968933105469,68.2409239038814,67.62649773006434,67.77844971769233,32489200
2003-09-24,66.80064392089844,68.19466428084435,66.77421639742379,68.12859799242507,41694700
2003-09-25,66.2522964477539,67.30937238028083,66.19944139099366,66.99886026301952,52673100
2003-09-26,66.03426361083984,66.50334587137509,65.96819731967014,66.35799700648077,42914700
2003-09-29,66.6817398071289,66.72137858231086,65.92857283545572,66.26551754611036,36771600
2003-09-30,66.03426361083984,66.5694121625448,65.57179453211697,66.38442453105564,70764500
2003-10-01,67.44149017333984,67.50755645457824,66.19942190770763,66.22584942830983,65797600
2003-10-02,67.6859359741211,67.75861039570385,67.14418440266218,67.34238828707595,44591500
2003-10-03,68.30699157714844,68.89499023438096,68.10218452860599,68.49197923912688,48806900
2003-10-06,68.61750030517578,68.70338598323913,68.18145369223465,68.36644637200476,20226500
2003-10-07,68.88175201416016,68.91478263198587,67.98984468432528,68.22107917124043,42602900
2003-10-08,68.70999908447266,68.9676611777966,68.32020439373893,68.92802240668075,30920800
2003-10-09,68.89496612548828,69.5160002366952,68.59766534999314,69.29136883965981,40066500
2003-10-10,69.08659362792969,69.10641301667087,68.65055195401474,68.88838965944524,22682800
2003-10-13,69.30460357666016,69.56226566151777,69.04694149180254,69.17907408487069,23825600
2003-10-14,69.54901885986328,69.65472892036061,68.94780927251735,69.23850689835189,38484400
2003-10-15,69.36405181884766,69.95865848375216,69.13281729375552,69.93883910167777,39021700
2003-10-16,69.64157104492188,69.85298628737732,69.13945795388884,69.15927734528513,32772200
2003-10-17,68.88175201416016,69.78687058301857,68.69676442462803,69.68116554922896,32790300
2003-10-20,69.3970947265625,69.3970947265625,68.6703554116129,69.00729502311749,27657000
2003-10-21,69.27819061279297,69.5556721408862,68.9214264878718,69.251763080517,26729100
2003-10-22,68.40609741210938,68.83553596053636,68.17486282158286,68.72982583884651,33914500
2003-10-23,68.28055572509766,68.67695852966526,67.94361107297438,67.97664674024466,45830500
2003-10-24,68.43251037597656,68.43251037597656,67.50756717021802,67.93700562723467,51723600
2003-10-27,68.46553802490234,68.82891017439543,68.2276953526041,68.53821245480097,32460200
2003-10-28,69.3970947265625,69.46976916211098,68.59107283450498,68.69678293731555,34956200
2003-10-29,69.48957824707031,69.65474647783056,68.62409833085765,69.21869992916702,30955400
2003-10-30,69.63492584228516,70.0115092000137,69.23852310370789,69.89258787438709,39123100
2003-10-31,69.56890106201172,69.85959388876877,69.51604598786051,69.63496738443209,25761600
2003-11-03,70.02472686767578,70.43434592477226,69.83973924206278,69.86616676579817,37589300
2003-11-04,69.8727798461914,70.20971945643284,69.75385850124292,70.024731817743,31421600
2003-11-05,69.92562866210938,70.0115193789872,69.30459946290948,69.69439411769798,33558800
2003-11-06,70.29564666748047,70.3220742068034,69.43676928136702,69.76710596209715,28392300
2003-11-07,69.77367401123047,70.5070214242722,69.74724648709426,70.45416637599978,31723200
2003-11-10,69.48957824707031,69.92561975519946,69.3772650598816,69.85955347100224,25530800
2003-11-11,69.4697265625,69.58864783497046,69.23849215506634,69.43008277798849,26558600
2003-11-12,70.24937438964844,70.34186822364047,69.47638804534239,69.52263496233842,28000000
2003-11-13,70.2691879272461,70.38810928112702,69.88599633801473,70.03795336151528,29714800
2003-11-14,69.67457580566406,70.658977190177,69.5622626024417,70.29561005495141,49158500
2003-11-17,69.3244400024414,69.46318077142789,68.73644124984015,69.31122875610122,44382100
2003-11-18,68.60428619384766,69.66797019365654,68.51179237130212,69.52922945983825,41155000
2003-11-19,69.1856918334961,69.37728764842376,68.65715130676212,68.72982575520145,29827000
2003-11-20,68.56468963623047,69.52927226557637,68.54487023927393,68.71003860129628,53578700
2003-11-21,68.84874725341797,68.92802984474056,68.4589525206213,68.86856664111461,30016000
2003-11-24,69.76045227050781,69.8859817401991,69.15924252518865,69.16585066583936,28906400
2003-11-25,70.02472686767578,70.30881644716283,69.66796285805009,69.85295552419785,37580000
2003-11-26,70.27580261230469,70.32865263186697,69.62834072744096,70.30883324446413,33053600
2003-11-28,70.32861328125,70.46735899651021,70.16344509126066,70.21630012178521,10507500
2003-12-01,71.08847045898438,71.1413255508454,70.5599346619911,70.592965314,38699000
2003-12-02,70.91004943847656,71.20074219297345,70.73827301045384,70.94308007120736,35352000
2003-12-03,70.79772186279297,71.40553981961803,70.73825867107367,71.1214502249336,39078600
2003-12-04,71.08847045898438,71.16775309677591,70.6524285524784,70.8043806409051,36089500
2003-12-05,70.59288787841797,71.22053006457425,70.44093595667215,70.77127235763858,28824400
2003-12-08,71.068603515625,71.11485042993002,70.48060487351738,70.52024364562578,32482900
2003-12-09,70.52022552490234,71.30642790660238,70.3880929581364,71.28660852564093,43596100
2003-12-10,70.51363372802734,70.67880198322783,70.00491267931017,70.5400562131885,36915400
2003-12-11,71.3064193725586,71.4187325449213,70.47397018806562,70.48057832777334,45304000
2003-12-12,71.4451675415039,71.48480630283186,70.94966286276745,71.33285435738519,34142200
2003-12-15,71.08847045898438,72.16537153336205,71.00919286173182,72.12572769419678,38693400
2003-12-16,71.45840454101562,71.68303097438144,71.03556912193841,71.14127923684164,32894200
2003-12-17,71.68302917480469,71.68302917480469,71.22056003505243,71.39233140665436,23198800
2003-12-18,72.48905181884766,72.49565996105913,71.6103554045398,71.71606551778088,29353100
2003-12-19,72.28721618652344,72.59920038645775,72.07480216636492,72.552734977809,41465100
2003-12-22,72.79177856445312,72.79177856445312,72.20763559138975,72.21427496090776,27611300
2003-12-23,72.83821105957031,72.98424167239519,72.60587881077704,72.67226234720529,24741200
2003-12-24,72.76518249511719,72.93776548420341,72.63905987171783,72.69879896847414,8055800
2003-12-26,72.81828308105469,73.07052833081417,72.77181765047038,72.82492244666733,8308400
2003-12-29,73.78741455078125,73.86042730191629,72.87137470717248,73.08378878921849,22483700
2003-12-30,73.80066680908203,73.8604058784153,73.5816134261606,73.74092267539905,19559500
2003-12-31,73.8670883178711,74.02639766001374,73.57501697031567,73.8272622484236,31501800
2004-01-02,73.83390045166016,74.4711428745448,73.50200303988571,74.17243216533623,38072300
2004-01-05,74.63710021972656,74.69019996284884,74.07287050291795,74.13925404443886,27959800
2004-01-06,74.7101058959961,74.82958916117921,74.34501673450535,74.45122633215806,20472800
2004-01-07,74.96231842041016,75.0486098883829,74.2719714835767,74.60386875718795,30170400
2004-01-08,75.26103210449219,75.2809501971238,74.85611698161725,75.1747406271594,36438400
2004-01-09,74.60391998291016,75.34073284139726,74.52426275938178,74.8959914048269,54084300
2004-01-12,75.15482330322266,75.17473633036505,74.58395955817073,74.71008214920684,31564100
2004-01-13,74.71675109863281,75.16149752325084,74.18571822594953,75.06856157956935,54239700
2004-01-14,75.3407211303711,75.44693074523295,74.78977014806988,74.84951432251796,30112800
2004-01-15,75.52655029296875,75.71241197440149,74.72999878272815,75.3871540318942,38408700
2004-01-16,75.82527160644531,75.87837133409629,75.42699073077698,75.6991489915269,31922700
2004-01-20,75.80533599853516,76.1040465862779,75.55309589132284,76.0243894166764,29863000
2004-01-21,76.40277862548828,76.53554062089958,75.4867436467356,75.75889687471226,30725000
2004-01-22,76.2036361694336,76.58863325957971,76.05760052018599,76.42932394419678,29888500
2004-01-23,75.95805358886719,76.58202243993405,75.63942979605444,76.33641649413354,44245300
2004-01-26,76.91390991210938,76.95373598190518,75.92485195445649,75.93149132087336,30460600
2004-01-27,76.1240005493164,77.33210708402054,76.10408751229515,76.8342609010762,35322800
2004-01-28,75.25440979003906,76.52225508121866,74.96897785573918,76.32311970234664,52621300
2004-01-29,75.32743072509766,75.57303154228218,74.71673570402724,75.38053045637817,60117100
2004-01-30,75.32743072509766,75.48674004764331,75.06854611247691,75.35397805856189,30984400
2004-02-02,75.6526870727539,76.12398072884096,75.08846255852866,75.47345965752174,38832400
2004-02-03,75.52655029296875,75.76551675891113,75.30086255532927,75.49999790071394,25093500
2004-02-04,74.9092788696289,75.49342182102073,74.86945278270852,75.13497184567254,39332600
2004-02-05,75.12830352783203,75.36727008598515,74.86278456717824,75.12166416111863,37226800
2004-02-06,75.97130584716797,76.13725453190565,75.14156242347958,75.28759807634505,37216000
2004-02-09,75.99121856689453,76.25009809162103,75.86509595482465,76.11733611461283,24851300
2004-02-10,76.23683166503906,76.42933276450357,75.84519516445268,75.85846883211984,27908100
2004-02-11,77.04666900634766,77.2590831584462,75.7854577626082,76.2368384688617,42965700
2004-02-12,76.76787567138672,77.17942523857342,76.72141023430588,76.980289821521,27814700
2004-02-13,76.42269897460938,77.13295925890768,76.17045875570955,76.88071904000785,44739900
2004-02-17,77.11307525634766,77.28566339970627,76.84755620449317,76.90066102773501,23984300
2004-02-18,76.77449035644531,77.39845387317433,76.56871057465328,77.13293500477737,28618000
2004-02-19,76.48906707763672,77.25906631196183,76.37621812741563,77.21924024973777,51146200
2004-02-20,76.2567367553711,76.70811737432231,75.88501332718252,76.65501764483243,46728800
2004-02-23,76.06427764892578,76.50902421232593,75.78548492394397,76.48247180075317,36357000
2004-02-24,75.93146514892578,76.32974090266495,75.0287040727965,75.85180797243756,43953000
2004-02-25,76.25013732910156,76.3762549417186,75.8850480348976,75.97797893444874,31213600
2004-02-26,76.29658508300781,76.52891227800083,75.89830410375917,76.07753155729166,29683000
2004-02-27,76.34966278076172,76.82759576638865,76.09078325760572,76.46251172662198,39312000
2004-03-01,77.10640716552734,77.22588536893696,76.50235146063231,76.62183472839438,33130800
2004-03-02,76.655029296875,77.64408217684858,76.48908058915818,76.96037431135166,38556400
2004-03-03,76.79442596435547,76.91390923704694,76.28330110614927,76.50235461680907,31346200
2004-03-04,76.99353790283203,77.0665557174576,76.6815536156775,76.81431558061088,21060000
2004-03-05,77.25243377685547,77.63079659449114,76.52226054019829,76.6151914031718,55905600
2004-03-08,76.3098373413086,77.41173896318024,76.2766506452514,77.2258721949832,39281600
2004-03-09,76.00450134277344,76.47579502285353,75.83191328415114,76.40277719283456,39746100
2004-03-10,74.72999572753906,76.18370242751377,74.71671699977904,76.15051573681527,67671800
2004-03-11,73.7608642578125,75.1880187217606,73.74758552860898,74.6105206101904,89134800
2004-03-12,74.72999572753906,74.81628720057613,74.0662011413595,74.1657713421566,54012200
2004-03-15,73.81398010253906,74.57734513921821,73.61484470015697,74.52424033950867,57677200
2004-03-16,74.20563507080078,74.3848574717458,73.57502685516108,74.19899570354997,59832600
2004-03-17,75.03536224365234,75.18139790497405,74.41139353231499,74.46449832995056,41607300
2004-03-18,75.05525970458984,75.1880166067828,74.2985342205174,74.80965386474656,60014300
2004-03-19,73.97947692871094,74.98532215341149,73.96615673037758,74.87874532042832,48636200
2004-03-22,73.04024505615234,73.65307579738236,72.67387609014243,73.63309295961913,62752100
2004-03-23,72.9136734008789,73.5398293627096,72.84706225394271,73.43991010125293,54080200
2004-03-24,72.9736557006836,73.36666517970254,72.50736732446849,72.99363854441584,51584300
2004-03-25,73.93952941894531,74.13936801778513,73.13352254594295,73.32669850292632,49873600
2004-03-26,73.95950317382812,74.46575716846597,73.80629800470348,73.91287485077636,37409500
2004-03-29,74.99864196777344,75.09856124213108,74.32586269011648,74.35916572683209,44113600
2004-03-30,75.25179290771484,75.31840408222432,74.75220147573349,74.80549244818381,39059900
2004-03-31,75.33836364746094,75.53820219134784,74.85875520781663,75.26508985350944,48517600
2004-04-01,75.79132843017578,75.85128202762449,75.30506242092878,75.31838261919215,45103800
2004-04-02,76.36424255371094,76.49746495031667,75.87131358773934,76.47748209903666,50987700
2004-04-05,76.78388977050781,76.85716360572857,76.23101230762582,76.24433251307134,30251800
2004-04-06,76.53738403320312,76.72389729530302,76.35087077110325,76.49075571767816,28420900
2004-04-07,76.3575439453125,76.59069065272486,76.01116282801578,76.57070272875039,45890500
2004-04-08,76.18435668945312,76.87712401307951,75.76469667759989,76.87712401307951,46929700
2004-04-12,76.484130859375,76.65732400920972,76.3176003527937,76.32426299604712,23085200
2004-04-13,75.41162872314453,76.80382556516733,75.28506398784117,76.77718009025585,56210300
2004-04-14,75.53155517578125,75.6980856361004,74.97201526851998,75.01198095272255,62322300
2004-04-15,75.24510192871094,75.79132148535612,74.84542995006166,75.57150011836228,61602500
2004-04-16,75.82467651367188,75.97122418233647,75.25847377010166,75.52491853264664,47059200
2004-04-19,75.82467651367188,75.93125340226825,75.45164469831434,75.63816314704715,28277600
2004-04-20,74.55235290527344,76.1510462903504,74.45909625700368,75.99117847647456,53299400
2004-04-21,75.05193328857422,75.23844655782234,74.51903895959461,74.73885526571966,50177300
2004-04-22,76.10441589355469,76.38418583074458,74.89873705797012,74.92538253990811,62071500
2004-04-23,76.17770385742188,76.31758885201708,75.79801456291858,76.21766954670423,29395700
2004-04-26,76.07109069824219,76.5640243803087,75.67141872308129,76.27092922687508,35515200
2004-04-27,76.13770294189453,76.68392246516699,75.91121894916445,76.09107463193608,43485500
2004-04-28,75.15188598632812,75.94457281527622,74.93872714351532,75.86463634343103,50165800
2004-04-29,74.4924087524414,75.48492889990476,74.04610832637272,75.08525680070733,69687600
2004-04-30,73.91285705566406,74.85874857104392,73.87289138327205,74.71886363556703,48681400
2004-05-03,74.70555877685547,74.79881541965356,74.1726593190613,74.18598460066437,33758000
2004-05-04,74.64562225341797,75.44497162300729,74.37917754566189,74.77218704707703,51185100
2004-05-05,75.12520599365234,75.24510810529995,74.71221378405924,74.87874421234172,34405000
2004-05-06,74.47908782958984,74.99866209717518,73.93953071819072,74.61897281839306,54997000
2004-05-07,73.24673461914062,74.75883358161452,73.24673461914062,74.0860493050304,60950000
2004-05-10,72.4940185546875,73.10684923747418,72.1809405739734,72.90035315747328,75279400
2004-05-11,73.1068344116211,73.30667289387931,72.82706460214256,72.91365856733248,48300600
2004-05-12,73.57312774658203,73.6330813325099,71.98109754950327,72.98694257563358,90830500
2004-05-13,73.2667465209961,73.81296627692691,73.02694222989409,73.11354132963508,57393700
2004-05-14,73.30001831054688,73.76630137758235,72.78710185470358,73.24006472643987,54123100
2004-05-17,72.67389678955078,72.94034656053114,72.21427614376903,72.5340118032601,55020400
2004-05-18,73.04024505615234,73.23342095803892,72.82708631650254,72.93366314527483,30193100
2004-05-19,72.78712463378906,74.05941967246353,72.70719327277051,73.60645665897025,54804100
2004-05-20,73.02027130126953,73.18680174615119,72.63391944943866,72.90702673634954,38082900
2004-05-21,73.1468276977539,73.639761451577,72.92034874229921,73.25340961710127,47480400
2004-05-24,73.4532241821289,73.77962741451822,73.06021489045374,73.62641721542687,40961500
2004-05-25,74.50572204589844,74.59232113213515,73.00694800128316,73.2067865734076,48668000
2004-05-26,74.7655258178711,74.79883394802367,74.27925964312917,74.37917895147976,35977000
2004-05-27,75.1851806640625,75.29175752534076,74.64561846936262,74.96535921741095,45306900
2004-05-28,75.17850494384766,75.19182514340018,74.84544405186963,75.09191094149149,23367200
2004-06-01,75.0785903930664,75.17850968338027,74.51905049867868,74.9120599365787,41044700
2004-06-02,75.35835266113281,75.59149934214258,74.91205230292991,75.29174150174674,39774200
2004-06-03,74.66556549072266,75.39830329468025,74.65224529524359,75.14517384163878,38688300
2004-06-04,75.2584457397461,75.65811781681194,75.07859000169744,75.2584457397461,32739500
2004-06-07,76.40419006347656,76.4774638887949,75.55155473116223,75.55821737403866,31643800
2004-06-08,76.51075744628906,76.55072313171952,76.0511317354128,76.18435915702516,32846500
2004-06-09,75.79798126220703,76.40414930580874,75.75135295116075,76.2775896513144,36737600
2004-06-10,76.17102813720703,76.17102813720703,75.8912581960509,75.96453200189265,21711000
2004-06-14,75.41828918457031,75.83794396757233,75.18514763845809,75.81796113249193,34633000
2004-06-15,75.95120239257812,76.23763495852104,75.61148394714564,75.87127103229086,37445000
2004-06-16,75.93791198730469,76.07113436145684,75.73807334396865,75.93791198730469,26633400
2004-06-17,75.82467651367188,75.98454438762049,75.49161547838256,75.83799671895589,28402400
2004-06-18,75.96770477294922,76.36215384700513,75.66685784749738,75.72702519232513,31799800
2004-06-21,75.68022918701172,76.30867090185117,75.63343066148047,76.04793553094049,25284000
2004-06-22,76.0613021850586,76.13484345174896,75.3258946188114,75.6334285064909,37334000
2004-06-23,76.71649932861328,76.77666668369271,75.82732212095175,75.95434889366265,35580000
2004-06-24,76.47576904296875,76.83678823624797,76.38885899854478,76.5894218165972,35272100
2004-06-25,76.10807800292969,76.84349045042818,76.0011121655286,76.48915814426348,32837900
2004-06-28,75.84738159179688,76.62290598822352,75.82064394423386,76.56273352956258,40824500
2004-06-29,76.1615982055664,76.32873654701154,75.82732152267612,75.90086280096457,28418100
2004-06-30,76.56941986083984,76.74324517251307,75.98109470680582,76.26188590982268,52230600
2004-07-01,75.50643157958984,76.48251904722729,75.26575191900436,76.38223500520695,57734700
2004-07-02,75.4662857055664,75.74039497432915,75.27909161990223,75.65348489188686,34615100
2004-07-06,74.80440521240234,75.1787933124963,74.63057997993502,75.12531294152238,38698200
2004-07-07,75.0250473022461,75.25903992201988,74.71082645541135,74.75093801861355,29839800
2004-07-08,74.50358581542969,75.09191091818478,74.34312934141332,74.75094728672148,45291100
2004-07-09,74.69746398925781,74.83785957306587,74.46346624892071,74.69077702793638,27412900
2004-07-12,74.73086547851562,74.90469071450556,74.20939487120124,74.55704024252569,35691300
2004-07-13,74.78438568115234,74.89135157559821,74.6105603644378,74.82449725398732,26752000
2004-07-14,74.55706024169922,75.13870343699959,74.2896430077125,74.38324005973921,54089400
2004-07-15,74.07571411132812,74.81780874680744,74.00885469499805,74.70415079944071,38403500
2004-07-16,74.01553344726562,74.6573439877202,73.83502630490459,74.59048967946265,40871200
2004-07-19,73.70133972167969,74.18269907940247,73.53420133917363,74.04230345017643,39592800
2004-07-20,74.63731384277344,74.81113918447642,73.70802486701523,73.89521903469911,46679800
2004-07-21,73.26007843017578,74.91808790699734,73.17316322893465,74.75763652874369,56241100
2004-07-22,73.46064758300781,73.80161125367302,72.7185528824965,73.11300205064992,72477100
2004-07-23,72.84556579589844,73.3469807629137,72.66505865206194,73.28681341518714,49610500
2004-07-26,72.70520782470703,73.15982450064881,72.34418824963625,72.99937305639273,49679100
2004-07-27,73.38710021972656,73.61441101489216,72.85226059112387,72.90574608418135,51295100
2004-07-28,73.60772705078125,73.78823932203728,72.59821000600242,73.24002574751546,65862300
2004-07-29,73.92194366455078,74.12251170970265,73.54086845928803,73.90188788016705,52200500
2004-07-30,74.10244750976562,74.14256417739578,73.60771948135469,73.75480202779885,41581700
2004-08-02,74.2562255859375,74.4501066831077,73.574303365423,73.66790043293172,38263100
2004-08-03,73.6812973022461,74.24956688575429,73.64787268007477,74.16265674731737,40948800
2004-08-04,73.67459106445312,74.04229751676355,73.30020274985213,73.46734111896447,40763200
2004-08-05,72.4711685180664,73.79490100898595,72.38425333690539,73.73473366878787,50772000
2004-08-06,71.43492126464844,72.17701585834541,71.2811568573243,71.9563920384556,74729000
2004-08-09,71.53521728515625,71.85612517708007,71.44830717515879,71.54858610951821,37476300
2004-08-10,72.45779418945312,72.47785507006233,71.70901786770612,71.74244246740918,55870600
2004-08-11,72.31076049804688,72.42441338694759,71.60209020699584,71.9898525227669,52933200
2004-08-12,71.52182006835938,72.17031235596536,71.28782237932444,71.98980524511748,50015900
2004-08-13,71.66223907470703,71.76920496412087,71.26110296259691,71.6020666176275,41634700
2004-08-16,72.40436553955078,72.6316713422937,71.60209806365035,71.628840822913,45731900
2004-08-17,72.81221008300781,73.05957176968927,72.55815632826041,72.70523900718541,40701600
2004-08-18,73.56092834472656,73.65452541084024,72.53135551681851,72.55141130232036,43165400
2004-08-19,73.34697723388672,73.55422711140454,72.99264482368277,73.41383153947409,39881600
2004-08-20,73.86173248291016,73.96201134532478,73.2132353024729,73.28008957763406,44870900
2004-08-23,73.67459106445312,74.05566634200291,73.57431212351231,73.90858886173697,33745100
2004-08-24,73.77487182617188,74.0289254003492,73.44059510280847,73.96875293780161,30453100
2004-08-25,74.27627563476562,74.38992847929676,73.47401366075421,73.7614918032288,38551400
2004-08-26,74.27627563476562,74.41667122518477,74.10913729845848,74.1826785744862,26629500
2004-08-27,74.51029205322266,74.63063189777685,74.24287471035456,74.34315366360066,24902900
2004-08-30,73.89521789550781,74.43674460091049,73.84173239109168,74.35652144494473,26726500
2004-08-31,74.282958984375,74.3163886902738,73.60771871034382,73.98211203391378,44125300
2004-09-01,74.42337036132812,74.63730726277174,73.86178790778541,74.17600374689161,52778300
2004-09-02,75.26571655273438,75.34593966812834,74.36985265914005,74.36985265914005,42736600
2004-09-03,74.95819091796875,75.42617614453826,74.88464965369977,75.0985864859396,30480500
2004-09-07,75.45293426513672,75.63344143198879,75.09191483077512,75.23899738929178,37338800
2004-09-08,75.26571655273438,75.586619215622,75.08520434178621,75.29245929141764,32963100
2004-09-09,75.19888305664062,75.46630031613029,74.89803098872885,75.25905040982862,34314800
2004-09-10,75.58663940429688,75.72703499439089,74.93145998385812,75.22561998663059,27900600
2004-09-13,75.83401489257812,76.04126482127259,75.55322367938088,75.75378664566841,44398100
2004-09-14,75.98776245117188,76.00781823193546,75.67354161745871,75.7470828806961,28048900
2004-09-15,75.41279602050781,75.78718414564673,75.33256780769705,75.74707258956919,38295000
2004-09-16,75.64013671875,75.79390625612037,75.4128309946855,75.44625560669957,23911700
2004-09-17,75.96171569824219,76.10269572949703,75.65290156474727,75.82744534331593,33683000
2004-09-20,75.50518798828125,75.85428058063358,75.37763246324432,75.63945318798083,37149400
2004-09-21,75.83414459228516,76.17652752478106,75.55218458758938,75.69316458993727,40920800
2004-09-22,74.8875732421875,75.53876521104715,74.83386510396507,75.52534073743652,49042100
2004-09-23,74.4847640991211,74.98826634888142,74.4847640991211,74.921133739958,44068700
2004-09-24,74.8271484375,75.00841211900139,74.60560621428267,74.63246028272324,34981100
2004-09-27,74.35051727294922,74.65261664877815,74.2363912973597,74.5854840232485,39355100
2004-09-28,74.70628356933594,74.86069313254109,74.12222441547623,74.45789247976826,41662900
2004-09-29,75.08224487304688,75.08895966977703,74.5183248730549,74.65930487305289,33325700
2004-09-30,75.02855682373047,75.17625164990535,74.69288862674765,74.88757679562451,43536700
2004-10-01,76.2973403930664,76.2973403930664,75.33061487644773,75.36418372650876,62824300
2004-10-04,76.42493438720703,76.82774033035729,76.39808543809465,76.59948328777945,33082400
2004-10-05,76.4652099609375,76.6397588430342,76.22352846938507,76.43164109526475,36910600
2004-10-06,76.98883819580078,76.98883819580078,76.31750197334765,76.37791977486175,42297800
2004-10-07,76.1630859375,76.80085836794417,76.10266814110331,76.78742877637481,39388800
2004-10-08,75.53202819824219,76.37790802059547,75.42461196067396,75.96168290473886,51872600
2004-10-11,75.8408432006836,75.87440693395114,75.61930104918744,75.71328769735766,20229100
2004-10-12,75.54548645019531,75.74688942475713,75.14940042128494,75.32394420255541,41754700
2004-10-13,74.88082885742188,75.9079722661023,74.73313409661252,75.86097894419824,54212600
2004-10-14,74.27664184570312,75.14266621764666,74.23636330994871,74.97483215615115,64082200
2004-10-15,74.69287109375,75.01510961895448,74.22964745164343,74.53174670925875,63482200
2004-10-18,74.97483825683594,75.12253306247213,74.3169264286082,74.44448196472847,43535100
2004-10-19,74.34375,75.34404436535375,74.2430485718378,75.20305929279425,55851900
2004-10-20,74.19607543945312,74.39747835056772,73.67914881302923,74.10208878010333,57118500
2004-10-21,74.67942810058594,74.73313621911252,73.98795272069253,74.37732889717809,53218300
2004-10-22,73.84024810791016,74.6861329352832,73.75297626835963,74.64585441270408,48752400
2004-10-25,73.75299835205078,73.92754720530401,73.41061544194724,73.67915095728553,43990900
2004-10-26,74.88082885742188,74.9211073842288,73.76640847814248,73.9342425023553,54337400
2004-10-27,75.7804183959961,75.92811315997703,74.59887052792469,74.77341422909484,73896000
2004-10-28,76.0086898803711,76.23694174336846,75.5186121717458,75.71330029589069,54413300
2004-10-29,75.99526977539062,76.29065939675067,75.79387195146397,75.94156676214399,48820200
2004-11-01,76.20339965820312,76.42493678762558,75.995281881868,76.23696340659295,36720900
2004-11-02,76.23020935058594,76.9149698573946,76.00866722824968,76.31076639733547,56210000
2004-11-03,77.19023132324219,77.44533721154586,76.69343889386225,77.22379505697548,76960200
2004-11-04,78.24421691894531,78.324773965128,76.98881668976118,77.05594926887592,55350300
2004-11-05,78.73429870605469,78.97598011707791,78.20394256085864,78.57989426794369,63287200
2004-11-08,78.6202163696289,78.70077859191615,78.35839554955906,78.53294447023593,33863800
2004-11-09,78.46574401855469,78.88197415157417,78.38518698253512,78.60001428173202,44658100
2004-11-10,78.5262222290039,78.91559858365311,78.38524219478067,78.5866400485751,45265400
2004-11-11,79.12369537353516,79.29824424267677,78.61347836013854,78.66718649247281,37863200
2004-11-12,79.748046875,79.88902689607215,79.00286310512578,79.19755126428922,55583700
2004-11-15,79.9439697265625,79.97089823633652,79.60730684664061,79.78910254148857,35297900
2004-11-16,79.37167358398438,79.7285407085877,79.2706787853015,79.69487235097998,40028700
2004-11-17,79.84296417236328,80.2200249272713,79.49956662081918,79.70156638927277,54494000
2004-11-18,79.95071411132812,79.99111715761715,79.60732160881884,79.80931629198864,31854300
2004-11-19,79.06190490722656,79.93723039913552,78.87337452732434,79.92376100796103,54276500
2004-11-22,79.43898010253906,79.53324530352404,78.79931751063451,78.89358271161949,37560200
2004-11-23,79.56017303466797,79.62750458221115,79.02824507606165,79.40530585195765,41968800
2004-11-24,79.74869537353516,79.84969011612256,79.48609876867334,79.63422610349063,29724800
2004-11-26,79.68810272216797,80.11230123897664,79.65443951638606,79.79583730963299,15487700
2004-11-29,79.324462890625,80.13245644431284,79.10226941514603,79.98432403595014,61460800
2004-11-30,79.37838745117188,79.614050481369,79.21005598144981,79.45245370881509,53685200
2004-12-01,80.28062438964844,80.46242006588935,79.51976307117675,79.56016610583823,49898300
2004-12-02,80.34796142578125,80.71155794019433,80.13249739543288,80.19309424596787,60163500
2004-12-03,80.29408264160156,80.8933420507706,80.18634807331335,80.33448053617617,49067900
2004-12-06,80.26718139648438,80.55671174428373,80.01804895956478,80.26718139648438,33030500
2004-12-07,79.51976776123047,80.54322574856192,79.47936986125369,80.45569011585536,52047200
2004-12-08,79.98436737060547,80.00456632140484,79.45917410155019,79.59383719825796,43895100
2004-12-09,80.26718139648438,80.43551287457542,79.27066192294406,79.54672287573747,60922800
2004-12-10,80.34796142578125,80.50282346852694,80.02476281172484,80.07189540783018,47828600
2004-12-13,81.0482177734375,81.06841672285938,80.36142267068838,80.63748867830083,38541000
2004-12-14,81.33101654052734,81.4454806831348,80.92028742922508,80.92028742922508,41500700
2004-12-15,81.39165496826172,81.54652222748108,81.00785930688453,81.270456067981,46699200
2004-12-16,81.344482421875,81.63401270059889,80.82602385335761,81.28388557001242,51641800
2004-12-17,80.80191040039062,81.16045789705592,80.61248947093223,80.81543825478056,70761900
2004-12-20,80.8222427368164,81.37697793144294,80.61928869627728,81.01166375527391,47187400
2004-12-21,81.44461059570312,81.50549885971816,80.81545939466541,80.91016988416919,33094200
2004-12-22,81.64079284667969,81.91139643990188,81.38372227185245,81.43783886142948,31500700
2004-12-23,81.70169067382812,82.04671044641653,81.62727970457884,81.7693454553305,25646100
2004-12-27,81.53251647949219,82.10078431232618,81.4445725407118,81.99254085413602,29944100
2004-12-28,81.97904205322266,82.08051904090301,81.58666712023673,81.61372799437376,23422900
2004-12-29,82.10081481933594,82.12787569393875,81.82344472565764,81.91139385845031,22650600
2004-12-30,81.9452133178711,82.24287776713204,81.88433022306803,82.1278729249481,21076900
2004-12-31,81.76934051513672,82.30378125643844,81.72198526774719,82.06023850948235,28648800
2005-01-03,81.38371276855469,82.37141138134653,81.11310920693128,82.236107019868,55748000
2005-01-04,80.38926696777344,81.54609243943976,80.12542985114787,81.49197068184097,69167600
2005-01-05,79.83454895019531,80.67341572725856,79.82778243871287,80.32839590035783,65667300
2005-01-06,80.24042510986328,80.60573918792296,80.00364890038041,80.12542025973363,47814700
2005-01-07,80.12544250488281,80.6598833325686,79.91572195140124,80.48399017326216,55847700
2005-01-10,80.5042953491211,80.81548780421952,80.05779846049963,80.05779846049963,56563300
2005-01-11,79.94953918457031,80.32838117677238,79.82100129664387,80.26073155835559,63099700
2005-01-12,80.2134017944336,80.39605633832475,79.50306767203494,80.0983968904526,72720500
2005-01-13,79.57071685791016,80.32163967899433,79.48953419894505,80.26075139443643,55537500
2005-01-14,79.99014282226562,80.18633036515062,79.66542252884881,79.80748830238566,42032500
2005-01-18,80.8222427368164,80.92371975708598,79.79394983471047,79.86160462244729,57391700
2005-01-19,79.97660064697266,80.85605601546942,79.96983413668116,80.79517290685118,54378900
2005-01-20,79.48949432373047,79.963046693466,79.34742861280981,79.75333138134508,72049300
2005-01-21,79.00240325927734,79.82774175407347,78.91445930017066,79.68567605336267,63160400
2005-01-24,78.84677124023438,79.38120640352969,78.72499996169512,79.21207991452131,58441900
2005-01-25,79.07010650634766,79.4692481698374,78.96186811103074,79.09040604422289,68245000
2005-01-26,79.30687713623047,79.55718129437719,79.17833922063978,79.3677602575085,57195100
2005-01-27,79.44214630126953,79.65862814157032,79.13772048755517,79.27978621137748,55878800
2005-01-28,79.44214630126953,79.52332892688266,78.88741126291536,79.48273503340899,60738900
2005-01-31,79.93603515625,79.99691828257531,79.63160404061372,79.79396420548446,52532700
2005-02-01,80.44337463378906,80.55837947753952,79.89540096642791,79.99687795381583,49841200
2005-02-02,80.68695068359375,80.903432618043,80.43664651143031,80.54488489798672,52468900
2005-02-03,80.4771957397461,80.61250010816565,80.21335867299534,80.54484534328891,48837100
2005-02-04,81.33635711669922,81.47165631615265,80.49072421678122,80.50425207219311,50024600
2005-02-07,81.2281265258789,81.5325523536542,81.15371040596327,81.34989788925591,45412000
2005-02-08,81.3228530883789,81.62051762688259,81.22814258273418,81.29579220657534,39263500
2005-02-09,80.7139663696289,81.51224402361457,80.67337764256756,81.46488878826514,55279400
2005-02-10,81.00491333007812,81.1943343861506,80.6801929943358,80.95079671501219,45858600
2005-02-11,81.70169067382812,81.88435032574823,80.81546877856701,80.9778288992353,53133000
2005-02-14,81.64079284667969,81.76256420556297,81.50549363073571,81.64755935587716,32432100
2005-02-15,81.9452133178711,82.14816728988245,81.64078752118796,81.7219701422593,43852700
2005-02-16,81.99935150146484,82.16847812492996,81.63403737542001,81.80993050899751,55523000
2005-02-17,81.33635711669922,82.08051303636033,81.32959060832646,82.01286343663361,58124000
2005-02-18,81.44461059570312,81.50549885971816,81.1131238824399,81.34313359656777,47723300
2005-02-22,80.23367309570312,81.49874215968013,80.22014523614628,81.11313364561968,80697600
2005-02-23,80.80868530273438,80.88986792669219,80.24718892802863,80.4569042549187,68292600
2005-02-24,81.3431167602539,81.3972385034353,80.49072253114757,80.66661045448687,68563600
2005-02-25,82.14814758300781,82.3105076248673,81.30251483804616,81.36339791824372,60899900
2005-02-28,81.60696411132812,82.06022731604027,81.20782781796565,81.95875032509474,69381300
2005-03-01,82.01289367675781,82.20907603990236,81.70846262373611,81.73552350587153,47294400
2005-03-02,81.97227478027344,82.48642106141654,81.62049374243908,81.69490985528877,64226500
2005-03-03,82.0060806274414,82.46610504000846,81.65429452065524,82.30374500067084,61230800
2005-03-04,83.02765655517578,83.09530618231072,82.39173870516868,82.56763186478811,56168500
2005-03-07,83.06822967529297,83.37942203065165,82.80439256615549,82.98028569269205,43442400
2005-03-08,82.75701904296875,83.21027703688864,82.6081868273333,82.98702871343546,44362000
2005-03-09,81.83698272705078,82.72997099798546,81.83021621765451,82.51348914931445,73263600
2005-03-10,82.01961517333984,82.19550824108661,81.4513524086191,81.99255430435319,65149000
2005-03-11,81.44461059570312,82.34436540732358,81.28901700351888,82.06699528710925,57976500
2005-03-14,81.95198822021484,81.96552123911307,81.37019227961711,81.5934406394281,36336400
2005-03-15,81.27547454833984,82.16846274665464,81.23488581793181,82.14140187260462,62438500
2005-03-16,80.5854263305664,81.28899344968616,80.43659412980392,80.9777960328193,74874200
2005-03-17,80.74781036376953,81.00488095694014,80.49073977059892,80.71398297670265,62584200
2005-03-18,80.508056640625,81.18042717778445,80.24318324169529,80.89517969918434,60232000
2005-03-21,80.209228515625,80.67106001920872,79.97831535463695,80.62351876949897,61244300
2005-03-22,79.39424133300781,80.77294288036005,79.39424133300781,80.39261284843063,92472400
2005-03-23,79.46216583251953,79.95116460516165,79.29237487988594,79.42820556934934,70817300
2005-03-24,79.55721282958984,80.13450077446629,79.50287850542101,79.77454494465884,51932500
2005-03-28,79.67271423339844,80.10059080008999,79.67271423339844,79.74742267578556,46765500
2005-03-29,79.1429214477539,80.07337730368593,78.95275649771963,79.5572115953027,71160300
2005-03-30,80.26358032226562,80.27716131873534,79.30595685047545,79.31274993951469,62002100
2005-03-31,80.1141586303711,80.45374051936805,80.05303637752368,80.2703685792174,64575400
2005-04-01,79.75419616699219,80.81368991633038,79.40103331108213,80.56919056162033,95255300
2005-04-04,79.8900375366211,80.04624749367301,79.28558215698351,79.70666558683801,71581200
2005-04-05,80.27034759521484,80.39938515580741,79.91717962128126,79.99188803185926,46853900
2005-04-06,80.54879760742188,80.78650381836283,80.26355015429273,80.44692203655953,53268200
2005-04-07,80.98348999023438,80.99707616792328,80.35866053836757,80.4197879747505,46734600
2005-04-08,80.14130401611328,80.96309134228228,80.14130401611328,80.93592417675517,63772900
2005-04-11,80.20243835449219,80.42656361770503,80.02585952433158,80.33827420262472,44945000
2005-04-12,80.61670684814453,80.86120612713373,79.50967218832584,80.06658606122204,86144800
2005-04-13,79.66590118408203,80.68464669701603,79.55043942126105,80.5216436841891,65949000
2005-04-14,78.62678527832031,79.80174084902636,78.62678527832031,79.73382551015733,96119800
2005-04-15,77.52655029296875,78.91883300070198,77.49259002967409,78.60641826850416,128677300
2005-04-18,77.76423645019531,78.07665110147745,77.39748746435784,77.5061561334685,100035200
2005-04-19,78.38228607177734,78.4637824005544,77.9883698773287,78.17174179868492,64930100
2005-04-20,77.2888412475586,78.5317070431925,77.11905030033778,78.36191609597168,107735900
2005-04-21,78.78978729248047,78.92561796846515,77.68274707493363,77.9612066967928,86952200
2005-04-22,78.49095916748047,79.12258170076811,77.60804416598728,78.6064157684363,88845800
2005-04-25,79.00708770751953,79.12254425383237,78.59279757629716,78.68788004756728,52284100
2005-04-26,78.23966217041016,79.30594905395827,78.2057070917696,78.75582807286393,72626000
2005-04-27,78.54533386230469,78.83058155764505,77.72354587433202,78.00879356967238,84131900
2005-04-28,77.56048583984375,78.56565030986029,77.56048583984375,78.2871907294828,72481500
2005-04-29,78.6131820678711,78.69468356044732,77.40427176016091,78.15135063981933,103993800
2005-05-02,79.0546646118164,79.06145770043096,78.45699717233586,78.83053932201119,56026400
2005-05-03,79.19049835205078,79.36028930271195,78.57246198608057,78.83054236570646,86000300
2005-05-04,79.80171203613281,79.97150291280543,78.97313172891339,79.22442409176716,81055700
2005-05-05,79.77461242675781,80.14136165272458,79.2856134588021,79.91723626214309,96906700
2005-05-06,79.52323913574219,80.13448722527552,79.50286506302533,80.0937390798418,67415400
2005-05-09,80.0190658569336,80.19564986742297,79.49611209483258,79.60477559094375,43750500
2005-05-10,79.19049835205078,79.80174681075273,79.04787457528842,79.70666429291116,74613500
2005-05-11,79.62516021728516,79.73382890939496,78.68112297641714,79.41462110333298,91647400
2005-05-12,78.74900817871094,79.86283593850082,78.74900817871094,79.67946406775768,95086800
2005-05-13,78.59284210205078,79.20409060765788,77.96801259925641,78.98675838139857,85267000
2005-05-16,79.32633972167969,79.3535017158532,78.55209334751062,78.57925534168413,49207000
2005-05-17,79.85606384277344,79.93756016518985,78.89165269572437,79.06144360956854,61071800
2005-05-18,80.6778564453125,80.87481453986257,80.14810958902295,80.20243874693402,77944900
2005-05-19,81.01742553710938,81.09892703355368,80.61671632326693,80.83404846551143,61768100
2005-05-20,80.90196990966797,81.08534180178872,80.64388442540024,81.05138154914074,46345500
2005-05-23,81.35023498535156,81.52681901519459,80.94953085096317,80.96311184636265,51047900
2005-05-24,81.16004943847656,81.3841746679593,80.95629828774554,81.11930128097316,50654100
2005-05-25,81.09893798828125,81.4113526611078,80.7050218080013,81.0581846437507,47608800
2005-05-26,81.53359985351562,81.64226334520998,81.2415592710262,81.35701585020382,43256200
2005-05-27,81.6694107055664,81.6694107055664,81.36378920384297,81.5403679827201,24596100
2005-05-31,81.14646911621094,81.6150884761886,81.09213478468665,81.55396623942906,43377200
2005-06-01,81.83922576904297,82.12447327917492,81.12610181210528,81.17364306379395,69611000
2005-06-02,82.01580047607422,82.07012962783426,81.56754999820511,81.65584458532872,39704500
2005-06-03,81.60150909423828,82.10408871673708,81.31626162051792,81.87317557561312,60999400
2005-06-06,81.52679443359375,81.63545790885074,81.19400573976034,81.4656670187062,36046400
2005-06-07,81.587890625,82.3485554354309,81.50639433997159,81.76447454523675,66501300
2005-06-08,81.43851470947266,81.90034101117965,81.27551170481532,81.79167752301547,46881200
2005-06-09,81.82563018798828,81.89354550949234,81.11929944481096,81.32304540932313,56653300
2005-06-10,81.63548278808594,81.941109592453,81.22798556387153,81.87998215893626,36465300
2005-06-13,81.89356231689453,82.23314417571568,81.3706033526095,81.4588979521321,49383200
2005-06-14,82.08373260498047,82.31464579664974,81.75773171964988,81.8052729756764,33857100
2005-06-15,82.23994445800781,82.34182006730649,81.65586834002009,82.28749089974143,53195600
2005-06-16,82.4504623413086,82.61346015498248,82.12446153235376,82.21954402213078,46564500
2005-06-17,82.75595092773438,83.12418007277033,82.66048469041245,82.8786939760797,51529400
2005-06-20,82.7832260131836,83.08326052314717,82.46955049673281,82.5650167320648,41019400
2005-06-21,82.83097076416016,82.95371382718577,82.53093100953744,82.85142707424436,39879800
2005-06-22,82.89915466308594,83.15146127649112,82.55820231106165,82.97416459673289,46310100
2005-06-23,81.73312377929688,82.9196368783374,81.71266746418746,82.72870433395406,62185600
2005-06-24,81.13302612304688,81.83538715439349,81.03755467563612,81.74673621090925,58572500
2005-06-27,81.24894714355469,81.42624382465638,80.97618421936438,81.12620408779506,48183800
2005-06-28,81.93084716796875,81.99221609107947,81.39896235759686,81.41941866530043,41174200
2005-06-29,81.71265411376953,82.10133964490882,81.66492098547246,82.08088333314161,42316500
2005-06-30,81.2694320678711,82.04680329389235,81.11259164041822,81.97861383946488,62288800
2005-07-01,81.50809478759766,81.69221203061242,81.28988541987322,81.45354114503613,49737500
2005-07-05,82.1627197265625,82.2718270074837,81.27624648042456,81.31715910950926,51549000
2005-07-06,81.47398376464844,82.27181109259507,81.42625063910941,82.09451439665565,52363600
2005-07-07,81.79448699951172,81.79448699951172,80.64207130799669,80.66252762167429,103268800
2005-07-08,82.72868347167969,82.72868347167969,81.63763691996772,81.80811310625148,64491200
2005-07-11,83.15147399902344,83.26057606305388,82.72187064012886,82.73551164970817,49688300
2005-07-12,83.36968994140625,83.62199141090389,82.94690705377168,83.18557271512941,51871100
2005-07-13,83.48558807373047,83.5469569961723,83.18554835729567,83.37648083047429,41182300
2005-07-14,83.81291961669922,84.17432832032496,83.52651565310015,83.86065274354563,63638800
2005-07-15,83.76519012451172,83.90157421740463,83.43787870661109,83.73109800317937,56075900
2005-07-18,83.43108367919922,83.62201626503438,83.22651528117132,83.53337047947456,56598400
2005-07-19,83.88794708251953,83.94932123510337,83.4719898373271,83.67655820672177,59165700
2005-07-20,84.17431640625,84.37206939020096,83.3969454776262,83.59469325905727,69477000
2005-07-21,83.68338012695312,84.29027514403158,83.51290388164969,84.24936250996583,101110900
2005-07-22,84.24252319335938,84.25615900082924,83.62198730180057,83.79246350903924,52607100
2005-07-25,84.00386047363281,84.52210441589865,83.7720101183908,84.15388037363861,57301600
2005-07-26,84.10617065429688,84.2357342852043,83.84022808745112,84.03116588129684,42758800
2005-07-27,84.41294860839844,84.48113800975939,83.90834079530593,84.21519570268917,43181600
2005-07-28,84.94487762451172,84.992610750667,84.3107059755798,84.52891529550688,47880700
2005-07-29,84.37889099121094,84.9857857930362,84.21523531047117,84.83577112049491,62358100
2005-08-01,84.3175277709961,84.58347022115022,84.18114369237819,84.4402708404919,40418200
2005-08-02,84.82212829589844,84.96532766379427,84.37888918430457,84.46754012813544,45147400
2005-08-03,85.04717254638672,85.06080835408855,84.63803068255811,84.72667643892264,36837200
2005-08-04,84.36526489257812,84.76758623787943,84.26297812940156,84.71303780637004,50855600
2005-08-05,83.79243469238281,84.54253390828666,83.64923535185186,84.18112010311518,53595500
2005-08-08,83.6356201171875,84.15386919312094,83.45150291799777,83.97657249825836,47616000
2005-08-09,84.14022064208984,84.27659950128492,83.78563248667062,83.91519084214995,47170000
2005-08-10,84.09930419921875,84.89713141450939,83.75153136081522,84.43343603081128,72863700
2005-08-11,84.43345642089844,84.57665581187689,83.88111516962142,84.05840668082082,58570200
2005-08-12,83.91520690917969,84.34481028268725,83.70381807619724,84.26297982999034,54776900
2005-08-15,84.43345642089844,84.46755374364041,83.75837209127975,84.02431456059988,36208500
2005-08-16,83.33557891845703,84.22887247663566,83.25374847550525,84.17432405052152,71942100
2005-08-17,83.32877349853516,83.78565371790384,83.21285091859262,83.32195819561241,62275100
2005-08-18,83.32194519042969,83.57424662474554,83.08327435983183,83.22647893919874,53388600
2005-08-19,83.51287841796875,83.75154404811826,83.32876121576732,83.62198047638543,39842100
2005-08-22,83.51287841796875,84.03112750237949,83.11055189641341,83.58788835923296,69912000
2005-08-23,83.35603332519531,83.60833994997846,82.61275966147349,83.53333001294888,55168600
2005-08-24,82.61280822753906,83.69021959051126,82.5718903816827,83.15151390902517,79104600
2005-08-25,82.9128189086914,82.967372552333,82.6536969051765,82.7491631802884,35631100
2005-08-26,82.34680938720703,82.84459688278294,82.29225576501469,82.83778158189871,61956800
2005-08-29,82.98101043701172,83.04237938190423,82.08771146424412,82.1081729817299,56179200
2005-08-30,82.54458618164062,82.71506239828794,82.0945264724815,82.68096507394998,74160200
2005-08-31,83.58792877197266,83.64248242881665,82.33322067717629,82.6400810950314,102945200
2005-09-01,83.52651977539062,83.97657945288626,82.60594931076515,83.54697608754572,74578700
2005-09-02,83.37649536132812,83.79245769432676,83.21966017496376,83.77200138328102,47653400
2005-09-06,84.35160827636719,84.41980290754834,83.63561147164434,83.64243197526645,57251300
2005-09-07,84.49485778808594,84.64487252993517,84.1879973920917,84.30392000273449,41749700
2005-09-08,84.2152328491211,84.55618520883414,84.0856692876237,84.32434010143893,39068700
2005-09-09,84.96537017822266,85.06083647125536,84.4198492469676,84.44030556654279,43093900
2005-09-12,84.79486083984375,85.01307016774382,84.74030720723854,84.86305027933987,33017600
2005-09-13,84.32435607910156,84.84260001824703,84.22888461397358,84.64484698784108,58427500
2005-09-14,84.01748657226562,84.50163833745722,83.88792300041135,84.37889527004805,57694600
2005-09-15,83.9765853881836,84.31753782158872,83.80610917148104,84.27661999186564,73156900
2005-09-16,84.57369995117188,84.73805223715864,84.14227324120723,84.43674058362706,75424100
2005-09-19,84.29296875,84.6079848578107,83.98480740607039,84.55319899343775,53355300
2005-09-20,83.58072662353516,84.64902425743946,83.45746111003353,84.36825077820505,84480300
2005-09-21,82.80007934570312,83.45749393472482,82.71105102475224,83.402708079473,94469100
2005-09-22,83.09453582763672,83.31367923352042,82.47821328492108,82.8274613325489,84597200
2005-09-23,83.16304016113281,83.47120150440279,82.7932434144083,83.02607550049359,59368100
2005-09-26,83.25890350341797,83.71087377133097,82.91649972709992,83.5602152738043,70415400
2005-09-27,83.23836517333984,83.53967696204471,82.8754127596564,83.2178165567912,66150800
2005-09-28,83.3205337524414,83.62870028621312,82.9986733664578,83.49858517919837,58620500
2005-09-29,83.99848175048828,84.13544114642433,82.916484758729,83.23834508631134,66607700
2005-09-30,84.25869750976562,84.25869750976562,83.36844585920659,83.97107967484611,47824200
2005-10-03,83.95740509033203,84.464161217475,83.85468291228044,84.20393622778904,50994800
2005-10-04,83.01232147216797,84.25182071061676,82.97123471609326,84.08746846165417,60776300
2005-10-05,81.92351531982422,83.07399207229648,81.88242854373581,83.03290529620807,106052100
2005-10-06,81.6290283203125,82.3549276133095,80.92367763509714,82.02621780944943,140941800
2005-10-07,81.90982818603516,82.21114516783528,81.58111827637441,81.97145835522149,75661400
2005-10-10,81.2181625366211,81.97829922420253,81.0127234363916,81.9577558366462,52677000
2005-10-11,81.10176849365234,81.75918319687275,81.02643923576241,81.48525909769734,75629800
2005-10-12,80.46487426757812,81.58110851483578,80.4032441057661,81.07435247171671,100510400
2005-10-13,80.41694641113281,80.86207233924246,80.0403001893477,80.4374898005635,99052900
2005-10-14,81.26609802246094,81.36197064652602,80.50596134261201,80.88945706353847,88651000
2005-10-17,81.56742858886719,81.67699508123638,81.11545309309325,81.35513991794326,68109300
2005-10-18,80.68401336669922,81.46469343995221,80.67031951658346,81.45099958983646,74996900
2005-10-19,82.0262451171875,82.03994419360255,80.20465980399808,80.4648847845489,116563800
2005-10-20,80.58130645751953,82.04679425661492,80.32793099742081,81.82765604061936,131966700
2005-10-21,80.89633178710938,81.34145783741161,80.47175435654539,81.00590352704081,96579500
2005-10-24,82.1495361328125,82.23855925842378,81.088087267133,81.10863066345343,71308400
2005-10-25,81.98514556884766,82.3412431301776,81.45099661451971,81.98514556884766,76594500
2005-10-26,81.74545288085938,82.54667620321494,81.62218735244579,81.84132548910712,80855800
2005-10-27,80.8757553100586,81.74546365984139,80.75933930250214,81.62904242761897,66623100
2005-10-28,82.03998565673828,82.14270265843035,80.87580913242343,81.10179698548488,72322000
2005-10-31,82.26591491699219,83.06714358309769,82.26591491699219,82.37548661394086,77698900
2005-11-01,82.51246643066406,82.79324005508141,82.32757067713773,82.57410183161775,66365100
2005-11-02,83.37530517578125,83.37530517578125,82.2659152506734,82.29330817502168,74012300
2005-11-03,83.73143005371094,83.99850984705371,83.37533237036689,83.6492564785296,84897600
2005-11-04,83.62186431884766,83.86154595645694,83.23837369867283,83.82045916848615,59156000
2005-11-07,83.70399475097656,83.97106916779293,83.44376464508842,83.79986735062013,46765400
2005-11-08,83.70399475097656,83.8341045792558,83.40267788085968,83.49855048050327,42152800
2005-11-09,83.8135986328125,84.19708920267438,83.45065145424077,83.60130995659141,57666800
2005-11-10,84.46418762207031,84.58745322933324,83.37534577847167,83.7793798538693,79048100
2005-11-11,84.75176239013672,84.80654300951832,83.8409673253474,84.47098885789381,34867000
2005-11-14,84.70386505126953,84.92984761876414,84.49157111408579,84.77234477550026,45092200
2005-11-15,84.39568328857422,84.97776867693159,84.13545829339496,84.60797718760685,69592500
2005-11-16,84.56682586669922,84.60791784476615,84.21757801344275,84.48465235989225,51133000
2005-11-17,85.35441589355469,85.36126543222461,84.32720452908669,84.69700124725523,55717500
2005-11-18,85.68994903564453,85.79267119172195,85.14210624434146,85.64201272609719,72437200
2005-11-21,86.12139129638672,86.2241134646901,85.58724229080892,85.70365831004172,50021200
2005-11-22,86.4911880493164,86.64184130834855,85.8885541145218,85.98442674511793,66438800
2005-11-23,86.99108123779297,87.25131138775097,86.42953939135595,86.45693231370235,50854700
2005-11-25,87.05958557128906,87.12122097017921,86.84044735516214,86.95686861425081,15270000
2005-11-28,86.44327545166016,87.15547083873346,86.31316032100833,87.14177698403387,54498500
2005-11-29,86.34738159179688,86.95686511883848,86.34738159179688,86.73087737310398,51738900
2005-11-30,85.88172149658203,86.64185310705989,85.79954270573732,86.3953271838602,56007200
2005-12-01,86.75828552246094,86.99111762279142,86.2720727029462,86.29946041208211,65468200
2005-12-02,86.86783599853516,87.02534403266648,86.62815440282832,86.81305014104018,46699400
2005-12-05,86.68293762207031,86.78565979558024,86.40901356759943,86.76511118114483,59273400
2005-12-06,86.84725189208984,87.4772732839123,86.71713684770702,87.0047598523777,57935200
2005-12-07,86.34053802490234,86.88153662179478,86.06661395721837,86.81305168637351,66816500
2005-12-08,86.28577423095703,86.84731636220351,85.92967650917542,86.43643276794215,62608600
2005-12-09,86.51171875,86.8198799853394,86.16246551852713,86.39530274773095,50744500
2005-12-12,86.5938720703125,86.87464554221374,86.2583179908027,86.7719234128678,48389900
2005-12-13,87.1828384399414,87.44991293865661,86.48433711053235,86.57336020188194,88630900
2005-12-14,87.5252456665039,87.71699093222965,87.06642589142204,87.10066835658735,64375000
2005-12-15,87.27186584472656,87.65535635689474,87.09381443922004,87.54578465360876,55900300
2005-12-16,86.9909896850586,87.67942739687301,86.9909896850586,87.62435111936075,46238300
2005-12-19,86.5434799194336,87.34206996294137,86.52971348008687,87.24568913042994,48733000
2005-12-20,86.6260986328125,87.14930739186474,86.38514653951718,86.64675091904328,46603200
2005-12-21,86.7637939453125,87.26635572785517,86.60545623123026,86.89459877618573,51806900
2005-12-22,87.21818542480469,87.21818542480469,86.79823795209472,86.95657570270527,32247900
2005-12-23,87.26638793945312,87.33523067761139,87.03231632687796,87.28015438613909,27977300
2005-12-27,86.3782730102539,87.46600576064638,86.31631089036448,87.40404364075695,44499500
2005-12-28,86.57103729248047,86.73626086317238,86.39892787440397,86.56415144509587,30764300
2005-12-29,86.1855239868164,86.71561874563574,86.09602371740564,86.55039515556211,32788900
2005-12-30,85.71735382080078,86.09599129096122,85.61408714626202,85.91700132427938,44645600
2006-01-03,87.22504425048828,87.4315776371903,85.63475503091419,86.18550722721146,73256700
2006-01-04,87.63809967041016,87.76889922950501,87.22503295051874,87.33518547645285,51899600
2006-01-05,87.69316864013672,87.8377398877895,87.34894988314588,87.53483095324331,47307500
2006-01-06,88.42289733886719,88.51927815032064,87.67938371991734,88.13375490450679,62885900
2006-01-09,88.6501235961914,88.84976590266633,88.3816333193594,88.40916620466697,43527400
2006-01-10,88.7396011352539,88.79467740301219,88.29900149791168,88.38850174610937,44960800
2006-01-11,89.0218734741211,89.11137373278058,88.62257836474247,88.82223117179437,49598900
2006-01-12,88.67076110839844,89.00120820064396,88.42292316303337,88.86352278760197,40509200
2006-01-13,88.58815002441406,88.73960714482523,88.25770290021003,88.51243196893317,44856700
2006-01-17,88.34721374511719,88.40917061869666,87.98922318989253,88.25771348012954,52066600
2006-01-18,87.99612426757812,88.73963314102869,87.54175802560077,87.83090065707398,75067600
2006-01-19,88.33344268798828,88.65012866311599,87.98922382597931,88.20952893993353,81530400
2006-01-20,86.72250366210938,88.33344546583693,86.72250366210938,88.31279317384501,114957800
2006-01-23,87.03231048583984,87.30768667235567,86.83266288192496,86.88773916970091,67017400
2006-01-24,87.12178802490234,87.53484957067144,87.03228776753798,87.17685904593904,53008800
2006-01-25,87.19751739501953,87.55550267070367,86.6329934659949,87.459121817544,87747700
2006-01-26,87.67941284179688,87.89282681627577,87.2663513337504,87.60368428587945,71294000
2006-01-27,88.49178314208984,88.57440281472417,87.7413885209887,87.88596506955402,65771200
2006-01-30,88.42289733886719,88.67761580383979,88.36094049680152,88.42289733886719,33709600
2006-01-31,87.77581024169922,88.49178085610107,87.76892439376371,88.34033422042415,72937000
2006-02-01,88.38851928710938,88.41605217409052,87.92726727091124,87.99610999309017,63561000
2006-02-02,87.36273193359375,88.21639308149085,87.29388922450498,88.18886019974497,83626900
2006-02-03,86.9290542602539,88.3885445484374,86.83955922108005,87.14247358807548,86040400
2006-02-06,87.15621185302734,87.29390254457695,86.86018343164922,87.04606455215048,45511900
2006-02-07,86.38514709472656,87.19750362331602,86.33007082951602,87.00473669507912,71208100
2006-02-08,87.16996765136719,88.18885757357025,86.46775838343162,86.63986777720929,59422200
2006-02-09,87.02539825439453,87.84463541471291,86.99786012051699,87.3764976435187,62023300
2006-02-10,87.18375396728516,87.52108698533056,86.36451138538324,87.03918267383712,64508700
2006-02-13,87.02539825439453,87.28700264768818,86.70871234098381,87.15619782486036,52308700
2006-02-14,87.94792938232422,88.1406911268936,86.88773453482901,87.05984398567504,90964400
2006-02-15,88.25769805908203,88.34031771414467,87.5967985945634,87.89971281877021,85471300
2006-02-16,88.91861724853516,88.95304123502049,88.24394072854498,88.35409328340776,61017900
2006-02-17,88.67764282226562,88.9186001766748,88.51930512050394,88.84287162283681,40342600
2006-02-21,88.4573745727539,89.08384497206951,88.31967861228928,88.88420263695888,46456300
2006-02-22,88.9943618774414,89.25596111154323,88.56752327649939,88.65014295991948,42326700
2006-02-23,88.86353302001953,89.24905642281865,88.31278079971011,88.99433785412457,43423200
2006-02-24,89.09072875976562,89.13891393819135,88.64323793444247,88.88419534074926,36777400
2006-02-27,89.12515258789062,89.52443722462289,89.00122833481169,89.08383750038028,35858600
2006-02-28,88.27838134765625,89.43496238217652,88.20954386644162,88.94616689333206,74394800
2006-03-01,89.06318664550781,89.14580631713504,88.464249176023,88.53309715159133,48641600
2006-03-02,89.05628967285156,89.09759424870637,88.53996146521784,88.73960375009086,60642300
2006-03-03,88.64325714111328,89.54511958273721,88.5675285545564,88.58130025340175,73402500
2006-03-06,88.23709106445312,88.9324096144059,88.01679112986481,88.90487671840151,57478400
2006-03-07,88.09935760498047,88.16131446580202,87.70694839602498,88.02362905129065,61780800
2006-03-08,88.2852554321289,88.42294087274712,87.55550789023633,87.9134931872614,66692400
2006-03-09,87.69316864013672,88.58813425689605,87.69316864013672,88.3127634531925,56313600
2006-03-10,88.52619171142578,88.69830111774151,87.73449264426321,87.92036849204482,60490800
2006-03-13,88.69142150878906,88.91860718821741,88.48488811797014,88.69830210341733,45479100
2006-03-14,89.62083435058594,89.65525834406219,88.53999238758139,88.60884037453391,69877300
2006-03-15,90.02012634277344,90.08897432726197,89.39365590472926,89.60017884873966,53398900
2006-03-16,90.20600128173828,90.50891558505225,90.07519642305937,90.19222958484397,65526400
2006-03-17,90.28131866455078,90.474846914163,90.11544333431094,90.32278749711074,47286800
2006-03-20,90.13619232177734,90.47486154009783,89.99795934206489,90.29515972112166,45538500
2006-03-21,89.56941986083984,90.5370717736522,89.47265572420861,90.10853584299963,87102700
2006-03-22,90.11544036865234,90.20528598740928,89.47264184563133,89.51411067682658,51605700
2006-03-23,89.92886352539062,90.12239186212527,89.61783659467449,90.03253565346157,46704200
2006-03-24,89.99796295166016,90.24678654372242,89.67310963573163,89.84590350392763,43209200
2006-03-27,89.86660766601562,90.04630943169303,89.67307944251776,89.87351562167727,32523000
2006-03-28,89.31368255615234,90.21912060747803,89.19618400830466,89.80441116501625,82079900
2006-03-29,89.87354278564453,90.19839609037972,89.36206915666776,89.44501738216422,61505700
2006-03-30,89.71456146240234,90.53014330329296,89.54176762697648,89.92882413089059,70571700
2006-03-31,89.73527526855469,90.01865962472513,89.41733004393727,89.86660024075545,62925600
2006-04-03,89.66619110107422,90.45413071792281,89.50031573742235,89.90119877708227,61624700
2006-04-04,90.23985290527344,90.35735145036116,89.41044458633138,89.66617609349295,54809300
2006-04-05,90.5508804321289,90.73750073299838,90.11544712543221,90.27441450576596,50607200
2006-04-06,90.4540786743164,90.68908621511065,89.98408468571728,90.44026276629504,57906200
2006-04-07,89.53483581542969,90.82042218176969,89.40352137908344,90.58542513167995,80180900
2006-04-10,89.673095703125,89.90809279619963,89.34132393425591,89.67309570312501,41496500
2006-04-11,88.91278839111328,89.89425603189565,88.6432304513667,89.74911512783866,72799400
2006-04-12,89.0787124633789,89.25150635903475,88.89209210304992,89.00268272743024,43033700
2006-04-13,88.96118927001953,89.33441934092609,88.68471278555216,88.87824105142957,51051800
2006-04-17,88.92664337158203,89.37590323308625,88.48429146841589,89.04414194233696,64167700
2006-04-18,90.33663940429688,90.50252532776479,89.11325576666229,89.11325576666229,92531800
2006-04-19,90.50943756103516,90.59238579993753,90.01870881899738,90.37120455820066,87269000
2006-04-20,90.63385009765625,91.13840527860688,90.26752791260286,90.54399390439734,86005500
2006-04-21,90.6476821899414,91.09003418364716,90.28135993952118,91.02092294661706,72342600
2006-04-24,90.4817886352539,90.5923792481242,90.11546645830965,90.46796217201978,52546400
2006-04-25,90.10853576660156,90.62691732950799,89.79750893815769,90.57162203055132,84359800
2006-04-26,90.12926483154297,90.64073840663474,90.0601536218274,90.19838658775782,67262400
2006-04-27,90.56471252441406,90.97942198624742,89.5694182532138,89.78368094144447,124478600
2006-04-28,90.86884307861328,91.06237137329565,90.34355349968988,90.3988382583125,55854400
2006-05-01,90.12926483154297,91.0969166860545,90.07398008237021,90.86882754634462,64990300
2006-05-02,90.80662536621094,90.86192066253608,90.36427354210919,90.55088330239472,49063500
2006-05-03,90.46797943115234,90.76519044162941,90.16386046099102,90.64768130147344,60821300
2006-05-04,90.7928237915039,90.97252564394174,90.52326573959603,90.59929547457017,42921400
2006-05-05,91.59458923339844,91.78811754873732,91.13150286837312,91.26973587268628,62588200
2006-05-08,91.48397064208984,91.76735506951958,91.48397064208984,91.58764272700365,30016700
2006-05-09,91.6636962890625,91.76737894745358,91.44943356015665,91.52546329104275,29864000
2006-05-10,91.61529541015625,91.75352837184982,91.15911714471838,91.51853128232084,64378200
2006-05-11,90.50943756103516,91.61532267671531,90.2122371322661,91.58766974824717,80626900
2006-05-12,89.3275375366211,90.35047446239194,89.29297664763168,90.10165082677173,91726500
2006-05-15,89.5072250366211,89.67311094925941,88.89207927869278,89.01648580329584,84029300
2006-05-16,89.37589263916016,89.85280537048968,89.1685379020821,89.68691947152722,62137600
2006-05-17,87.67557525634766,89.23072476845887,87.62027997338625,88.93351394085339,144789500
2006-05-18,87.23326873779297,88.29767975669117,87.16415223490371,88.021208471883,87906300
2006-05-19,87.84840393066406,88.1179619505371,86.94987895550416,87.68943652061101,124309400
2006-05-22,87.17794799804688,87.89677101958077,86.74250941092761,87.28162535876564,110852800
2006-05-23,86.5144271850586,88.21471810766182,86.5144271850586,87.9036912739021,92006500
2006-05-24,87.20561981201172,87.70326706276894,86.23106500698802,86.86694526151068,168405000
2006-05-25,88.28384399414062,88.28384399414062,87.38531378512953,87.72398828466436,78977900
2006-05-26,88.73307800292969,88.73307800292969,88.1317536639433,88.47733600024483,62989700
2006-05-30,87.1572265625,88.47046102295964,87.12267095261315,88.44972660237745,72419900
2006-05-31,88.13176727294922,88.13176727294922,87.2263240103039,87.51662165482146,86926200
2006-06-01,88.9749984741211,89.12014993583198,87.96588311154376,88.04191282072591,73721700
2006-06-02,89.16161346435547,89.45881378025092,88.69161932391671,89.3344072888988,91702600
2006-06-05,87.86222076416016,89.06486451126939,87.62030515000461,89.0579565538506,86105100
2006-06-06,87.64794921875,88.04191897877284,86.92221822568146,87.92442042845457,130498600
2006-06-07,86.99136352539062,88.22856851186998,86.94298144315965,87.71710003210664,108599400
2006-06-08,86.91529846191406,87.43367996367498,85.61589072920312,86.79779992042809,204957200
2006-06-09,86.6388168334961,87.7516094117175,86.59734800579177,87.33690531492816,94972200
2006-06-12,85.69882202148438,87.03970376042906,85.58132348873636,87.00514288691545,95815900
2006-06-13,84.70355224609375,86.28633936257577,84.70355224609375,85.5260474335418,185688800
2006-06-14,85.3601303100586,85.4499811804368,84.55836461161486,84.90395218372036,163566400
2006-06-15,87.17102813720703,87.33690872775507,85.60897052923704,85.67117377322423,134057000
2006-06-16,86.53582000732422,87.16756691410659,86.40391453705377,86.98012703748432,94253500
2006-06-19,85.85545349121094,87.11201384163553,85.77214925125462,87.05647415062701,95804400
2006-06-20,86.14704132080078,86.64688801869289,85.89017948189755,86.09150691835727,65494700
2006-06-21,86.78573608398438,87.26475141580806,86.05679211006196,86.08456195918404,75008200
2006-06-22,86.40388488769531,86.82042192346667,86.11230949231094,86.74405618231042,74566100
2006-06-23,86.39000701904297,86.98704540948847,86.10537009721278,86.3136412739937,54107000
2006-06-26,86.77184295654297,86.8204388652565,86.25811402206317,86.45944144289263,37899600
2006-06-27,86.02210998535156,86.98014623750691,85.92491283552597,86.78576253097326,69780200
2006-06-28,86.60527038574219,86.61915266774277,85.84161775828598,86.21650293101379,62368100
2006-06-29,88.35469055175781,88.41023024856659,86.89680793814779,86.91763400031182,110634800
2006-06-30,88.36162567138672,88.62543655707506,88.13947220249766,88.54212702003298,54227800
2006-07-03,88.72264862060547,88.8684310747317,88.38247190578524,88.46578146184365,23914000
2006-07-05,88.2158203125,88.47962584887578,87.83399163144453,88.36855178492219,69653400
2006-07-06,88.47274017333984,88.75737193557758,88.22281675956306,88.30612103311626,50100300
2006-07-07,87.89649963378906,88.55601630712239,87.67434614730823,88.29915448320959,81626500
2006-07-10,88.06310272216797,88.46575752265372,87.75764502572729,88.12558619644292,60964100
2006-07-11,88.45189666748047,88.45189666748047,87.431377145171,87.89651023600833,73640800
2006-07-12,87.50774383544922,88.44495381396169,87.2786465328073,88.27139621436466,82561300
2006-07-13,86.0845718383789,87.25087915256765,86.0845718383789,87.09120382593039,102405700
2006-07-14,85.75132751464844,86.26506176927539,85.27231219149228,86.17480843712244,103242500
2006-07-17,85.62637329101562,86.15398986756037,85.49447311929757,85.75133497239312,81159000
2006-07-18,86.06376647949219,86.11930619747254,84.96688088389577,85.88326504433554,122771000
2006-07-19,87.2578353881836,87.65354657106366,85.89020042206313,86.20954582433839,133565300
2006-07-20,86.66075897216797,87.68127823522588,86.54274110684246,87.55631658471764,112259800
2006-07-21,86.04988098144531,86.91073074126952,85.95963290996531,86.88296088160817,101560000
2006-07-24,87.61882781982422,87.69519359597811,86.39004220667557,86.39004220667557,92884000
2006-07-25,87.93122100830078,88.37552802037447,87.2786427670737,87.45914414590283,95480700
2006-07-26,88.04927062988281,88.47969022362503,87.59801966847239,87.88265146789297,84525800
2006-07-27,87.9659194946289,88.646267509966,87.61186056335363,88.43105251820111,87257100
2006-07-28,88.84761047363281,88.95868458536204,88.07007050529737,88.19503219134133,82137000
2006-07-31,88.75737762451172,88.83374341120256,88.47968433623215,88.6254774174121,49593100
2006-08-01,88.31996154785156,88.43103561892211,87.88953694313322,88.40326577701553,65225600
2006-08-02,88.91704559326172,89.1808565786431,88.54910426792291,88.5699303359144,64770900
2006-08-03,89.153076171875,89.24332952326387,88.27140580065782,88.40330598901677,63693800
2006-08-04,89.00032806396484,89.85422842179752,88.50048666493355,89.61125415704286,96294200
2006-08-07,88.79207611083984,88.91703780440095,88.44496088389876,88.79207611083984,45377300
2006-08-08,88.45189666748047,89.18084069671795,88.13254602662158,88.92396824870697,90901300
2006-08-09,88.15336608886719,89.27802108500063,87.89649897033635,88.98643503618607,78910600
2006-08-10,88.4240951538086,88.51434316557032,87.66738154430183,87.87565270566662,69322300
2006-08-11,88.17422485351562,88.30612505817317,87.74379999982352,88.28529898883559,47482200
2006-08-14,88.24360656738281,88.97255044079132,88.11170112638064,88.6046039630777,57839000
2006-08-15,89.29888916015625,89.46549773144953,88.79209847071529,89.03507813145026,68143000
2006-08-16,90.04166412353516,90.17356957006018,89.58346960185239,89.77786382359837,71737600
2006-08-17,90.27079010009766,90.50682592521999,89.89591029508671,89.9583884970691,70992800
2006-08-18,90.72895050048828,90.72895050048828,89.96529300984855,90.38183538530889,58288400
2006-08-21,90.34019470214844,90.4443250126386,90.11109742595612,90.37489774356916,42133600
2006-08-22,90.33329010009766,90.61098872000206,90.02782691476241,90.24304731760802,60839900
2006-08-23,90.08333587646484,90.55541807253285,89.68763004376832,90.37491138295584,66592100
2006-08-24,90.0069580078125,90.31937013066694,89.83340042538856,90.24300437067583,57983000
2006-08-25,90.1180648803711,90.42352801347278,89.93756875313709,90.00004695951223,41756000
2006-08-28,90.5484619140625,90.81922192727322,90.00002458370416,90.00696307387055,52681500
2006-08-29,90.6526107788086,90.82616838622863,90.11805038188248,90.59013258248515,61817800
2006-08-30,90.70813751220703,90.9719378344408,90.63177175213863,90.85391994944676,50052200
2006-08-31,90.69425201416016,90.93723687260356,90.65259988828173,90.84004504784909,37510300
2006-09-01,91.2357406616211,91.34682004698492,90.83308583451219,91.04135703379103,48794500
2006-09-05,91.40933227539062,91.53429927874876,91.08304308004966,91.29825284865387,52348300
2006-09-06,90.60401153564453,91.05526768062572,90.4790551402785,91.02055403976317,53795600
2006-09-07,90.18743896484375,90.64563339418025,89.79867178593199,90.29156924736971,86269400
2006-09-08,90.4443359375,90.56930291829705,90.13193437518026,90.30549197570403,45096300
2006-09-11,90.53457641601562,90.72896005353414,89.88893672538259,90.1527476304922,68496600
2006-09-12,91.42321014404297,91.52734047485313,90.50682086044931,90.63872634155288,69875600
2006-09-13,91.79117584228516,91.9508459230188,91.30521651410524,91.38852080090211,62898400
2006-09-14,91.7980728149414,91.80502189777734,91.46484522535363,91.61063825442496,57805400
2006-09-15,92.0135726928711,92.31339961252404,91.81832344508716,92.25761563311522,76703100
2006-09-18,92.1390609741211,92.31338188641054,91.79738815574031,91.89500744103422,64154100
2006-09-19,91.90894317626953,92.13207901969854,91.39296015781957,92.12509937477724,92089100
2006-09-20,92.39705657958984,92.57835714574797,92.08328105162217,92.21576665313631,75204100
2006-09-21,91.95079803466797,92.56441109484217,91.63702249788066,92.4667918025149,88932500
2006-09-22,91.67189025878906,91.81831387974034,91.34416606371992,91.81134487293006,65966800
2006-09-25,92.3761215209961,92.63412366892442,91.3790111537541,91.85315885965035,92299100
2006-09-26,93.14315032958984,93.1570989815701,92.32035009801925,92.3900827182165,73962700
2006-09-27,93.25471496582031,93.41508721895372,92.92699081395838,93.0803940612003,82432200
2006-09-28,93.21983337402344,93.42902055321298,92.93394458378778,93.25469967717201,58597500
2006-09-29,93.14315032958984,93.39417286671429,93.0734177093926,93.29655358226056,47966600
2006-10-02,92.79450988769531,93.31747262783807,92.70385960803189,93.11525441008186,51687400
2006-10-03,92.98974609375,93.34535691770647,92.4946700308736,92.66202193375518,73108100
2006-10-04,94.07746887207031,94.13325281717037,92.7944700538679,92.89905830111825,80890500
2006-10-05,94.25885009765625,94.41923308519728,93.95902307172376,94.07756008009544,60505900
2006-10-06,94.1402587890625,94.20302240175944,93.71491535038045,94.09842347373375,64983600
2006-10-09,94.19608306884766,94.34251737487111,93.88230742989266,94.02874173591611,41176800
2006-10-10,94.3215560913086,94.44706203296975,94.02171860894563,94.20301915539412,56403700
2006-10-11,94.20999908447266,94.4331243309754,93.6452010021041,94.02172951044825,104071800
2006-10-12,95.02581024169922,95.1025118649702,94.41219725553142,94.44706356423707,59158600
2006-10-13,95.26986694335938,95.32565091120993,94.85846151042446,94.94214278205229,53944000
2006-10-16,95.41629028320312,95.56272452836559,95.12343243258213,95.19316505212691,42273000
2006-10-17,95.116455078125,95.31866263353079,94.6004614020127,95.1582903902984,90500600
2006-10-18,95.24198913574219,95.78586963398828,94.90032689231171,95.55576470939091,86848600
2006-10-19,95.39533996582031,95.44415491073019,94.99091431826803,95.10248221546182,64063200
2006-10-20,95.41629028320312,95.49299190882081,95.06067945881419,95.41629028320312,48094500
2006-10-23,95.85556030273438,96.08566512659257,95.10249287184433,95.22102978600738,66219900
2006-10-24,96.14144897460938,96.17630463661158,95.68123932740436,95.72307463356819,53234900
2006-10-25,96.46920776367188,96.51104308488583,95.88348134756059,96.04386426515448,78105400
2006-10-26,96.7690200805664,96.92242332837755,96.21119105577169,96.68534945074349,66843700
2006-10-27,96.16241455078125,96.74813040837259,95.96717593158414,96.65051109877403,80238000
2006-10-30,96.09265899658203,96.36459919701943,95.80677014389792,95.98807070399234,49717800
2006-10-31,96.07865905761719,96.40638305239834,95.70213076558063,96.27390816573448,71274100
2006-11-01,95.43023681640625,96.44129593913543,95.33261753503317,96.37854296676068,83005600
2006-11-02,95.37442016601562,95.5347923648054,95.08156242225601,95.18615067370585,60693100
2006-11-03,95.20709991455078,95.79979524196156,94.56560026683638,95.71612461303903,71346400
2006-11-06,96.28087615966797,96.42033068712067,95.49294265199748,95.4999222941741,63303300
2006-11-07,96.65050506591797,96.90849665953048,96.22516153499389,96.36461616290049,63318900
2006-11-08,96.85968017578125,96.95729946703933,95.43024647973421,96.22514946275136,87517800
2006-11-09,96.35065460205078,97.02005162192542,96.15541602119248,96.92940133806096,95916300
2006-11-10,96.3924789428711,96.46220091199574,96.02988852843514,96.32274633404415,48991500
2006-11-13,96.62955474853516,96.9502992203567,96.27394397159323,96.35063494727457,59398200
2006-11-14,97.354736328125,97.43841759813243,96.30881089051402,96.90150622770841,96704000
2006-11-15,97.63365173339844,97.93347857152257,97.29197894231682,97.31987624428848,76509600
2006-11-16,97.88465881347656,98.09383534675469,97.26407693878106,97.92649412013219,76728800
2006-11-17,97.9126205444336,97.91958955431906,97.43149286959301,97.5709475452705,56353800
2006-11-20,97.96833801269531,98.13568989368606,97.57786093008608,97.82888343172094,69174200
2006-11-21,98.06597137451172,98.08688903267841,97.82191784296147,97.96138308367821,51367900
2006-11-22,98.26119995117188,98.42855183919065,97.96834212691627,98.14266302038054,45505300
2006-11-24,97.86376190185547,98.20542407175763,97.75916297334562,97.78706027682979,30998000
2006-11-27,96.51798248291016,97.86374519411446,96.49009582389077,97.814930241203,84545100
2006-11-28,96.93634796142578,97.03396721859937,96.30181746994685,96.39246772292987,106652900
2006-11-29,97.94742584228516,97.98926115494987,96.97820208664142,97.25014225866511,90034900
2006-11-30,97.98927307128906,98.3518635579825,97.4523616674917,97.9265200946607,83994300
2006-12-01,97.77312469482422,98.07993123593904,96.90152003925041,97.98928094705369,126080000
2006-12-04,98.5191650390625,98.70046552903777,97.78004635140984,97.79399499826181,87813200
2006-12-05,98.94451141357422,98.986357355434,98.49825045770734,98.70743760820442,73374400
2006-12-06,98.86088562011719,99.06310385848104,98.66564702841053,98.92363860180033,53253200
2006-12-07,98.42855834960938,99.22346125079603,98.39369204066975,99.03519169428498,62857400
2006-12-08,98.60983276367188,98.9445258695462,98.16357174260547,98.40762522712544,79625500
2006-12-11,98.89573669433594,99.07702660449647,98.55406389164885,98.60984785778369,39779400
2006-12-12,98.81900024414062,98.92358849396872,98.24025376912543,98.79808259417501,77451600
2006-12-13,98.9236068725586,99.25133096917291,98.70745068962188,99.17462935848229,55520200
2006-12-14,99.7951889038086,99.87887014018085,98.90266707363396,98.91661571964592,64755200
2006-12-15,99.80435943603516,100.19000439655804,99.73424897893135,100.01471220531911,70857400
2006-12-18,99.5308837890625,100.18297617122983,99.39065220440867,99.94457070843578,48954600
2006-12-19,99.72018432617188,99.95857904698236,98.997981631434,99.25040271787515,65023600
2006-12-20,99.66411590576172,100.02872661565745,99.57296055354153,99.76227909315844,41469600
2006-12-21,99.29946899414062,99.86741370695009,99.08912702567868,99.75523489009743,48698400
2006-12-22,98.68949890136719,99.32054647975674,98.63340411900143,99.3135386440807,62069100
2006-12-26,99.27146911621094,99.29250332198845,98.71053199784434,98.73156620362184,32696900
2006-12-27,99.92353057861328,99.98664388210037,99.44674107927469,99.47478311494847,39727100
2006-12-28,99.71320343017578,100.05676923857447,99.55894546351247,99.85343502741924,37288800
2006-12-29,99.29946899414062,99.94454266171317,99.16624528146065,99.60798481319296,45461200
2007-01-03,99.12419128417969,100.16893624152684,98.56326502150627,99.74122301189963,94807600
2007-01-04,99.33451080322266,99.60095817828368,98.5912741243462,99.02599504241074,69620600
2007-01-05,98.542236328125,99.14524178874898,98.43005747653183,99.09616554723654,76645300
2007-01-08,98.99803161621094,99.15228961908768,98.33893118555353,98.73860256545805,71655000
2007-01-09,98.91384887695312,99.2854673389828,98.44405655047986,99.08212247546763,75680100
2007-01-10,99.2433853149414,99.26443021311798,98.37394321762501,98.57026954275983,72428000
2007-01-11,99.6781005859375,100.00063205292403,99.21532688219456,99.27142163710103,54476800
2007-01-12,100.43539428710938,100.43539428710938,99.64307034408182,99.67111238057684,55370600
2007-01-16,100.23908233642578,100.57564031763951,100.0778058317109,100.31621132159823,44871300
2007-01-17,100.2811279296875,100.58964380018054,100.07778306096124,100.16193056135754,50241400
2007-01-18,99.94462585449219,100.44946839698831,99.78335997810842,100.38636575392378,68177300
2007-01-19,100.140869140625,100.33719542321265,99.88844810601519,99.94453215905739,56973000
2007-01-22,99.83238983154297,100.33723208522586,99.51685539875324,100.3161978829044,60253600
2007-01-23,100.12687683105469,100.32320318041297,99.60800822261714,99.74823980087541,54064400
2007-01-24,100.9332275390625,100.9542617431671,100.20401683247191,100.24608524068111,55834700
2007-01-25,99.74822998046875,100.91217229348881,99.57293785015789,100.87010389405141,73583800
2007-01-26,99.65715026855469,100.0217504338486,99.27150519085006,99.9656663307184,67255600
2007-01-29,99.60104370117188,100.12692037256245,99.38368305550189,99.6992069185386,66114600
2007-01-30,100.11986541748047,100.1689523578025,99.60801530589674,99.81136020296746,70407600
2007-01-31,100.7929916381836,101.05943914410213,99.84640969798778,100.0076861878776,91868600
2007-02-01,101.39601135253906,101.43107192914024,100.90519537707998,101.07346902638832,69312400
2007-02-02,101.5362319946289,101.63439517911966,101.23473460618754,101.48013721792209,49607000
2007-02-05,101.56424713134766,101.62734971966171,101.2066443996065,101.45906545184349,45705300
2007-02-06,101.59233093261719,101.69049412112876,101.19967817857086,101.64842571162167,57081300
2007-02-07,101.81668090820312,101.9218519018704,101.36793350358603,101.7535676130207,55669700
2007-02-08,101.6834716796875,101.75358211913334,101.15759523841747,101.51518736684699,70641000
2007-02-09,100.9262466430664,101.90087092300192,100.54060163323848,101.71155233654318,79084400
2007-02-12,100.58262634277344,100.99631321945611,100.40032637143437,100.92620278385631,65657000
2007-02-13,101.43108367919922,101.59935734800086,100.80002532423185,100.80704385975663,64081800
2007-02-14,102.09719848632812,102.30053274887808,101.51522704663306,101.52925341959823,66039400
2007-02-15,102.23036193847656,102.33553292616656,101.97092233720544,102.13920661649091,38715200
2007-02-16,102.18130493164062,102.20233913533772,101.83072060470947,101.97797072957377,39841800
2007-02-20,102.39867401123047,102.51086357292704,101.66946325817372,102.06211602512624,56911800
2007-02-21,102.3565673828125,102.41968067456773,101.9148385344148,102.09713847986612,63971600
2007-02-22,102.27947235107422,102.66511726646671,101.78865641284062,102.4056882774686,79067400
2007-02-23,101.87980651855469,102.2233723081323,101.6904879882054,102.18832243498032,71966200
2007-02-26,101.78868103027344,102.33559187928684,101.49419139611142,102.25145504066558,69192800
2007-02-27,97.81298828125,101.10847750290107,97.46240409386202,100.88410918644253,274466500
2007-02-28,98.81573486328125,99.55196439964996,98.02342122609373,98.43710833831427,177536300
2007-03-01,98.52123260498047,99.04010141268962,96.7963632018988,97.70086632317513,212828600
2007-03-02,97.23104858398438,98.62637795113773,97.2240407496109,98.19866467671268,162574000
2007-03-05,96.30553436279297,97.86913771644362,96.29150799174616,96.71220283227369,143750400
2007-03-06,97.95319366455078,98.24768301945534,96.56488364886428,97.3081202158583,143333300
2007-03-07,97.85509490966797,98.48615311294628,97.74290535810945,97.87612911321213,115144900
2007-03-08,98.68250274658203,98.97699236462115,98.21272092502056,98.54226042457452,117891600
2007-03-09,98.71048736572266,99.1592347177169,98.2196716211947,99.08210576507817,107765100
2007-03-12,98.85772705078125,99.10312954776838,98.27575605092883,98.45805596574611,80366900
2007-03-13,96.93657684326172,98.70352503713337,96.78932670252834,98.28982735554237,190605200
2007-03-14,97.65877532958984,97.71487010926676,95.88481938087529,97.06277765713473,231853800
2007-03-15,97.79199981689453,98.15661053799731,97.32221806998584,97.44141546556101,132435900
2007-03-16,97.51817321777344,98.29252236011442,97.22955119731704,98.06725324909797,121531600
2007-03-19,98.69375610351562,98.78527301133195,97.95460669300323,98.03204159775065,96161200
2007-03-20,99.23578643798828,99.29210370089842,98.52480113390932,98.60927165756475,82147400
2007-03-21,100.86895751953125,101.12237986564054,99.13021147486756,99.32731655057246,152368700
2007-03-22,100.79151153564453,101.14348638091457,100.5169715859907,101.00269859109052,118942200
2007-03-23,100.9393539428711,101.23501154808055,100.77040213642823,100.86191904092904,74416800
2007-03-26,100.80557250976562,101.12234765614775,100.02418808660029,101.01675952115957,113787500
2007-03-27,100.56625366210938,100.77744071848335,100.23539644678814,100.74927671554288,99864600
2007-03-28,99.83418273925781,100.29174589036295,99.43996176154268,100.05944112795743,152907900
2007-03-29,99.9397201538086,100.39024744372979,99.39064035488644,100.34096581852037,139432700
2007-03-30,99.96083068847656,100.55214570052462,98.94714167272724,100.12978243824048,128194100
2007-04-02,100.07347106933594,100.28465808359739,99.59477978758214,100.07347106933594,79416400
2007-04-03,101.15052795410156,101.35466862844973,100.60144808084033,100.64368334164207,82417800
2007-04-04,101.2631607055664,101.33354922519807,100.77743373200568,101.15052618445279,63995200
2007-04-05,101.53765869140625,101.67844641392821,101.0941671611181,101.13640240373321,46822800
2007-04-09,101.6784896850586,101.93191199001248,101.4743382703189,101.82631309712045,50967400
2007-04-10,101.79817962646484,101.96713144308426,101.55883927565336,101.60107454445287,56620000
2007-04-11,101.38282012939453,101.97413519054815,101.04491660180561,101.94598193395808,106365700
2007-04-12,101.8333969116211,102.01642002194333,100.90417787131615,101.18576428114639,115534400
2007-04-13,102.29798126220703,102.29798126220703,101.62218478631178,102.0023129192762,84287000
2007-04-16,103.2694320678711,103.38206661223748,102.64996355669872,102.65699918768861,83064600
2007-04-17,103.54395294189453,103.76217561793158,103.2342133727764,103.4594824199239,108424100
2007-04-18,103.67066192626953,103.97335510226223,103.17789934824735,103.19901697720411,88345300
2007-04-19,103.64251708984375,103.76218725653155,103.03008425402373,103.1638364230926,102947700
2007-04-20,104.62100982666016,104.62100982666016,103.50876791760497,104.33943421940961,124114100
2007-04-23,104.22676849365234,104.69841340245493,104.16341561219029,104.44499113518901,77270800
2007-04-24,104.26904296875,104.46614805727371,103.70589171092327,104.34647787791444,114471000
2007-04-25,105.22638702392578,105.35310354206777,104.19862658577524,104.69842480474166,108418800
2007-04-26,105.34602355957031,105.45162241456603,104.95885998216555,105.23339981888978,88741600
2007-04-27,105.26164245605469,105.40947668202219,104.77591523827873,104.95190273797004,108191100
2007-04-30,104.38870239257812,105.409438110418,104.33239586573428,105.33903883973228,100874100
2007-05-01,104.65615844726562,105.21932012866901,103.9522090308653,104.48017109316554,134342700
2007-05-02,105.26863861083984,105.55726058003526,104.7125230465989,104.81811121024576,87129800
2007-05-03,105.8388442993164,105.87403319204743,105.40238817039703,105.57133996947101,86569700
2007-05-04,106.2400894165039,106.38087721084572,105.74732676559742,106.12041925424234,96409000
2007-05-07,106.26118469238281,106.4371720836393,106.1626321829359,106.21191380836831,63461400
2007-05-08,106.12042999267578,106.24010016704689,105.68398456362571,106.00075981830467,80584000
2007-05-09,106.40902709960938,107.57758604633771,105.852900884811,106.04297028974123,102070100
2007-05-10,105.29679107666016,106.31048030226862,105.0785684014232,106.10632888636226,153617800
2007-05-11,106.19783782958984,106.24710871639739,105.39533570962493,105.41645333845938,113408900
2007-05-14,105.9655532836914,106.50759758996793,105.44462661025756,106.19785798638135,108027500
2007-05-15,105.99369812011719,106.76100061842708,105.72619383059245,106.08520426541357,180673300
2007-05-16,106.7187728881836,106.73989051869688,105.85995344257867,106.15561101118406,114166500
2007-05-17,106.50758361816406,106.97219296259588,106.37383146675923,106.56390087883027,101132800
2007-05-18,107.43682098388672,107.43682098388672,106.86662333296161,107.00741115246797,99182000
2007-05-21,107.3804702758789,107.86619723215802,107.35231701731173,107.40863427586484,174664600
2007-05-22,107.2960205078125,107.81694719410216,107.267867243801,107.49312558015544,82148800
2007-05-23,107.31009674072266,108.05628172324617,107.2537794743069,107.66910723002542,133786600
2007-05-24,106.33867645263672,107.85217527183369,106.1134180568795,107.37348372603614,187593000
2007-05-25,106.78208923339844,107.01439383095737,106.42306815470928,106.64833712497821,83309200
2007-05-29,107.16926574707031,107.35228873308256,106.6131396787683,106.95807876849254,82020000
2007-05-30,108.04214477539062,108.08438001836825,106.53569357450519,106.62017480187521,129013600
2007-05-31,107.9295654296875,108.33081114441086,107.78876690663587,108.17594136218943,114866700
2007-06-01,108.46456909179688,108.68982740616062,108.0633126142149,108.32378130264208,107771700
2007-06-04,108.47869110107422,108.68283185942471,108.04223482987952,108.08447010806074,78008800
2007-06-05,108.04927825927734,108.33788956612499,107.60578636761315,108.22526574118557,126917900
2007-06-06,106.88768768310547,107.66907204446498,106.82433480712363,107.60571916848316,164096800
2007-06-07,104.95886993408203,107.35229382777403,104.9307059401799,106.69057960948768,232414600
2007-06-08,106.32455444335938,106.43015333971697,104.95185472206776,105.29679393056449,175886000
2007-06-11,106.50758361816406,106.96514659162563,106.0852095338771,106.24711494490548,102015600
2007-06-12,105.34602355957031,106.67648749775931,105.2756350643219,106.06405495616268,233898000
2007-06-13,106.92289733886719,107.04961384413801,105.39532809549354,105.94440788835898,193208200
2007-06-14,107.60578155517578,107.78880466126256,107.02150185240036,107.04261948997103,146396500
2007-06-15,108.21800231933594,108.63512012169555,108.11901424313328,108.2674855697219,154030800
2007-06-18,108.09075927734375,108.44425119868868,107.92815601408594,108.43718524384002,88537500
2007-06-19,108.35938262939453,108.43715125922613,107.71602494512533,107.85035355917208,110851700
2007-06-20,106.8534927368164,108.57853431550834,106.72624087660772,108.57853431550834,177119700
2007-06-21,107.44742584228516,107.53933721481982,106.22434653666743,106.81114455415842,205262000
2007-06-22,106.43640899658203,107.29893006115117,105.94152251389063,107.12218411821021,204964700
2007-06-25,105.92737579345703,106.93129141669448,105.35472068611952,106.21724171791938,232014400
2007-06-26,104.83857727050781,106.3727409411649,104.83151131916489,106.19599506818442,198445700
2007-06-27,106.33033752441406,106.45053423909691,104.67599835878183,104.72549239279412,213638000
2007-06-28,106.31622314453125,107.04441556707876,105.81425991953705,106.31622314453125,157705000
2007-06-29,106.35155487060547,107.2140758643109,105.44661658011378,106.68383807905175,199701800
2007-07-02,107.31306457519531,107.40497591982557,106.59194887764188,106.66264078390505,103357000
2007-07-03,107.70191955566406,107.8150395632745,107.45448167519864,107.58879954805363,54048400
2007-07-05,107.58876037597656,107.8574175993063,107.19992802142721,107.74429763288181,89279000
2007-07-06,108.15436553955078,108.28869417123579,107.41203048235994,107.73018178380984,81109000
2007-07-09,108.23922729492188,108.42303920477784,107.8998672937335,108.28164459814117,72348100
2007-07-10,106.697998046875,107.89280244244968,106.59195478774232,107.66656243934382,180362600
2007-07-11,107.45446014404297,107.4968774414681,106.41519320626499,106.57779644229987,175607600
2007-07-12,109.15123748779297,109.40575210837446,107.7019184202516,107.72312707299025,133882500
2007-07-13,109.47640228271484,109.90766266101218,109.15118511723144,109.27844776032055,111794300
2007-07-16,109.46235656738281,109.95724331180188,109.2856105309673,109.57547661974202,98378700
2007-07-17,109.40572357177734,109.92181863333286,109.35622953648509,109.53297545501785,126201300
2007-07-18,109.20773315429688,109.44103898469405,108.38056382164025,109.03805324463222,237887400
2007-07-19,109.6319580078125,109.95716444042483,109.40571806537417,109.72385854517813,145212700
2007-07-20,108.52200317382812,109.57541282111262,108.04832536655293,109.50471013262322,245502500
2007-07-23,108.85426330566406,109.38450099373307,108.38058559884801,109.00272381720389,121183900
2007-07-24,106.9666519165039,109.07346063607343,106.5848746204596,108.25335683274254,256732400
2007-07-25,107.18585968017578,107.73730641437436,106.22436087403342,107.47572574981692,265214500
2007-07-26,104.647705078125,106.61311842751194,103.49531847274099,106.18185804292199,467592500
2007-07-27,102.59038543701172,105.24863975494209,102.54796814919197,104.78203880121183,422987600
2007-07-30,104.1952896118164,104.49928750772916,102.71768507664726,103.17015433669938,283017500
2007-07-31,103.02164459228516,105.66576697399155,102.54089016483266,104.86687210403929,316976700
2007-08-01,103.52359771728516,103.93364947742107,101.77028150557982,102.6398682655387,467670000
2007-08-02,104.35081481933594,104.46392403043184,102.69646450292083,103.75694021942743,294758400
2007-08-03,101.66426849365234,104.33666628675807,101.24007391568917,104.12456899777649,359398200
2007-08-06,103.36811828613281,103.80644484154898,100.76641198692579,101.95415052004928,324980000
2007-08-07,104.470947265625,105.3405338872221,102.67520326428154,103.17716625959886,232568700
2007-08-08,105.92737579345703,106.46467955600619,104.16698238506896,104.92346017021958,274930600
2007-08-09,102.7883529663086,105.30521304711263,102.71765028586218,104.23059487307104,357622100
2007-08-10,102.30762481689453,103.57312100268724,101.18351243806462,102.08138483523545,411018400
2007-08-13,102.67526245117188,103.84885824192536,102.52680188243991,103.57313496941991,181917200
2007-08-14,101.10572052001953,103.26202265260575,100.9007000230848,103.00750812568224,264134500
2007-08-15,99.71296691894531,102.13086043862373,99.41603508741085,100.90070503279735,323834000
2007-08-16,100.46240234375,101.05626614698566,96.85678064691679,98.82926070327692,546743700
2007-08-17,102.30762481689453,103.08530048148643,99.96043355190398,102.86613724157675,388218100
2007-08-20,102.25813293457031,102.84493076320747,101.30370052183302,102.63283347285294,187320400
2007-08-21,102.46311950683594,103.19838843122515,101.9046072555609,102.2298244312932,157066400
2007-08-22,103.67916107177734,103.78521510532073,102.74594814534684,103.22669191005315,173156700
2007-08-23,103.58727264404297,104.38615702744082,102.94391477682156,104.16699376860467,203915300
2007-08-24,104.86685180664062,104.86685180664062,103.41753364053756,103.55892816675743,128901900
2007-08-27,103.8912582397461,104.86689925117723,103.73572095422183,104.5275500771769,113024300
2007-08-28,101.6076889038086,103.39635663766875,101.42387704225206,103.3327306995585,219790700
2007-08-29,103.60137939453125,103.74278475479848,101.77737106948528,102.06722616751854,207654200
2007-08-30,103.32566833496094,104.06093745891475,102.73180458787833,102.83078187905876,191817300
2007-08-31,104.34374237060547,104.98710025414428,103.8064385357113,104.38615967497641,185477500
2007-09-04,105.39714050292969,106.0334215734588,104.20940217350167,104.24475351913463,120062000
2007-09-05,104.4850845336914,104.88807029836704,103.92657232696286,104.7749503516814,166261800
2007-09-06,104.72553253173828,105.06488179605009,104.01147186151138,104.59826981529723,127878400
2007-09-07,103.2691421508789,103.84886333196637,102.69647613740585,103.5589973475636,235447600
2007-09-10,103.07113647460938,103.72863684610904,102.03894643792573,103.58724228066504,192305900
2007-09-11,104.27304077148438,104.4215013229896,103.3115424067765,103.38931105347038,162081900
2007-09-12,104.54169464111328,104.94468059904511,103.91247946903144,104.13164272851701,149554600
2007-09-13,105.2769775390625,105.65874410717329,104.77501421201842,105.02246289774916,154079000
2007-09-14,105.26988983154297,105.40421848765067,104.44979677292075,104.60533408128575,121911000
2007-09-17,104.70429229736328,105.093124709664,104.37200908896003,104.852752836096,109870800
2007-09-18,107.78675079345703,107.81502539778589,104.72550976140705,105.22039624503397,263759500
2007-09-19,108.42304992675781,109.15124247127889,107.96351471281588,108.45840127884213,193779900
2007-09-20,107.65949249267578,108.47251954979194,107.53930654087615,108.40889359667155,175186800
2007-09-21,107.95000457763672,108.76688847177748,107.78662996658687,108.47565829700811,141457500
2007-09-24,107.75108337402344,108.55376811514878,107.51667072823757,108.26962664803469,139450200
2007-09-25,107.5379867553711,107.72978090288981,106.88447759818847,107.1259897312776,142289900
2007-09-26,108.10628509521484,108.51828221919075,107.53801282632078,108.1489036185758,135547000
2007-09-27,108.74562072753906,108.75273104305455,108.10632098708982,108.61776511500746,102713300
2007-09-28,108.38333129882812,108.81663774430469,107.95712432859452,108.5751255193226,133372100
2007-10-01,109.6050796508789,109.92472936169708,108.32646996871603,108.39750805507126,148162300
2007-10-02,109.4559097290039,109.85369702005876,109.25701608347649,109.82528828736517,112978800
2007-10-03,109.23576354980469,109.68327990407971,108.68880032112371,109.25707282011336,119055900
2007-10-04,109.40621185302734,109.57668595831461,109.10076101623306,109.47013964251006,76864400
2007-10-05,110.70613098144531,110.88371540019072,109.83951815085629,110.12364888529186,134579700
2007-10-08,110.11653900146484,110.4503985442586,109.9389545995061,110.37936044791843,71280400
2007-10-09,111.15367126464844,111.16788105750199,110.12368348013773,110.52858128474254,94054300
2007-10-10,110.96895599365234,111.12523115424631,110.39358419278051,110.84108957185133,101711100
2007-10-11,110.4361801147461,111.8923742646279,109.77556055493437,111.4732668712459,233529100
2007-10-12,111.04708862304688,111.06129841125637,110.29413243133276,110.42909832209143,124546700
2007-10-15,110.10939025878906,111.06835003023266,109.34933491989922,111.0044222691732,161151900
2007-10-16,109.23576354980469,109.761417508177,109.01556053068408,109.68327990407971,166525700
2007-10-17,109.56954956054688,110.16623040576687,108.30514979091393,110.08809285421026,216687300
2007-10-18,109.17183685302734,109.5270058136585,108.73853028750149,109.00135184992166,148367500
2007-10-19,106.31622314453125,111.15362027762876,106.30912367080914,108.74557634110877,297169900
2007-10-22,106.93421173095703,107.09048686158641,105.5987844858846,105.74084983039558,261989800
2007-10-23,107.80081176757812,107.93577762263087,106.72820607771587,107.58771919527351,180085100
2007-10-24,107.60195922851562,107.78665398022476,105.7266680039291,107.41017584020922,326694200
2007-10-25,107.85768127441406,108.1773310938856,106.46542535528219,107.72271536779647,237374500
2007-10-26,109.12203979492188,109.12203979492188,107.90025846684865,108.72425254185427,176484000
2007-10-29,109.48433685302734,109.70453977298766,109.07233974775997,109.3422606630864,106841000
2007-10-30,108.72429656982422,109.21443136186637,108.58933066025966,109.001327864601,132981600
2007-10-31,109.85372924804688,110.29414602568413,108.56801964837838,109.37780425384823,220954400
2007-11-01,107.28230285644531,108.97291006495645,106.96975253162208,108.8876621697999,333040800
2007-11-02,107.40303802490234,107.97131024661009,105.98947320264294,107.6374507228152,331228200
2007-11-05,106.58615112304688,107.37462623397904,105.81898527141904,106.2949101273668,226841000
2007-11-06,108.02103424072266,108.04944297303462,106.47959225025599,107.16152105353984,177800500
2007-11-07,105.06603240966797,107.35332024847038,104.81031045132697,106.86318559174256,306639700
2007-11-08,104.53328704833984,105.41409876267412,103.04868401978644,105.12286857523014,374509900
2007-11-09,103.09840393066406,104.8032099194432,102.92081952187907,103.48909179776949,277745100
2007-11-12,102.07549285888672,104.14257750982077,102.07549285888672,103.1481093816513,243087800
2007-11-13,105.18677520751953,105.35014979282607,103.15520958370462,103.26175587001546,191117400
2007-11-14,104.89559173583984,106.12447321339678,104.26339146646013,105.99661759974268,230558800
2007-11-15,103.38249969482422,104.76766628612651,102.65796335595451,104.11415718342073,263111100
2007-11-16,103.56011199951172,104.04314719470818,102.69351011548741,103.92949057949826,308770600
2007-11-19,102.11812591552734,103.25467037147925,101.71323913385991,103.19784206479252,267746000
2007-11-20,102.74324798583984,103.3754481267674,100.94609441088087,102.30284206531988,414767500
2007-11-21,100.64060974121094,102.2246701378489,100.63351026835642,101.63508872422744,259012400
2007-11-23,102.38095092773438,102.5301157381781,101.36516263094946,101.6279948855963,77688400
2007-11-26,100.12207794189453,102.9137102175717,99.91608481649222,102.59404964117786,214232000
2007-11-27,101.27283477783203,101.74164934675285,100.12208051875739,100.68325328113934,293897900
2007-11-28,104.51197814941406,104.75349034038291,102.38806475039604,102.42358379939546,258596900
2007-11-29,104.54750061035156,104.93108904960486,103.78034540963186,104.14971322067663,199409900
2007-11-30,105.59883117675781,106.4583339363604,104.65408050164318,105.86875219900786,222908000
2007-12-03,104.90266418457031,105.44962723725675,104.62563292080058,105.26494334104122,146430400
2007-12-04,103.96503448486328,104.80322783494452,103.92951542925607,104.1781379796125,136533900
2007-12-05,105.70536041259766,105.98239170565475,105.00923244215309,105.08025971487125,171130000
2007-12-06,107.2184066772461,107.41020094928174,105.53490928631197,105.57752782700958,154457400
2007-12-07,107.19705200195312,107.61614859316012,106.94133002718598,107.559320283335,148980100
2007-12-10,108.02816009521484,108.14891620508864,107.16154722304454,107.45988776018449,123914300
2007-12-11,105.06603240966797,108.60351046764238,105.00920410349318,108.07075729100625,250346400
2007-12-12,106.1031494140625,107.80796656825277,104.56171775124957,107.30362198159509,322435600
2007-12-13,105.88292694091797,106.11733966291065,104.63273659584921,105.3572840239273,237551300
2007-12-14,104.5404052734375,105.91136276593753,104.49068726720674,105.0802580609534,159152900
2007-12-17,103.04869079589844,104.32728992838129,102.89951511636602,104.14260603652976,177269400
2007-12-18,103.62406921386719,104.05026533904265,102.26022210329769,103.78034437809953,245569300
2007-12-19,103.62406921386719,104.34150640319322,102.95635002830963,103.6666877424954,198917200
2007-12-20,104.27753448486328,104.32015299545732,103.12678050438024,104.30594321229638,214813800
2007-12-21,105.7807846069336,105.9878710602294,105.03810644414826,105.23805574264749,146084400
2007-12-24,106.5662612915039,106.74478817005128,106.03068065586177,106.2734854919623,45601400
2007-12-26,106.79476928710938,106.88759584427432,106.0449542996471,106.15206605653539,67093100
2007-12-27,105.45227813720703,106.42346500256804,105.2023469909944,106.4163278485911,122981700
2007-12-28,105.18806457519531,106.1235439026349,104.90241496227041,106.07355113421607,116398100
2007-12-31,104.40972137451172,105.40946808093251,104.302598651124,105.04527697282676,108126800
2008-01-02,103.4956283569336,104.96669943768167,102.74582395555264,104.63820508657383,204935600
2008-01-03,103.44567108154297,103.89556254649254,102.88153063359599,103.4813786559142,125133300
2008-01-04,100.91053771972656,102.43159031178487,100.62489905384159,102.3601751971053,232330900
2008-01-07,100.82489776611328,101.56756519963288,100.04652275773499,101.26764118437946,234991000
2008-01-08,99.19669342041016,102.04597588816154,98.86106196286076,101.46041329815935,326365700
2008-01-09,100.23928833007812,100.53921223845944,98.33262219338522,99.32523140079654,301824900
2008-01-10,100.89627838134766,101.9745880487741,99.5251928200845,99.74656447735447,335701200
2008-01-11,100.08219909667969,101.33188768780836,99.26097952393447,100.53209047634033,267076600
2008-01-14,100.8891372680664,101.30332105101233,100.26071899098719,100.8034478289807,170365500
2008-01-15,98.66828155517578,101.0391248769707,98.47546938227772,99.8251327997218,239940100
2008-01-16,97.81844329833984,99.34663292809557,97.31857022251617,98.0898076379652,378802600
2008-01-17,95.2834243774414,98.46121366682294,94.92637038056019,98.41122087697642,397892600
2008-01-18,94.30504608154297,96.41880933092564,93.61950890084704,96.21886007852125,348561500
2008-01-22,93.34815979003906,94.56927785994124,89.97757056080953,90.84164022748931,435923700
2008-01-23,95.59043884277344,95.82609564619196,90.57740069827194,90.75592758906627,511913000
2008-01-24,96.39738464355469,96.73301607263373,95.19767826172777,96.03318280972772,259949300
2008-01-25,95.00489807128906,97.66137999126228,94.69069978846656,97.4828530390943,269603900
2008-01-28,96.57594299316406,96.7758923058613,94.30507451835912,95.16200170083596,217934600
2008-01-29,97.05436706542969,97.43998037712893,96.31883710509393,97.19004925360339,168968300
2008-01-30,96.34025573730469,98.93245882980524,96.11888413207028,96.8187065058732,334939200
2008-01-31,98.09696960449219,98.93247429180349,95.11914185338212,95.26196121168499,343680800
2008-02-01,99.67515563964844,99.69657799927153,98.20409549796241,98.50401942910452,206843600
2008-02-04,98.41835021972656,99.47522679856739,98.2898051391477,99.41095970648855,124694300
2008-02-05,95.78323364257812,97.29713791633183,95.45473942840144,97.07576635514121,286882500
2008-02-06,95.01205444335938,96.58308958073023,94.55502584164384,96.10463861459219,250792900
2008-02-07,95.64043426513672,96.25456729239238,94.06939958270216,94.11939234949213,297368100
2008-02-08,95.02628326416016,95.84750247017647,94.333598168408,95.04055756769067,221643500
2008-02-11,95.51187133789062,95.85463986253697,94.29074280524156,95.0477058544407,188576300
2008-02-12,96.39738464355469,97.3400009683174,95.6761290252961,96.3402547304756,256654400
2008-02-13,97.38284301757812,97.8755789700541,96.5044937828781,97.12576386395659,181967800
2008-02-14,96.52592468261719,97.83274292117821,96.25456030298955,97.79703536126655,215207200
2008-02-15,96.50452423095703,96.56165416049978,95.62617471912952,96.04749569103492,154110300
2008-02-19,96.77586364746094,97.75418755890408,96.12602312542309,97.63279057617454,145190000
2008-02-20,97.06149291992188,97.51138414488067,95.51901805984838,95.68327063505252,220085700
2008-02-21,96.25456237792969,97.83988218370813,95.74041491050475,97.58995105177371,201051200
2008-02-22,96.8472671508789,97.01151974078137,94.87633413980241,96.38310157938727,205491000
2008-02-25,98.06840515136719,98.29691393385731,96.24742845958316,96.790146352363,190107000
2008-02-26,98.80392456054688,99.22524541486018,97.47568403454909,97.65421092838525,212420700
2008-02-27,98.70394897460938,99.36092662995836,98.12552358763998,98.23263536433181,168395800
2008-02-28,97.73988342285156,98.51826882644431,97.51137470445381,98.00411058953065,170831100
2008-02-29,95.5618896484375,96.89011939874001,94.81921160058427,96.83300037636778,252715200
2008-03-03,95.3333511352539,95.55472271656093,94.43357960904655,95.0762719997067,189483500
2008-03-04,94.96917724609375,95.26195309191301,93.54096199196361,94.426448475817,282513100
2008-03-05,95.56903076171875,96.2402937147915,94.50500641095256,95.27624400194561,270681400
2008-03-06,93.5909423828125,95.13341744807232,93.22675142146677,94.96202769757096,247911700
2008-03-07,92.62691497802734,94.0765527438338,91.81996978654398,92.66975969679304,326434600
2008-03-10,91.40575408935547,92.78397624495483,91.1129674181484,92.71970918925035,235683600
2008-03-11,94.69068145751953,94.77637089111721,92.08418192260086,93.34815555025821,341440600
2008-03-12,93.80516815185547,95.52616996154138,93.66234882121793,94.79064005716245,229161100
2008-03-13,94.01229095458984,94.71926162519362,91.83427080195706,92.55551578366104,351504200
2008-03-14,92.55548858642578,94.84063077934984,91.2486703409995,94.81207126912095,484687800
2008-03-17,91.62002563476562,92.3055629662646,90.02756297016657,90.38461684177796,405311100
2008-03-18,95.42619323730469,95.46903794591002,92.81969420084575,93.27672258666304,334416600
2008-03-19,93.06251525878906,96.15459183034199,92.86255508976285,95.790400847324,345971600
2008-03-20,94.78629302978516,95.38193806069786,92.76253442232054,93.32947855009836,245320700
2008-03-24,96.68085479736328,97.46308294996417,95.61874634473261,95.66897565480878,208977300
2008-03-25,96.77416229248047,97.27651019909776,95.99910654354389,96.78133478030247,192947200
2008-03-26,95.5900650024414,96.94641011242868,95.52547974729092,96.49430237600986,196934300
2008-03-27,95.28863525390625,96.47992524436489,94.98722651241002,96.30768698478292,225153200
2008-03-28,94.37723541259766,95.7048794612571,94.0542982238428,95.43935503167086,180896100
2008-03-31,94.70735168457031,95.25275644604243,94.07582231312412,94.21934872926272,166692100
2008-04-01,98.03717041015625,98.20222516627669,95.81247364355761,95.8842422942319,254547300
2008-04-02,98.10181427001953,98.79792898632886,97.58511033728756,98.3529937471739,210910800
2008-04-03,98.34580993652344,98.63287375938319,97.39135420781466,97.57076499071505,175884800
2008-04-04,98.23816680908203,99.00605020795865,97.68557853748443,98.40322166150442,204446800
2008-04-07,98.28841400146484,99.44381995046895,98.13053162703949,98.94146096800695,154245500
2008-04-08,98.18791198730469,98.25966971085373,97.56355518529108,97.73579343246074,148937300
2008-04-09,97.47746276855469,98.1735774457388,96.80287650816064,98.03722350582538,195610600
2008-04-10,97.61377716064453,98.08024060259613,96.81000977478861,97.183187098566,192967800
2008-04-11,95.71920776367188,96.96789932652818,95.45367246035612,96.5157917728972,222973300
2008-04-14,95.39627838134766,95.8340410477447,95.12358148860218,95.58287256889064,160522000
2008-04-15,95.6187515258789,95.941688666433,94.96569380696926,95.86274750315422,172389200
2008-04-16,98.20946502685547,98.25252186185446,96.53735524875005,96.55170022683974,189268900
2008-04-17,98.35296630859375,98.4964927053415,97.35544306820806,97.61379496249886,179665700
2008-04-18,99.37919616699219,100.15425189446539,99.22131383637564,99.70931675383483,218530600
2008-04-21,99.429443359375,99.73802460412291,98.92709543166704,99.19979233507219,118587400
2008-04-22,98.99165344238281,99.25717778461673,98.24529876909104,99.17106414937557,162166000
2008-04-23,98.83378601074219,99.59448577075798,98.40319586904613,99.09931039291618,193309000
2008-04-24,99.26436614990234,100.28341770217693,98.3457732101568,99.09212792050735,229381300
2008-04-25,100.18292236328125,100.39103392202267,98.97010448377762,100.03938506720218,190788100
2008-04-28,100.2044906616211,100.64942579560326,100.02507992045246,100.38390140278972,105610200
2008-04-29,99.80980682373047,100.27627047336082,99.47251368001682,100.03227443971925,125514100
2008-04-30,99.2213134765625,100.89342291721933,99.22131347656249,99.96048486251274,208395900
2008-05-01,101.2738037109375,101.27380371093749,99.22852718476467,99.30746837386815,187279500
2008-05-02,101.55367279052734,102.17084630457957,100.87191402451222,102.14931788725862,181585500
2008-05-05,101.0656509399414,101.62541152601713,100.76424223592844,101.22353325399985,118504500
2008-05-06,101.941162109375,102.04880414942029,100.24752466038169,100.48434809884144,179339800
2008-05-07,100.12554168701172,101.93399393265875,99.84566139063575,101.82635187649944,199267300
2008-05-08,99.86721801757812,100.6996866549486,99.73803656332726,100.28345233626335,178321200
2008-05-09,99.68058776855469,100.03223670818544,99.35765067520776,99.46530367323068,152588200
2008-05-12,100.80012512207031,100.87188284083528,99.55859503842399,99.93177240723084,147865900
2008-05-13,100.8144760131836,101.10871224336692,100.2762438142267,101.04412700757901,159132200
2008-05-14,101.02259826660156,102.04882239976295,100.80013071048194,101.23789333555548,181910800
2008-05-15,102.28564453125,102.35741320340858,101.06565375708767,101.21635263811397,166927000
2008-05-16,102.37895965576172,102.52965856334355,101.62543226676102,102.52248607500856,204236800
2008-05-19,102.65878295898438,103.55583626874419,102.12055097312849,102.4865447813817,165664400
2008-05-20,101.82640075683594,102.14933803069715,101.18769869951326,102.09910869716484,178552100
2008-05-21,100.10403442382812,101.99142822617803,99.75238538214847,101.76896062954229,252724800
2008-05-22,100.11837768554688,100.59202472531989,99.7523836731935,100.06096492766252,170820400
2008-05-23,98.77635955810547,100.22600115364675,98.6902459218581,99.7882385854548,181376400
2008-05-27,99.50837707519531,99.75237305746465,98.69743701313007,98.89120368157347,168322900
2008-05-28,99.96768951416016,100.47003751164536,99.034751261479,99.87439240378252,181288100
2008-05-29,100.47003173828125,101.13743455008205,99.8098014151877,99.84568575945283,173927200
2008-05-30,100.7211685180664,101.00104876415455,100.42693235028253,100.80728214752128,117362000
2008-06-02,99.68058776855469,100.36952972467427,99.03471358186083,100.34800131514186,181069900
2008-06-03,99.0992660522461,100.19725837689032,98.48209296548761,99.96761843433409,271965700
2008-06-04,99.04908752441406,99.86720008656239,98.6472092062167,98.8194365138082,246637700
2008-06-05,101.02975463867188,101.10869578635113,99.26435944564165,99.450942635447,237867100
2008-06-06,97.80756378173828,100.32649782633202,97.7573344638062,100.14708706875645,384276300
2008-06-09,98.04437255859375,98.67590183445006,97.1760307546533,98.21661080210782,228263900
2008-06-10,97.556396484375,98.38886503779324,97.13298971940605,97.362629797722,260234900
2008-06-11,96.12110900878906,97.78603514105674,96.11392557026991,97.57792348090963,283890100
2008-06-12,96.48714447021484,97.50619669471739,95.81974142297722,96.59479754098653,252791800
2008-06-13,97.70707702636719,97.97261234716629,96.46555786820652,97.00379004635477,244726900
2008-06-16,97.76449584960938,98.26684372370043,97.2119186632904,97.27650390059588,185832500
2008-06-17,97.2908706665039,98.4032086008063,97.14733330045905,98.36733520965869,191707700
2008-06-18,96.34355163574219,97.2549611121031,95.95602931882978,96.6593162385986,265893000
2008-06-19,96.46553802490234,97.0540103414672,95.80530800289557,96.27177141452619,304204900
2008-06-20,94.89978790283203,95.98884517931059,94.64014372368754,95.8085370272696,289275700
2008-06-23,94.80602264404297,95.36858318911062,94.71226988995573,95.26761106576865,165096400
2008-06-24,94.6185302734375,95.52007124943238,93.89729749264158,94.51755812433163,267300600
2008-06-25,95.06565856933594,96.2124156574484,94.65456174752406,95.00075028249223,287853900
2008-06-26,92.48363494873047,94.78436824909987,92.37545448215326,94.17132726327246,297775000
2008-06-27,91.9787826538086,92.9380232287219,91.62538025873381,92.51970704532953,303423400
2008-06-30,92.30332946777344,92.97407585253761,91.81289119178923,92.23841568727791,258842600
2008-07-01,92.59181213378906,92.65672040372023,90.82478958392598,91.25031402698437,388622000
2008-07-02,91.00511932373047,93.15439464808419,90.83923342349291,92.88753113298414,288064600
2008-07-03,91.098876953125,91.67586516453242,90.14685025609991,91.67586516453242,239352500
2008-07-07,90.16850280761719,91.84176232300231,89.37514799906333,91.4450876700096,372427300
2008-07-08,91.76960754394531,91.8777935027005,89.57706042326812,90.14683467031678,375973700
2008-07-09,90.00260162353516,92.13023523340277,89.714107531714,91.95714097933693,336729400
2008-07-10,90.37043762207031,90.72384001875214,89.12991679813042,89.7429633441284,436475700
2008-07-11,89.31742858886719,90.80317125449858,88.34376583149437,89.4111923338622,481124600
2008-07-14,88.5096435546875,90.51466880395814,88.2788494001506,90.34157456369714,322720800
2008-07-15,87.26193237304688,89.06501390692914,86.56233585748966,87.84613453177109,502502500
2008-07-16,89.40396881103516,89.84392102098491,87.34124367989693,87.5936739226796,371642900
2008-07-17,90.29829406738281,91.06280415133662,89.49772566505342,90.2550218843055,375490600
2008-07-18,90.86084747314453,91.17818594304363,90.26222334420066,90.99787786824601,267030100
2008-07-21,90.91136932373047,91.45229376119201,90.29110886190246,91.24313565173206,222863000
2008-07-22,91.9427490234375,92.17354327237098,90.04590345940188,90.26227547515093,296904200
2008-07-23,92.44037628173828,93.14718111206055,91.99321561430887,92.23843204450334,311698400
2008-07-24,90.52188873291016,92.61346399370845,90.26945846925125,92.5629724384096,248634500
2008-07-25,90.50023651123047,91.2286772133214,90.27665074392027,90.79593890951472,219131000
2008-07-28,89.17318725585938,90.91856861256832,89.01451522296449,90.52189403289849,205201300
2008-07-29,91.07725524902344,91.14937741120336,89.17320155411878,89.41842350861239,261505600
2008-07-30,92.69999694824219,92.75048849732076,91.0772240927651,91.67584828895703,354710000
2008-07-31,91.47391510009766,92.72886355438696,91.3296653051734,91.88501738613945,277402100
2008-08-01,90.99072265625,91.79849978153688,90.48585645037672,91.68310540759688,248690900
2008-08-04,90.14685821533203,90.97627677899833,89.9809778041395,90.90415462184644,188239600
2008-08-05,92.577392578125,92.72163685908328,90.132415148686,90.88970587756684,251577600
2008-08-06,92.98847198486328,93.25533541025048,91.94269288912504,92.33215897814893,209555400
2008-08-07,91.6037368774414,92.63509952201078,91.26475673863955,92.28890551784352,246312500
2008-08-08,93.30587005615234,93.70975860377563,91.14938584285126,91.29363568312299,260811700
2008-08-11,94.27230834960938,94.84928556650881,93.20487628704846,93.37797605519928,249425800
2008-08-12,93.29143524169922,94.26509258630658,92.84426357482423,93.9621762343086,213200800
2008-08-13,92.7288589477539,93.507780288814,92.07974315669244,92.88751995787094,256393200
2008-08-14,93.42845916748047,93.96217521337431,92.13745775238756,92.20236604029571,239555300
2008-08-15,93.88284301757812,94.1208510880723,93.25537419863441,93.70974323763625,181000800
2008-08-18,92.59904479980469,94.1064181578839,92.07254813028678,94.07035433007908,172275100
2008-08-19,91.58929443359375,92.09416037929454,91.25752821345296,91.89942456368108,194673700
2008-08-20,92.01486206054688,92.28171461723649,91.12052961995869,91.87782609733758,225498200
2008-08-21,92.17349243164062,92.63508067490635,91.30801034859297,91.41619629679467,180609800
2008-08-22,93.50780487060547,93.50780487060547,92.17353112540795,92.80099998376595,167715300
2008-08-25,91.6109619140625,93.5078016604373,91.41623153429097,92.89476055697733,171936900
2008-08-26,91.87782287597656,92.22401695415789,91.2936262155243,91.61096482607496,159117200
2008-08-27,92.77214050292969,92.91638480268995,91.81289995207865,91.99320807806265,171032800
2008-08-28,93.89727020263672,94.00545068625932,93.11833770514694,93.24094592163112,167537100
2008-08-29,92.88754272460938,93.86121114728095,92.68559847481822,93.5655031368238,189195800
2008-09-02,92.31053924560547,94.27229788218725,91.9715591154911,93.78185409611665,252364900
2008-09-03,92.23121643066406,92.67838259218887,91.54604770980335,92.23121643066406,251947000
2008-09-04,89.45446014404297,91.76240729205777,89.403974092504,91.57488531381297,340042500
2008-09-05,89.73580169677734,90.11805427721815,87.9904192904847,88.9208104498483,289503400
2008-09-08,91.58929443359375,92.49084037216186,89.73572751727635,92.34658509829572,364075300
2008-09-09,88.87030792236328,91.85621132206748,88.56739146211959,91.66868925033914,377326800
2008-09-10,89.2308578491211,90.08191215282442,88.3870174088785,89.3534660151258,298916600
2008-09-11,90.52188873291016,90.68776911935727,87.7018671376387,88.0769111029894,375369400
2008-09-12,90.94020080566406,91.02675068422982,89.3102193619292,89.64198564258056,297851200
2008-09-15,86.6128158569336,90.62287264930674,86.46857154534823,87.72351466435785,483607000
2008-09-16,88.06246948242188,88.22114148099992,84.38418557087148,84.52842984090633,581744300
2008-09-17,84.10294342041016,87.88220113032357,83.66299104453941,86.28827756469705,624095600
2008-09-18,86.5984115600586,87.83893270583047,82.07628487432116,85.14152390210234,776114700
2008-09-19,90.03753662109375,92.85211434477966,89.464464313742,91.90908284469857,501087800
2008-09-22,87.9991455078125,90.4945480424826,87.31001088277912,90.27692366909432,249966500
2008-09-23,85.99698638916016,88.51414357145019,85.80112343558689,87.6654188644065,327470400
2008-09-24,86.27267456054688,87.04886000757102,85.44571083322835,86.57734424231317,311818400
2008-09-25,87.62194061279297,88.43439870868956,85.91723471678431,86.61362499851651,328253000
2008-09-26,87.66542053222656,88.13693611213752,85.96797108584548,86.20010106657492,285917400
2008-09-29,80.79585266113281,86.57009336028194,80.4984385843888,86.42501413276064,459562300
2008-09-30,84.13996124267578,84.7275447100343,80.17923945792202,82.34095487798719,328154400
2008-10-01,84.19075012207031,84.64776015808874,82.66014062801239,83.6176778226177,332783000
2008-10-02,81.13679504394531,83.50162408979777,80.56372268594701,83.38555628008875,365337800
2008-10-03,80.04141998291016,83.74825085603773,79.56265415551414,81.86944904784777,461798000
2008-10-06,75.96463775634766,78.06831960163294,73.00497525130147,77.72737735507484,610637500
2008-10-07,72.56246948242188,77.85794339153878,72.28681678382111,77.50248993679682,540012100
2008-10-08,70.73448181152344,74.12213326577742,70.2266932772185,70.74173190122207,725414800
2008-10-09,65.79443359375,72.9904775265953,65.46800255378639,72.2940872494331,534485200
2008-10-10,64.19854736328125,68.1447649270212,60.62954470253218,62.93634018509802,871026300
2008-10-13,73.5200424194336,73.5200424194336,65.2503965547794,68.09399790571538,455584000
2008-10-14,72.43189239501953,76.55220463533269,70.44427863974667,75.95011545923516,546268300
2008-10-15,65.3011703491211,70.94484445217209,65.07629583083148,70.69820306342487,484627500
2008-10-16,68.02145385742188,68.74686130428725,62.77676111586017,66.22244648847071,708811200
2008-10-17,67.61522674560547,71.51791677622032,66.48359291143586,66.73022878424943,476649000
2008-10-20,71.67748260498047,71.88785135401129,68.2535597859174,69.16757439408843,321294200
2008-10-21,69.53752136230469,71.5541521078887,69.07326128567024,70.3427236433712,356502000
2008-10-22,65.75092315673828,69.53755048961234,63.49490580760326,67.60796424113792,516168000
2008-10-23,66.5125961303711,67.06390168548636,62.247197727038696,65.49702481841489,634666400
2008-10-24,63.13941192626953,65.22858163005388,60.93417447173412,60.977697111058276,545812600
2008-10-27,60.897911071777344,64.93117746612259,60.71655933477454,62.3632362060329,397288600
2008-10-28,68.01417541503906,68.36236774511043,61.31866503644768,63.3570573413917,639939500
2008-10-29,67.5208969116211,70.48780941341569,66.80999548988865,68.02142406734632,531270100
2008-10-30,69.856689453125,70.03078556639043,67.39030478846595,69.47947475089826,414582100
2008-10-31,70.24117279052734,71.50337963027756,68.53646716461796,68.97171032993695,411394000
2008-11-03,70.44429016113281,70.86502764464642,69.60281519410559,70.2049044686767,205419400
2008-11-04,72.83815002441406,73.16458109732679,70.15413967994854,71.85884573683886,346793400
2008-11-05,69.77692413330078,73.05576242045166,68.91368774734657,71.96039593925153,387844100
2008-11-06,65.9104995727539,69.23286592429618,65.33017159072791,68.52196442303523,477721900
2008-11-07,68.08671569824219,68.18827225672221,65.64934722588681,66.48356655718763,380391000
2008-11-10,67.19447326660156,69.29815545144135,65.95402750200589,69.06602534697464,301773000
2008-11-11,65.11979675292969,66.8390136731993,64.30734429528378,65.83795380884963,418498200
2008-11-12,62.25444412231445,64.52496660901703,61.746661308808314,64.00267808701825,454330600
2008-11-13,66.13539123535156,66.54162314217689,59.54869072449142,62.47933728043914,753141900
2008-11-14,62.834774017333984,66.78098544459826,62.76222886938308,64.85866078108998,540352300
2008-11-17,62.000526428222656,64.24203101315639,61.77565206821597,62.660643805900285,415254900
2008-11-18,63.1684684753418,63.27002505372511,60.143521388313644,61.76843217686507,523811800
2008-11-19,59.120689392089844,63.016128219272,58.69995186938276,62.319737940869565,558327600
2008-11-20,54.73196792602539,59.85334623133691,54.44180948999515,58.126873651102926,814180400
2008-11-21,57.68438720703125,58.68545284295003,53.92677709699167,56.19004991035303,718536500
2008-11-24,61.6813850402832,63.103182758071675,58.293734101421045,59.425367777240304,523305300
2008-11-25,62.138370513916016,63.48037244854779,60.80361866499898,63.32803763228958,454112400
2008-11-26,64.53948974609375,64.69908024101208,61.108310708605224,61.15183891094025,370134200
2008-11-28,65.35193634033203,65.3809532943931,64.18403576227826,64.29284242198462,118308100
2008-12-01,59.56318283081055,63.509399584055664,59.3818310393477,63.48038263329151,369927100
2008-12-02,61.85545349121094,62.01504391939138,59.51239194122731,60.549724189983884,469508400
2008-12-03,63.34257125854492,63.71253056648229,60.31036823384621,60.49897569947964,519863500
2008-12-04,61.877227783203125,63.8720973062506,60.745588944907205,62.428533193883304,444173800
2008-12-05,63.785064697265625,64.14051272789894,59.65749535127378,60.68032231020573,471905300
2008-12-08,66.01205444335938,67.0131143754947,63.89386677189864,65.53328304032662,412859300
2008-12-09,64.92396545410156,66.8317850163953,64.54675602292065,65.55507191515257,370790000
2008-12-10,65.36642456054688,66.27318330149951,64.56122235582765,65.51875936489698,396187400
2008-12-11,63.792293548583984,66.01203720444555,63.37881177868004,64.95294364529539,365061000
2008-12-12,64.55397033691406,64.61200422783187,61.80467701686739,62.05857390602874,415060400
2008-12-15,63.65449142456055,64.6700627649985,62.59539741655564,64.57575627271201,256694200
2008-12-16,66.6504135131836,66.75197008143125,63.966409007636166,66.6504135131836,377699500
2008-12-17,66.00479888916016,67.04938701726654,65.33016997882773,65.8959867034128,281819800
2008-12-18,64.77159881591797,66.49806567335719,63.98815784151692,66.30220819696532,374673300
2008-12-19,64.49299621582031,66.27004572424127,64.4198621521278,65.15847267652552,301451300
2008-12-22,63.6666259765625,64.84401294596027,62.51849151576818,64.77819898611165,243759500
2008-12-23,63.00846481323242,64.30285625315798,62.745197812002544,64.01033674297527,221625200
2008-12-24,63.374122619628906,63.52769413090267,62.89146451618583,63.22054552900868,62061600
2008-12-26,63.73976135253906,63.84214234509026,63.25710331964431,63.79826079160714,74767700
2008-12-29,63.55691146850586,63.86405432106369,62.59891031503734,63.798234807319375,127795900
2008-12-30,65.06341552734375,65.12192055494229,63.53500376257435,63.995723880729706,168256300
2008-12-31,65.99211120605469,66.52595943136473,64.99023983786522,65.14381123928092,193987200
2009-01-02,67.98126220703125,68.33228667335365,65.70693164508472,66.13839910203633,227566300
2009-01-05,67.90083312988281,68.4931866894713,67.19878963272771,67.73994711565744,240349700
2009-01-06,68.35420989990234,69.07087656071732,67.77648562798792,68.47852882972936,328260900
2009-01-07,66.30659484863281,67.46935817713815,65.96288489882718,67.27921968971158,280899200
2009-01-08,66.57718658447266,66.61374803580807,65.57530908487703,65.93364813164473,263834400
2009-01-09,65.15117645263672,66.78196945038837,62.42344472290577,66.66496495844079,330953600
2009-01-12,63.58618927001953,65.01953443681298,63.19129431312816,64.96833835717757,277858500
2009-01-13,63.70320510864258,64.26630066302829,63.03772296502197,63.425314593138104,356432300
2009-01-14,61.699440002441406,62.70862638348896,60.81457259121622,62.55505490676511,435491600
2009-01-15,61.72139358520508,62.342994170744944,59.76151976229401,61.51663156449516,532647300
2009-01-16,62.204071044921875,62.884176931535656,60.73416927332826,62.789110406502125,399237200
2009-01-20,58.920509338378906,62.204026305780964,58.54023793239939,61.597054960429716,419855200
2009-01-21,61.46540069580078,61.604343073271394,58.84736096887807,59.922366451009864,364360700
2009-01-22,60.514713287353516,61.458085318091406,59.35926485472792,60.27338439079066,427940300
2009-01-23,60.77798843383789,61.421526666267944,58.92049661417557,59.1618255435907,386800600
2009-01-26,61.19484329223633,62.42342067071636,60.55861382824564,61.12902375765688,317978800
2009-01-27,61.8164176940918,62.26982298579501,60.91692720842382,61.52389833103627,273789700
2009-01-28,63.90796661376953,64.3174906500249,62.94265597163438,63.18398502700481,330007000
2009-01-29,61.83107376098633,63.98108002375529,61.77256874693059,62.97189363834722,294392500
2009-01-30,60.5732536315918,62.45268427153337,60.11984806850129,62.14554126718793,383383600
2009-02-02,60.39040756225586,60.82918391955159,59.46165878629156,59.65179725354587,288233300
2009-02-03,61.23869705200195,61.692102370104706,60.12713010288126,60.77066827559923,278385800
2009-02-04,60.938899993896484,62.430744576245324,60.72682347402206,61.64825804122052,322989300
2009-02-05,61.845680236816406,62.3722140599973,56.84362007528529,60.47815520046289,417679400
2009-02-06,63.6081428527832,63.87140433904399,61.92615944243897,62.05779297524284,366101700
2009-02-09,63.695858001708984,64.16388683016343,63.125448215739105,63.593477044193556,240075200
2009-02-10,60.77798843383789,63.64466635013127,60.295330575007625,63.088880034329534,536212800
2009-02-11,61.1363525390625,61.465439130028244,60.258799455180046,61.02665700874058,324442500
2009-02-12,61.18021011352539,61.29721454181061,59.27152760398757,60.090575340016876,469302200
2009-02-13,60.52204895019531,61.60436373458542,60.50741990807541,61.099773368345296,293998400
2009-02-17,57.933250427246094,60.6682949803949,57.89668340787,58.620670220241244,478910100
2009-02-18,57.7943000793457,58.459781865168914,57.24582828725371,58.3500863908818,362964800
2009-02-19,57.17270278930664,58.61335633044476,57.05569278952061,58.38665085069531,316867500
2009-02-20,56.61695098876953,57.28974215995077,55.41031113173641,56.112360400057234,477176600
2009-02-23,54.59125900268555,57.23854750893335,54.54737743949713,57.23854750893335,379641400
2009-02-24,56.660823822021484,57.00452829957469,54.62781599390736,55.05928359065788,426260900
2009-02-25,56.214717864990234,57.34822316285563,55.30790693148399,56.41216530316074,461985800
2009-02-26,55.30057907104492,58.2623231064469,55.23475956127526,56.909427269583546,363353900
2009-02-27,54.064697265625,55.35177940128531,53.97693976341724,54.123202267096836,470510900
2009-03-02,51.62946319580078,54.05736412722683,51.46126834867876,53.03354927146696,426452600
2009-03-03,51.241912841796875,52.4339233677821,50.927455324232604,52.368109402856206,443761000
2009-03-04,52.45585632324219,53.2895331863871,51.24190247519392,52.09020838048232,462753100
2009-03-05,50.31315612792969,52.4558531667407,49.85243617699513,51.26383737429173,485549400
2009-03-06,50.400917053222656,51.519798997732345,49.069958607302986,50.75194157470878,490470000
2009-03-09,49.80854415893555,51.19069240759315,49.530653837286266,49.69153418391941,379905300
2009-03-10,52.777626037597656,52.92388857150555,50.730000776993684,50.832381761056624,406227900
2009-03-11,53.12130355834961,53.93304199265419,52.52895600117559,53.38457037916957,356648300
2009-03-12,55.21283721923828,55.39566118354039,52.63136373598758,53.106707159041996,409702700
2009-03-13,55.64430618286133,56.295164711656675,54.6497488234042,55.58580674713702,337474700
2009-03-16,55.47610855102539,57.01914337782211,55.43954152354213,56.280532941551655,360644900
2009-03-17,57.17270278930664,57.30433624939398,55.176262907872655,55.62966828802768,356814300
2009-03-18,58.452476501464844,59.161834356376175,56.360969960335446,56.90212731774786,473273200
2009-03-19,57.72850036621094,59.234968140948375,57.54567639046727,59.183777650913946,428520400
2009-03-20,56.49922180175781,58.11959135045123,56.36664616249452,58.00911071451873,371078200
2009-03-23,60.55751037597656,60.60906726216845,57.677674766357605,57.99438295847326,419933300
2009-03-24,59.36433029174805,60.66062495809242,59.298045274021874,59.835709148731596,330271000
2009-03-25,59.99040603637695,60.91106914693695,58.230098618528764,59.828374049115006,441775100
2009-03-26,61.21300506591797,61.35294755566557,59.89461577094153,60.57958885449291,422025200
2009-03-27,60.108219146728516,60.78582545894486,59.88725787917697,60.43229417399653,322332300
2009-03-30,58.03122329711914,58.82667737366403,57.419901796481106,58.775120477181325,324108500
2009-03-31,58.56889343261719,59.717884648244734,58.22272887369594,58.5983553221749,364238300
2009-04-01,59.70310974121094,59.96826094518409,57.69238633357099,57.83969006054408,377018300
2009-04-02,61.44870376586914,62.31780947042568,59.75468236264385,61.190919366059674,476230700
2009-04-03,62.0600471496582,62.074775283767785,60.88896100348979,61.49291564903109,284646300
2009-04-06,61.57392501831055,62.07476579064959,60.609072232194876,61.38242558848925,264866600
2009-04-07,60.1376838684082,60.87421396938252,60.0345701038141,60.57960080513705,258947800
2009-04-08,60.785823822021484,61.087803838257905,60.0566606495828,60.43965380117614,230402800
2009-04-09,63.20165252685547,63.209019402004635,62.11159101450915,62.36200857678788,269653500
2009-04-13,63.21641159057617,63.73934754997768,62.295748503049246,62.546166165601434,224847500
2009-04-14,62.126312255859375,63.164822384830956,61.92745160311942,62.627152944154005,276598800
2009-04-15,62.789207458496094,62.91441625963946,61.58129822789853,61.750697048438326,250726100
2009-04-16,63.70986557006836,64.18861134849709,62.4356657861839,63.29004355929113,335202900
2009-04-17,64.13705444335938,64.5568764540498,63.444714221797014,63.95292188394639,262649000
2009-04-20,61.44870376586914,64.11494463357477,61.38241313775901,63.00278265807853,293690100
2009-04-21,62.649253845214844,62.700810731836064,60.947870967435236,60.99942785405646,114090900
2009-04-22,62.26626205444336,63.592013006086475,61.92009197096476,62.082129509552985,340395200
2009-04-23,62.8775749206543,62.91439805306849,61.59600853622363,62.3914623708471,324903700
2009-04-24,63.827667236328125,64.30640705143603,63.113232519993794,63.36364992363327,287703000
2009-04-27,63.223731994628906,64.08547635835447,63.00277636797146,63.10589011760052,289581600
2009-04-28,63.02488327026367,63.776141533610485,62.42829566056829,62.582966314219725,247926300
2009-04-29,64.3653793334961,65.07981458879496,63.562564042839824,63.72459598075506,311505700
2009-04-30,64.3874282836914,65.56587473947141,64.01916341505542,65.21971048314536,301419800
2009-05-01,64.7336196899414,64.96930905948858,63.87188095934182,64.40218344564244,236110300
2009-05-04,66.93587493896484,66.98007058025291,65.0945490982434,65.21976352606565,287120000
2009-05-05,66.70752716064453,66.9726784311954,66.16985774556125,66.70752716064453,243036300
2009-05-06,67.86388397216797,67.90807398065496,66.73699380151939,67.52508079545053,291941000
2009-05-07,66.92113494873047,68.60778979433105,66.49394608073811,68.50467601506111,317728000
2009-05-08,68.48255157470703,68.65931717472883,67.34829487095276,67.78284480835572,299081700
2009-05-11,67.20101165771484,67.84179493351672,67.05370787028603,67.53981486422457,247923600
2009-05-12,67.00218200683594,67.63559870077407,66.17726580514673,67.48828922585712,282431300
2009-05-13,65.31549072265625,66.29507712272867,65.18291507738871,66.09621084518795,269619100
2009-05-14,65.87525177001953,66.37609244627612,65.18291170067934,65.34494921642096,260098700
2009-05-15,65.33759307861328,66.28771770672319,64.92513796660754,65.82370570571672,271502700
2009-05-18,67.19364929199219,67.27466244024443,65.23447635972892,65.95627839247834,241447400
2009-05-19,67.11262512207031,67.73867458682585,66.88429696864371,67.15681513015603,206102200
2009-05-20,66.6633071899414,68.34996093973663,66.58965534106811,67.72390617612388,285722200
2009-05-21,65.70584869384766,66.1404043692322,65.00614735564102,65.88998121645768,258988400
2009-05-22,65.56592559814453,66.28772777304548,65.3155079904787,65.89000073209357,166811900
2009-05-26,67.24520874023438,67.43670254416762,65.05034629680164,65.07980817877892,236318500
2009-05-27,66.04466247558594,67.57664665854294,65.94154869589455,67.34832409198053,246015800
2009-05-28,66.96532440185547,67.27466573707356,65.62483966329759,66.62652118433859,289095000
2009-05-29,68.1511459350586,69.01288501435688,66.78856604039991,67.33359687440736,258641500
2009-06-01,69.80097961425781,70.09559288156332,68.81403163095716,68.99079734362819,276246800
2009-06-02,69.85989379882812,70.24289267951835,69.40324863552506,69.52845743067074,230874500
2009-06-03,68.97606658935547,69.32959800127105,68.3205550446182,69.26331296876705,235310500
2009-06-04,69.62419891357422,69.72731269204172,68.71826991428408,69.2338388066216,210102300
2009-06-05,69.6389389038086,70.46384920545806,69.08654120426262,70.33127353279583,284257900
2009-06-08,69.35169219970703,70.04402682520144,68.52677628293928,69.11599712124772,238565100
2009-06-09,69.70519256591797,70.07345753324394,69.24854198349388,69.74202131036155,225125500
2009-06-10,69.52843475341797,70.3312497749804,68.63723410684393,70.323888520688,296100400
2009-06-11,69.83779907226562,70.7879237825756,69.64629963114703,69.66103338315305,275414200
2009-06-12,70.02930450439453,70.07349452563315,69.2338504064169,69.52846365966201,184361800
2009-06-15,68.42365264892578,69.248562827701,68.05538757074994,69.20437281648923,224190500
2009-06-16,67.49562072753906,68.71089656704504,67.4514307178665,68.66670655737249,227319000
2009-06-17,67.4293441772461,68.00383685221965,66.89904151749217,67.46616731683588,223445200
2009-06-18,67.92282104492188,68.25425741210502,67.2083857981743,67.53246090868576,211725100
2009-06-19,68.17316436767578,68.66201723135163,67.78800208621395,68.5731379748765,215655600
2009-06-22,66.12886047363281,67.54358233074207,66.10664065824722,67.50654553775193,251913600
2009-06-23,66.18072509765625,66.57329033675806,65.81037967948131,66.26961003238638,188309800
2009-06-24,66.75103759765625,67.46209988159276,66.36587532863604,66.78066589919786,211577700
2009-06-25,68.20277404785156,68.26943347200698,66.34363954358598,66.41770745409846,279411000
2009-06-26,68.02501678466797,68.32129413219415,67.60282340102476,67.9731686726774,167579000
2009-06-29,68.66201782226562,68.75090273052659,67.84725927511339,68.22501307144631,168481300
2009-06-30,68.10649108886719,68.92865801857464,67.6028213089655,68.6768259541339,228888200
2009-07-01,68.38797760009766,69.05460039844313,68.29909267664429,68.39538043878568,173041100
2009-07-02,66.52143859863281,68.4102023893585,66.48440744943608,67.49915022357942,212309900
2009-07-06,66.5140151977539,66.61030293712655,65.66962840319219,65.8770208578536,174499600
2009-07-07,65.22520446777344,66.52882134696954,65.18076484552338,66.44734493883102,197088900
2009-07-08,65.1807861328125,65.77334099442866,64.44009538130327,65.6177909637124,248050500
2009-07-09,65.30667877197266,65.84738531301595,65.11410331441307,65.63258439402725,163777600
2009-07-10,65.15113830566406,65.54370338218985,64.69931663052526,64.95855718568188,173520300
2009-07-13,66.73623657226562,66.78808469960069,64.87710117607047,65.41039942924374,217413500
2009-07-14,67.11396026611328,67.17321685671536,66.46215472254909,66.94359898088722,181487400
2009-07-15,69.0767822265625,69.26195481031834,67.16579980595776,68.00277785016738,220877900
2009-07-16,68.9656982421875,70.00266615261013,68.75089730244834,68.88422182880298,231174500
2009-07-17,69.72122192382812,69.8619549820443,69.28421707087382,69.66937379464673,138561700
2009-07-20,70.4619140625,70.58042730348332,69.76566855030131,70.12860546152358,164179400
2009-07-21,70.78781127929688,71.03224057105282,69.9360158283733,71.01002075380622,217718300
2009-07-22,70.7729721069336,71.20256825706709,70.28411371575554,70.33596181927265,196068100
2009-07-23,72.33582305908203,72.64691165313002,70.75814898023204,70.81740556510374,258795500
2009-07-24,72.63214111328125,72.6913977360342,71.6173982909942,71.99514654624346,154003100
2009-07-27,72.84690856933594,72.88394535424801,72.09880959206778,72.49878313483431,159259400
2009-07-28,72.5062026977539,72.86173667375176,71.89142814083097,72.3358470235835,186685200
2009-07-29,72.32840728759766,72.65430716952628,71.83214615407807,72.1728630062416,194399300
2009-07-30,73.08393859863281,73.94314238893422,73.03209048377123,73.20245180461399,225575400
2009-07-31,73.1876449584961,73.67650352430188,72.86914773711332,73.0691373871326,207358000
2009-08-03,74.39498138427734,74.4616408398656,73.557997212856,73.9579708994515,175776900
2009-08-04,74.5875244140625,74.69122062270016,73.90609057129515,74.06163488425165,176714600
2009-08-05,74.37275695800781,74.70606551734302,73.75798231201279,74.63940041486299,184726400
2009-08-06,73.98755645751953,74.82453449430955,73.63943109898159,74.71343546585594,193203800
2009-08-07,74.95790100097656,75.57267567448417,74.35794330691502,74.76532547635304,220640900
2009-08-10,74.80235290527344,74.97271425430478,74.26905469215816,74.61718022855406,130898700
2009-08-11,73.86907196044922,74.52087761822182,73.66908234488025,74.46902950511515,157301000
2009-08-12,74.66162109375,75.22454192891685,73.7061294603198,73.74316060285848,219052400
2009-08-13,75.23197174072266,75.2616000537639,74.2616685054696,75.00235937843172,176449500
2009-08-14,74.6541976928711,75.25415520175811,73.84684209290518,75.194898604307,199616100
2009-08-17,72.81729125976562,73.29133279286938,72.6691553998035,73.21726486288833,237667500
2009-08-18,73.3950424194336,73.65428869821024,72.84693285632034,72.98025741502592,173461500
2009-08-19,74.03944396972656,74.29128175399886,72.74323520488326,72.81730314695567,192812800
2009-08-20,74.80235290527344,74.97271425430478,73.97278293022447,74.13573013887935,174131300
2009-08-21,76.2689208984375,76.38742846975467,75.2689896017964,75.41712547869824,224605000
2009-08-24,76.2614974975586,76.99477955157751,75.98743996275418,76.5799946565398,191279000
2009-08-25,76.40962982177734,77.22438818963677,76.24667701800152,76.5651741387398,215310600
2009-08-26,76.41704559326172,76.7651710691636,75.91337577406722,76.1726163462216,194620700
2009-08-27,76.5874252319336,76.82444604760019,75.50601740726586,76.37262423476355,196230100
2009-08-28,76.5726089477539,77.291079891119,76.0467191848115,77.2022006163255,147024400
2009-08-31,75.89118194580078,75.9800668799822,75.39492044475527,75.82452248343164,176051600
2009-09-01,74.21719360351562,76.46889363719028,74.06164926036641,75.51340211411309,321276800
2009-09-02,73.93573760986328,74.394967829547,73.75056495449385,73.90610930688166,171805000
2009-09-03,74.55050659179688,74.6393858430562,73.76537074920932,74.36533395031255,143572300
2009-09-04,75.59487915039062,75.61709896373428,74.47644043794128,74.69864422239858,142687900
2009-09-08,76.24668884277344,76.32816525729717,75.83930677015474,76.29112846850617,132909100
2009-09-09,76.83184051513672,77.09108110198682,76.14299801235165,76.38001878476044,154612500
2009-09-10,77.61695861816406,77.66880672742055,76.4540747525371,76.88367660124517,162902400
2009-09-11,77.60215759277344,77.99472838756473,77.23922075338506,77.76511044136204,152360100
2009-09-14,77.97991180419922,78.11323634908035,76.40224273229016,76.94294374968163,149593800
2009-09-15,78.30580139160156,78.59467023757237,77.59473918221035,78.1058117899171,196795900
2009-09-16,79.49092864990234,79.50573997800288,78.31323310565827,78.58728505818155,206406300
2009-09-17,79.37242889404297,80.03904609367487,78.9354183832165,79.37983173331187,229170900
2009-09-18,79.42301177978516,79.75046978847345,79.15509262321065,79.74302601247486,153799100
2009-09-21,79.22209167480469,79.63141429985808,78.63416379945751,78.80533094961508,151892000
2009-09-22,79.68347930908203,79.90674714354118,79.33369568479992,79.69092308434718,143126700
2009-09-23,79.02116394042969,80.39796778571977,78.87976053085828,79.8695730419788,225947400
2009-09-24,78.150390625,79.36346480346764,77.80805077729633,79.19229771858423,228636800
2009-09-25,77.7336196899414,78.41086124718068,77.46570057696066,77.97921315649651,204059000
2009-09-28,79.12530517578125,79.29647791713812,78.01642127792167,78.03130314859193,118285800
2009-09-29,78.88719177246094,79.64629244028023,78.72346273012336,79.26674494533998,133733900
2009-09-30,78.5820541381836,79.22952648692298,77.86016672886895,79.15510574840933,254383000
2009-10-01,76.6322021484375,78.68624739585279,76.61731459446172,76.65452780146295,281840600
2009-10-02,76.27497863769531,76.72895253264447,75.90286926006083,75.92519491424873,224748800
2009-10-05,77.41361236572266,77.6368802056266,76.35682336977631,76.58009120968026,149875000
2009-10-06,78.5224838256836,78.96901372356737,77.92710684321474,77.97175812962242,202491100
2009-10-07,78.73834228515625,78.82020679800698,78.19506012514127,78.34390159690358,159200300
2009-10-08,79.34114837646484,79.75790899115835,78.77554062942542,79.29649707572983,183305800
2009-10-09,79.82487487792969,79.82487487792969,79.1550771176986,79.3634573813402,135008300
2009-10-12,80.1374740600586,80.44260079058697,79.83978542880621,80.19701292189676,118031000
2009-10-13,79.9737319946289,80.15978664909564,79.45278123329702,79.92163691849571,157692700
2009-10-14,81.3505630493164,81.43242757943929,79.94398983602593,80.91147664042037,191421600
2009-10-15,81.64820098876953,81.64820098876953,80.91887012742629,80.95607764112331,173873600
2009-10-16,81.0379638671875,81.32076489450611,80.54678253785123,80.97098691779784,192069400
2009-10-19,81.7077865600586,81.96081823849845,80.91891641205304,81.17194809049289,159530400
2009-10-20,81.276123046875,81.85661272084258,80.88168804676565,81.8268432916727,180921100
2009-10-21,80.54679870605469,82.09476940802685,80.48725984268769,81.14961408331456,225379300
2009-10-22,81.36541748046875,81.62589284393208,80.00349613701285,80.51700876636703,238444000
2009-10-23,80.4351577758789,81.68544540838255,80.10025595695909,81.63335032694232,240033200
2009-10-26,79.56441497802734,81.35053511443786,79.34114712200731,80.52445199627616,242028200
2009-10-27,79.19976806640625,79.92166125401802,79.00627525495877,79.65374201577161,253266300
2009-10-28,77.70387268066406,79.2444050730981,77.6592157002591,78.99881155365293,248821400
2009-10-29,79.37091827392578,79.52720350536326,78.09830509398849,78.2843597520718,198110600
2009-10-30,77.07127380371094,79.34858650402057,76.98197120859805,79.11043678715768,325608100
2009-11-02,77.63690185546875,78.44810326725698,76.7140721705369,77.49549847223534,254222900
2009-11-03,77.88249969482422,77.99413365204494,77.05641636050548,77.20525785150714,228362600
2009-11-04,78.08341217041016,79.13276309522614,77.88247565179496,78.52250408580956,247996700
2009-11-05,79.51974487304688,79.54207051937591,78.47039975002707,78.63412872702195,180015300
2009-11-06,79.7281494140625,79.9290916480689,78.92439751185161,79.08068276166868,170954100
2009-11-09,81.54402160644531,81.58867289993741,80.27885241538524,80.33838558072918,159495700
2009-11-10,81.55889892578125,81.811936156631,81.09748711095405,81.3505186638675,171899800
2009-11-11,81.97566986083984,82.47429489891508,81.58123495973744,82.09474186969311,169466200
2009-11-12,81.14215087890625,82.28824817359961,80.93377058495058,81.86404381006496,157144500
2009-11-13,81.58126068115234,81.93103872102029,80.93378833045091,81.35054900974099,150963000
2009-11-16,82.76454162597656,83.12176901688197,82.10218759182446,82.14683888646135,210922200
2009-11-17,82.86128997802734,82.89850317640861,82.23614912636783,82.5487195521976,147134100
2009-11-18,82.8091812133789,82.92825888615823,82.28823058980925,82.80174311728217,156486800
2009-11-19,81.73011016845703,82.83899461477877,81.21659736833547,82.24362296857858,208734600
2009-11-20,81.43987274169922,81.68546633624068,81.12730217297708,81.30591311539837,134196000
2009-11-23,82.47431182861328,83.15899163439109,82.31058281463646,82.39989109806139,148010200
2009-11-24,82.60079956054688,82.75708474496246,81.87146869994083,82.6082433344531,138420100
2009-11-25,82.89108276367188,82.98039105819595,82.4743220784365,82.7347975067086,109564800
2009-11-27,81.54402160644531,82.10218548684297,80.59142282570315,80.67328731572974,126001800
2009-11-30,81.81942749023438,82.01292031566213,80.46494932254211,81.47708747839343,160874800
2009-12-01,82.83152770996094,83.09944684486042,82.40732335935957,82.54872102426869,159613700
2009-12-02,82.7943344116211,83.35994224101985,82.5487408659421,82.81666006523947,132315100
2009-12-03,82.14685821533203,83.48645414900864,82.07988125761725,83.01759841119087,167324900
2009-12-04,82.61572265625,83.63529868060753,81.8938295809982,83.23341988578885,274907800
2009-12-07,82.48919677734375,83.00270948978103,82.22872137173717,82.54129753640306,127973800
2009-12-08,81.57381439208984,82.43710515517104,81.32077707464205,81.89382866895902,169863700
2009-12-09,81.8789291381836,81.99800684143246,81.13471052669044,81.55147681012404,155063400
2009-12-10,82.34033966064453,82.69756706182129,82.19893631964626,82.38499095656529,138014600
2009-12-11,82.69010925292969,82.8761638582728,82.31800004224345,82.69010925292969,124854000
2009-12-14,83.25574493408203,83.35249131744644,82.70501902833364,83.25574493408203,107141500
2009-12-15,82.8687515258789,83.29295595989328,82.60827611515748,82.95061603752538,120408800
2009-12-16,82.99525451660156,83.44922830996033,82.80919986941969,83.20364049091255,155358200
2009-12-17,81.99801635742188,82.55618038081748,81.9235956232234,82.39989513561927,183390100
2009-12-18,82.46190643310547,82.52924967591947,81.76605670272498,82.45442258201373,174591200
2009-12-21,83.29993438720703,83.57677412922084,82.87344614146318,82.87344614146318,118039600
2009-12-22,83.59921264648438,83.77878511444426,83.37474278015515,83.4794938621739,91707500
2009-12-23,83.76380157470703,83.88352033638196,83.42710254737959,83.80121511485663,111783100
2009-12-24,84.16043090820312,84.25021434052873,83.8012800533732,83.94344476590096,39677500
2009-12-28,84.33995819091797,84.54197651367618,84.04066692403025,84.47463897559214,87508500
2009-12-29,84.2202377319336,84.57190453542043,84.21275958907651,84.55694254120026,80572500
2009-12-30,84.19029235839844,84.28756528248786,83.92841469451332,83.97331208582573,73138400
2009-12-31,83.38223266601562,84.3998195722783,83.34481911608437,84.37736801721582,90637900
2010-01-04,84.79639434814453,84.8412860498673,83.43462421364933,84.0780985780434,118944600
2010-01-05,85.02081298828125,85.05822652533224,84.43719834471325,84.74397336471935,111579900
2010-01-06,85.0806884765625,85.29019062331284,84.87118632981218,84.93852385905105,116074400
2010-01-07,85.4398422241211,85.5445933013371,84.68413313120084,84.92356498033823,131091100
2010-01-08,85.72415924072266,85.761572783385,85.04327729060778,85.2153658864423,126402800
2010-01-11,85.84390258789062,86.14318818085562,85.47726803204701,86.10578033598838,106375700
2010-01-12,85.04329681396484,85.45481733519773,84.71407583017339,85.27524484790531,163333500
2010-01-13,85.76158142089844,86.00101327593866,84.82629984519355,85.26026615785628,161822000
2010-01-14,85.9935302734375,86.15065689468558,85.61193378840315,85.66430932881917,115718800
2010-01-15,85.02835083007812,85.92621920440209,84.69912976218899,85.8439196459377,212283100
2010-01-19,86.09078979492188,86.14316533064837,84.99089783616024,85.01334938733325,139172700
2010-01-20,85.21537780761719,85.63438214322741,84.53449576225056,85.50718521398944,216490200
2010-01-21,83.57674407958984,85.49968242021016,83.47199301889493,85.2378047684729,344859600
2010-01-22,81.71368408203125,83.60669317197257,81.62389499123934,83.20265082616797,345942400
2010-01-25,82.13270568847656,82.61157523153157,81.86334977648721,82.46192671541839,186937500
2010-01-26,81.78853607177734,82.65648048199445,81.58651767754164,81.81098192574707,211168800
2010-01-27,82.17756652832031,82.36462280884083,81.05522884519714,81.68373520766387,271863600
2010-01-28,81.23482513427734,82.49184393689407,80.74099937709201,82.44695224310622,316104000
2010-01-29,80.35193634033203,82.15516254331538,80.22473937481661,81.58650956244206,310677600
2010-02-01,81.60145568847656,81.60893954043578,80.43422595712318,80.92057358135591,187865000
2010-02-02,82.589111328125,82.74623796517771,81.46677331331452,81.75110259717724,216327900
2010-02-03,82.17756652832031,82.66391399937461,81.93813471759421,82.21497435932162,172730700
2010-02-04,79.64110565185547,81.57900650917098,79.62613794854836,81.54159866791566,356715700
2010-02-05,79.80573272705078,79.97033753810307,78.24942235295039,79.7309056119728,493585800
2010-02-08,79.22957611083984,80.30702236344926,79.16971671713799,79.86556647053058,224166900
2010-02-09,80.22468566894531,80.92053514950234,79.5138684915785,80.15734245030883,337820500
2010-02-10,80.06758880615234,80.5090389812418,79.39418491249347,80.09751850237116,240511500
2010-02-11,80.90560150146484,80.99539059459958,79.49893996005733,79.96284171182765,223591600
2010-02-12,80.83826446533203,80.8831561579253,79.69348063615436,80.05262559391284,304622100
2010-02-16,82.11026000976562,82.19256526667307,80.67366850312024,81.45182366301329,159317500
2010-02-17,82.49934387207031,82.61157883692664,82.11026342170268,82.50682201682194,168845100
2010-02-18,82.98566436767578,83.15775297665016,82.33470635178061,82.36463604649475,193708600
2010-02-19,83.15776062011719,83.47949773223486,82.57414579081214,82.76868597008253,222684900
2010-02-22,83.17276000976562,83.48701339011286,82.92584419298925,83.46456753558924,132346900
2010-02-23,82.16263580322266,83.2026687342629,81.94564973515213,82.9482748183571,207497000
2010-02-24,82.91832733154297,83.05300811358092,82.20003173017597,82.40953390034475,176350700
2010-02-25,82.80609130859375,82.86595070171542,81.51166475624676,81.73612891769412,259634700
2010-02-26,82.85848236083984,83.1428116771388,82.3871023959068,82.88092821033565,173589300
2010-03-01,83.71892547607422,83.80123071291916,83.1802023652731,83.20264821013885,147709700
2010-03-02,83.95085144042969,84.35489366743656,83.80120870828091,84.07805404211089,160992400
2010-03-03,84.02571868896484,84.52702836070165,83.81621077188163,84.1678776399232,150785000
2010-03-04,84.28009033203125,84.39980911016605,83.823672480277,84.13792571012254,135770400
2010-03-05,85.4847412109375,85.55207874839493,84.62428096733188,84.8263049967163,176118800
2010-03-08,85.49969482421875,85.68675113238353,85.35005206108912,85.49221668201612,114631200
2010-03-09,85.64187622070312,86.03843475832961,85.20042598704546,85.24531768307665,154556700
2010-03-10,86.02346801757812,86.25541604562089,85.60446365504762,85.67928504714145,186088800
2010-03-11,86.38260650634766,86.40505805994813,85.55955983801223,85.82143754495907,160791100
2010-03-12,86.39006805419922,86.77166444780825,86.15063625416117,86.75669674927215,162074800
2010-03-15,86.41254425048828,86.47240364865269,85.74662414430193,86.24045561639863,146816800
2010-03-16,87.10088348388672,87.18318299008888,86.41251207829606,86.65194387330455,168673000
2010-03-17,87.61714935302734,87.901478516188,87.10835610729679,87.36275558441402,177468100
2010-03-18,87.57228088378906,87.74436948851027,87.22061411522124,87.62465642111796,196509100
2010-03-19,87.12899780273438,88.12072194949086,86.7909065080597,87.12899780273438,226641100
2010-03-22,87.59484100341797,87.75262044666913,86.58057815574804,86.63316939282679,184477800
2010-03-23,88.2109146118164,88.28604412878153,87.43706396423293,87.72256415352102,182941600
2010-03-24,87.78266906738281,88.225942985835,86.83602678488532,87.88034260352426,196072600
2010-03-25,87.63988494873047,88.78186805355917,87.534702520602,88.37616194562975,223396300
2010-03-26,87.58729553222656,88.21839011394938,87.24169529956704,87.80517506125351,205808500
2010-03-29,88.14329528808594,88.30106899556165,87.66997416565883,88.03059814502764,134513500
2010-03-30,88.20340728759766,88.52646939627105,87.83526861139337,88.24848385512853,145772500
2010-03-31,87.90287780761719,88.2935547424534,87.60986867348632,87.86531018241483,161078700
2010-04-01,88.50389862060547,88.8419842169981,87.9779806870898,88.50389862060547,161215200
2010-04-05,89.22514343261719,89.28524358408669,88.5940431200809,88.84197559043488,105847600
2010-04-06,89.43550872802734,89.59328237392609,88.87202896466931,88.96969672679352,110384200
2010-04-07,88.9246597290039,89.67596641428983,88.5114387592906,89.25523650477454,184576300
2010-04-08,89.232666015625,89.38293074731047,88.35363883031536,88.61659494574815,158704000
2010-04-09,89.81871795654297,89.85627985219948,89.25523793355842,89.42052059207445,133006500
2010-04-12,89.96145629882812,90.19436525714752,89.82622087309954,89.93140334510902,110279000
2010-04-13,90.02906799316406,90.18684168560836,89.40548216206457,89.87129430071978,125043600
2010-04-14,91.05083465576172,91.05083465576172,90.21688399972655,90.35962833395739,161609000
2010-04-15,91.12599182128906,91.33635678360733,90.87054455846308,90.90059751479644,144615300
2010-04-16,89.67595672607422,91.12597870130234,89.21765923900114,90.80291663225107,366786700
2010-04-19,90.01403045654297,90.10418930059454,89.00728249202896,89.4129886922404,217947800
2010-04-20,90.81793975830078,90.89307500392378,90.05912421923567,90.57752187554476,157708000
2010-04-21,90.65264892578125,91.08089341985074,90.14926919288129,90.87052277594496,192910100
2010-04-22,90.92311096191406,91.03580808437532,89.49563318411737,90.01403077621713,115360300
2010-04-23,91.5166244506836,91.554192060903,90.63008273042358,90.86299159616131,177335500
2010-04-26,91.17102813720703,91.74953726018224,91.0808750400254,91.54668132749796,143457300
2010-04-27,89.01480865478516,91.16354026130752,88.84200561437906,90.64514260411819,355853300
2010-04-28,89.69096374511719,89.91635797746514,88.85701311024859,89.44303696795056,300674100
2010-04-29,90.80288696289062,90.99071355254877,90.20935425172941,90.23189252536636,193775000
2010-04-30,89.26274871826172,90.91562692571866,89.24021043399897,90.81795338455967,270000900
2010-05-03,90.41973114013672,90.66766364714157,89.5557275664011,89.69096295822071,182747900
2010-05-04,88.29357147216797,89.42804633046228,87.84278854440035,89.4130227167436,360353400
2010-05-05,87.76763153076172,88.50391447678939,87.12902210537858,87.57229022148677,328973200
2010-05-06,84.8525619506836,87.90286465046375,78.88718622477516,87.34689941917688,647356600
2010-05-07,83.59038543701172,85.47616113576012,82.20046918192918,84.62718662432414,637558800
2010-05-10,87.27178192138672,87.63992056946417,86.33264862281126,87.00882001217379,396159600
2010-05-11,87.02383422851562,88.17333226904545,86.33263361659118,86.45283967726711,317849800
2010-05-12,88.24093627929688,88.36866272636547,87.21915909482642,87.36942381725623,235607100
2010-05-13,87.14405059814453,88.413760581568,87.0689210848327,88.00053966033123,234452500
2010-05-14,85.56631469726562,86.64819811746518,84.79998442930088,86.49042440735523,345601400
2010-05-17,85.61140441894531,86.03964904991653,83.97355542589445,85.79923111203823,325739800
2010-05-18,84.44685363769531,86.56553778586533,84.16886816294455,86.31009058949715,360556800
2010-05-19,83.96603393554688,84.7248495351773,82.91420346503136,83.97354287509692,394742700
2010-05-20,80.79547882080078,82.56104744948163,80.7428876099724,82.17787963801082,530418300
2010-05-21,81.97506713867188,82.17791740738029,79.1576672665207,79.57088820724209,500909400
2010-05-24,80.92323303222656,82.18542834691902,80.8481035187835,81.5317895427341,269823000
2010-05-25,81.00587463378906,81.04344225532,78.42137818324919,78.96983450472372,396505200
2010-05-26,80.51753997802734,82.24554773051005,80.27712205639644,81.50175568109185,349719300
2010-05-27,83.21471405029297,83.24476699976171,81.72712457766734,82.03516301071143,300870500
2010-05-28,82.17040252685547,83.1846652610917,81.77971989623686,83.12455935914817,297933500
2010-06-01,80.78800201416016,82.6061627057481,80.6677959325089,81.40407322916164,277909400
2010-06-02,82.89163970947266,82.89914864671519,80.77295580840526,81.20120024376952,240243700
2010-06-03,83.17716217041016,83.44011836300442,82.32818768231581,83.13208560368402,226618300
2010-06-04,80.25457000732422,82.14035116006842,79.98409917537626,81.59940949617251,398475600
2010-06-07,79.25533294677734,80.84810502878483,79.19523277410907,80.54006656629628,264609100
2010-06-08,80.10433197021484,80.26210570818802,78.62425667758885,79.31545754833304,357774300
2010-06-09,79.67605590820312,81.3514661783541,79.33796454700598,80.5701067374713,268023300
2010-06-10,82.00511169433594,82.10277948304385,79.66854784773933,81.03592554972069,317890600
2010-06-11,82.4033203125,82.45591155300262,81.23128367728992,81.28387491779255,214128200
2010-06-14,82.2756118774414,83.48521632229333,82.19296766826398,83.03442764241059,207196100
2010-06-15,84.14632415771484,84.22145365788154,82.71132605687308,82.85407611959921,238268700
2010-06-16,84.11626434326172,84.46186460142148,83.54526987099156,83.71055819707078,216374000
2010-06-17,84.25152587890625,84.3942759742899,83.43260439531846,84.35670834960533,263185800
2010-06-18,84.34284973144531,84.64479749919846,84.07109213303988,84.41833667338359,174006600
2010-06-21,84.1012954711914,85.45252740100152,83.63326717508446,85.39214129770144,213140700
2010-06-22,82.71231842041016,84.47119269171708,82.59154044431477,84.10130258086276,239355400
2010-06-23,82.45564270019531,83.05954396066333,81.8894820289092,82.76514087233728,254639900
2010-06-24,81.08932495117188,82.15371004787711,80.87795916838135,82.04802715648185,268523600
2010-06-25,81.42900848388672,81.84418954232177,80.59863484844766,81.33087027645239,238726500
2010-06-28,81.17237091064453,81.76872772328203,80.87796771645829,81.54981149388703,169218600
2010-06-29,78.66616821289062,81.1572784465852,78.16794962172357,80.03250132545345,373649500
2010-06-30,77.91881561279297,79.1719150437309,77.66215308497664,78.44722999464304,284101700
2010-07-01,77.57156372070312,78.1226235583583,76.34110415468909,77.86596681408805,382924800
2010-07-02,77.14884948730469,78.06980539103158,76.71102280723102,77.8357940827779,233385200
2010-07-06,77.65460205078125,78.78692342694688,76.90726579582721,78.23585782312783,256935300
2010-07-07,80.1004409790039,80.19857345723352,77.76785518140976,77.85089257040644,253769400
2010-07-08,80.89306640625,80.9836484578677,79.94946497332502,80.77228265837829,210842100
2010-07-09,81.49696350097656,81.5045139246355,80.71943688339363,80.8704108008577,144999900
2010-07-12,81.54981231689453,81.70833667234187,80.88551895702669,81.22521318165866,131283600
2010-07-13,82.78025817871094,83.10485149922371,82.22919248164523,82.39526723307011,213025900
2010-07-14,82.77268981933594,83.09728882879546,82.17633323175757,82.5160273247641,184426800
2010-07-15,82.79535675048828,83.08220948638731,81.6554847116905,82.74251530547305,232337900
2010-07-16,80.515625,82.44056844767829,80.35709489273714,82.3499806377118,282693400
2010-07-19,80.99118041992188,81.24783718671502,80.18345800783057,80.81001059869821,186709000
2010-07-20,81.8895263671875,81.94991249443085,79.88153933469818,79.91928570360164,258162400
2010-07-21,80.82513427734375,82.33489675997596,80.49298468819288,82.31225124422237,264527000
2010-07-22,82.6292953491211,82.99164085871703,81.77628166761802,81.78382633292154,274781300
2010-07-23,83.3464126586914,83.46719062195653,82.22918626224335,82.46319752557788,222020800
2010-07-26,84.21455383300781,84.29759123462885,83.25585714059277,83.4898684946409,184445700
2010-07-27,84.20697784423828,84.76558817157563,83.87482836130447,84.67500037824324,204855600
2010-07-28,83.66348266601562,84.29003542842611,83.38417455572406,84.03337283207696,163056200
2010-07-29,83.2558364868164,84.41080363829673,82.59154319793042,84.1843370065499,220149100
2010-07-30,83.24072265625,83.68610542674054,82.26693126576883,82.410354734838,220070600
2010-08-02,85.12037658691406,85.25625538677264,84.19942091668196,84.53911503668614,188263200
2010-08-03,84.71272277832031,85.12790375530476,84.43341481398714,84.90899339539993,146657300
2010-08-04,85.27892303466797,85.38460593318725,84.66747115619418,84.94677349115825,158171700
2010-08-05,85.18830108642578,85.23359785284325,84.6070453775024,84.73537373723715,140473800
2010-08-06,84.841064453125,84.97694324639784,83.73138860127752,84.35039071301284,239728300
2010-08-09,85.29399871826172,85.43742794474343,84.78822985337369,85.24115728102393,120800400
2010-08-10,84.83354187011719,85.2864751691823,84.07111605254893,84.56933461851996,242916300
2010-08-11,82.50848388671875,83.55776786696758,82.37260509564345,83.5275719401415,273406900
2010-08-12,82.0027084350586,82.29711151936122,81.22518204527043,81.26292839322066,239542600
2010-08-13,81.76116180419922,82.25183562128255,81.66302934449661,81.74606671781618,158698500
2010-08-16,81.72339630126953,81.98760342708728,80.90812366221753,81.20252671088352,147895300
2010-08-17,82.7273941040039,83.33130112069108,82.191429362354,82.42544635494446,172270300
2010-08-18,82.8783950805664,83.32377215662098,82.21410179856979,82.68967480916315,182922100
2010-08-19,81.43656158447266,82.65192047577796,81.0968674324394,82.44810513641502,265847600
2010-08-20,81.17237091064453,81.48187495336077,80.58356452227204,81.19501642415328,209714200
2010-08-23,80.86283111572266,81.95740594150385,80.82508477306125,81.55732005013947,163490300
2010-08-24,79.66259765625,80.3117958311675,79.23986610394482,79.97964632047889,280677800
2010-08-25,79.97208404541016,80.27403179668562,78.72652941390423,79.22474781093608,272234800
2010-08-26,79.4361343383789,80.45522259007403,79.17192136706679,80.3495397052633,224439500
2010-08-27,80.66659545898438,80.74963284139864,78.74164633470562,79.93435986457806,272649000
2010-08-30,79.49652099609375,80.70433527537182,79.48897633233011,80.45522314832431,167238600
2010-08-31,79.49652099609375,80.0022956732377,78.87751876964212,79.20211784932317,273933100
2010-09-01,81.87439727783203,81.98763058620156,80.51561485525363,80.56845629792137,256828100
2010-09-02,82.63682556152344,82.65192064772485,81.89703963338268,82.0706648007668,156112200
2010-09-03,83.7087631225586,83.78425007926248,82.99917305911372,83.4445558944522,212197300
2010-09-07,82.7651596069336,83.4219082076284,82.69722307545766,83.31622531914219,141973700
2010-09-08,83.3464126586914,83.67855637713417,82.89347945841375,82.93122581153185,149924400
2010-09-09,83.73141479492188,84.3051260748014,83.50495390814636,84.28248056205246,147017900
2010-09-10,84.15415954589844,84.25229202952994,83.69368154858208,83.88240185045643,127819000
2010-09-13,85.0901870727539,85.26380647721004,84.6448042888089,84.98450419370627,178503500
2010-09-14,85.0373306274414,85.52045392048807,84.6070487645941,84.92409734579023,209823600
2010-09-15,85.36194610595703,85.46007856404422,84.53157814571551,84.78823492499822,168608400
2010-09-16,85.33930969238281,85.39215113841304,84.81088947279488,85.09774797348955,199962900
2010-09-17,85.37117004394531,85.87206155374695,85.13590597789062,85.78857963544668,195836900
2010-09-20,86.67655181884766,86.86628247403034,85.39397073697421,85.6671833436469,214555200
2010-09-21,86.50196838378906,87.15463625059081,86.14527396778446,86.74482329402998,268389100
2010-09-22,86.07697296142578,86.85107701360869,85.83411803704094,86.365367164839,191322400
2010-09-23,85.37873840332031,86.26667589308694,85.13588355679997,85.37114756089636,202354300
2010-09-24,87.13944244384766,87.20015760645975,86.25150490358294,86.32739596178976,209671800
2010-09-27,86.72207641601562,87.2685015732376,86.63860026321957,87.16984372711899,128761800
2010-09-28,87.0256118774414,87.30641519070383,85.89481936099276,86.83588131742773,209207500
2010-09-29,86.87385559082031,87.2077833286268,86.53233700712217,86.80554955803312,179665800
2010-09-30,86.61578369140625,87.87559725124493,86.20596503182438,87.31399647631417,287106700
2010-10-01,86.9800796508789,87.36713162012423,86.4640122885909,87.26846802181855,174638700
2010-10-04,86.32746124267578,87.16227509447087,85.894875514647,86.79799542356294,166153200
2010-10-05,88.06535339355469,88.27785073286869,87.02562765177608,87.12429126654203,229634100
2010-10-06,88.05774688720703,88.28542587604619,87.70105250674705,88.0501560435478,148626600
2010-10-07,87.95150756835938,88.43721739197542,87.42026425819114,88.41445064869933,164860000
2010-10-08,88.44483184814453,88.68768682478641,87.73903366757291,88.07296143175026,177760100
2010-10-11,88.52828216552734,88.77113705541773,88.22471210563502,88.58140649174969,103098300
2010-10-12,88.80149841308594,89.05952921138041,87.76936363967296,88.23989175188466,182210000
2010-10-13,89.49214172363281,89.97026661453097,89.08232287005696,89.29482603830019,194347200
2010-10-14,89.14302062988281,89.5604302482337,88.58141969892557,89.40864230059785,217764300
2010-10-15,89.32513427734375,89.8184348303178,88.61175139730955,89.765310511697,243705000
2010-10-18,89.76532745361328,90.06130668323624,89.02917190656012,89.35550872256974,141204800
2010-10-19,88.5889892578125,89.43897839986654,88.05014941082453,88.93809276831567,280604700
2010-10-20,89.45419311523438,89.88677868907249,88.69527064954512,88.74839499053861,200051800
2010-10-21,89.65150451660156,90.38006935414153,88.95329727105725,89.8564168150426,221585500
2010-10-22,89.81846618652344,89.95507245211228,89.55284450068916,89.7881085952683,108212400
2010-10-25,90.08409881591797,90.88856060661001,90.01579856988558,90.418026570172,151145700
2010-10-26,90.09923553466797,90.19030248392102,89.45415288695494,89.62870173310081,158982900
2010-10-27,89.84122467041016,89.9398882804456,88.99123535390763,89.4693543444403,190024000
2010-10-28,89.85639953613281,90.39523366267393,89.42381406608615,90.35728523244698,168576000
2010-10-29,89.92472076416016,90.09927547780656,89.60597472023424,89.76534774219719,144305500
2010-11-01,89.95506286621094,90.88094903541229,89.4389954501045,90.36488161930585,174074800
2010-11-02,90.66846466064453,90.88096201702108,90.38766127393626,90.63051622266927,158345900
2010-11-03,91.03274536132812,91.08586970110659,89.89436168883073,90.82783884793086,226702800
2010-11-04,92.7858657836914,92.83139928051588,91.04793257675517,92.04211919155013,215039400
2010-11-05,93.13494873046875,93.28673087955208,92.72512997980238,92.84655454104546,180654100
2010-11-08,92.96036529541016,93.11215318766354,92.54296161947445,92.84652582374912,156107100
2010-11-09,92.29254913330078,93.30950232162834,91.92067879623812,93.21084449876791,186621600
2010-11-10,92.6644287109375,92.70996799459118,91.57158433526733,92.26979159002413,221387400
2010-11-11,92.31531524658203,92.45192150274909,91.58675047706375,91.86755383421772,158017600
2010-11-12,91.22245788574219,92.09521968629531,90.80505409599427,91.69299179485267,239068800
2010-11-15,91.09343719482422,91.86754113614575,91.05549455620557,91.51084675045027,163940800
2010-11-16,89.67425537109375,90.68361755783505,89.24166413233961,90.53183542467437,299566200
2010-11-17,89.71979522705078,90.0916655327956,89.44658273585772,89.7122043828183,172308900
2010-11-18,91.04033660888672,91.36667349471448,90.57739345015156,90.58498429590163,197723700
2010-11-19,91.29075622558594,91.32869886321687,90.5014764073867,90.99477701752588,156852900
2010-11-22,91.21485900878906,91.25280164386118,90.13718510866266,90.83539791736735,181361000
2010-11-23,89.89436340332031,90.32694897551497,89.54525976524383,90.13721835981347,222309000
2010-11-24,91.22245788574219,91.24523041837655,90.44835968958509,90.46353558789036,140046100
2010-11-26,90.15998840332031,90.92649590066502,90.15998840332031,90.43320094558216,76007800
2010-11-29,90.43318939208984,90.67604431083849,89.35551526190713,89.9322978652294,223642300
2010-11-30,89.92472076416016,90.44078826913876,89.40865325918155,89.53767447801535,233930700
2010-12-01,91.83719635009766,92.0117452503275,91.21488024687328,91.22246530158372,221037200
2010-12-02,93.0135269165039,93.08183294294346,91.92826765960415,91.98139199567119,191213600
2010-12-03,93.26396179199219,93.3702104517035,92.67200331928126,92.69477006205972,151288900
2010-12-06,93.1653060913086,93.37780341555462,92.96798466588677,93.06664248353877,103050500
2010-12-07,93.21842956542969,94.1139581308897,93.16530523485655,94.06083380031654,206581000
2010-12-08,93.55992889404297,93.63581995683437,92.89967027862923,93.3322557056688,138019200
2010-12-09,93.9242172241211,94.12153283591509,93.46127419855101,94.08359019831646,123705100
2010-12-10,94.4706802368164,94.56174723585316,93.90148833235888,94.2126435626002,117571700
2010-12-13,94.5313720703125,95.01708194196827,94.5010144795692,94.90324821432895,133812700
2010-12-14,94.6148452758789,95.03984571699064,94.32645687557847,94.67556045176885,147249600
2010-12-15,94.18224334716797,94.81215015935288,94.02287038085313,94.4402799046183,160823100
2010-12-16,94.72867584228516,94.79698185624382,93.91662925928432,94.2429660612445,185035200
2010-12-17,94.83016967773438,94.95223283588084,94.46396856215644,94.66232774228487,141075300
2010-12-20,95.05902862548828,95.28790502222999,94.58602594238928,95.08954586642508,119085500
2010-12-21,95.66172790527344,95.72276238514847,95.2650154272225,95.35656132646666,94965500
2010-12-22,95.95926666259766,95.98978390347132,95.67699237051126,95.73039608689803,78878100
2010-12-23,95.82195281982422,95.9592775089934,95.58545145203199,95.85247006414727,70053700
2010-12-27,95.8600845336914,95.95163043052814,95.3947068228773,95.46336624550484,58126000
2010-12-28,95.99740600585938,96.08895189965054,95.7456431567976,96.0508097174269,55309100
2010-12-29,96.06608581542969,96.27970070703778,96.05083010341593,96.11186459260946,58033100
2010-12-30,95.91349029541016,96.22628181722949,95.7685348615653,95.9745247749836,76616900
2010-12-31,95.9363784790039,96.02793019999487,95.61595618638819,95.76853656747136,91218900
2011-01-03,96.92816162109375,97.34776054993418,95.89822374901264,96.66876800675907,138725200
2011-01-04,96.87478637695312,97.1723222610335,96.27208384186038,97.14180501387528,137409700
2011-01-05,97.3782958984375,97.4393303861695,96.47805757638238,96.56960930798039,133975300
2011-01-06,97.18756866455078,97.52325253056559,96.89766357517294,97.41644508602799,122519000
2011-01-07,96.99683380126953,97.47746726971687,96.24155097354692,97.31725611356775,156034600
2011-01-10,96.87478637695312,97.0121110788802,96.27970878822262,96.56961972594075,122401700
2011-01-11,97.21805572509766,97.45455701877918,96.85185472854388,97.22568648892953,110287000
2011-01-12,98.09542846679688,98.20223590121189,97.24096317090809,97.81315417037231,107929200
2011-01-13,97.93522644042969,98.17936440842874,97.69110011356968,98.13359144971368,129048400
2011-01-14,98.64470672607422,98.66759319719593,97.72921295780145,97.79787237116656,117677900
2011-01-18,98.81257629394531,98.90412220408169,98.43874442565821,98.5531768133287,114401300
2011-01-19,97.84364318847656,98.82779634874097,97.5842554273073,98.72862552307895,151958400
2011-01-20,97.71398162841797,97.95810794287478,96.98921016902531,97.62242989506974,175745700
2011-01-21,97.93522644042969,98.54555971928829,97.82841898971486,98.3243198717858,151462900
2011-01-24,98.49214172363281,98.60657409707804,97.85128550892952,97.87417198361857,113715500
2011-01-25,98.54557037353516,98.62949135396556,97.7368836391005,98.23277293364544,167552200
2011-01-26,98.92700958251953,99.21692048877571,98.59132572077831,98.78969071606443,141281500
2011-01-27,99.171142578125,99.33898450060926,98.77442424851334,98.94989111615138,123302700
2011-01-28,97.43931579589844,99.44578208051966,97.2791046550183,99.28556511907128,295637300
2011-01-31,98.17169189453125,98.24798789189461,97.46218801181809,97.70632589047301,149249200
2011-02-01,99.7433090209961,99.91877585564171,98.70574625942704,98.7667807325941,167194300
2011-02-02,99.55258178710938,99.81959451396689,99.4305128393905,99.48391072830778,118323600
2011-02-03,99.7738265991211,99.92640697089449,98.85070778315354,99.37710831960133,145886700
2011-02-04,100.0561294555664,100.0942774696929,99.35425023196893,99.81200311920792,134634800
2011-02-07,100.68169403076172,101.00974124314352,100.26971422784503,100.27735081305873,112439100
2011-02-08,101.13946533203125,101.19286323264184,100.4986090367373,100.77325840868096,99072800
2011-02-09,100.91056060791016,101.1852099028095,100.40703496040553,100.86478766561606,146436700
2011-02-10,100.94873046875,101.06316284926716,100.17055535782113,100.39943175999284,162708500
2011-02-11,101.55146026611328,101.6811542201348,100.52915852890291,100.55204501248663,137710300
2011-02-14,101.79553985595703,101.8794608042436,101.37594675566001,101.49037912098905,101690700
2011-02-15,101.4751205444336,101.63533750169178,100.94872000746797,101.48275712976829,119575400
2011-02-16,102.11599731445312,102.23805465191164,101.61247150859424,101.81846145483442,130183500
2011-02-17,102.42115783691406,102.55847670660256,101.72690361934183,101.81846117360598,109810500
2011-02-18,102.63475799560547,102.75682695634296,102.27618769914956,102.51268903486796,130002400
2011-02-22,100.57489776611328,102.65764856172534,100.30024841407696,101.55905115358003,233116400
2011-02-23,99.95694732666016,100.75800896850784,99.3389891473068,100.5138710185154,227584000
2011-02-24,99.88827514648438,100.27736854483426,98.94989464900996,99.85013877821625,260431400
2011-02-25,100.95633697509766,101.01737144727196,100.24682142206484,100.30785589423913,141686900
2011-02-28,101.58195495605469,101.71166052984138,100.9945197860292,101.33020367812335,141585500
2011-03-01,99.88827514648438,101.99392419787037,99.85776372364226,101.90237828820595,258565500
2011-03-02,100.10189819335938,100.5672759532162,99.44579203423561,99.75095281660764,200277400
2011-03-03,101.82608795166016,101.94052034512642,101.00213979528695,101.00976474113847,176480100
2011-03-04,101.06316375732422,101.94814631173318,100.39943266208626,101.74978132887126,277202300
2011-03-07,100.26970672607422,101.58955534434148,99.7433062368309,101.36067898663758,216790400
2011-03-08,101.14708709716797,101.46750941417093,99.99509174500466,100.42994644624517,174615000
2011-03-09,101.00212097167969,101.31491831037687,100.3994244098498,100.94872307839334,153806000
2011-03-10,99.13297271728516,100.07897791787323,99.03379024646154,99.94165908854983,301291800
2011-03-11,99.81962585449219,100.17819622528754,98.78969934272745,98.81258582246849,225621800
2011-03-14,99.21688079833984,99.54492794217704,98.4615924115655,99.17110786116568,234974100
2011-03-15,98.08016967773438,98.66761640400807,96.50856953834804,96.57722896786198,359585400
2011-03-16,96.2644271850586,98.08779583381428,95.57780386008736,97.76736191454741,468670300
2011-03-17,97.53850555419922,97.95047960916253,96.96632033684502,97.65294376178386,254303700
2011-03-18,97.89325714111328,98.75143430952784,97.70170020720542,98.72077865274645,230435400
2011-03-21,99.41041564941406,99.61728877207098,98.99664602067955,99.11158722497707,153992600
2011-03-22,99.06556701660156,99.52530828000042,98.97362344060419,99.39505098343547,129538600
2011-03-23,99.34909057617188,99.6096051991445,98.32234822089815,98.78973591356278,148603100
2011-03-24,100.29920959472656,100.44479474050729,99.35675271902481,99.9160957128648,159129800
2011-03-25,100.605712890625,101.04245665872644,100.29155668532758,100.55974109310995,155642800
2011-03-28,100.36054229736328,101.08079850333094,100.32989832106563,100.82028378380994,109762400
2011-03-29,101.0348129272461,101.06545689936857,99.94677069539159,100.27624308547617,129798800
2011-03-30,101.7320556640625,102.03088400133699,101.41789949901046,101.56348463363004,135835000
2011-03-31,101.59414672851562,101.87765898031658,101.48687529834226,101.60181648962666,132537100
2011-04-01,102.02323913574219,102.4983083791105,101.778052290009,102.22246587034205,153850100
2011-04-04,102.1075210571289,102.42167728771607,101.81636241885901,102.23777839114348,100768900
2011-04-05,102.09220123291016,102.5442728508275,101.86233054341879,101.90830234297528,120791500
2011-04-06,102.41402435302734,102.67453903411845,102.00025473792034,102.58259542707687,120411600
2011-04-07,102.15352630615234,102.65922791893713,101.6478130016557,102.2301420939261,170731500
2011-04-08,101.801025390625,102.66686654099576,101.37959776470524,102.60556691434303,147945400
2011-04-11,101.4944839477539,102.25304157162792,101.24928557401954,101.9082415888032,121385400
2011-04-12,100.73597717285156,101.1267491704319,100.36819107561658,100.92753413686906,161187400
2011-04-13,100.72831726074219,101.2799905506486,100.34520333971528,101.20337478146864,162059000
2011-04-14,100.80493927001953,100.95818250957466,99.81651043693572,100.14598281739374,161220400
2011-04-15,101.1727066040039,101.42556316360498,100.68999107359056,100.98881942735409,170006700
2011-04-18,100.03870391845703,101.16505976732026,99.23416235616774,100.06168981809024,210759300
2011-04-19,100.61335754394531,100.64401319934002,99.94674318544597,100.1919299700694,124258800
2011-04-20,101.98495483398438,102.20715581694611,101.74741432512705,101.81638373309818,156133800
2011-04-21,102.50595092773438,102.55192272361651,101.98492165212612,102.51360899647874,135935400
2011-04-25,102.398681640625,102.56725269017764,102.0615395415197,102.429325607949,65757100
2011-04-26,103.27983856201172,103.4867233387742,102.60556605787667,102.71283748069645,146600000
2011-04-27,103.95413970947266,104.10738295396027,103.05765445292455,103.47908214404805,143031000
2011-04-28,104.29127502441406,104.42919042789731,103.75491785801916,103.77023399726662,124791100
2011-04-29,104.53642272949219,104.64370581432067,104.19162265814559,104.32954970170721,115094100
2011-05-02,104.37554168701172,105.11111375602337,104.16865692748028,105.02683993027019,126278700
2011-05-03,104.00009155273438,104.35256146994482,103.47139252277265,104.17633235719353,138375000
2011-05-04,103.3105239868164,104.00012451910182,102.85078250415175,103.95415270917766,182678500
2011-05-05,102.37570190429688,103.40244440122126,101.92363028588063,102.73582992349868,226900000
2011-05-06,102.8277816772461,103.9234936521833,102.4293398962044,103.39479453135506,222787200
2011-05-09,103.22622680664062,103.52505522918754,102.65921393413944,102.82012694245407,114104500
2011-05-10,104.10741424560547,104.29131320929132,103.44079950127893,103.57105688283046,114806900
2011-05-11,103.01168823242188,103.96947317702308,102.53663064124713,103.95414534423045,193564200
2011-05-12,103.5020751953125,103.71661809075624,102.20714806028431,102.73584722823887,171550700
2011-05-13,102.70516967773438,103.70126816102318,102.33738360558611,103.5556830076268,157444900
2011-05-16,102.05390930175781,103.14195165993675,101.8853382062374,102.33740992071874,141675400
2011-05-17,102.03857421875,102.17650132879106,101.2340325366905,101.67078807815817,192686200
2011-05-18,102.95035552978516,103.05762694146115,101.86997165323675,102.09218423637722,135217900
2011-05-19,103.19551849365234,103.46370280678332,102.62851760213611,103.28747374793673,119489500
2011-05-20,102.37570190429688,103.19555961127982,102.18414494479417,102.9273868830014,182594900
2011-05-23,101.18802642822266,101.69373950742073,100.827898480161,101.12672681028592,168700000
2011-05-24,101.10374450683594,101.70140118831816,100.91218757836837,101.47920029564689,147199600
2011-05-25,101.44090270996094,101.86233035797638,100.66701680484815,100.69766077392704,151050100
2011-05-26,101.9083023071289,102.0922011969991,100.97350341077943,101.16506037000336,164850000
2011-05-27,102.29905700683594,102.57489944917059,101.8776411211279,102.1917855954673,120921900
2011-05-31,103.36412811279297,103.37945594285235,102.55192849527626,103.26452644667872,164731200
2011-06-01,101.04243469238281,103.37943132224498,100.95814918469252,103.06527518524422,233094300
2011-06-02,100.93518829345703,101.32597196759708,100.34520128518587,101.11142911155143,200466800
2011-06-03,99.93144989013672,100.69767785588692,99.67093518779227,99.72456506570511,234690200
2011-06-06,98.8740234375,99.88544967667436,98.74376612337136,99.67856491107823,179951200
2011-06-07,98.812744140625,99.66325748271846,98.72845861332894,99.37974524088158,161660500
2011-06-08,98.39896392822266,98.98896255546748,98.21506506355084,98.65947855106056,198696400
2011-06-09,99.14984893798828,99.55594863955892,98.42960479922353,98.66713348976043,160964400
2011-06-10,97.77066802978516,98.78974658093755,97.51015337868202,98.728458644438,238629400
2011-06-13,97.8472900390625,98.26105960821886,97.34924663395024,97.99287519518386,207599800
2011-06-14,99.08857727050781,99.43337741628571,98.70546339926405,98.74376543302242,160570400
2011-06-15,97.32628631591797,99.07329121592589,97.06577157963677,98.26109133710075,300958000
2011-06-16,97.54078674316406,98.05415788965834,96.7898810388855,97.356887889553,308032800
2011-06-17,97.83185577392578,98.51717879506334,97.50074418928801,98.50947688616428,233284900
2011-06-20,98.3323974609375,98.54030793916986,97.46997140260152,97.50077317251879,159479000
2011-06-21,99.6799087524414,99.87241534012463,98.37086630612939,98.84058285006324,193157300
2011-06-22,99.07931518554688,99.957144986166,99.01771165133309,99.37192903564416,176703000
2011-06-23,98.79439544677734,99.05620161869514,97.16963917449635,97.9165657676574,334286500
2011-06-24,97.64706420898438,98.84830373822163,97.50076316044671,98.77130813359028,226129300
2011-06-27,98.51720428466797,98.89450979581584,97.51616736285479,97.70867401129296,168904700
2011-06-28,99.80314636230469,99.81855018394567,98.7713135561503,98.90991270189943,165556300
2011-06-29,100.65789794921875,100.81959698730071,99.81857160956262,100.25748074831803,244295500
2011-06-30,101.62040710449219,101.78210610393234,100.65017785883234,100.98128364318225,223322700
2011-07-01,103.12196350097656,103.26057440235388,101.4741070047941,101.71281337695495,202385700
2011-07-05,103.0372543334961,103.24516479908374,102.71384458128927,103.01415447617225,165936000
2011-07-06,103.16046905517578,103.29137217294189,102.49824568021701,102.79085956091419,143331600
2011-07-07,104.23079681396484,104.49260302741324,103.86118735088044,104.07679385015243,170464200
2011-07-08,103.49154663085938,104.23077716736256,102.7138241729132,103.05263767924089,194100500
2011-07-11,101.62040710449219,102.5521326718229,101.38170074839378,102.22102688747299,195918600
2011-07-12,101.18147277832031,102.2441130596756,101.15067688958267,101.40478703293596,214675700
2011-07-13,101.52029418945312,102.58293455336022,101.2738918113959,101.71280082061472,204062600
2011-07-14,100.81958770751953,102.2441417672964,100.62708103726182,101.77442502188062,226111800
2011-07-15,101.40482330322266,101.54342247662302,100.69640011215546,101.38172344098926,220012800
2011-07-18,100.57318878173828,101.08910526603401,99.81856589795834,100.93510227439985,196872100
2011-07-19,102.20563507080078,102.32884215605611,101.11219862592702,101.1352984857031,166554900
2011-07-20,102.14401245117188,102.52902570843173,101.96690964274053,102.46743392698164,137145400
2011-07-21,103.56087493896484,103.81498511042454,102.1594209781276,102.72153706971699,245246300
2011-07-22,103.63020324707031,103.73800652397875,102.99877566112369,103.5840035212061,126019400
2011-07-25,103.0526351928711,103.5608554401007,102.53671891147275,102.64452213818777,136653800
2011-07-26,102.66764831542969,103.15276883487253,102.43663798475816,102.98336204235832,131278200
2011-07-27,100.56546783447266,102.12862072423276,100.43455298685237,102.09781308373192,249020100
2011-07-28,100.27284240722656,101.46638572071657,100.11113168747028,100.56545620979944,207939900
2011-07-29,99.58753204345703,100.5269653453953,98.54029549783762,99.26412231241355,307038400
2011-08-01,99.16399383544922,100.84265741235643,98.2014608841425,100.75024625925552,325790900
2011-08-02,96.63064575195312,98.94842768748603,96.63064575195312,98.41710740205666,346653800
2011-08-03,97.15420532226562,97.26200852147534,95.12133660169137,96.76149618578755,370830800
2011-08-04,92.6033935546875,95.96070974666374,92.4493847214376,95.80670091341383,520721800
2011-08-05,92.46479797363281,93.99714930304313,89.98531131634525,93.75844293070297,655619200
2011-08-08,86.44319915771484,92.49560950165781,86.25838851946678,90.02382449475553,702263900
2011-08-09,90.4627456665039,90.5859468922577,84.91084759897753,87.83695161481315,717828700
2011-08-10,86.46629333496094,89.53869802711245,86.20448121873837,88.75327342811897,662607400
2011-08-11,90.34721374511719,91.57155310207216,86.48937920321315,87.21320601791778,487979700
2011-08-12,90.95555877685547,91.79488508630594,90.30873327361607,91.17116531965604,313731600
2011-08-15,92.88059997558594,92.97299939711415,91.63315491143052,91.7794618286316,258810600
2011-08-16,92.08747863769531,92.93451260090929,91.1018455257773,91.99507920522596,294095200
2011-08-17,92.14908599853516,93.32722581008626,91.41756304523547,92.59570285678657,238201100
2011-08-18,88.17572784423828,92.17986291668014,87.31329613063193,89.70807878977057,512956300
2011-08-19,86.73578643798828,89.23067070906613,86.62798319555404,86.98219468852886,428281300
2011-08-22,86.80508422851562,88.73015035207608,86.5586759996933,88.68394477022244,275090600
2011-08-23,89.66190338134766,89.76200472909254,86.6896000962164,87.12851504377012,331136600
2011-08-24,90.92472076416016,91.047921936013,89.26146088288189,89.46937130545935,246869700
2011-08-25,89.5387191772461,91.94120501050347,89.2230112307168,91.42528844249311,312365400
2011-08-26,90.83999633789062,91.25581121185328,87.66748611886106,89.08433745327093,314495900
2011-08-29,93.45042419433594,93.50432581877479,90.90933418544988,92.06437403042783,190977200
2011-08-30,93.69683074951172,94.27435066146018,91.83336791025206,93.04230935760405,241315700
2011-08-31,94.1126480102539,95.10598298720828,93.4042249781867,94.2974527414809,301828400
2011-09-01,93.12703704833984,95.0213021488351,93.00382994838671,94.16657198613338,254585900
2011-09-02,90.74765014648438,93.07313419151264,90.42424032560108,91.18656515335108,255517200
2011-09-06,90.08540344238281,90.2163124193094,88.07563369914222,88.08333560951115,285130500
2011-09-07,92.62648010253906,92.66497789919302,91.14032885551399,91.44834060292287,209803200
2011-09-08,91.6639633178711,93.12701497137076,91.45605285469755,92.07207645875103,250568200
2011-09-09,89.261474609375,91.67935746151296,88.76865809650843,90.61672295717621,380195100
2011-09-12,89.8390121459961,89.90831760272894,87.82154598631881,88.14495578483903,305793500
2011-09-13,90.66293334960938,91.00174694518151,89.49249546238086,90.13161897226944,272514700
2011-09-14,91.9180908203125,93.01922925459127,89.87751885645973,91.12495837127844,319389500
2011-09-15,93.50435638427734,93.53515816185921,91.9412028897374,92.90373640852687,326777200
2011-09-16,94.05774688720703,94.40605513137002,93.12893671323452,93.87972779139065,284528300
2011-09-19,93.12118530273438,93.60107385584112,91.89051165452594,92.51745816170907,241517000
2011-09-20,93.01285552978516,94.42155463320817,92.88901690031857,93.51596361784318,218932200
2011-09-21,90.27283477783203,93.34565714518249,90.12577681095142,93.05927706399379,316251300
2011-09-22,87.35478973388672,88.39970229998765,86.1473357379682,87.65665323286635,513911300
2011-09-23,87.88114166259766,88.36103023723412,86.7046425458214,86.77430655265074,307242500
2011-09-26,89.9709701538086,90.09481465632669,87.44770041992696,88.70933528686778,260673700
2011-09-27,90.97716522216797,92.54066332420176,90.4353545056469,91.74343371391728,311753900
2011-09-28,89.11955261230469,91.71248614407624,88.98797226801402,91.16293949565896,286696800
2011-09-29,89.82391357421875,91.04684557667973,88.18300932192707,90.5979240112039,298108900
2011-09-30,87.5792465209961,89.3594662591836,87.51732429395602,88.58545613686853,288392300
2011-10-03,85.08695983886719,88.19847891438262,84.99407646898969,87.06842448774346,365136800
2011-10-04,86.95232391357422,87.13809065794787,83.15193598969651,83.86402412743705,459177500
2011-10-05,88.56227111816406,88.79447660698798,86.36408435294939,87.1690559009132,284108000
2011-10-06,90.16450500488281,90.29609131217417,87.85795642030435,88.5158643358291,257800800
2011-10-07,89.56073760986328,90.75271426707339,89.05762969727266,90.6907920213203,312657900
2011-10-10,92.55619049072266,92.5948874782211,91.07782738584551,91.08556914543813,230666300
2011-10-11,92.6490249633789,92.91219152023581,91.91371758479241,92.00660094107653,209088000
2011-10-12,93.46175384521484,94.53762780629411,93.13667090126944,93.34565110659703,281544900
2011-10-13,93.27599334716797,93.55463755877598,92.20011938216008,92.91220752061137,212538800
2011-10-14,94.87043762207031,94.89365698510456,93.83326670500924,94.35959391962774,211397600
2011-10-17,93.05926513671875,94.85496887696407,92.82705967422305,94.42151907398747,202311600
2011-10-18,94.8781967163086,95.59028487055859,92.26203777208248,92.98960944133789,318857900
2011-10-19,93.75584411621094,95.265167399892,93.43076128165634,94.72335677040574,226601300
2011-10-20,94.16610717773438,94.50666773484741,92.74192498494035,93.98808218917362,262075600
2011-10-21,95.95408630371094,96.07018906420255,94.98657314166695,95.27295325828368,278999400
2011-10-24,97.13056945800781,97.37051671242506,96.02373428125027,96.1088759029417,203215600
2011-10-25,95.24198150634766,96.71259653327311,95.0329953926818,96.66615779922768,268596800
2011-10-26,96.20952606201172,96.5733061067568,94.59184073438948,96.24822305133391,289053800
2011-10-27,99.56095886230469,100.17242186530949,97.99745458929011,98.78694257782391,393220200
2011-10-28,99.53772735595703,99.73122992716965,98.9185167659847,99.07331646086287,225906500
2011-10-31,97.1383056640625,99.55321434425167,96.99898355518768,98.42316576871144,228146700
2011-11-01,94.42927551269531,95.59803295324339,94.05774789598301,94.452494881509,416565800
2011-11-02,95.96955108642578,96.28689819566324,95.04074093712312,95.84571248895985,244717600
2011-11-03,97.71881866455078,97.91232127576771,95.66768980460509,96.96028583027875,291174800
2011-11-04,97.12283325195312,97.29311058948544,95.98503695278983,96.92933064067314,249401600
2011-11-07,97.72652435302734,97.8271435478399,96.1320594095365,97.05313338864804,196617200
2011-11-08,98.9804458618164,99.08881274847808,97.30084474440403,98.23739660119016,224426300
2011-11-09,95.3271255493164,97.37051257257095,95.09492006271577,96.66616026038498,337982000
2011-11-10,96.2249755859375,96.7048641742541,95.21875967358137,96.58876142971596,231866500
2011-11-11,98.0361557006836,98.29157463325035,97.36276455700835,97.39372568024714,189924400
2011-11-14,97.10736083984375,98.6476401482907,96.68939444305897,97.67239112769126,159258300
2011-11-15,97.58721923828125,98.105804717759,96.53456476652438,96.88286703656648,184709400
2011-11-16,96.0392074584961,97.78846663075664,95.89988535665644,96.60423171773489,235782500
2011-11-17,94.514404296875,96.10112787623137,93.83327731485912,95.8611806522104,331219600
2011-11-18,94.413818359375,95.00980394057778,94.01907128831567,94.81630128489432,215580400
2011-11-21,92.61808013916016,93.15214325832035,91.83632804212476,93.03604052624891,229611600
2011-11-22,92.25430297851562,92.95864938334594,91.7357115140361,92.41684445655339,216494900
2011-11-23,90.21868133544922,92.25433316629162,90.21868133544922,91.3874390945247,224329100
2011-11-25,90.04833984375,91.10099414152876,89.93997889296945,90.07930095900572,99557000
2011-11-28,92.65679168701172,93.02057754894795,91.96792284832739,92.52521132574194,210686000
2011-11-29,92.9198989868164,93.65520609405897,92.57933271134706,92.9198989868164,199241500
2011-11-30,96.74353790283203,96.92156285570495,92.88122847232222,95.582522546928,324439500
2011-12-01,96.72806549072266,97.24665096028629,96.31009923152472,96.63518213137985,176954800
2011-12-02,96.64293670654297,97.91231325978497,96.5810144587676,97.61819144069787,221109700
2011-12-05,97.69559478759766,98.4386440717528,97.09186761329852,98.1754774619222,225263900
2011-12-06,97.72652435302734,98.38443180729465,97.33951927343142,97.6878214829762,178842100
2011-12-07,98.0903549194336,98.50057954652269,96.72809476296875,97.40148012998986,237802500
2011-12-08,95.93858337402344,97.66462910416462,95.70638380525504,97.44790714455526,240862800
2011-12-09,97.56402587890625,97.81170900267621,96.28690737296711,96.37204900037848,209111400
2011-12-12,96.13983154296875,96.72808110329443,95.3271241621544,96.71259758828992,215826100
2011-12-13,95.24198150634766,97.19248510425521,94.77757054497049,96.64293843220494,245159800
2011-12-14,94.22801208496094,95.2264860786433,94.01903190266925,94.86270029351525,238618800
2011-12-15,94.5685806274414,95.35806855131284,94.42151677775523,95.22648821487262,199109200
2011-12-16,94.70879364013672,95.76812435019207,94.48291227554604,95.20730745311798,220481400
2011-12-19,93.69618225097656,95.27738712375587,93.49366161454394,95.07486648732325,183903000
2011-12-20,96.53146362304688,96.69503595366679,93.75851297365374,95.16835492519853,225418100
2011-12-21,96.71841430664062,96.86641088486559,95.6123502553884,96.53147532650802,194230900
2011-12-22,97.57520294189453,97.67646623848431,96.76513222526668,97.07669514273198,119465400
2011-12-23,98.44759368896484,98.47875116897148,97.68425622818796,97.88677093420863,92187200
2011-12-27,98.52549743652344,98.78254222353216,98.19056191054668,98.27624350621625,86075700
2011-12-28,97.23249816894531,98.55665860900429,97.15460742706232,98.54108283770076,119107100
2011-12-29,98.23731994628906,98.3385773320966,97.25587980757771,97.55186704948842,123507200
2011-12-30,97.7543716430664,98.40087608495762,97.7543716430664,98.15940706218562,95599000
2012-01-03,99.31217193603516,99.99762445545811,99.257647844052,99.5146925388356,193697900
2012-01-04,99.4679946899414,99.55367629047248,98.69686622784447,99.07853503032115,127186500
2012-01-05,99.73283386230469,99.8808304486514,98.47877910669065,98.93055378092969,173895000
2012-01-06,99.47577667236328,99.87302715368646,99.14863201371232,99.8574454407894,148050000
2012-01-09,99.71723175048828,99.84184978016222,99.24209059910301,99.70165003976797,99530200
2012-01-10,100.58184051513672,100.98686994334926,100.4416288781679,100.78435522924299,115282000
2012-01-11,100.63636779785156,100.76878264815373,100.1067083966429,100.27027478833651,111540700
2012-01-12,100.87783813476562,101.02583470910243,100.12228543394724,100.924583278266,118983700
2012-01-13,100.3559341430664,100.51951238387282,99.48354855306489,100.2001526999036,179836200
2012-01-17,100.74543762207031,101.50878723153014,100.40271116645447,101.32184228700311,132209200
2012-01-18,101.85923767089844,101.91375581875157,100.54286270172021,100.7220107380381,163395200
2012-01-19,102.39671325683594,102.48239483587892,101.88262378257801,102.20976838837053,126328900
2012-01-20,102.77839660644531,102.77839660644531,101.97611069897194,102.22537057351687,138230200
2012-01-23,102.51355743408203,103.01206525175726,102.02283452975531,102.43566075914119,129295800
2012-01-24,102.39671325683594,102.4278647922322,101.72684233487148,101.88262378257801,103083300
2012-01-25,103.25350952148438,103.49497253036643,101.84366791321551,102.2409123582768,198613200
2012-01-26,102.72388458251953,103.90783340134064,102.31884320483563,103.7131035697149,184880500
2012-01-27,102.6771469116211,102.85629502111475,102.15526052617253,102.22537229542237,135259100
2012-01-30,102.32662963867188,102.38115969731226,101.30624720746138,101.65675853251878,147311800
2012-01-31,102.28768157958984,102.95754072440816,101.78916184981234,102.83292267732831,157212000
2012-02-01,103.18346405029297,103.7053386735441,102.91863428064936,103.04325236406706,166234500
2012-02-02,103.34699249267578,103.61183405032754,102.98091140766783,103.38594082927429,113090400
2012-02-03,104.79576873779297,104.85808369099783,104.19600959825007,104.37515766036275,160598500
2012-02-06,104.72569274902344,104.77242600324135,104.24276660828527,104.35959974383006,107694500
2012-02-07,104.99055480957031,105.16971485311763,104.09480213330738,104.50762851997135,135528100
2012-02-08,105.3021240234375,105.32549065648006,104.61667109320831,105.04507917460155,139361400
2012-02-09,105.43450164794922,105.61364973309176,104.81136392115702,105.4734499843794,148602900
2012-02-10,104.65558624267578,104.74126783177297,104.25054492281959,104.49980477668925,167907500
2012-02-13,105.43450164794922,105.55913157038036,104.95157555523296,105.40335011002321,115841900
2012-02-14,105.3021240234375,105.36443900667359,104.5699378271232,105.15412742392276,165329500
2012-02-15,104.81136322021484,105.80059390918068,104.60105171318921,105.64481244986533,195195100
2012-02-16,105.97196197509766,106.06542847793156,104.63221996944601,104.8191648604779,186567800
2012-02-17,106.25238800048828,106.42375120285746,105.90187668122977,106.33806960167287,129869400
2012-02-21,106.29910278320312,106.75087733953232,105.97195814972963,106.50161749382092,134042300
2012-02-22,105.9563980102539,106.36143939931765,105.76945308790926,106.13554613248043,124455300
2012-02-23,106.42374420166016,106.50162899783516,105.54356161879184,105.90186971436452,137704300
2012-02-24,106.65743255615234,106.86774413155761,106.423766233888,106.65743255615234,105539100
2012-02-27,106.8365707397461,107.12476706852532,105.77724004905977,105.94860324059468,145728900
2012-02-28,107.14813232421875,107.27276225926039,106.65740938334531,106.86772091305747,129355900
2012-02-29,106.7275161743164,107.63885024676125,106.35362638662296,107.30390879762307,185934700
2012-03-01,107.28052520751953,107.4830517818361,106.65738754526346,106.95338060904163,145023500
2012-03-02,106.95341491699219,107.35067139535846,106.71195181818626,107.21045973082738,120638300
2012-03-05,106.51719665527344,106.86770790521996,106.15110369400212,106.78982311932258,140765000
2012-03-06,104.95938873291016,105.4890482178293,104.65561064353199,105.42674512519969,202129900
2012-03-07,105.69153594970703,105.86289910475571,105.09954981940704,105.20081310703465,143692200
2012-03-08,106.74309539794922,106.96120373598572,106.1199694676687,106.33806592033993,116968900
2012-03-09,107.15592193603516,107.43632144302389,106.8131955803414,106.94561042042963,122836800
2012-03-12,107.16374206542969,107.30394186499629,106.78206724655186,107.14037543216858,104003500
2012-03-13,109.09540557861328,109.14993561975457,107.56093402421347,107.74009397193876,184090500
2012-03-14,108.97863006591797,109.39924136623405,108.64368850062345,109.12662667253403,145163600
2012-03-15,109.6094970703125,109.65623031481122,108.86172950224609,109.14214085460071,165118500
2012-03-16,109.76127624511719,109.9020903960708,109.5265740560786,109.80821429543506,152893500
2012-03-19,110.19157409667969,110.52797145373452,109.61264355639977,109.69088160743375,125291100
2012-03-20,109.87084197998047,110.00383714967842,109.2449732292315,109.5657326053902,121729700
2012-03-21,109.69084930419922,110.03506559000778,109.46396618548663,109.93337047855285,122388400
2012-03-22,108.90068054199219,109.1745016892791,108.54081428049984,108.88503054966098,135216700
2012-03-23,109.25274658203125,109.37792266733484,108.39218785482825,108.99458732008432,120521000
2012-03-26,110.7861557006836,110.78615570068358,109.99600381727923,110.03511090993582,120164000
2012-03-27,110.4418716430664,110.95821393023853,110.37146458684639,110.8878068740185,119868500
2012-03-28,109.89431762695312,110.55930545291484,109.24497980350166,110.38719123766485,148562100
2012-03-29,109.70653533935547,109.90994952612147,108.81467634243795,109.24496180969032,164963700
2012-03-30,110.16031646728516,110.34808069950765,109.56574763809668,110.24637358153858,135486800
2012-04-02,110.96604919433594,111.25552036356257,109.80820032977252,110.02725249502917,151741100
2012-04-03,110.51231384277344,110.99736823835732,109.86297626376657,110.80960409128133,155806700
2012-04-04,109.41706848144531,109.7925848918682,109.01025207330716,109.69870877362534,146896000
2012-04-05,109.36229705810547,109.6830563716762,108.94766162834865,109.04154968198594,137439400
2012-04-09,108.13402557373047,109.401400713972,107.83673533097772,107.9853804523541,127555900
2012-04-10,106.31903839111328,108.22793261402164,106.20951226049327,107.92282325461926,235360300
2012-04-11,107.17961120605469,107.60206573497143,106.98402797392684,107.4064825028436,154133000
2012-04-12,108.57997131347656,108.66602840472387,107.20306979097165,107.28130785117901,154321500
2012-04-13,107.28914642333984,108.60347206200609,107.18743931403624,108.32965073885983,169246700
2012-04-16,107.21871948242188,107.9932213639702,106.85102208791739,107.83675718145705,147825300
2012-04-17,108.8068618774414,109.0259141358805,107.7272386483824,107.83676477760196,147877600
2012-04-18,108.43915557861328,108.80685296891369,108.25922236765302,108.32181042743306,123884200
2012-04-19,107.74288940429688,108.86161973649276,107.23437778738109,108.45481521794127,198666700
2012-04-20,107.92279815673828,108.6112547819338,107.86021010558868,108.22008841533638,143199600
2012-04-23,107.0152816772461,107.10916971598925,106.35030606399914,106.8196985079177,171844900
2012-04-24,107.422119140625,107.69594040652194,107.023133694201,107.10919078312989,137484200
2012-04-25,108.89290618896484,108.93984424776879,108.37656366721868,108.47043978482657,150252200
2012-04-26,109.65177154541016,109.77694766231681,108.59561745736896,108.65820551582229,136291600
2012-04-27,109.83171081542969,110.1446391875189,109.37013728848981,109.98035597028033,130725000
2012-04-30,109.42485046386719,109.69085260457994,109.12757221093132,109.61261457423252,115092200
2012-05-01,110.10552215576172,110.82526689656314,109.23713227352664,109.36229644859344,138832200
2012-05-02,109.77696228027344,109.88648841278844,109.10415548412328,109.46402194633549,121081000
2012-05-03,108.93982696533203,109.87862380483243,108.73642476363261,109.792566731527,143759700
2012-05-04,107.17961120605469,108.97897932912142,107.1170231392794,108.36876059987881,193927300
2012-05-07,107.2577896118164,107.61765587378252,106.75709729357703,106.79620436828681,127765900
2012-05-08,106.82755279541016,106.9996669769881,105.55234643302416,106.61631958393689,213377700
2012-05-09,106.19384002685547,106.87446562402629,105.21592419761046,105.69314759977999,220752500
2012-05-10,106.41289520263672,107.06223276396409,106.17037398017276,106.92922570250055,150600000
2012-05-11,106.09217071533203,107.07790592451995,105.70100424443079,105.7479423109464,153032400
2012-05-14,104.91863250732422,106.09213148610836,104.76216836430946,105.07509665033899,163910000
2012-05-15,104.3162612915039,105.46629155735987,104.15197807492572,104.84825384685975,207629300
2012-05-16,103.91726684570312,105.26288021137994,103.893797816792,104.78565672776838,207265500
2012-05-17,102.37606048583984,104.06590203047034,102.32129146531987,103.94072592995327,247992900
2012-05-18,101.49986267089844,102.95500216931951,101.35121752758614,102.77505702875659,319615900
2012-05-21,103.24444580078125,103.2835648226751,101.66413042837583,101.82842554535019,177861100
2012-05-22,103.42436981201172,104.2301714543342,102.7515632823839,103.51042687757278,197531200
2012-05-23,103.47913360595703,103.62777870601491,101.69541628015816,102.68115103258981,204958400
2012-05-24,103.68256378173828,103.92508503682863,102.81417390668666,103.76080183577757,167357600
2012-05-25,103.34618377685547,103.93293346838769,103.09583151182427,103.64346216976372,135465600
2012-05-29,104.5978775024414,104.77781067734288,102.61857676617687,104.1754231054011,152883500
2012-05-30,103.08013153076172,104.59003954567592,102.86891033919045,103.70599995242387,162370400
2012-05-31,102.8532943725586,103.61997717557475,101.96925448684176,103.04105854240898,196186000
2012-06-01,100.26375579833984,102.87674399762642,100.26375579833984,101.24167161580777,253240900
2012-06-04,100.21685028076172,100.71754286433854,99.46580543667007,100.44372157158206,202545800
2012-06-05,100.97569274902344,101.1243259425586,99.96647682678025,100.02123987997618,164149400
2012-06-06,103.24444580078125,103.29138385207408,101.6484804321284,101.67978042462326,184202800
2012-06-07,103.30706787109375,104.46491728828671,103.0958346332598,104.41797922153548,184772700
2012-06-08,104.1285171508789,104.15198618364582,102.71248452837418,103.04107486201717,143915400
2012-06-11,102.80635833740234,105.02818067248748,102.70465125121734,104.96559261463914,169756100
2012-06-12,103.98766326904297,104.05807034855648,102.61076198516243,103.10362347920693,181931800
2012-06-13,103.32266235351562,104.33186605874599,102.97060316714861,103.6825286302083,172223900
2012-06-14,104.41796112060547,104.83259655496857,103.25228093605655,103.53392122519482,230615500
2012-06-15,105.48587799072266,105.58024052500564,104.66804136189201,104.88822860808891,169444500
2012-06-18,105.6903076171875,105.9498165206274,104.80955885348989,105.04547712928088,131360900
2012-06-19,106.71263122558594,107.1451461419832,105.66673588204495,106.22507550126761,137382600
2012-06-20,106.53961181640625,107.0271794785099,105.58809111969437,106.72048930363462,206451800
2012-06-21,104.14903259277344,106.77556068883423,104.06252959563102,106.66546705604443,205272200
2012-06-22,104.95111083984375,105.14770739604064,104.29053729155302,104.69160194574766,130029200
2012-06-25,103.26824188232422,103.88162216039166,102.89863940716805,103.84230045040248,146375700
2012-06-26,103.78729248046875,104.10185429693475,102.96158421129175,103.56710520859573,141634000
2012-06-27,104.7230453491211,104.92750143460786,103.77938434020416,104.13325571863541,108088000
2012-06-28,104.42422485351562,104.58151170295069,103.23678593581312,104.03103172853179,169242100
2012-06-29,107.02720642089844,107.16089068469668,106.04422330534759,106.31945137811846,212250900
2012-07-02,107.34963989257812,107.45973354629363,106.57112476962863,107.32604925244684,129524500
2012-07-03,108.0573501586914,108.13598159332734,107.21591101289395,107.32600462082692,80450000
2012-07-05,107.5698013305664,108.36405935500355,107.17660809052597,107.65630432334751,126177500
2012-07-06,106.54747772216797,106.7676649130296,106.04419100029823,106.53174663730587,151192100
2012-07-09,106.41385650634766,106.61045318597128,105.92628858135089,106.46103778956788,103780500
2012-07-10,105.48587799072266,107.1294227924442,105.12413494379634,106.95641681338878,167884800
2012-07-11,105.50161743164062,105.84762941714374,104.88823691163273,105.54093915713979,141733400
2012-07-12,104.9904556274414,105.55665485839161,104.27485304328135,104.88823354359313,143583200
2012-07-13,106.7519760131836,106.86206965211994,105.2499747968109,105.26570588788944,129642600
2012-07-16,106.50025939941406,106.81482102610447,106.08347574343604,106.50813093964328,97525200
2012-07-17,107.23163604736328,107.45182325080181,105.80827876824189,106.92494587119515,138860300
2012-07-18,108.02589416503906,108.23822184937866,106.91709847860787,106.97999883019352,113349700
2012-07-19,108.3089828491211,108.66285428788694,107.90007060842858,108.24607050456005,129847300
2012-07-20,107.3181381225586,107.8607465833879,107.20018497859681,107.69560018253885,142904500
2012-07-23,106.23291015625,107.24735508606337,105.24992739442379,105.74535454616061,145210900
2012-07-24,105.32073974609375,106.35877570114327,104.6129966853279,106.311594430333,173301200
2012-07-25,105.3443374633789,105.81616214876293,104.78599778647333,105.54093408211526,129122300
2012-07-26,107.08224487304688,107.31030367043388,106.36663030088198,106.8620576199662,156526500
2012-07-27,109.05604553222656,109.36274770632946,107.0586296244276,107.64841934514376,236768900
2012-07-30,109.05604553222656,109.57506336628941,108.73363627103835,108.93023284461042,106782000
2012-07-31,108.29325103759766,109.20544992828886,108.29325103759766,108.90663132586475,120575900
2012-08-01,108.19891357421875,109.09539368700486,108.04949822220348,109.07180305240303,138293800
2012-08-02,107.45182037353516,108.18316585053888,106.61825284008104,107.38104848846127,199556600
2012-08-03,109.58296203613281,109.81100883823643,107.4832995512239,108.96170999024424,157825000
2012-08-06,109.79527282714844,110.22778777654969,109.74809155981467,109.8739162722414,86326200
2012-08-07,110.34575653076172,110.81758121874016,110.11769773216254,110.2356509043308,109545100
2012-08-08,110.47942352294922,110.60523622049406,109.94467456099537,109.97613673485922,89754700
2012-08-09,110.57379150390625,110.79397873460769,110.21204848243725,110.32214209778797,90291700
2012-08-10,110.75465393066406,110.79397564918801,109.94467692614649,110.12554243219213,99792700
2012-08-13,110.69962310791016,110.75466391936466,110.12555236415466,110.56593885231507,79426900
2012-08-14,110.7153549194336,111.17933209429015,110.38507401483983,111.10854818670799,102379400
2012-08-15,110.84114837646484,111.02988541126403,110.52659865110242,110.59737053941353,71085900
2012-08-16,111.65904235839844,111.79272664611422,110.72324034508014,110.99846846709227,112014200
2012-08-17,111.80838775634766,111.90276226291111,111.55675040388202,111.84770946747398,90813700
2012-08-20,111.81633758544922,111.83992822878149,111.34450072018382,111.65119108281334,78255700
2012-08-21,111.47807312011719,112.52396792201812,111.23429538420379,112.09145322960828,105581100
2012-08-22,111.52530670166016,111.70617218416733,110.93551699846952,111.19501390848744,133243500
2012-08-23,110.61315155029297,111.25798237811873,110.44014552346717,111.2501228311933,111466400
2012-08-24,111.28150177001953,111.53315110221385,110.26706889795007,110.33784077289201,99481200
2012-08-27,111.30511474609375,111.72977007962125,111.14783988154036,111.58035475853946,68785900
2012-08-28,111.1950454711914,111.5410574485004,110.85690503837937,111.0220394825369,75689600
2012-08-29,111.28150177001953,111.58033235217513,110.97481164597056,111.28937331121347,65421300
2012-08-30,110.47942352294922,110.83329498344469,110.24350521618439,110.80183280958083,96589900
2012-08-31,111.00630187988281,111.52531975929088,110.37719038962793,111.1085239475454,151970400
2012-09-04,110.904052734375,111.24220506412448,110.1963099036279,110.91191227718703,120226200
2012-09-05,110.8097152709961,111.25008975405285,110.58952802946771,110.95125906941946,100660300
2012-09-06,113.05877685546875,113.0666363997726,111.47027295687771,111.47813250118156,158272500
2012-09-07,113.4991455078125,113.54632676982702,113.14527404340002,113.24749611133024,107272100
2012-09-10,112.85428619384766,113.58563164453365,112.81497648086717,113.3890350824237,86458500
2012-09-11,113.16889953613281,113.5306306558779,112.89365942385545,112.92512160775951,88760000
2012-09-12,113.54625701904297,113.6720816399908,113.16092361712637,113.54625701904297,87640900
2012-09-13,115.27638244628906,115.6302539354844,113.23178495354679,113.53060363366723,225470200
2012-09-14,115.78756713867188,116.47171963991815,115.41009293170882,115.5044674831032,169777000
2012-09-17,115.39434814453125,115.74821963536921,115.1033770082073,115.55162302942539,119427800
2012-09-18,115.29997253417969,115.44938787318621,115.00901339988562,115.19775045957348,98326600
2012-09-19,115.36288452148438,115.73248709596882,115.13483774114293,115.43365641890367,128318300
2012-09-20,115.37075805664062,115.43365841145169,114.52145927503568,114.83600904630953,154009800
2012-09-21,115.32251739501953,115.95498718963556,115.27508427151096,115.93127062788128,108737500
2012-09-24,115.14859008789062,115.409484335503,114.66633321746016,114.75329796666429,95682000
2012-09-25,113.92317199707031,115.61502146420642,113.8915418780458,115.39365888445822,133165200
2012-09-26,113.2828140258789,113.93109891360191,113.01401827098044,113.89948085087914,146502200
2012-09-27,114.35011291503906,114.61100718220244,113.4567487938456,113.75717468876569,111830300
2012-09-28,113.8204116821289,114.28685347903293,113.41721807074103,113.91527792872418,150696100
2012-10-01,114.120849609375,115.18022968618544,113.85204177668048,114.25524749404266,135911200
2012-10-02,114.23941040039062,114.75328527581088,113.70972046413004,114.57145429789621,113422200
2012-10-03,114.70587921142578,114.97467499232569,113.94692499907781,114.54776475579993,121283100
2012-10-04,115.5280990600586,115.69411502401813,114.98259390889959,115.1407083718859,124311600
2012-10-05,115.53599548339844,116.34239489155694,115.18813644210029,116.14474880567022,124842100
2012-10-08,115.14068603515625,115.52016308537877,114.87979179332893,115.10906797403685,78415400
2012-10-09,114.00226593017578,115.14861087601362,113.96273429824474,115.05374461006743,148872900
2012-10-10,113.27490234375,114.09711666093573,113.12468941676275,113.9864232929599,124247500
2012-10-11,113.33818817138672,114.2315524675469,113.3144716027596,114.06552442379551,123601500
2012-10-12,112.96658325195312,113.80460062868511,112.72150406404377,113.41722206587032,124181900
2012-10-15,113.90739440917969,114.02597723614169,112.87173084251225,113.23539288743557,107689100
2012-10-16,115.06166076660156,115.14072404053398,114.36595462211625,114.44500583268676,108815500
2012-10-17,115.58340454101562,115.67828284556532,114.96674984655017,115.1406793309745,128834100
2012-10-18,115.28305053710938,115.8364573366345,114.89565974576004,115.28305053710938,148108500
2012-10-19,113.36187744140625,115.0774438513592,113.09308168611967,115.06954235150674,185645200
2012-10-22,113.37769317626953,113.58324074387865,112.48432908994637,113.17213354530179,125578600
2012-10-23,111.80441284179688,112.31038623244329,111.33797107266413,112.15227180974576,192056300
2012-10-24,111.48821258544922,112.34204516299377,111.31428305687383,112.20763520270893,120179400
2012-10-25,111.81230163574219,112.484302935045,111.13241090173317,112.27875541522988,134457400
2012-10-26,111.74906921386719,112.13644770874458,110.99010315740196,111.7095375955403,146023500
2012-10-31,111.74906921386719,112.28666062037306,111.219367242328,112.1443612704237,103438500
2012-11-01,112.91914367675781,113.06144304353475,111.88348029624467,111.9862480400199,100995600
2012-11-02,111.91513061523438,113.6227958889237,111.79654777540642,113.59116575606217,137702200
2012-11-05,112.1443862915039,112.3973669911986,111.41703812940428,111.74909414675184,98378500
2012-11-06,113.02193450927734,113.46465977802622,112.3657481061821,112.4843309233974,107068100
2012-11-07,110.46041107177734,112.00994914745424,109.93862267220298,111.99414615111996,264304500
2012-11-08,109.13224029541016,111.00593309773856,109.04527554877585,110.44461299430668,181517300
2012-11-09,109.22715759277344,110.23910478934955,108.74490056445497,108.80023520659662,201055300
2012-11-12,109.31410217285156,109.74101241678747,109.06902295287354,109.56708289357212,97677500
2012-11-13,108.93460845947266,110.08886687788373,108.59466299130357,108.73696237890195,123018300
2012-11-14,107.46408081054688,109.44054087456801,107.21900169274504,109.26662348722066,191505000
2012-11-15,107.28230285644531,107.9068713006717,106.87119558231562,107.50366552789342,178128400
2012-11-16,107.8119888305664,108.02544999247192,106.49171435389228,107.440413204174,239483900
2012-11-19,109.99402618408203,110.00982918858182,107.84363536261434,109.02159855604565,151495800
2012-11-20,110.04142761230469,110.22325861854942,109.16387858097224,109.82006497947836,119807400
2012-11-21,110.24696350097656,110.34184180739156,109.91491958691769,110.13628219629027,81710800
2012-11-23,111.74906921386719,111.78858876883787,110.71339389246992,110.78455563080081,65409200
2012-11-26,111.51192474365234,111.75700396149495,110.83202172156004,111.1956837663072,100124400
2012-11-27,110.94265747070312,111.78067460551672,110.87150780378985,111.4011976519578,128646200
2012-11-28,111.8360595703125,111.89929569809537,109.8912168986173,110.4920566194264,177086500
2012-11-29,112.35783386230469,112.66616124855591,111.76489565310166,112.25506610912677,151085900
2012-11-30,112.38157653808594,112.59503772073836,111.99419787194664,112.37367503626976,136568300
2012-12-03,111.82818603515625,112.99034632873934,111.74122124912746,112.89548003974915,124656300
2012-12-04,111.66999816894531,112.1601564245282,111.36957236669497,111.82021107007048,127512200
2012-12-05,111.86769104003906,112.38947963196942,110.97432682022136,111.76491120919691,147300500
2012-12-06,112.24714660644531,112.29457973053432,111.59887380496534,111.76488973927687,103220600
2012-12-07,112.58712768554688,112.80849035323763,112.00209088472953,112.68199395359701,108726400
2012-12-10,112.63451385498047,112.90330954461804,112.3815211611882,112.42896633879096,98840700
2012-12-11,113.40142059326172,113.93111065781898,113.04566005000501,113.1009946813135,152570400
2012-12-12,113.45672607421875,114.27894033881778,113.2986116582133,113.84411664728529,145880100
2012-12-13,112.76101684570312,113.70971537660975,112.4764060800955,113.38557299234846,135715000
2012-12-14,112.34201049804688,112.72148750540836,112.16808102314025,112.5159399729535,137701700
2012-12-17,113.6623306274414,113.72557883153067,112.6029382881481,112.63456842187345,143238200
2012-12-18,114.92723846435547,115.03001828598563,113.6781137941279,113.84414180881053,177762800
2012-12-19,114.0733642578125,115.09322441089151,114.03384470703908,115.05369279676314,150895400
2012-12-20,114.7295913696289,114.74540643359192,113.82832573748514,114.14456669994917,168487000
2012-12-21,113.68817138671875,114.72322269773981,113.0114159460292,113.19453657716669,245883800
2012-12-24,113.33783721923828,113.50503059003285,113.21044369459419,113.4413338277108,53874600
2012-12-26,112.86014556884766,113.6244947573776,112.54167382716246,113.56875552067768,106947700
2012-12-27,112.70887756347656,113.12290058472608,111.40312386469203,112.89199822427335,167920600
2012-12-28,111.4906997680664,112.59740551669205,111.3633062066186,111.97637709078234,148806700
2012-12-31,113.38562774658203,113.50505160497465,111.10055001502454,111.19610125065608,243935200
2013-01-02,116.2917251586914,116.36337947586382,115.23278903666717,115.53534568550775,192059000
2013-01-03,116.0289535522461,116.53851549304117,115.71843943440088,116.23597106341954,144761800
2013-01-04,116.53851318359375,116.72960346344817,115.98118172016174,116.2200415327511,116817700
2013-01-07,116.22003936767578,116.33150565828566,115.79008928324158,116.12450030398574,110002500
2013-01-08,115.88568878173828,116.17231824115233,115.4318537422829,116.01308235234887,121265100
2013-01-09,116.1802749633789,116.49875888765726,115.9573422908438,116.14046295422916,90745600
2013-01-10,117.10379791259766,117.11175545063261,116.22002523419656,116.82512614550488,130735400
2013-01-11,117.09588623046875,117.15957085751397,116.72963280591088,117.07198930917954,113917300
2013-01-14,117.0162353515625,117.09585934046078,116.5862852497758,116.95253859022687,89567200
2013-01-15,117.09588623046875,117.20735255117457,116.40319138494463,116.47484570205886,93172600
2013-01-16,117.07996368408203,117.26308432922946,116.72963747672644,116.85703103374998,104849500
2013-01-17,117.83631134033203,118.17071022545507,117.15954388185196,117.597451522697,133833500
2013-01-18,118.09908294677734,118.22647649851994,117.38250332991359,117.8124535298154,169906000
2013-01-22,118.73603820800781,118.73603820800781,117.82041072507836,118.09908260008248,111797300
2013-01-23,118.92709350585938,119.03060226504712,118.52104030652461,118.73601536448555,104596100
2013-01-24,118.95899200439453,119.54020848111686,118.64050806933305,118.7519744093746,146426400
2013-01-25,119.62777709960938,119.62777709960938,118.9271246672123,119.33319012185996,147211600
2013-01-28,119.48448944091797,119.69149490097381,119.03861190177189,119.65964043086016,113357700
2013-01-29,119.95420837402344,120.10548669536965,119.16597445439093,119.2455984600208,105694400
2013-01-30,119.48448944091797,120.17717230438087,119.3730109444409,119.93831237421136,137447700
2013-01-31,119.18983459472656,119.73125099350284,119.11022275446669,119.34111288480986,108975800
2013-02-01,120.41598510742188,120.55929372008454,119.73921759496115,119.94622297400144,131173000
2013-02-04,119.06243896484375,120.43985862992342,118.97485743786709,119.68347934180584,159073600
2013-02-05,120.26472473144531,120.60708123422307,119.6596114351233,119.70739312871537,113912400
2013-02-06,120.35227966308594,120.4318915036306,119.75513618888303,119.84271771772273,138762800
2013-02-07,120.19309997558594,120.50361424125684,119.31728427809324,120.39214789329603,162490000
2013-02-08,120.86186218261719,120.93351649597955,120.40006969275343,120.40006969275343,103133700
2013-02-11,120.83795166015625,120.94144826331815,120.53539509188018,120.81406689412546,73775000
2013-02-12,121.03697204589844,121.25990457760591,120.71053078557254,120.84588181204411,65392700
2013-02-13,121.14048767089844,121.50674097280572,120.79813128227778,121.28380840604953,82322600
2013-02-14,121.2519760131836,121.39529677440848,120.63891741752957,120.77426848990444,80834300
2013-02-15,121.108642578125,121.49081094820124,120.6627774548838,121.36341744187135,215226500
2013-02-19,122.01628112792969,122.04016588804832,121.1484357798548,121.3156291006853,95105400
2013-02-20,120.4956283569336,121.96858760961904,120.4319315739555,121.92877560164284,160574800
2013-02-21,119.76309204101562,120.5592833287359,119.38092362460606,120.19304213977692,183257000
2013-02-22,120.9334945678711,120.9334945678711,119.8188316212921,120.3443086395851,106356600
2013-02-25,118.63253021240234,121.70582980319043,118.63253021240234,121.52270916496222,245824800
2013-02-26,119.44461059570312,119.5879191842679,118.41751711533313,119.20575079918122,186596200
2013-02-27,120.94939422607422,121.2837930338248,119.23757605319574,119.34108478496812,150781900
2013-02-28,120.71060943603516,121.71380648236403,120.55137354519371,120.9414996554173,126866000
2013-03-01,121.108642578125,121.29176315040333,119.75511998288181,120.2965241614137,170634800
2013-03-04,121.75360870361328,121.75360870361328,120.63894540841962,120.83002360249925,99010200
2013-03-05,122.84432220458984,123.17076347858627,122.32680283764901,122.34273006169849,121431900
2013-03-06,123.01158142089844,123.34598037854144,122.74087923836613,123.28228360343073,94469900
2013-03-07,123.23452758789062,123.39376346868934,123.02752215774419,123.17083080578735,86101400
2013-03-08,123.76000213623047,123.92719553896382,123.13897377110015,123.77592936708233,123477800
2013-03-11,124.22972869873047,124.23768623819352,123.5131613817691,123.66443967397355,83746800
2013-03-12,123.95105743408203,124.28546847566405,123.57685869500742,124.14214772228385,105755800
2013-03-13,124.126220703125,124.30138376370913,123.59277398186076,124.01475440538196,92550900
2013-03-14,124.78709411621094,124.84283335435458,124.13422338417058,124.45269513410463,126329900
2013-03-15,124.62230682373047,124.79024380144725,124.2064425406604,124.63830488925777,138601100
2013-03-18,123.93460845947266,124.47042803798931,123.31881070979297,123.43077282764786,126704300
2013-03-19,123.64668273925781,124.36643734340095,122.8309519057297,124.19850029714586,167567300
2013-03-20,124.5103759765625,124.7183020687351,124.16648459775412,124.37442289287831,113759300
2013-03-21,123.4466781616211,124.47033452810425,123.23875215694206,123.76656620004216,128605000
2013-03-22,124.43842315673828,124.43842315673828,123.7426473529475,123.83862358278797,111163600
2013-03-25,123.9185562133789,124.97420903706312,123.43872400502723,124.76627076412214,151322300
2013-03-26,124.91028594970703,124.94226989700732,124.29448818831271,124.43044131951169,86856600
2013-03-27,124.91028594970703,124.95027503604929,123.95860182835831,124.16652799319984,99950600
2013-03-28,125.29415130615234,125.4381095729166,124.55839850645603,124.83030476228728,102932800
2013-04-01,124.79823303222656,125.48600332687317,124.49433084067782,125.23008312284328,99194100
2013-04-02,125.41407012939453,125.72596535015337,125.05418070294515,125.24612091685476,101504300
2013-04-03,124.14250946044922,125.58203082894745,123.81462831222576,125.48606680536528,154167400
2013-04-04,124.64629364013672,124.89420873422684,124.030496268948,124.30240235905019,131885000
2013-04-05,124.08653259277344,124.23848376306088,122.97490459266618,123.11885062581031,159666000
2013-04-08,124.92620849609375,124.93420142734745,123.75859377678603,124.17445805799886,86571200
2013-04-09,125.35808563232422,125.81393907385828,124.74228811063736,125.15815248139546,101922200
2013-04-10,126.89358520507812,127.05352930342937,125.66200222452579,125.69398616301505,135711100
2013-04-11,127.30939483642578,127.72525907553668,126.78956148680035,126.91752159159559,110142500
2013-04-12,126.99757385253906,127.1895019188376,126.29380506823274,126.90159761643541,116359900
2013-04-15,124.05450439453125,126.46170708568151,124.03851853028128,126.35773795330763,217259000
2013-04-16,125.88595581054688,125.94993590542401,124.68635648824997,124.99024668522222,147507800
2013-04-17,124.04649353027344,125.01417510730063,123.38271417136104,124.99017190849594,226834800
2013-04-18,123.2707748413086,124.28643859723141,122.79893556523943,124.25444246156046,167583200
2013-04-19,124.3424301147461,124.39841725816257,123.25479321292246,123.55869552757892,149687600
2013-04-22,124.89424133300781,125.1901384963545,123.75862248121767,124.58234610049468,106553500
2013-04-23,126.18183135986328,126.30178639027037,124.89426115402985,125.51805171805317,166141300
2013-04-24,126.26178741455078,126.59767364385027,125.98986905496928,126.2217983437637,96781200
2013-04-25,126.77362060546875,127.37342008119093,126.4377343634185,126.6296623857606,131060600
2013-04-26,126.54971313476562,126.83761740920208,126.14184162759128,126.62168615263644,95918800
2013-04-29,127.39741516113281,127.67731427032328,126.69364651548462,126.89357968045722,88572800
2013-04-30,127.70128631591797,127.73328245121667,126.84557884240478,127.37340524828215,116010700
2013-05-01,126.58169555664062,127.4853974466889,126.43774952262571,127.42141736392014,138874200
2013-05-02,127.75728607177734,127.86924815048275,126.78161129893672,126.90156631078133,96407600
2013-05-03,129.05291748046875,129.46078914303922,127.78134486847831,128.86898229706986,144202300
2013-05-06,129.3807373046875,129.56467238337746,129.09283308445714,129.14882022311764,66882100
2013-05-07,130.03652954101562,130.0765064098537,129.29277185517554,129.66065423150692,90359200
2013-05-08,130.62835693359375,130.66834601550408,129.82063117200494,129.89260419767083,97419200
2013-05-09,130.26046752929688,130.91624200505302,129.93257418994244,130.57236279764672,106738600
2013-05-10,130.684326171875,130.79628826410107,129.96455940503355,130.3484398951968,103203000
2013-05-13,130.78829956054688,131.0042308380263,130.21250315885905,130.5163933313976,81843200
2013-05-14,132.13980102539062,132.23577722591463,130.89222024512728,130.89222024512728,119000900
2013-05-15,132.8516082763672,133.11552156361978,131.88393842606172,131.9239275064856,120718500
2013-05-16,132.22781372070312,133.0435445657532,132.0278805275112,132.57969809319349,109913600
2013-05-17,133.5074005126953,133.58736647387468,132.53971841967498,132.71566061840596,129801000
2013-05-20,133.49940490722656,134.01923860530738,133.24349672904276,133.3794498554147,85071200
2013-05-21,133.6913299560547,134.19516552215245,133.1555104474375,133.61935693317045,95804200
2013-05-22,132.6996307373047,135.21080293491667,132.09183832561834,133.82725668534988,244031800
2013-05-23,132.31576538085938,132.68364777160195,131.1081734644002,131.2841156248051,211064400
2013-05-24,132.2038116455078,132.25979879233202,131.14016568242192,131.53203910133337,151573900
2013-05-28,132.99554443359375,134.17914535921844,132.60367103526,133.58733879493008,143679800
2013-05-29,132.1317901611328,132.59563642470727,131.4280217332339,132.29173420303306,160363400
2013-05-30,132.61962890625,133.2274211534578,132.1317916410739,132.23576076080025,107793800
2013-05-31,130.71630859375,133.00354462520377,130.4604004728982,132.25179392771892,176850100
2013-06-03,131.43603515625,131.52400621528525,130.08448534150332,131.02017085872433,168390700
2013-06-04,130.80430603027344,132.03590148152082,130.14052628500858,131.50807485955767,157631500
2013-06-05,128.972900390625,130.69232087370042,128.86093829688454,130.42840760925085,211737800
2013-06-06,130.14047241210938,130.14847754737255,128.15713913591162,128.91688260595572,200225500
2013-06-07,131.79591369628906,131.9158686857912,130.46835486536975,131.0361702892277,188337800
2013-06-10,131.79591369628906,132.27574585724668,131.45202238813448,132.2037728635454,105667100
2013-06-11,130.43641662597656,131.5880215374363,130.14851234737327,130.5963607356554,159505400
2013-06-12,129.3567352294922,131.46802859612447,129.2367802325613,131.33207553195288,177361500
2013-06-13,131.32411193847656,131.55602905200467,128.99688685450147,129.28479111440512,163587800
2013-06-14,130.50033569335938,131.69194144020605,130.28441671738722,131.18011315891295,141197500
2013-06-17,131.5079803466797,132.1317705596162,130.5323059719951,131.3880131808403,136295600
2013-06-18,132.54762268066406,132.7475557358825,131.57194839496253,131.579941324111,114695600
2013-06-19,130.71630859375,132.6676583524249,130.6603336497632,132.43574123656066,206149500
2013-06-20,127.47737121582031,130.7322887464789,127.1414849890782,129.4447187758253,321255900
2013-06-21,127.88658905029297,128.44131403432772,126.60024144473081,128.34484225754252,271956800
2013-06-24,126.2706069946289,127.37203395067101,125.20133320676582,126.55199935315262,222329000
2013-06-25,127.48457336425781,128.7146372642215,126.56000743278716,127.41220728321775,162262200
2013-06-26,128.7468719482422,129.0362996531184,128.03134404834333,128.52979810270392,134848000
2013-06-27,129.50257873535156,130.09751676958118,129.39805944443384,129.5186614572287,129483700
2013-06-28,128.97195434570312,129.7598359419742,128.52173629069108,129.1407922500936,160402900
2013-07-01,129.72764587402344,130.62808172797457,129.50253691053567,129.64724455812706,131954800
2013-07-02,129.6071319580078,130.48345038313806,129.03631172338933,129.53476582437617,154863700
2013-07-03,129.663330078125,130.05727690650494,128.8111300882798,129.02015633960377,75216400
2013-07-05,131.062255859375,131.110491751715,129.67943636386408,130.6200730670568,122416900
2013-07-08,131.8099822998047,132.16372865596924,131.11053708399535,131.7376284362779,108092500
2013-07-09,132.75865173339844,132.9194421676885,132.06724182517976,132.63804970703805,119298000
2013-07-10,132.80685424804688,133.25707225787954,132.35663623821424,132.62998113453824,121410100
2013-07-11,134.61573791503906,134.75241032678719,132.79877137264268,134.350428315463,135592200
2013-07-12,134.67202758789062,135.00969105186238,134.36652955907,134.5755558174756,104212700
2013-07-15,135.1865692138672,135.3795250294547,134.80870507554138,135.04186155281624,69450600
2013-07-16,134.6800994873047,135.35542653763164,134.31831801516677,135.2750252027026,88702100
2013-07-17,135.02581787109375,135.45191801962366,134.8489447225504,135.19465579198445,92873900
2013-07-18,135.7654571533203,136.08705025689991,135.2268025057873,135.31523907583139,103620100
2013-07-19,136.00668334960938,136.05491926047853,135.3152733362585,135.48411129182617,103831700
2013-07-22,136.27194213867188,136.46489797747668,135.87799523476576,136.19958829944048,79428600
2013-07-23,135.98252868652344,136.5372660468219,135.91017483975122,136.5131480978978,80829700
2013-07-24,135.48406982421875,136.56137906231635,135.21071263375063,136.50509567184525,112914000
2013-07-25,135.813720703125,135.9343227418424,135.0178036782052,135.24291276278103,111088600
2013-07-26,135.9584197998047,135.99862047319849,134.6801193515351,135.24289197647863,107814600
2013-07-29,135.54029846191406,135.91816255299506,135.15439914650807,135.61265228339303,79695000
2013-07-30,135.54029846191406,136.09503562828905,135.2187177436621,135.95032798533109,85209600
2013-07-31,135.63682556152344,136.55334439384282,135.45995243006516,135.82173391985822,142388700
2013-08-01,137.20455932617188,137.32514907202412,136.59353856712735,136.66590468216114,110438400
2013-08-02,137.43763732910156,137.45372004330218,136.71407466778794,136.89898294478738,91116700
2013-08-05,137.23672485351562,137.44576345516904,136.95534466536276,137.13221782021247,54072700
2013-08-06,136.4568634033203,137.26887523442383,136.15136529735628,136.97140008799482,87495000
2013-08-07,136.01466369628906,136.2156547554933,135.50817456900842,136.02271118987048,84854700
2013-08-08,136.5131378173828,136.8186359032555,135.8136805486922,136.65784550002965,102181300
2013-08-09,136.11920166015625,136.7543403642499,135.64486563951877,136.3362754688042,91757700
2013-08-12,135.9584197998047,136.11921022585668,135.3715292243295,135.43584784825492,68593300
2013-08-13,136.36041259765625,136.5935568934249,135.3956576988331,136.1996221591064,80806000
2013-08-14,135.66098022460938,136.51318066998832,135.62881477335435,136.29610681035538,79829200
2013-08-15,133.7635955810547,134.6077483541156,133.5304390443344,134.591677899359,152931800
2013-08-16,133.3213653564453,133.96453907635117,133.0560557369522,133.5062736606308,130868200
2013-08-19,132.46920776367188,133.6269183763111,132.461160269056,133.16865281400712,96437600
2013-08-20,133.12037658691406,133.61883040119932,132.54152145596152,132.68622910494037,89294400
2013-08-21,132.30035400390625,133.48218242375629,132.0028911592912,132.75057201765466,159530500
2013-08-22,133.5063018798828,133.69925771689518,132.56566517604927,132.5737004022711,101471400
2013-08-23,133.95660400390625,134.1254420007378,133.27324132037057,133.9003328499815,90888900
2013-08-26,133.45806884765625,134.50322485237706,133.36963228723707,134.09319522337853,89702100
2013-08-27,131.31149291992188,133.4580761668891,131.21502112781786,132.13957518220624,158619400
2013-08-28,131.7777862548828,132.24408700293066,131.08637649295275,131.25520211960384,108113000
2013-08-29,131.9867706298828,132.68621539605243,131.3677149045563,131.48831686709687,119200500
2013-08-30,131.56884765625,132.2763406759977,131.1829479489015,132.2602579434951,134928900
2013-09-03,132.1636962890625,133.1204158086999,131.608958936162,132.8390233849752,142375100
2013-09-04,133.25711059570312,133.4822196653829,131.95469208290945,132.19587160933474,97389400
2013-09-05,133.42591857910156,133.77965256095746,133.24099796032243,133.3374820167572,63090500
2013-09-06,133.49020385742188,134.24593213135378,132.23602172941554,133.86806799438784,159756500
2013-09-09,134.76856994628906,134.84895903391654,133.819885479099,133.819885479099,87559300
2013-09-10,135.7654571533203,135.78957510264846,135.27503840444362,135.58054878596363,105847200
2013-09-11,136.1916046142578,136.1916046142578,135.34745155934579,135.58059590638703,94545900
2013-09-12,135.82977294921875,136.32019168789634,135.64486458570755,136.14331855148657,83209000
2013-09-13,136.13534545898438,136.2398647966189,135.66100922553642,135.9745549709121,72727800
2013-09-16,136.9231719970703,137.6708652517778,136.70609817892648,137.60654662908618,106299200
2013-09-17,137.53419494628906,137.5663481243801,137.0437761746195,137.0437761746195,82523300
2013-09-18,139.12603759765625,139.50390183544496,137.14024460928502,137.48594340224932,203460600
2013-09-19,138.89285278320312,139.56819204427956,138.75618033933011,139.5038734352475,146616900
2013-09-20,137.92181396484375,139.22250634462605,137.80871081561565,139.22250634462605,132867100
2013-09-23,137.28355407714844,137.86523083097848,136.84730267543415,137.73597891804016,104616500
2013-09-24,136.96047973632812,137.76836318304854,136.7019634435856,137.2593926668713,106333100
2013-09-25,136.5645751953125,137.32398740065912,136.44339764225495,137.04931006218217,117306500
2013-09-26,137.0897216796875,137.47750221919506,136.57267685123705,136.79080879791303,77146900
2013-09-27,136.45953369140625,136.64534334773532,136.10406316464287,136.4029759588223,99141800
2013-09-30,135.73239135742188,136.16056827595366,135.03761162271323,135.30421443889009,143937000
2013-10-01,136.80691528320312,136.93617953217313,135.70011942877605,135.8374580705627,127160000
2013-10-02,136.6776580810547,136.80692233668927,135.58702328334726,136.00712595050075,113350000
2013-10-03,135.41737365722656,136.48378536383137,134.78722576780336,136.3625954913614,176698000
2013-10-04,136.44334411621094,136.58068273157215,135.3446228660063,135.52235809231254,96878000
2013-10-07,135.26382446289062,136.08786845080814,135.11841146183633,135.25575007193686,96295000
2013-10-08,133.6884765625,135.41734570459153,133.5915345463898,135.2396104568452,178015000
2013-10-09,133.78543090820312,134.2701533160788,132.92099017348445,133.94700504416167,168973000
2013-10-10,136.66954040527344,136.7422469032979,135.10224570218244,135.15071670086542,195955000
2013-10-11,137.55014038085938,137.59862371060203,136.34640272952188,136.4595058442915,105040000
2013-10-14,138.09954833984375,138.2126514883296,136.59688518006388,136.7019139348431,112106000
2013-10-15,137.09776306152344,138.269191120598,136.91195339548716,137.75214641665318,155485000
2013-10-16,139.01248168945312,139.08518822598256,137.857202190652,137.92183433222945,161676000
2013-10-17,139.94154357910156,140.02233683850972,138.42271905893648,138.4469545712948,129389000
2013-10-18,140.8866729736328,140.9836149593705,140.1757322053896,140.45849610020795,138316000
2013-10-21,140.89480590820312,141.17756992051605,140.579731996323,140.93520252815037,104104000
2013-10-22,141.71080017089844,142.13089057434806,140.91906573073302,141.30685855636008,126663000
2013-10-23,141.03216552734375,141.29068172168235,140.5393563193387,141.2260495912681,105484000
2013-10-24,141.500732421875,141.6784677056204,140.9836876857026,141.3149227442571,70350000
2013-10-25,142.14700317382812,142.187399786958,141.5168554564121,141.79153270199023,93625000
2013-10-28,142.37322998046875,142.5671263551112,141.94505293953605,142.0985526952133,84979000
2013-10-29,143.13262939453125,143.18918712154974,142.49440724960357,142.69637799927028,87401000
2013-10-30,142.42166137695312,143.40727943442522,141.91270356697675,143.30226304710746,140002000
2013-10-31,142.0177459716797,142.906422195258,141.80770083125034,142.30858434236748,133795000
2013-11-01,142.35707092285156,142.68021919662127,141.55726230339434,142.2035711782502,142805000
2013-11-04,142.8579864501953,142.9145318634806,142.17128080544487,142.74488329630552,85677000
2013-11-05,142.4055938720703,142.79337440749597,141.8400780230494,142.30056509749465,85825000
2013-11-06,143.13262939453125,143.39923226336927,142.6236591606299,143.01952626781053,87348000
2013-11-07,141.32296752929688,143.51233588728832,141.18562889832563,143.39923276017575,157000000
2013-11-08,143.2295684814453,143.2457295927368,141.25834435994352,141.274493143919,136713000
2013-11-11,143.2538604736328,143.42350904888588,142.92262539028374,143.0922739655368,62614000
2013-11-12,142.9630584716797,143.2862069156322,142.48639787496376,142.94689735128517,83990000
2013-11-13,144.1101837158203,144.15056800683436,142.26012461117855,142.26012461117855,103844000
2013-11-14,144.8292236328125,144.95040118097876,144.00517932332417,144.23946002555203,103435000
2013-11-15,145.4593505859375,145.5158959911639,144.87767378388574,145.06348344008305,102818000
2013-11-18,144.95037841796875,145.82289360970378,144.62723012205976,145.70171608056725,104796000
2013-11-19,144.63531494140625,145.31393380812597,144.38487314492528,144.8776823444685,93891000
2013-11-20,144.18292236328125,145.36242498657234,143.7870551391247,144.9261734624022,124909000
2013-11-21,145.34622192382812,145.45932504173624,144.4979423758597,144.58680999188147,92841000
2013-11-22,146.07339477539062,146.0895558949517,145.23320146804986,145.40285007781296,81296000
2013-11-25,145.9279022216797,146.36415359370548,145.71784476373176,146.33184369949882,79486000
2013-11-26,145.96832275390625,146.404586561579,145.75020317738853,146.00064498345466,86994000
2013-11-27,146.3238067626953,146.42076113293228,145.9441006581766,146.1218359550713,58800000
2013-11-29,146.22682189941406,146.83273414485365,146.06524776609342,146.48535037458007,55870900
2013-12-02,145.8471221923828,146.5742119873228,145.62091593052074,146.29953471610696,99726000
2013-12-03,145.2169647216797,145.73400933246396,144.7483911170133,145.37046445926367,116563000
2013-12-04,145.20083618164062,145.8067485486632,144.08596580889576,144.69187817591836,123033000
2013-12-05,144.56259155273438,145.20890044305685,144.42525291672982,144.94229756352445,106934000
2013-12-06,146.17835998535156,146.31569862358324,145.540125477156,145.96022811177562,127728000
2013-12-09,146.5500030517578,146.7681349607132,146.35611897919208,146.60656079113545,70124000
2013-12-10,146.02484130859375,146.51765039476103,145.93597369215982,146.21065093302278,80976000
2013-12-11,144.38485717773438,146.1056519891275,144.20712192363195,146.08141648423324,130591000
2013-12-12,143.90823364257812,144.49798490759318,143.6093084858015,144.32024962323484,115565000
2013-12-13,143.89205932617188,144.3363974963022,143.61738203093418,144.20713324184285,107808000
2013-12-16,144.78880310058594,145.26545114776297,144.530274604093,144.57067122258468,96195000
2013-12-17,144.3283233642578,144.9423224628342,144.00517502724205,144.91808695392396,89886000
2013-12-18,146.79234313964844,146.81657864420694,143.25382387362504,144.5464293169058,234906000
2013-12-19,146.62277221679688,146.79242083850323,145.99262411009832,146.37231799159647,136531200
2013-12-20,147.47564697265625,147.82492929919775,146.67150810795977,146.76897648083235,197087000
2013-12-23,148.26345825195312,148.35280833692337,147.8898214560712,148.19847524522555,85598000
2013-12-24,148.58839416503906,148.65337718631838,148.2634914528864,148.2716096827048,45368800
2013-12-26,149.34378051757812,149.42501237618944,148.90516070610488,148.92139716243395,63365000
2013-12-27,149.33566284179688,149.6037007088744,149.1813297464094,149.53873009483482,61814000
2013-12-30,149.31129455566406,149.47374587793254,149.11634553239702,149.35189809055012,56857000
2013-12-31,150.0179443359375,150.0179443359375,149.40061204286727,149.51434158674,86119900
2014-01-02,148.5802764892578,149.51439348010695,148.22287606801078,149.44127983449258,119636900
2014-01-03,148.55592346191406,149.13264008608542,148.34473791766925,148.83209203382927,81390600
2014-01-06,148.12539672851562,149.10011719043962,147.89796236720812,149.04326479723431,108028200
2014-01-07,149.03512573242188,149.28692716144724,148.6046241161703,148.7183412903831,86144200
2014-01-08,149.067626953125,149.31942838809132,148.5558934599723,149.01076216755573,96582300
2014-01-09,149.16510009765625,149.56311642677383,148.48279701423454,149.54686757405145,90683400
2014-01-10,149.5712890625,149.63627210278386,148.65342066058076,149.41695589110674,102026400
2014-01-13,147.58119201660156,149.6037343797526,147.29689284066546,149.18948155224749,149892000
2014-01-14,149.18946838378906,149.2707002538134,147.7923645002243,148.0685330275179,105016100
2014-01-15,149.99363708496094,150.22107147493819,149.2219838050921,149.53876830500644,98525800
2014-01-16,149.7986297607422,149.9935787595926,149.31939408208817,149.68491260997277,72290600
2014-01-17,149.16510009765625,149.823036099116,148.9051804253141,149.53874934481183,107848700
2014-01-21,149.6036834716797,150.08293155325427,148.68582802178688,150.02606677971963,88621200
2014-01-22,149.7012176513672,149.920533808118,149.3844331557247,149.85555078410871,61270900
2014-01-23,148.47467041015625,148.97015508053516,147.68678074831777,148.94578799791353,132496900
2014-01-24,145.3068084716797,147.55679718908982,145.25807431222364,147.50806302963377,208677100
2014-01-27,144.592041015625,145.818575483929,143.8691218974685,145.44492618506118,180843100
2014-01-28,145.45301818847656,145.6398365911834,144.68135271030187,144.6976015609586,110463200
2014-01-29,144.0559539794922,145.03067458395955,143.67418644698702,144.24277243340592,216597300
2014-01-30,145.58302307128906,146.05414075228362,144.7951208592761,145.25812030920463,118938100
2014-01-31,144.73013305664062,145.63175244508372,143.70667823499392,143.77977949491608,194677900
2014-02-03,141.472900390625,144.8844279564876,141.1967318854332,144.55952529087867,254837100
2014-02-04,142.46389770507812,142.82941637447243,141.42419409717027,142.1064972659389,165012400
2014-02-05,142.28515625,142.6019406575674,141.09925047571838,141.9683718424326,164230500
2014-02-06,144.1614990234375,144.1614990234375,142.32577554060418,142.6181928771321,132877600
2014-02-07,145.948486328125,146.1028194194666,144.3645642748002,144.83568177680675,170787200
2014-02-10,146.21653747558594,146.2652840264978,145.56673219432315,145.96473606996042,92218800
2014-02-11,147.81680297851562,148.1904524091613,146.24099813517157,146.33847890513303,117814100
2014-02-12,147.88986206054688,148.5071822025876,147.59744464710766,148.03606457014416,94717700
2014-02-13,148.65333557128906,148.8076686543419,146.88259521555534,146.89071344310108,100542200
2014-02-14,149.4738006591797,149.7499692476744,148.37723214205914,148.51531643630648,96498400
2014-02-18,149.65248107910156,149.85554837802846,149.1732328340084,149.60373451619387,80460900
2014-02-19,148.66148376464844,150.2291570688705,148.53963597161686,149.2625549243331,126524300
2014-02-20,149.53871154785156,149.87986300333398,148.32030818074003,148.86452686407438,104998100
2014-02-21,149.3681640625,150.1804331611909,149.2950628182361,149.82303277468804,118116400
2014-02-24,150.1966094970703,151.20381476084245,149.61989326197752,149.68487624580746,114063900
2014-02-25,150.13983154296875,150.74903342507324,149.64434684975402,150.31853175325892,117085000
2014-02-26,150.1479034423828,150.75710508622115,149.72552016560127,150.359088883654,98677200
2014-02-27,150.93588256835938,150.97648611669644,149.7580822046919,149.9286642058406,93880800
2014-02-28,151.3175811767578,152.01613298769192,150.3103755848813,150.91144669119706,150842000
2014-03-03,150.2535400390625,150.63530752130063,149.2544524806009,149.9854897391351,167748500
2014-03-04,152.3654022216797,152.69030482499105,151.69121754528075,151.72370284791597,167545900
2014-03-05,152.50357055664062,152.7635026980395,152.25988727264087,152.4954523250644,88376900
2014-03-06,152.852783203125,153.2020653380847,152.52788054226008,152.8771626772198,82516500
2014-03-07,152.91775512695312,153.48635333360397,152.2435703800098,153.48635333360397,114513500
2014-03-10,152.83660888671875,152.89346129807637,151.9593564726177,152.68227572207405,74939200
2014-03-11,152.0811767578125,153.28334423926037,151.73190690991262,153.06402805904077,99009100
2014-03-12,152.12173461914062,152.17859939736368,151.0007994529475,151.34196333380365,104824400
2014-03-13,150.41598510742188,152.69847167621197,149.99361410175158,152.5766238753802,155014300
2014-03-14,149.99363708496094,150.9196234996525,149.8149368650867,150.14797021978364,153919600
2014-03-17,151.35011291503906,151.70751332579044,150.68404625968532,150.74902927929864,98359500
2014-03-18,152.430419921875,152.6334871937327,151.496303034784,151.6587667676643,101804600
2014-03-19,151.6181640625,152.65786759358178,150.65156178104652,152.44666968010833,176267300
2014-03-20,152.50357055664062,152.61728776994096,151.01711615791345,151.28516653088852,117241000
2014-03-21,151.9119873046875,154.2127011814709,151.77329364139052,153.14393460922662,163128000
2014-03-24,151.28378295898438,152.62179530824648,150.62294329069047,152.43413994768844,121411000
2014-03-25,152.00173950195312,152.51573144729736,151.1532569157579,152.05068874456825,103852000
2014-03-26,150.90850830078125,152.84207820646643,150.86771311290505,152.59731952815278,119843000
2014-03-27,150.5904083251953,151.21045319448774,150.03562085355446,150.72910208086796,142383000
2014-03-28,151.33279418945312,152.09153259062748,150.93302116528645,151.02276562177502,101642000
2014-03-31,152.57289123535156,152.80949592751452,151.35727643053576,152.29550379187185,99745000
2014-04-01,153.5845184326172,153.67426287228858,152.5647009131443,153.07052641914066,89193000
2014-04-02,154.09849548339844,154.30245896748852,153.49475908887229,153.78031294617563,78774000
2014-04-03,153.89456176757812,154.37591269539345,153.42136489908412,154.33511750089568,77435000
2014-04-04,152.07518005371094,154.76750073346676,151.83043381377826,154.73487205112374,169381000
2014-04-07,150.3944854736328,151.96092326502543,150.0844694970372,151.70801058058916,140803000
2014-04-08,151.0145721435547,151.25931837105145,149.78262470341835,150.32924535973348,112660000
2014-04-09,152.63809204101562,152.68704127961806,150.98190974061163,151.4224777859167,100254000
2014-04-10,149.43179321289062,152.70336264917304,149.24413786533404,152.62993879088137,172959000
2014-04-11,148.08566284179688,149.64394705144724,147.92249452300953,148.59965487247453,167251000
2014-04-14,149.25233459472656,149.60314584356504,148.0285535796159,149.24416808730152,132382000
2014-04-15,150.2802734375,150.38633841937272,148.08562463652493,149.56233053027202,157093000
2014-04-16,151.85499572753906,151.86314979057593,150.6475221547152,151.31652879227582,105197000
2014-04-17,152.06704711914062,152.49129474219663,151.3898867137258,151.6509660045128,105255000
2014-04-21,152.59732055664062,152.64628225178816,151.92017271889466,152.10781564565764,68329000
2014-04-22,153.29083251953125,153.7069136456541,152.67078786020082,152.75236580411618,85790000
2014-04-23,152.93185424804688,153.3153066852364,152.8094811080698,153.23372874156706,73869000
2014-04-24,153.24188232421875,153.6987586439723,152.50760613980395,153.6824380757108,88170000
2014-04-25,151.98544311523438,152.83393828534693,151.64278591347747,152.7441938432955,100380000
2014-04-28,152.46682739257812,153.12766726162653,150.90038891992174,152.6055211040744,135121000
2014-04-29,153.17660522460938,153.41319743290632,152.6299844787998,152.95632113485328,84098000
2014-04-30,153.63343811035156,153.78845233530538,152.71151926653687,152.9236492370808,101508000
2014-05-01,153.64979553222656,154.06587661827783,153.16027812009398,153.5600510883004,93019000
2014-05-02,153.42950439453125,154.31062822647365,153.20106626576222,153.63346789871392,98122000
2014-05-05,153.7231903076172,153.82925529825363,152.25465079817747,152.6788983117806,75883000
2014-05-06,152.38523864746094,153.48664674042726,152.3526099586748,153.38058171621594,85454000
2014-05-07,153.28273010253906,153.35615401148408,151.75707389485186,152.89927753500353,106500000
2014-05-08,153.11947631835938,154.23720478972947,152.62997137630066,153.1439633919595,93618000
2014-05-09,153.3479766845703,153.41323407220992,152.42605736006863,153.14401311358841,83679000
2014-05-12,154.8409423828125,154.9143787121676,153.3805690381238,154.03325480041556,86940000
2014-05-13,154.9796600341797,155.35494597230885,154.82464575362556,155.0449174112006,66454000
2014-05-14,154.24537658691406,154.91438293495946,154.02509249073498,154.84094660360256,72367000
2014-05-15,152.89102172851562,153.96795489320084,152.14043760567884,153.93531376454447,154956000
2014-05-16,153.4213409423828,153.48661075359828,152.3362536726949,152.98077282891433,97458000
2014-05-19,153.9843292236328,154.10670237646514,152.98898608410542,153.1276798069645,63839000
2014-05-20,153.013427734375,153.927180275767,152.62182128077052,153.91085970925795,111644000
2014-05-21,154.302490234375,154.37591411577924,153.42952037008365,153.4539949972184,89093000
2014-05-22,154.67776489257812,154.9959474711187,154.08219492740108,154.34326174748693,61549000
2014-05-23,155.29779052734375,155.40384306611458,154.6777336132579,154.81642727852915,61092800
2014-05-27,156.25234985351562,156.30129909801548,155.7873071328806,155.8770515641114,72010000
2014-05-28,156.13815307617188,156.49713085231022,155.87707380300037,156.2523721459482,66723000
2014-05-29,156.94586181640625,156.97033644545286,156.09737896191558,156.49715198458762,64377000
2014-05-30,157.19873046875,157.29664140638604,156.66843038973914,156.79897000729179,76316000
2014-06-02,157.3782501220703,157.4516864519011,156.61951178836495,157.4190453166551,64656000
2014-06-03,157.29669189453125,157.37826984497872,156.84796959575527,156.994817375929,65047000
2014-06-04,157.6148223876953,157.70456681775897,156.8642382675916,157.02740656345014,55529000
2014-06-05,158.64288330078125,158.80605168863647,157.21513812138554,157.7944002145641,92103000
2014-06-06,159.40155029296875,159.4423330317128,158.9120329386059,158.9854568070773,78696000
2014-06-09,159.5647735595703,159.94822604782112,159.2302703338285,159.37713057030325,65119000
2014-06-10,159.58103942871094,159.61366810954985,159.02625226290138,159.36890943195576,57129000
2014-06-11,159.02630615234375,159.1894745097184,158.6673282967509,159.00998558192197,68772000
2014-06-12,157.900390625,158.92837471658444,157.5495793517384,158.83863027127063,106350000
2014-06-13,158.38177490234375,158.53678918735275,157.70461444353683,158.21044004813731,82017000
2014-06-16,158.51226806640625,158.84677119390793,157.99828851206456,158.18593144622284,87424000
2014-06-17,158.95281982421875,159.067038874412,158.1206453448436,158.29198014460485,84834000
2014-06-18,160.11952209472656,160.20926654419463,158.60203296214118,158.95285670058746,105267000
2014-06-19,160.29896545410156,160.3968763841256,159.74419079604806,160.25817027067006,85929000
2014-06-20,160.6244354248047,160.75560056501084,160.42768771449548,160.69821112544705,100587000
2014-06-23,160.57522583007812,160.7145840784375,160.2801105663188,160.66540028590998,70611000
2014-06-24,159.60797119140625,161.08354818027377,159.42762219784467,160.28837648373406,96237000
2014-06-25,160.3293914794922,160.49334172342932,159.23910421983766,159.27188926518437,82782000
2014-06-26,160.21458435058594,160.37034142076212,159.14069614075896,160.35394264795445,84312000
2014-06-27,160.52610778808594,160.57529160075885,159.76372116585776,159.83749688486714,71445100
2014-06-30,160.44406127929688,160.81295223315422,160.2883042633452,160.42766251219822,70201200
2014-07-01,161.51795959472656,162.00982257084516,160.78017763914377,160.8375545648204,90470000
2014-07-02,161.681884765625,161.8868255559054,161.46055771830922,161.5343334007478,52475000
2014-07-03,162.4770965576172,162.5508722584569,162.0180310742639,162.14099057566344,52938800
2014-07-07,161.91146850585938,162.2967583137681,161.67374261795257,162.16560567316284,61696000
2014-07-08,160.8704071044922,161.67377189880963,160.47691158561886,161.61638244491584,108143000
2014-07-09,161.59170532226562,161.73926919117432,160.9276991836584,161.271998199655,72992000
2014-07-10,160.952392578125,161.3786731799612,159.9030961032979,160.03426128980146,99040000
2014-07-11,161.17369079589844,161.28845717740887,160.493285638159,160.8539835539339,64243000
2014-07-14,161.9852294921875,162.19836344236796,161.8540643650326,161.99342262191155,58658000
2014-07-15,161.681884765625,162.39508722164422,160.96869481819894,162.08357321766815,111307000
2014-07-16,162.28036499023438,162.5262839985417,161.8376857580881,162.40332449438804,79986400
2014-07-17,160.43592834472656,162.39516271020372,160.20638304500383,161.78034005356528,145398000
2014-07-18,162.07546997070312,162.23942019213007,160.87041645488503,160.96059095295985,124330000
2014-07-21,161.77210998535156,161.90327513435915,161.0261222725426,161.56716913075113,67592000
2014-07-22,162.4770965576172,162.77221186957235,162.20657314594195,162.32133951678026,67678000
2014-07-23,162.83779907226562,163.00995488771875,162.39513234603803,162.72303269816243,65612000
2014-07-24,162.8460235595703,163.18212961580392,162.682073351939,162.99358750245784,56888000
2014-07-25,162.0836181640625,162.52628489004036,161.76391094291276,162.3869266150363,76837000
2014-07-28,162.149169921875,162.38689575556495,161.18184280286715,162.11637238775583,69259000
2014-07-29,161.45237731933594,162.6820222532358,161.42778542134553,162.45248953292878,80466000
2014-07-30,161.47705078125,162.23943752982774,160.804851048985,162.02629096145478,104222000
2014-07-31,158.28811645507812,160.4932820658571,158.1897488470008,160.35392378488186,183479000
2014-08-01,157.80450439453125,158.83740210201736,157.04213019561072,157.8536882127067,189261000
2014-08-04,158.94390869140625,159.28001465271728,157.43554719342885,158.10774660745543,91340000
2014-08-05,157.4027099609375,158.70614280999052,156.82887828670252,158.29626125573805,152690000
2014-08-06,157.4519805908203,158.12418015268486,156.64041022714898,156.66500213132704,94818000
2014-08-07,156.599365234375,158.32087298132737,156.2058823954065,158.1651159698248,135733000
2014-08-08,158.41111755371094,158.5176783124906,156.53385196430662,156.9519393925789,117014000
2014-08-11,158.87010192871094,159.57509874230138,158.79632624682884,159.00946016401923,74544000
2014-08-12,158.64881896972656,159.15706830434763,158.16516153783894,158.71440154654823,73632000
2014-08-13,159.72268676757812,159.90303570374783,159.00130353149518,159.27181442715383,69047000
2014-08-14,160.47683715820312,160.47683715820312,159.83742287233662,159.9849867506254,57371000
2014-08-15,160.44406127929688,161.20643508336244,159.28819211642883,161.05888370525722,139951000
2014-08-18,161.78851318359375,161.86228889120554,161.2392731792658,161.32944765810157,75424000
2014-08-19,162.6328582763672,162.7558177813035,161.8540855583785,162.1819859106064,59135000
2014-08-20,163.0673828125,163.2641305904567,162.37878435255243,162.4115693945783,72763000
2014-08-21,163.54281616210938,163.75595016629296,163.07554496894767,163.20671012933673,67791000
2014-08-22,163.2887420654297,163.69862393717037,162.9198508825835,163.41170162351108,76107000
2014-08-25,164.1166229248047,164.4363301363307,163.25586889112813,164.06743912435397,63855000
2014-08-26,164.2231903076172,164.62487884463184,164.18219963917147,164.2231903076172,47298000
2014-08-27,164.1576690673828,164.41999943656253,163.90354434011525,164.30522051859606,47874000
2014-08-28,164.06744384765625,164.17401709076512,163.45262130712962,163.61657148288407,58330000
2014-08-29,164.53472900390625,164.55111526686048,163.80514002731772,164.3215824995246,65907000
2014-09-02,164.45278930664062,164.77249663558953,163.83796655800037,164.747904726332,72426000
2014-09-03,164.362548828125,165.108536465767,164.13301609478833,165.08394456638064,57462000
2014-09-04,164.1248321533203,165.24790398349418,163.6739597916677,164.64127457794373,85236000
2014-09-05,164.86260986328125,164.92819243312604,163.4690146527187,164.09203030335004,102177000
2014-09-08,164.4363555908203,164.94461746088058,163.95269813339038,164.70687904377218,64146000
2014-09-09,163.39520263671875,164.4035078432133,163.05909673168944,164.2887414986415,88591000
2014-09-10,164.01011657714844,164.1166773439272,162.94442134915792,163.48545584211274,67251000
2014-09-11,164.19862365722656,164.22321556035632,163.23129626926348,163.3542682935101,66774400
2014-09-12,163.23953247070312,164.0510904431194,162.7722612065604,164.03470417703022,117409300
2014-09-15,163.11651611328125,163.39524517288203,162.6246655836146,163.26408002819892,76401000
2014-09-16,164.3461456298828,164.64126092316172,162.72301777114663,162.8131922359984,116201000
2014-09-17,164.56752014160156,165.3298941809698,163.74775665397215,164.58391891376164,151266000
2014-09-18,165.4446563720703,165.46924827352822,164.85442571988656,165.06755970205413,94990000
2014-09-19,165.29559326171875,166.28390522229688,164.95791613367513,165.970947517806,121649000
2014-09-22,164.01901245117188,165.0320438017352,163.67310390478488,165.00733694606956,125553000
2014-09-23,163.0801239013672,164.10961817201962,163.03071018710688,163.42603246825817,111393000
2014-09-24,164.35667419433594,164.46374560358373,162.67654533088916,163.10480583374672,107276000
2014-09-25,161.70472717285156,163.9366763654569,161.647082026393,163.92843236805624,150300000
2014-09-26,162.98951721191406,163.3930834636835,161.77059959419316,162.0012052903277,103547000
2014-09-29,162.6930389404297,162.98130237347627,161.46588976830785,161.58942405843112,95112000
2014-09-30,162.2647705078125,163.31897162276962,161.9270933750502,162.81657792212064,131302000
2014-10-01,160.06578063964844,162.0588801194212,159.7033966311317,162.00122240576206,177798000
2014-10-02,160.0904541015625,160.65049285820925,158.41855669318875,159.9257249923684,157285000
2014-10-03,161.85296630859375,162.19887485739335,160.6669869600991,161.16113664392648,121569000
2014-10-06,161.66354370117188,162.74246428599938,161.07879797519814,162.52832142826045,104778000
2014-10-07,159.1680145263672,161.19406438405736,159.13507624566202,160.83168046096915,147913000
2014-10-08,161.95176696777344,162.18237262886325,158.4267803573253,159.2586070228945,186461000
2014-10-09,158.73977661132812,161.9188552516913,158.60799833563883,161.6964809823491,210705000
2014-10-10,156.92784118652344,159.4892230437084,156.88667147563507,158.69857860206253,221909000
2014-10-13,154.35003662109375,157.43027576712726,154.25944061285335,156.86200542496846,230939000
2014-10-14,154.58883666992188,156.3348672670388,154.0452607509968,155.18182629655522,215847000
2014-10-15,153.54290771484375,154.58064611941268,149.8284964207241,152.4969504462394,380715000
2014-10-16,153.41114807128906,154.49005624128347,150.62739106444235,150.76740080122084,270391000
2014-10-17,155.22300720214844,156.27720818082236,154.52294617029557,155.1818249237335,214625000
2014-10-20,156.73020935058594,156.8537436355061,154.8935951013836,154.94300881535165,130011000
2014-10-21,159.8351287841797,159.9421876161077,157.70200763467503,157.8667241636198,154949000
2014-10-22,158.69857788085938,160.52696042357323,158.63268874984385,160.11516278002628,151822000
2014-10-23,160.54348754882812,161.5894575009325,159.99167999362695,160.28817491835449,154944000
2014-10-24,161.77880859375,161.8282348649843,160.18104436836015,160.8069722329335,117927000
2014-10-27,161.55641174316406,161.79524878365436,160.6257452937797,161.20225932863855,82954000
2014-10-28,163.40960693359375,163.41783836549442,162.0259597829139,162.10009293830632,106736000
2014-10-29,163.16250610351562,163.99433303995716,162.08359800200066,163.52489013668068,142557000
2014-10-30,164.2084197998047,164.6778625426597,162.57769220782626,162.72594588303605,113330000
2014-10-31,166.08624267578125,166.2180209489714,165.35324331087932,166.18507009713994,146903000
2014-11-03,166.17681884765625,166.7368575913163,165.79795949918844,166.30035310962057,93600000
2014-11-04,165.60032653808594,166.0368310773971,164.76848717417494,165.73209224588456,93343000
2014-11-05,166.64627075195312,166.85216957789962,165.9132714342663,166.81098729929693,91709000
2014-11-06,167.31336975097656,167.4039657310186,166.06974544955068,166.68744188609193,107089000
2014-11-07,167.4698944091797,167.68403726734232,166.86867325440514,167.3298846918798,89540000
2014-11-10,167.9970245361328,168.0464382606857,167.29697582651448,167.50287472353244,66319000
2014-11-11,168.1616973876953,168.26876880774944,167.72519284495348,168.06286996430262,54499400
2014-11-12,167.9805145263672,168.2111202209386,167.44517000413023,167.4781208559649,90120300
2014-11-13,168.169921875,168.69702235039233,167.36280202110132,168.14521502201805,85357900
2014-11-14,168.21109008789062,168.4169888902356,167.78281706023472,168.09578726126006,80417500
2014-11-17,168.31825256347656,168.49121319345775,167.7252626422172,167.88999183917957,80441000
2014-11-18,169.29005432128906,169.59478062903574,168.3758628309792,168.3758628309792,76068100
2014-11-19,169.01820373535156,169.28999165262312,168.26049767829076,169.09232428540787,82373000
2014-11-20,169.3147735595703,169.42184500182628,168.1617322569379,168.22762140855156,72840300
2014-11-21,170.22071838378906,171.1760922162327,169.6442040252698,171.01137562338013,142327300
2014-11-24,170.6983642578125,170.80543567260446,170.41011343139428,170.62424369391073,65880800
2014-11-25,170.5748748779297,171.13491381978415,170.31956226813892,170.92901493226634,79108300
2014-11-26,171.0113525390625,171.11017996801954,170.50895883008297,170.72308911517945,62167800
2014-11-28,170.64895629882812,171.20076368269216,170.41011917362974,170.8878059910944,57890100
2014-12-01,169.4629669189453,170.1053702571142,169.15000924590606,169.9900674160856,103968400
2014-12-02,170.55833435058594,170.76423315951766,169.47942660251428,169.5041334542208,74507200
2014-12-03,171.21725463867188,171.43138492782614,170.56661977392727,170.73133634766663,68952000
2014-12-04,171.02786254882812,171.5302563593939,170.23720525609116,170.92902253281642,91316600
2014-12-05,171.307861328125,171.69495221245316,170.93724587231947,171.20078989333257,91025500
2014-12-08,170.1630096435547,171.40663390699493,169.60295835665593,170.9124843130951,108588200
2014-12-09,170.04774475097656,170.15481617538774,167.93934251901482,168.31818936881524,125180100
2014-12-10,167.32164001464844,169.6441724457895,167.13220402941477,169.58652730420354,159856400
2014-12-11,168.169921875,169.81711243148433,167.7745996602224,167.91460934947557,159012800
2014-12-12,165.45213317871094,167.86527501990798,165.41919488151544,166.89342559716104,202330200
2014-12-15,164.3154754638672,166.80273651141,163.71425448065943,166.3497566334868,189965800
2014-12-16,162.99774169921875,166.69567639131327,162.95655942260927,163.5495490179996,259543800
2014-12-17,166.1933135986328,166.64629359121042,163.31072964031722,163.4342764930577,253910100
2014-12-18,170.30308532714844,175.40114374758215,167.9476015721637,168.62295594942321,257633900
2014-12-19,171.02769470214844,171.6984869367733,170.2740833072167,170.95315240330035,245084600
2014-12-22,171.81439208984375,171.81439208984375,170.97797433698753,171.21812963594104,148318900
2014-12-23,172.04629516601562,172.44379931339762,171.75644075737372,172.3941128745285,122167900
2014-12-24,172.06285095214844,172.5348847288303,172.02144137682555,172.26988619233464,42963400
2014-12-26,172.6177215576172,172.95726241903841,172.46037273713273,172.5100591780374,57326700
2014-12-29,172.84954833984375,173.05658353930826,172.369225160715,172.43547794091472,79643900
2014-12-30,171.9220733642578,172.55973282382527,171.84753107199853,172.4272398700469,73540800
2014-12-31,170.21609497070312,172.4106761947052,170.09187887571926,172.2450505225838,130333800
2015-01-02,170.125,171.3258145622169,169.08982374735015,170.91174406115695,121465900
2015-01-05,167.05258178710938,169.24715009688967,166.7461737006491,169.0815244457335,169632600
2015-01-06,165.4791717529297,167.88077604924092,164.6841506836419,167.35904307763232,209151400
2015-01-07,167.54122924804688,167.8807701425897,166.35699350286723,166.80418415106138,125346700
2015-01-08,170.5142059326172,170.72953065352303,168.93246642029644,168.94902014003745,147217800
2015-01-09,169.14779663085938,170.94486105666158,168.53496775123423,170.92829469871802,158567300
2015-01-12,167.82276916503906,169.43765422966325,167.21822977118725,169.28030541730055,144396100
2015-01-13,167.35072326660156,170.16639741804175,166.05053592069322,169.04012523018008,214553300
2015-01-14,166.3403778076172,166.5391361681046,164.44394075078782,165.33832178191363,192991100
2015-01-15,164.81663513183594,167.29276878135636,164.7006958904179,166.97808377546713,176613900
2015-01-16,166.97811889648438,167.13546775073945,164.4274424123661,164.60963449240543,211879600
2015-01-20,167.3341827392578,167.88075887871344,165.76899662094755,167.61574767057863,130991100
2015-01-21,168.17886352539062,168.65918678671582,166.4066424201559,166.87039932448977,122942700
2015-01-22,170.67987060546875,170.8123635660142,167.55777539756028,168.9324925342067,174356000
2015-01-23,169.7440948486328,170.67989840459322,169.61158923007656,170.42316402997878,117516800
2015-01-26,170.1415557861328,170.23265179616268,168.81653784693114,169.52873956995722,92009700
2015-01-27,167.8972930908203,169.04011895690113,167.06915217860907,168.0877619624292,134044600
2015-01-28,165.74411010742188,169.18088959888624,165.55364124909408,169.0815167400068,168514300
2015-01-29,167.27615356445312,167.53287517347198,164.53499708500755,165.94284646008185,173585400
2015-01-30,165.17269897460938,167.4252432198437,164.90770045916094,166.10022536974702,197729700
2015-02-02,167.21820068359375,167.30929668351396,163.8559508188736,165.669581321377,163107000
2015-02-03,169.63638305664062,169.64467255315608,167.7399459094598,168.11260679625465,124212900
2015-02-04,168.99041748046875,170.08356945276037,168.5349374920139,168.8744782685372,134306700
2015-02-05,170.69642639160156,170.84549834910774,169.57844357423738,169.65297323477577,97953200
2015-02-06,170.22439575195312,171.6239561515473,169.70266284557835,171.06081366529,125672000
2015-02-09,169.46250915527344,170.29892707677755,169.05671548674957,169.57844839821885,87219000
2015-02-10,171.26783752441406,171.5245592115905,169.5038931575931,170.4976724628847,96164200
2015-02-11,171.3672637939453,171.7979007846517,170.45631599550543,171.10226516334865,91087800
2015-02-12,173.0152130126953,173.07318894711187,171.40034061976428,172.16222880934126,97545900
2015-02-13,173.7274169921875,173.77710343007948,172.88270963873737,173.1394439618939,93670400
2015-02-17,174.000732421875,174.17464761829712,173.16431443405426,173.41274666261336,76968200
2015-02-18,174.0172576904297,174.09178734139812,173.36301927923287,173.6280304423576,80652900
2015-02-19,173.8930206298828,174.25740464349113,173.28020445829353,173.4209868932918,91462500
2015-02-20,174.93649291992188,175.01102257016245,172.85785111829873,173.47895680982546,140896400
2015-02-23,174.9116973876953,174.9116973876953,174.30714525156807,174.68809573958757,74411100
2015-02-24,175.4085235595703,175.6072819264432,174.53897307958917,174.83710431168478,72472300
2015-02-25,175.25946044921875,175.76462689715748,174.9199196518574,175.284303664984,73061700
2015-02-26,175.05238342285156,175.32567136743296,174.44783161979691,175.16832261421118,72697900
2015-02-27,174.4561309814453,175.2180189443908,174.40644455897004,174.95300784262287,108076000
2015-03-02,175.5576171875,175.6155804872333,174.50587456702831,174.55556100577942,87491400
2015-03-03,174.83709716796875,175.60727475125827,173.97583621956494,175.12695152826169,110325800
2015-03-04,174.10006713867188,174.3153918714502,173.1311437504533,174.2408495827965,114497200
2015-03-05,174.2905731201172,174.57213804789114,173.7854065678499,174.42306608608567,76873000
2015-03-06,171.83924865722656,173.8599146150726,171.50799732884414,173.4292777790329,188128000
2015-03-09,172.55145263671875,172.90754718755318,171.88066047431653,172.03800928010043,89818900
2015-03-10,169.7523651123047,171.26786489499713,169.71095552856167,171.1850583639419,157121300
2015-03-11,169.35484313964844,170.1829841818961,169.27202398085188,170.00906900299512,110145700
2015-03-12,171.50796508789062,171.5742052319724,169.93448998279368,169.9841764090679,93993500
2015-03-13,170.45626831054688,172.19535687729632,169.42109203161417,171.23472289413294,162410900
2015-03-16,172.733642578125,172.82473858898433,170.48109816090155,171.18502302994446,136099200
2015-03-17,172.22024536132812,172.60118322774522,171.40865790665734,171.99664370451623,94510400
2015-03-18,174.2905731201172,174.9613653571674,171.11050184470795,171.7481739993735,228808500
2015-03-19,173.49551391601562,174.2988115784741,173.10628669249752,173.87646427986863,117917300
2015-03-20,175.02696228027344,175.5343837524502,174.26167316848532,174.4446784661776,177715100
2015-03-23,174.6858673095703,175.6092074016342,174.6858673095703,175.03523752104957,71784500
2015-03-24,173.70437622070312,175.01866878054568,173.63782767328215,174.5611681428874,77805300
2015-03-25,171.1588897705078,174.14519622246746,171.11730804726218,173.9122827238235,159521700
2015-03-26,170.75128173828125,171.66629534342607,169.79466102806265,170.49341415235105,153067200
2015-03-27,171.14227294921875,171.31695173779872,170.4435197163953,170.63485150385748,118939000
2015-03-30,173.2301483154297,173.52961030402437,172.15708359378408,172.1737112038828,96180400
2015-03-31,171.71624755859375,173.10542766496235,171.65802552080422,172.40667436163744,126768700
2015-04-01,171.1090087890625,171.7079329360202,170.11911991581752,171.6829788209666,137303600
2015-04-02,171.72462463378906,172.17381153201265,170.85950607691765,171.04251143730045,86900900
2015-04-06,172.88082885742188,173.39656416417543,170.701418168536,170.83450255255133,114368200
2015-04-07,172.42330932617188,173.65442551024032,172.39004140458533,172.90577669260682,81236300
2015-04-08,173.00563049316406,173.44650353315095,172.25698151393598,172.64794631435277,89351900
2015-04-09,173.77085876464844,174.0037722627483,172.34842366502664,172.83920477224896,85548900
2015-04-10,174.7191619873047,174.76075640541168,173.82078855893224,174.02042145731085,72722900
2015-04-13,173.9289093017578,175.20994622951594,173.87900107989284,174.57774157166983,74436600
2015-04-14,174.2616729736328,174.44467827112047,173.10541915377996,173.72929738807832,75099900
2015-04-15,175.04359436035156,175.55101584547447,174.644315833761,174.72750467768364,99529300
2015-04-16,174.99365234375,175.5010737309011,174.51118506639048,174.7108306375564,68934900
2015-04-17,172.98062133789062,174.04537241941927,172.19869198583558,173.8041451072998,191113200
2015-04-20,174.56112670898438,174.89385667427484,173.82079174730367,173.903967892209,92189500
2015-04-21,174.3531951904297,175.4013061722621,174.05373309664378,175.24325497098113,72559800
2015-04-22,175.2099609375,175.39296622825637,173.77087272447622,174.69421298498898,78264600
2015-04-23,175.65087890625,176.29971139703048,174.6942577878054,174.81071457607786,102585900
2015-04-24,176.05836486816406,176.32455890488748,175.60917829723118,176.0666913648306,61327400
2015-04-27,175.32644653320312,176.74888198105475,175.13511471141135,176.62411139539645,79358100
2015-04-28,175.8837432861328,175.9336515110271,174.12856545128815,175.3014595076419,86863500
2015-04-29,175.16012573242188,175.7590373875859,174.3532418939398,174.99374798576744,125684900
2015-04-30,173.40487670898438,174.97704931085852,172.70612345816878,174.58608461209516,161304900
2015-05-01,175.2848358154297,175.32643023772877,174.08698753309534,174.18680399234466,103399700
2015-05-04,175.7838897705078,176.3661734262182,175.6008845225943,175.70901475612013,70927200
2015-05-05,173.77085876464844,175.90037355030015,173.62944790457593,175.54267680425372,113326200
2015-05-06,173.05552673339844,174.62769963503646,171.99077538693658,174.31992371713588,135060200
2015-05-07,173.7459259033203,174.17017122825814,172.6229526914599,172.95568267434402,88244900
2015-05-08,176.0334930419922,176.23313866284923,175.33475240824686,175.417941256813,155877300
2015-05-11,175.193359375,176.25811074241392,175.1184970193625,175.9919292469792,75708100
2015-05-12,174.66928100585938,175.20998313991484,173.53798119820593,174.36150511096568,119727600
2015-05-13,174.70254516601562,175.70074779807248,174.4696316416302,175.07686956643255,94667900
2015-05-14,176.5242919921875,176.61579465109463,175.4429003940587,175.7174083707801,95934000
2015-05-15,176.71560668945312,176.8570175782501,176.23313929029138,176.71560668945312,76510100
2015-05-18,177.26463317871094,177.51417435447638,176.48270364708046,176.5492521915636,74549700
2015-05-19,177.2063751220703,177.65557456500738,176.9235533648642,177.38106661495368,72114600
2015-05-20,177.0816192626953,177.8302681393417,176.76551686494682,177.30620630998737,76857500
2015-05-21,177.59735107421875,177.80531050170612,176.77382717194772,176.94020486820656,64764600
2015-05-22,177.17306518554688,177.6305656343087,177.10651666560295,177.2146469042835,57433500
2015-05-26,175.26821899414062,177.10658608628512,174.8523001010872,176.68234069195475,124308600
2015-05-27,176.9318389892578,177.1647524807789,175.31807216026635,175.72567711684493,93214000
2015-05-28,176.7322235107422,176.8403537684896,176.04179677401598,176.6240805601602,74974600
2015-05-29,175.6342315673828,176.7072967383214,175.3680500731995,176.66571500283214,124919600
2015-06-01,175.9918975830078,176.63240343422953,175.2016416617787,176.2996734515906,93338800
2015-06-02,175.8171844482422,176.5076111354182,174.9104845682582,175.53436272853165,91531000
2015-06-03,176.28306579589844,176.9069441485281,175.79228453811078,176.34961434331944,87820900
2015-06-04,174.79403686523438,176.2331123420793,174.47793451929695,175.57596623076313,151882800
2015-06-05,174.49456787109375,175.16835426135324,173.83740909313252,174.64429253878083,121704700
2015-06-08,173.42152404785156,174.53619623751186,173.34666169944614,174.38645884786473,89063300
2015-06-09,173.3965301513672,173.93723216019964,172.76433819958618,173.3965301513672,105034700
2015-06-10,175.4761962890625,175.85884729444106,174.10366887951585,174.1618909301899,134551300
2015-06-11,176.0417938232422,176.424432007937,175.68409705806988,175.9170105686235,73876400
2015-06-12,174.69419860839844,175.9170008174416,174.4196906948547,175.21826032451227,135382400
2015-06-15,173.945556640625,174.22837837118564,172.84752494385896,173.55459196309474,124384200
2015-06-16,174.89390563964844,174.97709450067887,173.621194761479,173.79587359966956,85308200
2015-06-17,175.17669677734375,175.7839474322654,174.153539968628,175.17669677734375,126708600
2015-06-18,176.9984130859375,177.4642401362793,175.2099672263391,175.77561073237266,165867900
2015-06-19,176.21263122558594,176.83118972177672,175.83648613184482,176.75596325394298,130478700
2015-06-22,177.11546325683594,177.70057951585434,176.90649225328806,177.13218450840156,70696000
2015-06-23,177.24082946777344,177.57519070489957,176.84797574033792,177.32442296569923,68476800
2015-06-24,175.95359802246094,177.34952289902554,175.92852252054377,176.973377615689,92307300
2015-06-25,175.41856384277344,176.5804417421602,175.34333736656086,176.45506428180593,97107400
2015-06-26,175.38516235351562,176.02042951258704,174.83347592995116,175.77801604409242,104174800
2015-06-29,171.70726013183594,175.39351099709683,171.6320336459103,173.90563875410464,202621300
2015-06-30,172.06671142578125,173.29546181848747,171.5902514653302,173.2452980690375,182925100
2015-07-01,173.4458770751953,173.88889443964797,172.66014431421925,173.63812676525103,135979900
2015-07-02,173.287109375,174.08956362412331,172.86916737650563,173.92238937564107,104373700
2015-07-06,172.79393005371094,173.57129600001744,171.79922611887224,171.99984285723042,117975400
2015-07-07,173.8805694580078,174.0059469390205,170.6122604041344,172.99453457998248,173820200
2015-07-08,170.96328735351562,172.8273043810411,170.72924094443496,172.5431069920964,164020100
2015-07-09,171.2725830078125,173.32050849145554,171.16392678851582,173.06137380341107,144113100
2015-07-10,173.42919921875,173.847141195784,171.31441383532407,173.27037922674475,129456900
2015-07-13,175.3433380126953,175.4519942272115,174.64955296883963,174.691349707303,106069400
2015-07-14,176.10400390625,176.41328960475772,175.24304455862048,175.30156255048627,81709600
2015-07-15,176.04554748535156,176.60558829122186,175.5690874351548,176.14584949399134,97914100
2015-07-16,177.4581298828125,177.4581298828125,176.8562925380049,177.09869322333674,106683300
2015-07-17,177.60861206054688,177.66713005724577,177.04021711615076,177.44979207473725,89030000
2015-07-20,177.70054626464844,178.19371467964135,177.3829190718028,177.83429074299156,70446800
2015-07-21,176.99844360351562,177.82597338603733,176.69752484210574,177.56683862252422,77965000
2015-07-22,176.68077087402344,177.01513207733043,176.27955018463078,176.3129799276736,88667900
2015-07-23,175.6860809326172,176.91483134859936,175.3266569594978,176.81452935695242,90509100
2015-07-24,173.86380004882812,175.8448402275367,173.5294516890247,175.7863350041287,117755000
2015-07-27,172.85244750976562,173.48772751549507,172.4094300081794,172.97783776306483,132361100
2015-07-28,174.9755859375,175.11768467613908,172.86080059877006,173.68831753287859,123544800
2015-07-29,176.1792755126953,176.40495501101523,174.95887925194333,175.1009780024114,105791300
2015-07-30,176.22103881835938,176.38821303691228,175.05079377933856,175.66935241801707,91304400
2015-07-31,175.95359802246094,176.74768534385558,175.66940049768033,176.72260984193838,103266900
2015-08-03,175.36009216308594,175.97865089150653,174.40718494905138,175.92014564608382,113965700
2015-08-04,175.01736450195312,175.74457936960462,174.53255033866034,175.28484070143256,81820800
2015-08-05,175.59414672851562,176.63063465904023,175.30993649328377,175.91177395501018,85786800
2015-08-06,174.1564483642578,175.8867217297326,173.57131932074043,175.77805272086593,116030800
2015-08-07,173.82205200195312,174.14804620817122,172.9192958721393,173.99759323049022,117858000
2015-08-10,176.01211547851562,176.0956962331181,174.93381788114007,174.93381788114007,80270700
2015-08-11,174.4238739013672,175.09258350334616,173.66321656968387,174.67464159643114,126081400
2015-08-12,174.6328582763672,174.8167537499092,171.65711371116103,173.119910497788,172123700
2015-08-13,174.41554260253906,175.1594787845437,173.87221039931902,174.47404784482575,89383300
2015-08-14,175.05081176757812,175.1260382604709,174.08118334392682,174.22328208202762,72786500
2015-08-17,176.02877807617188,176.02877807617188,173.99758642941626,174.457325100876,79072600
2015-08-18,175.51895141601562,176.10406777400098,175.2849048728215,175.75299795920978,71692700
2015-08-19,174.13133239746094,175.543965411561,173.32052403028706,174.77495378843668,172946000
2015-08-20,170.49520874023438,174.1062198915979,170.4366907558024,172.61834784366275,194327900
2015-08-21,165.36288452148438,170.47013476666513,165.10376259857475,168.62282605901513,346588500
2015-08-24,158.4000244140625,165.07037543288203,152.46524267191543,156.71990209767756,507244300
2015-08-25,156.5359649658203,163.37348842234678,156.2434005299375,163.35676717483423,369833100
2015-08-26,162.5459442138672,162.82177460117012,157.45540296590627,160.55653699616815,339257000
2015-08-27,166.56658935546875,166.6919668394145,163.17290274119117,164.6858505688254,274143900
2015-08-28,166.5748291015625,167.0429217259676,165.43802726176406,165.92284112406003,160414400
2015-08-31,165.22914123535156,166.44953713642272,164.67745489289854,165.59693213032023,163298800
2015-09-01,160.2974853515625,162.80513746263742,159.4281588104927,161.4259211487993,256000400
2015-09-02,163.34005737304688,163.3818541142059,160.84076020480347,162.67970202462845,160269300
2015-09-03,163.4571075439453,165.5468174006703,162.96393907885664,164.0505780006922,152087800
2015-09-04,160.9828338623047,162.0444097005393,160.16367143231324,161.20017178067064,207081000
2015-09-08,165.02857971191406,165.1790454713278,163.13948637525806,163.7831206566259,116025700
2015-09-09,162.8218231201172,166.7337664970237,162.45404490926228,166.60838901088866,149347700
2015-09-10,163.70787048339844,164.85302736988268,162.37045111243074,162.62957308634384,158611100
2015-09-11,164.45179748535156,164.51866972562667,162.60448851715708,163.31499490982625,119691200
2015-09-14,163.84158325195312,164.6774670734092,163.35676910495962,164.62731608485382,79452000
2015-09-15,165.8895263671875,166.33254381905883,163.79981659248259,164.34313603207536,113806200
2015-09-16,167.32720947265625,167.51947192594085,165.84770436080095,166.19041977275248,99581600
2015-09-17,166.95106506347656,169.59246088923587,166.57491991056307,167.19347850406095,276046600
2015-09-18,164.22286987304688,166.93680784355814,163.81116558164115,164.44133777057908,223657500
2015-09-21,165.07151794433594,166.09658629271098,164.02123091196836,165.0547097619698,105726200
2015-09-22,162.92889404296875,163.39102279987037,161.79457916883604,162.90368818539991,153890900
2015-09-23,162.66848754882812,163.56752673005434,162.0887269599336,163.09700011323812,92790600
2015-09-24,162.08026123046875,162.54239000769567,160.11412732832267,161.45008912176417,159378800
2015-09-25,162.0382843017578,163.84477282247155,161.16443833367498,163.54228965211772,155054800
2015-09-28,157.97152709960938,161.2484294982135,157.66064631992091,161.13919557199506,178515900
2015-09-29,158.06398010253906,159.42516070258506,157.06410487873185,158.19002222857446,159045600
2015-09-30,161.01318359375,161.18122692999685,159.17307893276782,159.9544862157138,163452000
2015-10-01,161.4333038330078,161.73578697688947,159.4923756684693,161.39128979229656,131079000
2015-10-02,163.84474182128906,163.86994767897548,158.90418858061045,159.45034541254506,211003300
2015-10-05,166.7603302001953,166.98719572825553,164.96223979534292,165.07147372012807,126320800
2015-10-06,166.1890106201172,167.1888859175835,165.52523486261958,166.62593361163326,110274500
2015-10-07,167.55020141601562,167.9030963385812,165.92855148756115,167.12167607934597,124307300
2015-10-08,169.06256103515625,169.34823595046055,166.8611513173425,167.16363441027735,153055200
2015-10-09,169.16342163085938,169.64234582106246,168.53324945051236,169.20543567372633,107069200
2015-10-12,169.3230438232422,169.52469068762636,168.81050334145897,169.2390157491594,56395600
2015-10-13,168.25596618652344,169.86080769258092,168.0879228419,168.59205287577035,88038700
2015-10-14,167.4493408203125,168.77690504339486,167.15526817132374,168.19714460448515,99106200
2015-10-15,170.0204315185547,170.02882919739733,167.7434041055969,168.11310710881224,134142200
2015-10-16,170.79348754882812,170.81028291108484,169.65917237302588,170.42378444498482,114580100
2015-10-19,170.87744140625,170.87744140625,169.83556520176546,170.1464459633123,76523900
2015-10-20,170.65904235839844,171.2724064045467,170.18851581226352,170.4405872679463,78448500
2015-10-21,169.60031127929688,171.23034556267947,169.43225514084543,171.07911042313316,102038000
2015-10-22,172.46548461914062,172.67554197229597,169.60031206597318,170.54976258403462,174911700
2015-10-23,174.35604858398438,174.72575167820509,173.3393778957643,174.137593492348,144442300
2015-10-26,173.9275360107422,174.23841687580705,173.55783291667214,174.17960746768875,69033000
2015-10-27,173.59141540527344,173.92750206835612,172.9108187580718,173.2553159213064,77905800
2015-10-28,175.56593322753906,175.59113908425056,173.26371284200084,173.9274884368756,135906700
2015-10-29,175.46510314941406,175.8348061283462,174.94416503594584,175.06179663643488,90525500
2015-10-30,174.7089080810547,175.97766279002747,174.54927525080592,175.65837148776131,131076900
2015-11-02,176.7759246826172,176.96917392225177,174.91061373758734,175.03665588413068,86270800
2015-11-03,177.2884521484375,177.84300678193358,176.19615106391433,176.42301665414215,95246100
2015-11-04,176.75064086914062,177.7085017843629,176.2128946153471,177.58247251428708,96224500
2015-11-05,176.57421875,177.2716107515993,175.68357755931885,176.809481976939,78408700
2015-11-06,176.4817657470703,176.71704175856806,175.1542146661186,176.2297072006126,110471500
2015-11-09,174.83493041992188,176.01965691928476,173.88546712060347,175.86840896446597,131008700
2015-11-10,175.23826599121094,175.27188235158212,174.087155655755,174.35602243429958,75874600
2015-11-11,174.54928588867188,175.55755875304874,174.48206598826206,175.50714703296265,67846000
2015-11-12,172.1125946044922,173.97790497820498,172.0957992468074,173.50737854535558,121315200
2015-11-13,170.1800994873047,171.96979265843748,170.09608421887646,171.7009258502262,153577100
2015-11-16,172.76797485351562,172.8267970688517,169.8775835034225,169.99522793409466,117645200
2015-11-17,172.64195251464844,173.96110613317177,172.14622019779057,173.0788754346867,121123700
2015-11-18,175.38107299804688,175.5239104525939,173.07885272714665,173.12085393898545,121342500
2015-11-19,175.22984313964844,175.64995783774356,174.9357577226286,175.26344667430746,88220500
2015-11-20,175.86842346191406,176.54900726249437,175.4903227750232,175.98605507163307,94011500
2015-11-23,175.66677856445312,176.43137762573497,175.20464979935923,175.92724764453766,64931200
2015-11-24,175.9020233154297,176.305329822214,174.27197629020296,174.65847461978046,98874400
2015-11-25,175.87681579589844,176.22971058860594,175.6163339247472,176.02805092668055,51980100
2015-11-27,176.07850646972656,176.28016618185288,175.49034833546534,175.9692725230474,37317800
2015-11-30,175.34750366210938,176.35577653965413,175.23826971990624,176.238144917622,112822700
2015-12-01,177.01954650878906,177.1371909479036,175.70039284870492,175.97767012472167,97858400
2015-12-02,175.21307373046875,177.2884418239364,174.96100229166035,176.9691504800534,108441300
2015-12-03,172.75955200195312,175.73395817084955,172.03695426971876,175.46509145374574,166224200
2015-12-04,176.12892150878906,176.42300699189977,172.75960548838586,172.75960548838586,192913900
2015-12-07,175.06185913085938,176.22136737221174,174.09558730536372,175.80125253179295,102027100
2015-12-08,173.8855438232422,175.01144860880032,172.90247655636935,173.49904531877345,103372400
2015-12-09,172.53274536132812,175.33910918693573,171.55807593490235,173.24694565951123,162401500
2015-12-10,172.97804260253906,174.2887985677135,172.3646786590171,172.599941892721,116128900
2015-12-11,169.62551879882812,171.5244326656426,169.3146251963517,170.8606570674319,211173300
2015-12-14,170.48255920410156,170.60860132073222,168.00388476098058,169.78518000646062,182385200
2015-12-15,172.2722930908203,173.17974269861332,170.4573938752343,171.99501575336515,154069600
2015-12-16,174.79295349121094,175.09543664417558,172.07901561545526,173.39816935138043,197017000
2015-12-17,172.12933349609375,175.1709587275891,172.11252532429097,175.10373886125657,173092500
2015-12-18,169.0629119873047,171.52252154037956,168.9023162201679,171.38729453922076,251393500
2015-12-21,170.45750427246094,170.635008217774,169.12203954635984,170.23774915190663,99094300
2015-12-22,172.00430297851562,172.30013863391332,170.35610707732334,171.3450246180387,111026200
2015-12-23,174.1343231201172,174.17658720802717,172.91718961256726,173.01016544709367,110987200
2015-12-24,173.84693908691406,174.39634644809036,173.62718388075706,173.8807555169008,48539600
2015-12-28,173.4496612548828,173.49191243890718,172.3762154986154,173.15382558359133,65899900
2015-12-29,175.30072021484375,175.63035944290874,174.51466240068416,174.5484659304294,92640700
2015-12-30,174.05824279785156,175.14014928136507,173.91455521654785,175.05562110545048,63317700
2015-12-31,172.31707763671875,174.02444626074836,172.31707763671875,173.3820759484194,114877900
2016-01-04,169.90814208984375,169.91658974704953,167.85422643642048,169.46017121139246,222353500
2016-01-05,170.1955108642578,170.65192938292125,169.0882616437573,170.22931438900892,110845800
2016-01-06,168.04867553710938,169.09675273703556,167.01749365530566,167.6429557527611,152112600
2016-01-07,164.01686096191406,166.88218974216994,163.62804954195352,165.09875417765062,213436100
2016-01-08,162.21656799316406,165.53832917185426,161.92919283899013,164.9804741804424,209817200
2016-01-11,162.37713623046875,163.47593781271146,160.4415652002888,163.13783807353647,187941300
2016-01-12,163.687255859375,164.43951009387482,161.55727250549293,163.8224957637583,172330500
2016-01-13,159.60479736328125,164.70153370781395,159.2244464071734,164.3549862801032,221168900
2016-01-14,162.2249755859375,163.3491329495892,158.61585304162892,160.21333710635813,240795600
2016-01-15,158.74264526367188,159.5456111894306,156.80707422590876,157.86361173274562,324846400
2016-01-19,158.95394897460938,160.6866730239404,157.3818206860378,160.5598936850177,195244400
2016-01-20,156.9169464111328,158.48062709063498,153.00354022959485,156.39290793131943,286547800
2016-01-21,157.79605102539062,159.63864693842308,156.06332628423095,157.39034408166452,195772900
2016-01-22,161.03326416015625,161.23611115753874,159.64708712355448,160.40778915811794,168319600
2016-01-25,158.59898376464844,160.7205067839082,158.4045844426672,160.52610746192698,130371700
2016-01-26,160.7627410888672,161.041668532484,158.92014590624152,159.2582327424634,141036800
2016-01-27,159.0131378173828,161.9122707781583,158.10873544829985,160.23871884423306,185681700
2016-01-28,159.84141540527344,160.76271283466735,158.193219798288,160.5598659274592,143798800
2016-01-29,163.73794555664062,163.8731854428178,160.49226567150114,160.6105973476098,210529300
2016-02-01,163.6787872314453,164.464857851863,162.14892296798,162.73213374182845,136061600
2016-02-02,160.72897338867188,162.25883794392138,160.20492190938126,162.2503902851481,182564900
2016-02-03,161.6925048828125,162.09821167988892,158.14254138972404,161.78548070059944,205054900
2016-02-04,161.9460906982422,162.91810014463994,160.5599138640015,161.1938364326577,139531800
2016-02-05,158.8609619140625,162.00521826861367,158.22703946995435,161.43046810993783,180788300
2016-02-08,156.72251892089844,157.31417724280985,154.50802081723677,157.0183545304462,191526700
2016-02-09,156.73101806640625,158.00732382709526,154.84615847267247,154.98139838987723,184513100
2016-02-10,156.59579467773438,159.19064455118342,156.46900241596902,157.5593565400831,148214100
2016-02-11,154.55877685546875,155.60686682417594,153.0627159648016,154.11925359153506,219058900
2016-02-12,157.7453155517578,157.76221086969568,155.48855247688485,156.3337826725911,127632400
2016-02-16,160.4077606201172,160.43311649027896,158.59052114019153,159.55408289790063,120250700
2016-02-17,163.02798461914062,163.3998879239624,161.44739557364798,161.57418782603054,136009500
2016-02-18,162.3602294921875,163.35760761031935,162.04749851565145,163.29843531898203,102343000
2016-02-19,162.28414916992188,162.43628436911968,160.97404017791513,161.58260676907716,114793000
2016-02-22,164.63389587402344,164.77758342418423,163.79711354371364,163.86473349035154,103640300
2016-02-23,162.55465698242188,164.24511716120486,162.43631238860692,163.97463734194952,111455300
2016-02-24,163.29849243164062,163.57741998009885,160.01900761662182,161.12625725319816,150812200
2016-02-25,165.2762908935547,165.28475144889893,162.98572450597618,163.74642645005426,110728300
2016-02-26,164.8959197998047,166.23983242237043,164.735324034117,166.1468695024317,129833700
2016-02-29,163.6027374267578,165.85950026450092,163.40833811338493,164.91284667188035,125918100
2016-03-01,167.4485321044922,167.5330602715892,164.35498690824195,164.82831369073514,141799700
2016-03-02,168.20079040527344,168.25150214787573,166.72163772583008,167.13580511906184,102415000
2016-03-03,168.86009216308594,168.87700037868333,167.4485592446589,168.02330960307438,95172200
2016-03-04,169.40948486328125,170.1871080063001,168.22616772771258,169.05448972261064,129293600
2016-03-07,169.54473876953125,169.9504585899076,168.41213328965927,168.48820091953337,100219000
2016-03-08,167.69366455078125,168.97841805089885,167.53308164830707,168.47128767517106,123974900
2016-03-09,168.52198791503906,168.86852246743945,167.71900897155595,168.50507970117934,94801200
2016-03-10,168.65724182128906,169.95045599535888,166.83155424622942,169.0122498829963,156838700
2016-03-11,171.3788299560547,171.4210940354424,168.6402930134651,170.11098495754135,137964500
2016-03-14,171.15907287597656,171.6154913955506,170.54205859484566,170.8716977748675,73612000
2016-03-15,170.88018798828125,171.1844713761723,169.93353429137107,170.19555358982376,93169100
2016-03-16,171.8690643310547,172.27478401520258,170.3561083126268,170.3983723918738,129303200
2016-03-17,172.95950317382812,173.466633682241,171.38737409308231,171.78463341812832,134278500
2016-03-18,173.6390838623047,173.97891443318605,173.146320459933,173.46066438618354,138372400
2016-03-21,173.885498046875,174.11489086366146,173.14635925953976,173.37575207632625,72926700
2016-03-22,173.79200744628906,174.36123079472497,172.9509222280759,173.11233332628754,97471900
2016-03-23,172.6450958251953,173.59663195994312,172.47516754652673,173.40972122437373,81052500
2016-03-24,172.56866455078125,172.60265540019913,171.39623952007827,171.6171281864517,84360900
2016-03-28,172.6706085205078,173.19734996545483,172.2203270342706,172.98495254878787,62408200
2016-03-29,174.26779174804688,174.37824252994776,171.95690730202728,172.26276003646242,92922900
2016-03-30,175.03244018554688,175.7545835143622,174.66710994321056,175.27032421900458,86365300
2016-03-31,174.60760498046875,175.36373897535995,174.44618093149683,174.9389443048884,94584100
2016-04-01,175.7970428466797,175.98395355789424,173.29924785472707,173.61360475833655,114423500
2016-04-04,175.2278594970703,175.9245292095298,174.9220067146725,175.72062303336168,63497000
2016-04-05,173.47772216796875,175.23636609824422,173.22284266632755,173.88552159236872,99662200
2016-04-06,175.37225341796875,175.4317309022867,173.29925307744682,173.47767256669442,91839800
2016-04-07,173.2737579345703,174.64159740604313,172.5431105219133,174.28477140875094,113859000
2016-04-08,173.7410125732422,174.88796331849824,173.20576716362885,174.45466447692402,95040600
2016-04-11,173.33326721191406,175.07492841823893,173.23981184092958,174.37825875022577,83757500
2016-04-12,174.94741821289062,175.22778422329228,173.06132902560913,173.50311906900293,115350600
2016-04-13,176.71456909179688,176.7995332047263,175.7290424221115,175.86497981731708,96336400
2016-04-14,176.72305297851562,177.22432048205636,176.37473124285899,176.77403922237798,65212900
2016-04-15,176.52769470214844,176.85903406875903,176.20484656309486,176.7230966456095,75761600
2016-04-18,177.7681121826172,177.80209005868852,175.86502702994795,176.52770580484832,82531000
2016-04-19,178.3288116455078,178.58369106078013,177.51321307308314,178.1928871925741,88316100
2016-04-20,178.49876403808594,179.1954207060925,177.89554977248713,178.37131783136135,81100300
2016-04-21,177.5387420654297,178.62621573052118,177.26686716730248,178.5157649326934,85695000
2016-04-22,177.5387420654297,177.8106039998482,176.63817915187346,177.18191598441922,99251700
2016-04-25,177.23280334472656,177.2752853974225,176.32373667910252,176.93544193955736,66166500
2016-04-26,177.49623107910156,178.0059899481992,177.0204630485873,177.59817766743848,75864200
2016-04-27,177.86154174804688,178.25234560286344,176.75707296217792,177.11389894585156,77329400
2016-04-28,176.24734497070312,178.2098947059655,175.83105439880347,177.10543869065773,97216200
2016-04-29,175.2957763671875,175.97545045631406,174.19130759281995,175.62711570312726,142424100
2016-05-02,176.68911743164062,176.8675239549284,175.3637599752499,175.79704592408345,62188000
2016-05-03,175.15135192871094,175.69508862030605,174.40370911637817,175.45720462796479,106422100
2016-05-04,174.17431640625,174.8879813472055,173.67306177677943,174.15733395229546,92243800
2016-05-05,174.14035034179688,174.9984310180726,173.7155556174355,174.6416050052538,67619200
2016-05-06,174.77757263183594,174.82005470435467,173.2143308873301,173.3672507919475,89315000
2016-05-09,174.92196655273438,175.35525249343715,174.4716851936592,174.65010467730497,74374900
2016-05-10,177.096923828125,177.1139192474971,175.55916894946716,175.62713766324902,77472200
2016-05-11,175.44024658203125,177.17340360452437,175.44024658203125,176.63817098959558,81727000
2016-05-12,175.49119567871094,176.2813206126645,174.48018215348213,176.1113923507691,89586300
2016-05-13,173.96192932128906,175.74607233337468,173.63909414893814,175.19384438205137,96474600
2016-05-16,175.67807006835938,176.1538379903901,174.07234684965385,174.1318243217595,77486800
2016-05-17,174.03839111328125,175.69508782519827,173.51163687801912,175.40623054490612,114924900
2016-05-18,174.0894317626953,175.27036094901953,173.00195796365043,173.6901235592027,120062100
2016-05-19,173.48619079589844,173.77504814372764,172.279775139928,173.36724877245652,115430500
2016-05-20,174.5821533203125,175.10040344068355,174.04690777987975,174.0978810763577,104990400
2016-05-23,174.34423828125,174.8794707627664,174.15732758494116,174.59910471830312,58682600
2016-05-24,176.6041717529297,176.91852869488514,175.13438549336922,175.15987214221596,93537800
2016-05-25,177.80206298828125,178.21836644808795,176.60413886076603,177.28381295207498,76621400
2016-05-26,177.85302734375,178.16738421136841,177.53868343983595,177.93799146228565,55280700
2016-05-27,178.61767578125,178.62616700810963,177.9634883293139,178.014461617882,64211200
2016-05-31,178.27789306640625,179.00004947068078,177.7171607734667,178.8895986653022,109879400
2016-06-01,178.6431884765625,178.82159501256743,177.47075081370213,177.66615276960985,69936200
2016-06-02,179.18692016601562,179.20390262173052,177.76810729142292,178.24387532557296,63044700
2016-06-03,178.65164184570312,178.99997657950476,177.4452265624016,178.62615520310342,101757100
2016-06-06,179.56076049804688,179.91758656119194,178.8470954080487,179.00851950026603,64887000
2016-06-07,179.841064453125,180.40179652627143,179.6881445951966,179.71363123818466,60974800
2016-06-08,180.42735290527344,180.5547991331768,179.84963815598184,179.97707142017572,66170900
2016-06-09,180.18093872070312,180.2998807295177,179.4248046010163,179.696666493861,73786900
2016-06-10,178.4732666015625,179.14443658039636,177.9295168943366,178.8046059770867,113829200
2016-06-13,177.096923828125,178.72813406776956,177.01197265867765,177.8700533632236,117751200
2016-06-14,176.7485809326172,177.34330391003104,175.7970449106847,176.71460305913646,125059300
2016-06-15,176.502197265625,177.87003671364448,176.3152865611474,176.74857248677887,109124500
2016-06-16,177.02890014648438,177.19882836002924,174.66704317167995,176.5021589828626,149533100
2016-06-17,176.36968994140625,176.95040897544104,175.71210030370545,176.9247897845939,117055700
2016-06-20,177.5054473876953,179.00849575508488,177.4200414332822,178.33383562724998,82789600
2016-06-21,178.00936889648438,178.419288947969,177.44572068124083,177.88980833850454,72461700
2016-06-22,177.71902465820312,178.91463034063102,177.57383186786404,178.188718513434,95560500
2016-06-23,180.0333251953125,180.0845635620993,178.718159333675,179.17931766587702,102731400
2016-06-24,173.5685577392578,180.0675579096648,173.12447001464724,173.90162027493437,333444400
2016-06-27,170.4599151611328,172.16793029087916,169.64859754960628,172.1593818753128,230775800
2016-06-28,173.53436279296875,173.55998198159097,171.75802520546267,172.06546850005265,159382400
2016-06-29,176.48924255371094,176.71981526094208,174.83246545427784,174.93494221304724,137328600
2016-06-30,178.8975372314453,178.9487756107237,176.40383620128068,176.95894904941898,165021900
2016-07-01,179.27330017089844,179.76009082936653,178.73527113388084,178.89753468670352,106055300
2016-07-05,177.9837646484375,178.55594829759565,177.3859618083562,178.4449231161789,109803700
2016-07-06,179.05126953125,179.17083009603255,176.83084414971785,177.488433771584,96021500
2016-07-07,178.94029235839844,179.89677713326168,178.17169038304445,179.23065194632082,85593800
2016-07-08,181.60475158691406,181.85242114379284,180.00776118732395,180.23834693966376,133971000
2016-07-11,182.2452392578125,182.8174358882521,181.86093839631639,182.06590493697192,73633900
2016-07-12,183.56895446777344,183.86786237841264,182.27085910120599,183.21027279368047,101275600
2016-07-13,183.54336547851562,183.9959885963289,183.05658778041246,183.98745320903785,87324100
2016-07-14,184.5681610107422,185.03786790555398,184.175324721354,184.80728215153275,91230900
2016-07-15,184.32049560546875,185.3282185029604,183.87640792347915,185.13180036772673,107155400
2016-07-18,184.81582641601562,184.97808997886082,184.18385596891446,184.44006090861086,58725900
2016-07-19,184.62791442871094,184.66206900073772,184.1496722336013,184.39732871638222,54345700
2016-07-20,185.39651489257812,185.6356359885821,184.6279132312971,184.6279132312971,58159500
2016-07-21,184.6962432861328,185.5075479701267,184.252155646983,185.28551066611325,67777300
2016-07-22,185.52464294433594,185.57588132287663,184.55107465869187,184.81581496856785,62787500
2016-07-25,185.020751953125,185.3708982167028,184.44003300671332,185.31965984273972,55873100
2016-07-26,185.1061553955078,185.46483703945992,184.26068314332773,184.91827267280112,70080500
2016-07-27,184.90975952148438,185.55026532651198,184.14114473677688,185.48194314357417,84083900
2016-07-28,185.12322998046875,185.41358943524244,184.2521385850259,184.71329695254167,65035700
2016-07-29,185.42205810546875,185.78073960251066,184.57659923069744,184.8584231993269,79519400
2016-08-01,185.26846313476562,185.87480140452143,184.8158400214689,185.48196509504243,73311400
2016-08-02,184.08140563964844,185.17453471027724,183.24448154550717,185.02080651193415,92295500
2016-08-03,184.61936950683594,184.67915629791753,183.72267188959395,184.0215667516337,53993600
2016-08-04,184.81582641601562,185.13180512400393,182.97116648755107,184.73042042574198,46585500
2016-08-05,186.32736206054688,186.3700650445132,184.81577807088328,184.81577807088328,71892200
2016-08-08,186.2163848876953,186.61776955629065,185.95164458098853,186.51527976931246,39906500
2016-08-09,186.32736206054688,186.82268800608992,186.00284805086918,186.28467210770165,51251700
2016-08-10,185.86624145507812,186.51528263734355,185.51609515902592,186.43842506927075,57941100
2016-08-11,186.7288055419922,186.97647510843117,186.13100267129929,186.39574301181148,72504300
2016-08-12,186.5665283203125,186.7800302458213,186.16514365786608,186.42133554357792,61313500
2016-08-15,187.10455322265625,187.4546995246367,186.9252188941168,186.93375428033923,49813500
2016-08-16,186.13951110839844,186.75438462109534,186.13951110839844,186.68607547722425,53213600
2016-08-17,186.48963928222656,186.62628362850955,185.33673681715914,186.1736606336789,75134300
2016-08-18,186.90809631347656,186.94225088240444,186.3529966083296,186.4640087306862,52989300
2016-08-19,186.63482666015625,186.81417400089106,185.95163096299396,186.43840854877823,75443000
2016-08-22,186.62625122070312,186.85683688612406,186.0284485984265,186.3956655552822,61368800
2016-08-23,187.00210571289062,187.5401348449113,186.9423189066101,187.2412268757607,53399200
2016-08-24,186.0455780029297,186.95082405730236,185.62710954919459,186.85688269140766,71728900
2016-08-25,185.91749572753906,186.33596424136022,185.50757563165044,185.66129078093684,69224800
2016-08-26,185.56732177734375,187.13015738473075,184.67915952994585,186.10535078200306,122506300
2016-08-29,186.48114013671875,186.7458804646386,185.66128693081814,185.69545453958983,70502200
2016-08-30,186.17367553710938,186.67753694435032,185.6185757536911,186.39571284425205,58114500
2016-08-31,185.64422607421875,185.96020480105034,184.86707582220697,185.84064422621202,85269500
2016-09-01,185.65280151367188,185.9431611107601,184.49135009419092,185.63571770468783,97844200
2016-09-02,186.48963928222656,186.91664309101938,185.9174557421788,186.50672308329246,79293900
2016-09-06,187.0532989501953,187.1301565130392,186.054111539856,186.77147485531145,56702100
2016-09-07,187.03623962402344,187.2155869919185,186.42990139629998,186.89105986483438,76554900
2016-09-08,186.6092071533203,186.9764372194823,186.30176387767503,186.70314851618755,74102900
2016-09-09,182.14273071289062,185.34525905161283,182.11711152867053,185.29402068317268,221589100
2016-09-12,184.75604248046875,185.1574271849525,181.31439212331006,181.38271431036313,168110900
2016-09-13,182.10003662109375,183.7397296468542,181.47661472276025,183.4749893762381,182828800
2016-09-14,182.03175354003906,183.35546820850354,181.4766536941304,182.1513141082867,134185500
2016-09-15,183.85073852539062,184.23503930455087,181.69010053449708,181.8694478480362,134427900
2016-09-16,183.1400604248047,183.414729600579,182.4534136792633,183.23447631685872,155236400
2016-09-19,183.1744384765625,184.4361724325231,182.84827203715915,183.79243115282688,80250500
2016-09-20,183.18299865722656,184.18723338147768,183.14867155506735,184.03274177633838,69665300
2016-09-21,185.24293518066406,185.42317534460352,183.20012600971364,183.88678576521295,110284400
2016-09-22,186.4103240966797,186.7107419684565,186.00692489585145,186.25583245767544,76678700
2016-09-23,185.3888702392578,186.15277586990874,185.29445434796625,186.01544128313066,73630900
2016-09-26,183.88681030273438,184.73654024001206,183.6893869199581,184.55630005202167,89827300
2016-09-27,185.02838134765625,185.12278414433544,183.35464386091715,183.72372893489282,78494800
2016-09-28,185.94679260253906,186.1012973023667,184.2902381859078,185.2515541956856,87411000
2016-09-29,184.26443481445312,186.1441608060477,183.71510963353947,185.74074869383583,128070600
2016-09-30,185.6549530029297,186.35876986017539,184.84812865424877,185.0970361399101,117202900
2016-10-03,185.20867919921875,185.43183815501885,184.57351634462412,185.24301940592736,83512100
2016-10-04,184.26443481445312,185.54333843582108,183.67220404040896,185.32017958314992,119948100
2016-10-05,185.0798797607422,185.50904053514677,184.82238067670994,184.89104797224837,72816000
2016-10-06,185.20867919921875,185.43183815501885,184.31603027906687,184.85676411368857,62927400
2016-10-07,184.573486328125,185.654980015392,183.84392076610686,185.48331830062003,89788300
2016-10-10,185.53477478027344,185.99826261811654,185.3888616998979,185.53477478027344,51855000
2016-10-11,183.19158935546875,185.17432343207392,182.46202378771093,185.10565612623503,130367400
2016-10-12,183.43190002441406,183.95547668183588,182.83106447557643,183.328892534842,73866100
2016-10-13,182.83106994628906,183.32889802045077,181.28610162289814,182.10150448178726,101357000
2016-10-14,182.925537109375,184.27310861663997,182.8482912909455,183.80960751216045,93346200
2016-10-17,182.29034423828125,183.15724433290873,182.11009094096957,182.89974523544126,58275700
2016-10-18,183.43190002441406,183.9468850844857,183.0542364555266,183.88680938777023,76869700
2016-10-19,183.92117309570312,184.23016943203046,183.33752062539025,183.6980141682805,66519200
2016-10-20,183.57778930664062,184.1356929902729,182.91687814679426,183.56919771040458,73639800
2016-10-21,183.66366577148438,183.74950317655933,182.61651229492608,183.57784146335862,89089100
2016-10-24,184.44473266601562,184.81381777356535,184.09281765803647,184.53914856823081,60146600
2016-10-25,183.8267364501953,184.52197485427587,183.66365324984093,184.26447575355573,66542300
2016-10-26,183.45770263671875,184.04135516269668,182.7624509909612,183.0027931394268,75705500
2016-10-27,182.9683837890625,184.2129472848537,182.8911380010425,184.17862018916017,77220200
2016-10-28,182.4276580810547,183.6207245221846,181.71526271359414,182.94265625436947,140623200
2016-10-31,182.43624877929688,182.985574049549,182.27316558865292,182.76240206363727,61272500
2016-11-01,181.1144256591797,182.81391175900075,179.90420222663423,182.76240146453398,122781800
2016-11-02,180.02442932128906,181.19174755978852,179.58667679625674,180.80549225018305,103330800
2016-11-03,179.20040893554688,180.4535644183679,178.92575279359647,180.23898398683315,88939300
2016-11-04,179.00294494628906,180.1530925712696,178.85703186821956,179.31194119894985,109122100
2016-11-07,182.95123291015625,182.985573106403,179.0029616433653,179.0029616433653,109794900
2016-11-08,183.7752227783203,184.341718129742,182.29033020287906,182.55640778089457,106772100
2016-11-09,185.7235870361328,186.34157948627532,182.25596127733925,182.28170987134976,258429000
2016-11-10,186.18711853027344,187.38018502161611,184.72797444040046,186.51328492689672,172113300
2016-11-11,185.75794982910156,185.99827881735078,184.81380397439327,185.46612364293432,100552700
2016-11-14,185.90390014648438,186.4875657326362,185.1571644332558,186.28156380276786,94580000
2016-11-15,187.3544158935547,187.3544158935547,186.0841037412333,186.29009251910088,91652600
2016-11-16,187.00254821777344,187.23429874841773,186.61630606466625,186.7364705811207,65617700
2016-11-17,187.9638214111328,188.02389710297544,187.04541116156398,187.15699714248817,69797200
2016-11-18,187.5433349609375,188.20424649041803,187.36308159945997,188.03258472998166,86265800
2016-11-21,188.95950317382812,188.9852517751859,187.9724385299163,188.11835163659336,72402600
2016-11-22,189.32862854003906,189.50886878786315,188.59904975459443,189.26853972612997,67429000
2016-11-23,189.43157958984375,189.48307679171555,188.61617666732693,188.813586973485,56620200
2016-11-25,190.1353759765625,190.1697030727558,189.6976236441837,189.77488253027462,37872300
2016-11-28,189.24276733398438,190.1010890457094,189.13977291960137,189.82643290837134,76572500
2016-11-29,189.61181640625,190.06672577916044,188.976653745513,189.2770715262414,69886700
2016-11-30,189.15696716308594,190.39295268123078,189.09687834906006,190.22986943967672,113291800
2016-12-01,188.46170043945312,189.45734364976184,188.10119380303743,189.45734364976184,79040500
2016-12-02,188.5560302734375,189.0452797356773,188.1955368734977,188.54745177472867,74840300
2016-12-05,189.68907165527344,190.03239505297432,189.19124356074346,189.38865385957408,67837800
2016-12-06,190.28988647460938,190.32422667116327,189.39723781842213,189.87789579459584,59877400
2016-12-07,192.7790069580078,192.83908265035777,190.01521078319993,190.1353752648461,110738100
2016-12-08,193.2511444091797,193.72322400972192,192.48723854537536,192.7533292998272,99714400
2016-12-09,194.41847229003906,194.43564239372301,193.43998593128222,193.4743261386501,88005800
2016-12-12,194.19522094726562,194.80463491709315,193.77463873727504,194.32396392127015,102016100
2016-12-13,195.49131774902344,195.98914583553722,194.83899806511636,194.85616816380934,110477500
2016-12-14,193.8777313232422,195.894779684129,193.43997882556818,195.19096262236184,142501800
2016-12-15,194.6758575439453,195.53417886857585,193.88620349691848,194.11795392171305,124972600
2016-12-16,194.29522705078125,195.19315054171125,193.9757803415458,195.13270755664146,156420200
2016-12-19,194.71824645996094,195.14130774183513,194.32972778329568,194.47650092007393,90341100
2016-12-20,195.46937561035156,195.6161619153892,195.0204271537842,195.25353044595224,89838800
2016-12-21,194.9254608154297,195.51255335726185,194.9254608154297,195.339879855202,67909000
2016-12-22,194.58871459960938,194.8995321278094,194.19155374585418,194.77865937651725,56219100
2016-12-23,194.87367248535156,194.88230155005348,194.44198211565433,194.6319137581081,36697800
2016-12-27,195.35716247558594,195.75431023591776,195.1240459885206,195.14131729197032,42672500
2016-12-28,193.74258422851562,195.63338968308497,193.63035371886235,195.6161315579945,64095000
2016-12-29,193.69943237304688,194.16565207513557,193.25909985948013,193.81166288654242,48696100
2016-12-30,192.99147033691406,194.11386778589778,192.30076320106696,194.02752445361332,108998300
2017-01-03,194.46786499023438,194.9772564188593,193.29366676331898,194.29517831857413,91366500
2017-01-04,195.62474060058594,195.7715136936822,194.78726052445904,194.7958895861212,78744400
2017-01-05,195.46937561035156,195.62479097927357,194.6750669862593,195.35714508328138,78379000
2017-01-06,196.16871643066406,196.6349361687553,195.03767675239263,195.58161075861804,71559900
2017-01-09,195.52117919921875,196.0478418995289,195.48663659721726,195.90969783980825,46939700
2017-01-10,195.52117919921875,196.37591757368713,195.1326473844866,195.53843732607686,63771900
2017-01-11,196.07374572753906,196.07374572753906,194.7700325488776,195.43483932065197,74650000
2017-01-12,195.58164978027344,195.77159460846687,194.22614878723348,195.5557494104421,72113200
2017-01-13,196.0305938720703,196.33276921767424,195.71977628786865,195.75430571982696,62717900
2017-01-17,195.33985900878906,195.79744966877882,194.95134037708073,195.39165973646453,61240800
2017-01-18,195.7716064453125,195.8147781223568,195.03772745799796,195.5902906713849,54793300
2017-01-19,195.04632568359375,195.98740742972183,194.6146353588587,195.84926336401224,66608800
2017-01-20,195.76292419433594,196.25504429133156,195.09811743607892,195.72838159242662,129168600
2017-01-23,195.25350952148438,195.82334385622627,194.4937435826371,195.76291406722498,75061600
2017-01-24,196.50543212890625,196.91985113299535,195.35713433657327,195.46936485746957,95555300
2017-01-25,198.206298828125,198.206298828125,197.2911042881558,197.45514871677426,84437700
2017-01-26,197.99911499023438,198.32720390092243,197.72282681825598,198.05954479401393,59970700
2017-01-27,197.688232421875,198.22352411150052,197.50691672182785,198.07675100867226,59711100
2017-01-30,196.46226501464844,197.0234571545579,195.47801162329733,196.99755678958624,79737300
2017-01-31,196.4449920654297,196.50543503261844,195.4003088892889,195.97013008802804,75880800
2017-02-01,196.52272033691406,197.36020071083536,195.93562775576842,196.4450192319056,79117700
2017-02-02,196.65220642089844,196.9371236048232,195.83199747125346,196.52269142412754,69657600
2017-02-03,198.0077362060547,198.1890519584961,197.24797011152236,197.55878770560432,80563200
2017-02-06,197.65371704101562,197.99907719005563,197.3169991295408,197.6019163121953,57790100
2017-02-07,197.662353515625,198.28398859163022,197.4724087327266,198.04224308142176,57931200
2017-02-08,197.9214324951172,198.05093435406997,197.11848144717075,197.66241560306523,51566200
2017-02-09,199.0955352783203,199.39771052866297,197.92133734974246,197.92133734974246,65955200
2017-02-10,199.88128662109375,200.10577406319265,199.11287822700316,199.44096715059655,66015900
2017-02-13,200.96908569335938,201.22810248207932,200.3474506700879,200.37335103154578,55182100
2017-02-14,201.7720489501953,201.78069118787627,200.44244858746455,200.78779556699018,71109000
2017-02-15,202.8253631591797,203.01530793966828,201.50439193296327,201.55619265961616,86785800
2017-02-16,202.65274047851562,203.03263013472082,201.90160340547516,202.85131437184273,84722400
2017-02-17,202.9721221923828,202.9721221923828,201.97059763278025,201.9878689318468,77204100
2017-02-21,204.18089294433594,204.35356643805537,203.33477042906745,203.34341266694642,88946100
2017-02-22,203.99957275390625,204.22404697342085,203.61105410799365,203.77509853439167,62115200
2017-02-23,204.13772583007812,204.53487355707574,203.3779466317962,204.5176154292191,74615900
2017-02-24,204.39674377441406,204.43990226843368,203.2484459068218,203.29161757498488,82381600
2017-02-27,204.71615600585938,204.88882947535308,204.0599915521268,204.31036610677148,56515400
2017-02-28,204.16363525390625,204.57805430129002,203.7751165736,204.3363087591375,96961900
2017-03-01,207.02139282226562,207.48762570939044,205.80402305205783,205.82129435228447,149158200
2017-03-02,205.7176971435547,206.84009454688626,205.66589641594808,206.8314523095236,70246000
2017-03-03,205.84718322753906,206.0112276351819,205.25144855731665,205.63133809624927,81974300
2017-03-06,205.23422241210938,205.5881984702343,204.62984541100997,205.05290667695087,55391500
2017-03-07,204.62123107910156,205.28603792368858,204.41401496316493,204.9320486659343,65103700
2017-03-08,204.2413330078125,205.1737857297519,204.10318893623398,204.91476888907812,78168800
2017-03-09,204.50033569335938,204.82842454711275,203.5333536075299,204.3621916313429,90683900
2017-03-10,205.2169189453125,205.50183609925148,204.26719509884924,205.45866443820472,81991700
2017-03-13,205.32052612304688,205.36369778529854,204.82840606097443,205.1564817109755,57256800
2017-03-14,204.5348663330078,204.8284257600669,203.9218734621619,204.77661185589673,59880800
2017-03-15,206.30479431152344,206.72785555349793,204.87157933583111,205.1046957895022,96081800
2017-03-16,205.89906311035156,206.52069838138894,205.57098734307644,206.44299726604586,78344000
2017-03-17,205.53744506835938,206.35255581872713,205.53744506835938,206.16178465453643,89002100
2017-03-20,205.31195068359375,205.823558137421,204.9217418329027,205.53740145185947,52537000
2017-03-21,202.67587280273438,206.04036769204072,202.54580758029502,205.91896907394496,131809300
2017-03-22,203.15281677246094,203.43897351596505,202.0862421695515,202.71058174965899,97569200
2017-03-23,202.93603515625,204.0719823082905,202.56317266330282,203.15281936790532,100410300
2017-03-24,202.78858947753906,203.8118044338847,202.00817173901973,203.23950426698332,112504900
2017-03-27,202.58045959472656,202.8406032355756,200.8375196945119,201.11499654168372,87454500
2017-03-28,204.0546417236328,204.47953029498882,202.16427658595657,202.2770086060099,93483900
2017-03-29,204.24537658691406,204.47950720541104,203.54299796287933,203.7684619775269,61950400
2017-03-30,204.8957061767578,205.0951571260625,204.01123635075146,204.18466102851025,56737900
2017-03-31,204.41880798339844,205.0864937077872,204.36676866759603,204.55753979783736,73733100
2017-04-03,204.06326293945312,204.67025592884897,202.8319305234059,204.47081821050207,85546500
2017-04-04,204.19334411621094,204.28006307781868,203.39557994895193,203.77712220969664,56466200
2017-04-05,203.58631896972656,205.84954590359206,203.37820143356575,204.86967736408383,108800600
2017-04-06,204.15867614746094,204.67895025249734,203.2828595720796,203.72510777753564,69135800
2017-04-07,203.95057678222656,204.64428888235662,203.46498228157287,203.90721729507013,74412300
2017-04-10,204.0719451904297,204.869709356444,203.5429912809418,204.08929162901535,67615300
2017-04-11,203.82916259765625,203.93321477372265,202.33768632723948,203.69041754192986,88045300
2017-04-12,202.93603515625,203.74247930396604,202.71058433945345,203.5517081391927,81864400
2017-04-13,201.61793518066406,203.33487525261768,201.61793518066406,202.59780381684874,92880400
2017-04-17,203.40426635742188,203.40426635742188,201.93880318650014,202.13824092689617,68405400
2017-04-18,202.79727172851562,203.33490552214707,202.11223950353397,202.66720650587894,83225800
2017-04-19,202.4244384765625,203.73381042203994,202.19897441618463,203.3609479090441,68699900
2017-04-20,204.0719451904297,204.51419336990097,202.71921407277694,203.0400504136045,92572200
2017-04-21,203.421630859375,204.04597045109915,203.0227553172202,203.99394435703186,110389800
2017-04-24,205.65884399414062,205.86696160031948,203.39561629884614,205.66751059926793,119209900
2017-04-25,206.85548400878906,207.2023334323872,206.2137980205294,206.3005169921576,76698300
2017-04-26,206.72537231445312,207.70524096418976,206.68202606706552,206.82075787532534,84702500
2017-04-27,206.89886474609375,207.20235471505057,206.36123088339932,207.04627642783714,57410300
2017-04-28,206.44790649414062,207.18496474801913,206.31782805066376,207.15895170561492,63532800
2017-05-01,206.9682159423828,207.39311776002236,206.55199396133193,206.9682159423828,66882500
2017-05-02,207.04624938964844,207.22834070095143,206.63869405097995,207.10694208293043,57375700
2017-05-03,206.79478454589844,207.14164721179543,206.11841888672154,207.046261632606,73137700
2017-05-04,207.03756713867188,207.17631219520794,206.18777682243794,207.09827306270273,61462700
2017-05-05,207.8527069091797,207.87005335153967,206.96822358924157,207.41047186493998,62001300
2017-05-08,207.81797790527344,208.0434286765807,207.39307617283666,207.89601703017337,48385700
2017-05-09,207.627197265625,208.27754973957022,207.28033467398123,208.07811201903442,51363200
2017-05-10,208.00010681152344,208.00010681152344,207.37576723650693,207.58388483866509,54293800
2017-05-11,207.57521057128906,207.73996867965013,206.49128957571077,207.54919752591178,62358300
2017-05-12,207.22830200195312,207.6185108276182,206.9594917716384,207.32368755768942,53912700
2017-05-15,208.37295532226562,208.4943539331432,207.63588382171568,207.65323026082854,61918900
2017-05-16,208.18214416503906,208.69375155313807,207.7919353644797,208.66773851519767,51241800
2017-05-17,204.48812866210938,208.18212526018465,204.42742275812537,208.18212526018465,172174100
2017-05-18,205.31195068359375,206.16174090554728,204.14997750334095,204.4101211476201,107047700
2017-05-19,206.64735412597656,207.31505311972367,205.74553773938,205.7975638266799,115011400
2017-05-22,207.6965789794922,207.86133706388557,207.08958595656034,207.15894524650494,61010600
2017-05-23,208.15614318847656,208.32090125928147,207.68788201550953,208.0694242360147,48341700
2017-05-24,208.6417999267578,208.7458521156482,208.05213998297606,208.3903360597866,46927700
2017-05-25,209.63894653320312,209.91643660540873,208.94524781559892,209.15335213829823,64071700
2017-05-26,209.59561157226562,209.76035642612135,209.37014756859512,209.44818669380922,46629900
2017-05-30,209.41354370117188,209.6650075591372,209.118720355569,209.2747986333148,35201900
2017-05-31,209.36143493652344,209.74297710673915,208.6677231026269,209.70828423774535,91796000
2017-06-01,211.02638244628906,211.0437288846533,209.53490630190274,209.82106299336175,68962000
2017-06-02,211.72877502441406,211.88486651709152,210.78359915869203,211.0784224730804,88666100
2017-06-05,211.5727081298828,211.8415184151761,211.373257143443,211.55536168944082,44698800
2017-06-06,210.8963623046875,211.56404816265064,210.81830993109696,211.00908109950316,50375400
2017-06-07,211.2865447998047,211.51199559267457,210.56681970571725,211.23451871156217,54144300
2017-06-08,211.39053344726562,211.86746116525273,210.86157965667135,211.38186684564872,65950700
2017-06-09,211.06976318359375,212.4571740689785,209.80373768461638,211.65940983280444,132256400
2017-06-12,211.02638244628906,211.07840852992604,210.17659220682197,210.82694471519545,86108100
2017-06-13,212.0582733154297,212.1102993981112,211.21714969486433,211.56399906704462,60067000
2017-06-14,211.7895050048828,212.33579221266734,210.96571442778435,212.32712560765611,78602300
2017-06-15,211.38194274902344,211.50334137251647,210.15927667790672,210.43675357526607,66464900
2017-06-16,211.42813110351562,211.59369268113136,210.54805670711647,211.54141287682805,84553100
2017-06-19,213.18826293945312,213.24925160382472,212.1600448487952,212.25589557507703,65123800
2017-06-20,211.75050354003906,212.83971030275762,211.73308580494188,212.83100143520903,56906400
2017-06-21,211.6982421875,212.2559155667613,211.22771067524104,212.14264709483686,55977600
2017-06-22,211.60238647460938,212.20363077322858,211.4281160406863,211.7069593717487,44148100
2017-06-23,211.8550567626953,212.18616654655568,211.27995245433502,211.6633553265752,66986800
2017-06-26,211.99444580078125,212.94424402812868,211.7853266502287,212.5259791350665,56700500
2017-06-27,210.28662109375,212.0729228867936,210.26919006225233,211.7766485352585,82247700
2017-06-28,212.1687774658203,212.36918779574532,211.07084849322783,211.30612088678072,70042600
2017-06-29,210.30404663085938,212.36917839400562,209.09284924505067,212.31689859685977,106949700
2017-06-30,210.69615173339844,211.48909742094958,210.50445028594692,211.11440339330144,86820700
2017-07-03,211.05337524414062,212.0728709534037,211.05337524414062,211.63718834452317,39153800
2017-07-05,211.54136657714844,211.7504857485922,210.60899928452872,211.41937596181293,54427600
2017-07-06,209.60696411132812,210.89658126955553,209.42397151445326,210.7745906369662,65400800
2017-07-07,210.9662628173828,211.11439332953753,209.61564388235107,210.18203933045078,57972300
2017-07-10,211.19285583496094,211.56754992071063,210.66132233842012,210.9663055873796,36663300
2017-07-11,211.03594970703125,211.3496417254251,209.86832347589024,211.19278906823897,50354600
2017-07-12,212.62185668945312,212.78741823519627,212.00319472965325,212.00319472965325,59610400
2017-07-13,212.9791259765625,213.09240773141693,212.4040216309671,212.63058514067592,39471600
2017-07-14,213.9724884033203,214.3297514132089,212.88328163852415,212.97913236566546,60262700
2017-07-17,213.94635009765625,214.2774732113337,213.77207967318748,213.89407029991375,33531900
2017-07-18,214.0596160888672,214.11189588275872,213.19695960171654,213.53679155799162,42742500
2017-07-19,215.21856689453125,215.22727576286687,214.36461914228397,214.37334130660176,51034300
2017-07-20,215.31436157226562,215.5931915422144,214.76539720245756,215.4712009373658,47135200
2017-07-21,215.1227569580078,215.14889686395438,214.51279036329595,214.73935394281224,82340800
2017-07-24,215.07040405273438,215.20981240507535,214.59985931364557,215.04425085969152,46622300
2017-07-25,215.59323120117188,215.9243543163771,215.3666809779153,215.81978142442844,54915600
2017-07-26,215.60195922851562,215.91565134027576,215.34056021536747,215.88080257051678,47575400
2017-07-27,215.40155029296875,216.09864535654117,214.0770710017794,216.06379658655464,70766600
2017-07-28,215.14881896972656,215.27951845213977,214.4691550692181,214.92225547223714,50088400
2017-07-31,215.02685546875,215.6455174914915,214.81772297453762,215.54966676030853,65838700
2017-08-01,215.50607299804688,215.662912370428,214.98324849815106,215.62806360855865,55050400
2017-08-02,215.61065673828125,215.75007839333924,214.67828937805945,215.63679663660702,47211200
2017-08-03,215.19239807128906,215.52350787130842,214.91355477024075,215.4973679738327,40856000
2017-08-04,215.5845184326172,215.91562824584997,215.2011155263657,215.68036915918003,60191800
2017-08-07,215.9853057861328,215.9853057861328,215.54962314999122,215.65419602393084,31995000
2017-08-08,215.4537811279297,216.89154186277244,215.07910042780605,215.6716224547865,61719400
2017-08-09,215.44508361816406,215.4973634120088,214.4081567203093,214.76541970622196,62632600
2017-08-10,212.4039764404297,214.7392420911625,212.35169665576768,214.6085293335297,120479500
2017-08-11,212.71771240234375,213.31024777490836,212.3953114663189,212.6305838418946,74869900
2017-08-14,214.82643127441406,215.04427263598282,213.96378799202998,213.9986367596491,73291900
2017-08-15,214.80027770996094,215.22725153802665,214.49530780075457,215.20982050733522,55242700
2017-08-16,215.17498779296875,215.72395228486332,214.7480139330528,215.3231183249441,56715500
2017-08-17,211.82022094726562,214.87872214140077,211.82022094726562,214.56503005215566,128490400
2017-08-18,211.4890594482422,212.77867625738205,211.04465467440602,211.6546076722439,136748000
2017-08-21,211.65463256835938,211.91604482560402,210.72227858256187,211.42808236993656,65469700
2017-08-22,213.86795043945312,214.0247898473758,212.2210701763533,212.2385012092277,63140100
2017-08-23,213.1011199951172,213.52809382746688,212.75257915367558,212.9007096760873,50203800
2017-08-24,212.6044464111328,213.6413600571869,212.3953139308632,213.48452066897022,50741700
2017-08-25,213.1011199951172,214.01605632387748,212.95298947270547,213.39738103994065,64445900
2017-08-28,213.10984802246094,213.65879919803734,212.69158304604505,213.632659299009,40565600
2017-08-29,213.3538360595703,213.61523505816322,211.68080269268597,211.79408445606398,51135700
2017-08-30,214.36459350585938,214.63472794374306,213.15339615295224,213.3363887339727,62030800
2017-08-31,215.65423583984375,215.89821709745064,214.3994674887333,214.98328073343416,103803900
2017-09-01,215.95921325683594,216.38618712045306,215.8110827235766,216.02892408942537,62007000
2017-09-05,214.40814208984375,215.68034126916962,213.44092608177485,215.45377778332872,91398800
2017-09-06,215.14007568359375,215.47119873450276,214.55626255950273,215.0877958957615,57916900
2017-09-07,215.11399841308594,215.46255259340205,214.70445556120356,215.44512156039062,58034700
2017-09-08,214.86126708984375,215.3230896562732,214.61728585837085,214.82640503050195,63832800
2017-09-11,217.15293884277344,217.2313585238919,216.11601207250075,216.1334298043192,71364800
2017-09-12,217.88494873046875,217.91979750068376,217.33598420370916,217.51897681128986,56896000
2017-09-13,217.989501953125,218.02436401830158,217.48410837592183,217.5973901437725,59228000
2017-09-14,217.9197998046875,218.12022344748598,217.4928392091226,217.66710965400515,95446300
2017-09-15,218.213134765625,218.3006957249808,217.67021138693656,217.7752898829497,95432400
2017-09-18,218.67730712890625,219.02757778293326,218.29200139229516,218.58098069475346,46235200
2017-09-19,218.89617919921875,218.98375352353474,218.57217825078814,218.92244882412038,47108100
2017-09-20,218.97503662109375,219.0888805955508,217.97675056761253,218.9838020726482,59574100
2017-09-21,218.38827514648438,218.9049289132353,218.21313986171728,218.81736795183463,48211400
2017-09-22,218.4320526123047,218.59843580213592,218.06426452202962,218.09053414548032,51214000
2017-09-25,217.9854736328125,218.52841044011214,217.24114525807704,218.17812647379512,57064400
2017-09-26,218.11683654785156,218.65975999671107,217.8803965392975,218.41456789967987,54082000
2017-09-27,218.9661865234375,219.35149208424482,217.9328658501849,218.81732089530064,81001400
2017-09-28,219.2289276123047,219.3077364805443,218.5984299424583,218.68599089762515,44778800
2017-09-29,219.99957275390625,220.07839500104708,219.03632186830936,219.2202092670468,85578000
2017-10-02,220.95401000976562,220.95401000976562,220.05203741355766,220.22718602607998,59023000
2017-10-03,221.42694091796875,221.45321054509424,220.87525202439986,220.95407426774327,66810200
2017-10-04,221.68963623046875,221.93482830911222,221.1642169979664,221.27806094946735,55953600
2017-10-05,223.00314331054688,223.02064748401895,221.72463046296645,222.02236175556584,63522800
2017-10-06,222.7492218017578,223.0382010543097,222.29387270255486,222.55656896672323,80646000
2017-10-09,222.3813934326172,223.038160698137,222.1186838540164,222.9768693682432,35803100
2017-10-10,222.9681396484375,223.34469322256305,222.4076986932,222.95063547249964,43057400
2017-10-11,223.31838989257812,223.31838989257812,222.70540977810776,222.87177959620632,47674300
2017-10-12,222.9856414794922,223.3534295777759,222.74920150132218,223.0031590161625,47065100
2017-10-13,223.25709533691406,223.53732246594643,222.98563365689205,223.42347852453142,54800400
2017-10-16,223.55484008789062,223.7474929101981,223.14327818056006,223.48479666338406,38221700
2017-10-17,223.71246337890625,223.75625053916676,223.28337058749773,223.502293026835,31561000
2017-10-18,223.9314422607422,224.1328472143468,223.73878939660952,224.0890600430496,40888300
2017-10-19,223.9927215576172,224.0277566375571,222.73173928110685,223.1520667066103,61903800
2017-10-20,225.14859008789062,225.17488643668273,223.97518233287232,224.78958078944234,89176400
2017-10-23,224.2729034423828,225.49889055023027,224.19409456669527,225.47262092500108,63915300
2017-10-24,224.66693115234375,224.90335773374272,224.3078951942681,224.70196622052663,66935900
2017-10-25,223.55484008789062,224.44804741295565,222.425206140693,224.3342034646924,103715300
2017-10-26,223.84373474121094,224.43919715827954,223.72113875169913,224.1677489264613,69798000
2017-10-27,225.6740264892578,225.8316709743532,223.85260333776702,224.58817961378833,85562500
2017-10-30,224.8333740234375,225.57771575739636,224.53564267464077,224.5881819289029,54285700
2017-10-31,225.18362426757812,225.43758178950736,224.88589294569937,225.20989389233412,60304800
2017-11-01,225.48135375976562,226.30450429401682,225.1135790161657,225.96299917495975,54202700
2017-11-02,225.5689239501953,225.7090375198339,224.34296362077094,225.41130620582592,56449500
2017-11-03,226.32203674316406,226.36581054305816,225.31497210628373,225.72654737622838,59589700
2017-11-06,226.67234802246094,226.80369616966382,226.12065908027247,226.19070251746857,49652600
2017-11-07,226.51473999023438,227.1102027657945,226.00682483395147,226.77743629594104,57502200
2017-11-08,226.89993286132812,226.996272619473,226.05927827825934,226.3395053805914,50469600
2017-11-09,226.07684326171875,226.26949608312867,224.49182016688687,225.69153761889893,95085500
2017-11-10,226.0067596435547,226.18190827946347,225.37626196778473,225.6915241676346,59984700
2017-11-13,226.21694946289062,226.44463737783502,225.2887203504871,225.32375542754016,50228600
2017-11-14,225.69149780273438,225.79657628243262,224.63189410994792,225.41127070758787,61315200
2017-11-15,224.56192016601562,225.24495721927755,223.8526134847027,224.71953793432186,80811500
2017-11-16,226.4708709716797,226.8386724123831,225.4638331390832,225.50760693548455,67777000
2017-11-17,225.8053436279297,226.44460675902482,225.72653475816674,226.12060583091156,75756800
2017-11-20,226.1906280517578,226.383280845543,225.80532246418747,226.05054122348457,48075500
2017-11-21,227.6705780029297,227.8544920984872,226.15565178250472,226.9612714170117,69176800
2017-11-22,227.46920776367188,227.8107129143955,227.3028245514952,227.6793647795018,45033400
2017-11-24,227.9945831298828,228.09968835381474,227.81946120452662,227.95957477917068,27856500
2017-11-27,227.88075256347656,228.33610161146362,227.67933430098003,228.03837030424936,52274900
2017-11-28,230.19259643554688,230.2188660632127,228.24856381647248,228.34490360053687,98971700
2017-11-29,230.05250549316406,230.85815202744837,229.6059217788832,230.32396724707854,77512100
2017-11-30,232.0665283203125,232.97722633714784,230.8931073677559,230.97191623129387,127894400
2017-12-01,231.5849609375,232.32930275342545,228.3449240974965,231.8476839616756,164390900
2017-12-04,231.30474853515625,233.6340602076984,231.25218255388125,233.2049806981147,94040600
2017-12-05,230.47279357910156,232.18913805211622,230.34144545788914,230.47279357910156,77994500
2017-12-06,230.51657104492188,230.94567721294945,230.05245652663484,230.56911029424256,75898600
2017-12-07,231.24339294433594,231.55862841900824,230.25385927562056,231.24339294433594,77218600
2017-12-08,232.50433349609375,232.51307221904426,231.20830338315423,232.19783681866414,76563900
2017-12-11,233.2049560546875,233.2662607564171,232.4781452556727,233.2049560546875,83077500
2017-12-12,233.61656188964844,234.0894419414999,233.24002162795946,233.99310215133744,85195800
2017-12-13,233.59022521972656,234.29953173196404,233.5026509057863,233.86168688619134,102905400
2017-12-14,232.63577270507812,234.00184675634205,232.58323345110134,233.8880027980811,100666700
2017-12-15,234.5730438232422,235.0395307180181,233.58726222375597,233.6400700336903,144610300
2017-12-18,236.06051635742188,236.4125773620688,235.86687877578615,235.97249439112693,83653600
2017-12-19,235.1538543701172,236.35086668899152,235.08342608046436,236.30686915335028,82382900
2017-12-20,235.0306854248047,236.1748902835174,234.73143225961104,236.12208248145558,76751500
2017-12-21,235.51480102539062,236.22776018062655,235.26835562550028,235.65563080540426,67032300
2017-12-22,235.45314025878906,235.56756610002768,234.91622520232934,235.53235195029438,78720900
2017-12-26,235.17149353027344,235.3915349721139,234.90745454427588,235.04825742978952,45244400
2017-12-27,235.28594970703125,235.64682094143072,235.0131004328199,235.3387575110379,57751000
2017-12-28,235.76998901367188,235.8140134163414,235.4003344501955,235.7876095189502,45116100
2017-12-29,234.88108825683594,236.36857096081368,234.68747752097923,236.35097731042717,96007400
2018-01-02,236.5621337890625,236.59734793924068,235.35631103559285,235.74358610597346,86655700
2018-01-03,238.0584716796875,238.20811170109027,236.72941257737043,236.72941257737043,90070400
2018-01-04,239.0618133544922,239.54592064726094,238.12005638885017,238.700969023856,80636400
2018-01-05,240.6549835205078,240.77819278482892,239.36113851220546,239.85402929055562,83524000
2018-01-08,241.0950164794922,241.25343986955644,240.26765851734245,240.5581013991269,57319200
2018-01-09,241.64073181152344,242.26564202295054,241.2358361946289,241.5174957036349,57254000
2018-01-10,241.2710418701172,241.53510772322946,240.21485903925273,240.88376677397508,69574300
2018-01-11,243.03138732910156,243.03138732910156,241.65833076818808,241.825564426552,62361500
2018-01-12,244.6156005859375,244.7828073144798,242.99607247497698,243.29535237367872,90816100
2018-01-16,243.77952575683594,246.52563878958108,243.08418724517006,245.8743246847843,106555100
2018-01-17,246.10321044921875,246.49048565078004,243.77958610038664,244.71255994218367,113258800
2018-01-18,245.6895294189453,246.41124506409105,245.19661178881137,245.9887826104511,100728000
2018-01-19,246.8073272705078,246.8073272705078,245.6895262290551,246.27041209526817,140920100
2018-01-22,248.81417846679688,248.81417846679688,246.54333469059074,246.59616937285278,91322400
2018-01-23,249.34217834472656,249.63262124165695,248.5324139857364,248.8580710358043,97084700
2018-01-24,249.2454071044922,250.5832766456746,248.0659878609213,249.98474333804995,134816100
2018-01-25,249.3508758544922,250.2046374654493,248.55873227517066,250.1078321533244,84587300
2018-01-26,252.2378387451172,252.28186314019422,249.93180923556702,250.1870647733443,107743100
2018-01-29,250.5655517578125,252.10584165122822,250.4071283867298,251.66575882453802,90118300
2018-01-30,247.99562072753906,250.61849863955482,247.5203234899805,248.73495706344184,131796400
2018-01-31,248.1186981201172,249.35092469157064,247.04489492345246,248.84925067140637,108364800
2018-02-01,247.8370819091797,249.13973700377733,247.0449380364705,247.38821560227782,90102500
2018-02-02,242.44166564941406,246.64885684381446,242.4064514986019,246.51681049340058,173174800
2018-02-05,232.30218505859375,242.79377465444557,231.75648648531626,240.68138181637397,294681800
2018-02-06,236.87905883789062,237.38075985985745,227.6989347198052,228.79033186749533,355026800
2018-02-07,235.59402465820312,239.7219781294161,235.51478608778726,236.32455055637257,167376100
2018-02-08,226.7571563720703,236.03411293957473,226.72194221337324,235.89328316531945,246449500
2018-02-09,230.1633758544922,232.0205129539918,222.6115510503879,229.5472489990059,283565300
2018-02-12,233.5432586669922,235.0131478028692,230.30425401924134,232.21419932369602,143736000
2018-02-13,234.12411499023438,234.6698135169629,231.7564667161148,232.33737939762483,81223600
2018-02-14,237.28396606445312,237.64483737410043,232.6278800630992,232.63669031911442,120735700
2018-02-15,240.31170654296875,240.3205167977766,236.5621910272961,239.02667178606794,111200300
2018-02-16,240.38206481933594,242.32725054515024,239.64272878267326,239.68675318827144,160420100
2018-02-20,238.8769989013672,240.8749925095738,238.08485503306727,239.4315076673359,86369700
2018-02-21,237.6888427734375,241.79923024816526,237.59203739622356,239.31715541830064,98883700
2018-02-22,237.99684143066406,240.32927557049345,237.32793364711858,238.61296827236853,110511300
2018-02-23,241.7904052734375,241.7904052734375,238.74503829666784,239.2203354791117,92766400
2018-02-26,244.5980987548828,244.69493097156393,242.274474741448,242.86417085379668,86491400
2018-02-27,241.54391479492188,245.4958778415357,241.4822967371023,244.7829187706097,99099200
2018-02-28,239.0970458984375,243.09300634693332,238.78019908798586,242.64411317159698,121907800
2018-03-01,235.62039184570312,240.4348997734121,234.12409926408978,238.8857993934386,176855100
2018-03-02,236.83497619628906,237.3982951408114,233.0854885563493,233.94803375692632,139083200
2018-03-05,239.57240295410156,240.18852994271782,235.54122734168752,235.64686983214997,97307400
2018-03-06,240.17967224121094,240.6285654402573,238.68337948474397,240.5493268729292,79213200
2018-03-07,240.09161376953125,240.4436746997118,237.82079793841837,238.01443547909676,87063500
2018-03-08,241.25341796875,241.37662719632826,239.77474607466175,240.7693107290197,66901200
2018-03-09,245.45187377929688,245.45187377929688,242.3448890552754,242.66176276423687,113625300
2018-03-12,245.14378356933594,246.36722699736953,244.75650844539223,245.7423167630409,71924800
2018-03-13,243.55941772460938,246.80723082834845,242.95210133216898,246.30553000667655,91968900
2018-03-14,242.3096466064453,244.70369878146147,241.7551646864321,244.5188714747904,105895100
2018-03-15,242.04562377929688,243.46267799273133,241.5439227671176,242.8201740730757,83433000
2018-03-16,242.30807495117188,243.3596693637448,242.25505565037898,242.5731714551364,100343700
2018-03-19,239.02955627441406,242.48479112275547,237.37705851392633,241.55692641312461,109208400
2018-03-20,239.43612670898438,240.07238541259784,238.75566726721883,239.42728116773122,59757300
2018-03-21,238.97653198242188,241.4862109901256,238.76445478878995,239.3918677986891,78709600
2018-03-22,233.00282287597656,237.5979999945079,232.72885384939002,236.74966416722836,148785900
2018-03-23,228.03643798828125,233.771610570164,227.84202490130033,233.44464923481146,183534800
2018-03-26,234.27532958984375,234.55811720817164,229.2383066079222,231.6419474274861,141956100
2018-03-27,230.28985595703125,235.74221375579822,228.73455132957181,235.21202078562462,129941400
2018-03-28,229.60940551757812,232.09260187443158,228.50479184044528,230.42241304991515,146452300
2018-03-29,232.54319763183594,234.4077989947259,229.61818363114494,230.749306625659,111601600
2018-04-02,227.52391052246094,232.52560454766385,225.04957315969895,232.0130486932908,186286300
2018-04-03,230.44003295898438,230.91723352704287,226.96713469656925,228.7610258854182,119956900
2018-04-04,232.90560913085938,233.6125511780007,226.7551270227763,226.8876752856015,123715300
2018-04-05,234.74371337890625,235.62740446622072,233.57723467130435,234.66415744910958,82652600
2018-04-06,229.51220703125,234.2752870709953,227.99225756873417,232.78187422548618,179521200
2018-04-09,230.6433563232422,234.03672660538797,229.70664599907167,230.970317685891,105442900
2018-04-10,234.31063842773438,235.0971362790858,232.39304426307268,233.53298611524056,103529000
2018-04-11,233.08233642578125,234.743679746807,232.75537508521705,232.8260584961061,91140200
2018-04-12,234.99990844726562,235.9454641579969,234.23110169917575,234.40785066181715,68890500
2018-04-13,234.31063842773438,236.42267263862578,233.30324481789924,236.30778850590198,85079200
2018-04-16,236.2371063232422,237.0059401567355,235.1236739866664,235.94550015531053,63405300
2018-04-17,238.764404296875,239.36530753049612,237.4918874679706,238.0044162335648,64682000
2018-04-18,238.94119262695312,239.74532760470183,238.48165610469013,239.20628910663888,57303900
2018-04-19,237.61569213867188,238.49053762171857,236.58176177570866,238.28727897789233,77655900
2018-04-20,235.6008758544922,237.76592987926776,234.71718473713278,237.54500709992791,99953100
2018-04-23,235.56549072265625,236.7319691881383,234.4873867411846,236.17523960378978,65558000
2018-04-24,232.39306640625,236.81152135905498,230.89078093505276,236.59059861141472,112885500
2018-04-25,232.9674530029297,233.40929848464276,230.51079320332934,232.33119443053855,103840900
2018-04-26,235.33575439453125,236.16642611436546,233.55070823494597,233.9925537468531,67731900
2018-04-27,235.55665588378906,236.2459337414099,234.61994564056346,235.94548205661184,57053600
2018-04-30,233.7451171875,236.73199710984161,233.67440680470918,236.1752674598288,82182300
2018-05-01,234.16041564941406,234.2664542385587,231.62420020788073,233.17950476361585,74203400
2018-05-02,232.58743286132812,234.77896881885337,232.19860674600523,233.965988372708,86368900
2018-05-03,232.07493591308594,232.72885865092718,228.92015243741184,231.75682008433407,136311500
2018-05-04,235.07945251464844,235.75991179330262,230.77588198168894,231.10284331231682,91222100
2018-05-07,235.874755859375,236.84679414699679,235.15894151389875,235.84824621458716,55304900
2018-05-08,235.874755859375,236.23704534877436,234.31060591258597,235.50359386424296,67499200
2018-05-09,238.15475463867188,238.48171603515163,236.02505582298372,236.54643034279098,59666100
2018-05-10,240.3815460205078,240.70853424837554,238.79091347155156,238.89695204573513,72063900
2018-05-11,241.1151123046875,241.38020883675154,239.99280739335714,240.5053633128291,59871500
2018-05-14,241.2299346923828,242.20197303980675,240.68202371955482,241.5480504494079,54790600
2018-05-15,239.56861877441406,240.01928281464853,238.62306299805707,240.00161870440058,87036100
2018-05-16,240.5760498046875,241.0355864236159,239.57747457430713,239.60401119596355,53942600
2018-05-17,240.372802734375,241.45090685639775,239.59515032267205,240.31093789069186,56536400
2018-05-18,239.7718505859375,240.39044503041083,239.4183796039987,240.0281285092887,64368000
2018-05-21,241.57469177246094,242.11375750094658,240.86774950388713,241.2565758420384,58025900
2018-05-22,240.90293884277344,242.35220471630439,240.5759775578704,242.0959268302574,52966400
2018-05-23,241.5657958984375,241.59233252189594,239.4714522218291,239.6305371220134,64694200
2018-05-24,241.07086181640625,241.44202385280352,239.2858159433283,241.16808183683872,76043800
2018-05-25,240.4964599609375,241.12387291474323,239.9927497029885,240.4964599609375,56374800
2018-05-29,237.73052978515625,239.63048690313875,236.6170975258855,238.87049866232422,115908600
2018-05-30,240.90293884277344,241.344784247908,238.96768077893915,239.03836417779522,69678400
2018-05-31,239.42718505859375,240.79689499733175,238.82628179308952,240.49644336457965,93519900
2018-06-01,241.77784729003906,242.0782989743515,240.65554253334344,240.72625291089187,71258400
2018-06-04,242.92669677734375,243.18297476722833,242.36114845303885,242.59973535996392,45385200
2018-06-05,243.10337829589844,243.48335892041933,242.2903707808217,243.0591775688871,51135000
2018-06-06,245.1359100341797,245.24194865313652,243.09458571492277,243.71318028298782,62732200
2018-06-07,245.1093292236328,245.91349114142224,244.19912871766982,245.62188502394488,72969400
2018-06-08,245.83396911621094,245.8869884117893,244.48192314275175,244.6498265681184,72139700
2018-06-11,246.1609344482422,246.8767219183447,245.94001172368942,246.05489585535383,58892500
2018-06-12,246.4791259765625,246.84141558459777,245.83402178467537,246.57631904991064,72329000
2018-06-13,245.69256591796875,246.97392843756035,245.48930731397496,246.7176505400211,79070600
2018-06-14,246.31117248535156,246.84136544703483,245.71908772066405,246.55860485683905,77097600
2018-06-15,245.99693298339844,246.3342477239301,244.41690111133036,245.526474816131,120041600
2018-06-18,245.49095153808594,245.61523679111465,244.06183366346013,244.54114998148327,52917600
2018-06-19,244.5500946044922,244.77200939088465,242.8014050041513,243.21860588613742,97531500
2018-06-20,244.9672393798828,245.63298358658002,244.6299246475507,245.23352622688125,53785500
2018-06-21,243.431640625,244.97618599202502,242.9345536599736,244.95841547164042,71061400
2018-06-22,243.87547302246094,244.80753140955053,243.65355822875506,244.69213138255017,54898500
2018-06-25,240.55563354492188,242.88129622130432,238.86908655045588,242.72152407312717,137854200
2018-06-26,241.0882110595703,241.94035618967405,240.36920937335694,241.12372500767617,68547400
2018-06-27,239.0909881591797,243.10319760881347,238.9400741903056,241.67407943578866,105110700
2018-06-28,240.4579315185547,241.22130516686488,238.32752849521523,239.03767186606163,76650500
2018-06-29,240.80410766601562,242.91674020297125,240.68870767361383,241.5497378986117,97592500
2018-07-02,241.31898498535156,241.47878420787828,238.99332252521182,239.23300781439923,63554800
2018-07-03,240.46682739257812,242.31317335709,240.04076839246304,242.21551677676098,42187100
2018-07-05,242.42857360839844,242.49071624932256,240.52011188401102,241.59419894270374,56925900
2018-07-06,244.4790496826172,244.8518512865387,242.07347432791317,242.45518827943604,66493700
2018-07-09,246.68045043945312,246.7337078165824,245.43773315776116,245.4821052756339,50550400
2018-07-10,247.56820678710938,247.6658634096885,246.84031956139478,247.13326233991646,51966800
2018-07-11,245.75729370117188,246.80475206225054,245.45549284771084,246.01472243382065,77054700
2018-07-12,247.9853515625,248.03860894847847,246.41420449771564,247.01780626494482,60124700
2018-07-13,248.18055725097656,248.48235803679225,247.35504094661,247.80775566993393,48216000
2018-07-16,247.95872497558594,248.3670406346256,247.51489536252248,248.22503899694988,48201000
2018-07-17,248.9618377685547,249.35241007917034,247.1332615366793,247.18651893456183,52315500
2018-07-18,249.48545837402344,249.59197312914412,248.59779929574424,249.04162883488385,44593500
2018-07-19,248.5446014404297,249.20146064711736,248.0652578383867,248.81977365345892,61412100
2018-07-20,248.26046752929688,248.97061099686556,248.1006954075452,248.3403535901727,82337700
2018-07-23,248.72206115722656,248.92620538892325,247.71011690042437,248.05631691118387,47047600
2018-07-24,249.97372436523438,250.81701154231217,249.10383558173544,250.13352362824696,68026900
2018-07-25,252.10411071777344,252.4236550429963,249.6807912279922,249.72516335453636,78882900
2018-07-26,251.5093536376953,252.19284146729845,251.28743883843612,251.3850954364988,57919500
2018-07-27,249.8050537109375,251.9354302854918,248.8818805959211,251.8377736911189,76768700
2018-07-30,248.50022888183594,250.0447473767113,247.97648606262868,249.88497520604386,63742500
2018-07-31,249.7250213623047,250.33750805993566,248.88176181296566,249.26344856969368,68570500
2018-08-01,249.3079376220703,250.435282087603,248.65996377509936,249.92930986712963,53853300
2018-08-02,250.66610717773438,250.83473751219694,247.7989580645047,248.0031294429536,63426400
2018-08-03,251.74000549316406,251.7932628464959,250.61266163952322,250.79020421009133,53935400
2018-08-06,252.66323852539062,252.9738974643912,251.38500756134454,251.77557963864749,39400900
2018-08-07,253.49771118164062,253.87942523863754,253.19591029391069,253.32908084988236,43196600
2018-08-08,253.39114379882812,253.7906012053874,252.92957084681646,253.32902825337575,42114600
2018-08-09,253.04490661621094,253.8437941373104,252.91176321089392,253.45322208891557,35717000
2018-08-10,251.3495330810547,252.14842078670355,250.63938960665286,251.6069617836006,77076000
2018-08-13,250.40858459472656,252.2371597870531,250.1156419836955,251.62467297038836,65732900
2018-08-14,252.00631713867188,252.24600234152058,250.7458568664578,251.13642888891178,43842000
2018-08-15,250.12460327148438,250.79923291848888,248.686599730624,250.65720419863487,102925400
2018-08-16,252.14846801757812,253.0183837782162,251.5270957472354,251.56260969990868,69967900
2018-08-17,253.0360565185547,253.47988599074597,251.53591073541207,251.94422626485172,65618500
2018-08-20,253.57760620117188,253.84389311563598,253.03612002281758,253.48883486661452,39807500
2018-08-21,254.17222595214844,255.0332561002088,253.6129965553714,254.09233990820854,67272000
2018-08-22,254.02137756347656,254.5450931013599,253.49763493639148,253.76394887902484,44993300
2018-08-23,253.68414306640625,254.70494577972218,253.3645716520022,253.8439152290031,49204900
2018-08-24,255.2108917236328,255.3529204388044,254.2078325465637,254.2610899286021,57487400
2018-08-27,257.225830078125,257.33234482639574,256.24939973697053,256.40917185937667,57072400
2018-08-28,257.35009765625,257.7939271363428,256.8884976598644,257.6873853061911,46943500
2018-08-29,258.7347717285156,258.9655445735212,257.3233976238515,257.5630557245399,61485500
2018-08-30,257.68731689453125,258.6282329753944,257.092600719047,258.2554314810419,61229500
2018-08-31,257.69635009765625,258.140179714729,256.7909474309434,257.27914917403945,66140800
2018-09-04,257.25244140625,257.6074995729283,256.2493824457125,257.27907009152085,57594400
2018-09-05,256.56011962890625,257.10160578959284,255.54820229775174,256.89743443569347,72452400
2018-09-06,255.787841796875,256.9684164450401,254.75815402120662,256.6666156108415,65909900
2018-09-07,255.2908172607422,256.26724789773334,254.5007874897002,254.7404728351322,73524800
2018-09-10,255.73455810546875,256.5689597155982,255.53927204588095,256.30264576750454,50210900
2018-09-11,256.5777893066406,257.02161874815994,254.7403560065421,255.08652888454353,50530500
2018-09-12,256.6399841308594,257.24358579269136,255.8499816506508,256.58672675418035,59810800
2018-09-13,258.15789794921875,258.3443258744238,257.42115277604205,257.70521020465293,51034200
2018-09-14,258.20220947265625,258.54838233623184,257.4210653538625,258.3619815635373,55079900
2018-09-17,256.83538818359375,258.18462082789546,256.56021591461916,258.1491339532787,68244000
2018-09-18,258.22894287109375,258.82365936916335,257.0217122645313,257.04834095714324,61930400
2018-09-19,258.504150390625,258.9213513580419,258.1579502501414,258.2822355587908,49080600
2018-09-20,260.5989074707031,260.9184787850341,258.52178873975845,259.7645329642432,100360600
2018-09-21,260.36083984375,261.45761269257395,260.200344464458,261.34169029247494,105479700
2018-09-24,259.4959716796875,259.9239866684046,258.9163867572712,259.7813150054989,53409600
2018-09-25,259.2551574707031,260.05766154415363,259.0144144122169,259.9506646292709,44370000
2018-09-26,258.47943115234375,260.58377660882445,258.0603417149148,259.3978577222201,79739700
2018-09-27,259.20166015625,260.28950748207143,258.67557384787006,258.95199161647935,59249500
2018-09-28,259.2284240722656,259.727761180098,258.54184235195396,258.5774898512052,70091400
2018-10-01,260.12896728515625,261.1989634661565,259.4602094675966,260.46778172145326,62078900
2018-10-02,259.9775085449219,260.69083971183056,259.6030192064387,259.9775085449219,47258200
2018-10-03,260.1200256347656,261.4486157086013,259.7633602632728,261.0295264138458,64694600
2018-10-04,258.08709716796875,259.69210553069195,256.4999125561794,259.63860706605675,111545900
2018-10-05,256.642578125,258.8271712774559,255.21588894088282,258.31001039427775,105951700
2018-10-08,256.642578125,256.9992436180711,254.57388016862174,255.95596915870948,87742200
2018-10-09,256.26806640625,257.56990772534647,255.7063053186593,256.2591681367459,74339000
2018-10-10,248.15383911132812,255.83119659050328,247.77934979732228,255.7598471513721,214731000
2018-10-11,242.6878204345703,248.6887911916292,241.07385950184556,247.0659319900336,274840500
2018-10-12,246.05838012695312,247.0748781744301,242.86615991682004,246.7895348863604,183186500
2018-10-15,244.67630004882812,247.03034170561503,244.587126856646,245.7017237293282,102263700
2018-10-16,250.02638244628906,250.40089899479534,246.16543058370004,246.6380186021487,118255800
2018-10-17,250.07095336914062,250.695111261112,247.49399246014258,250.0620278867948,110626000
2018-10-18,246.45962524414062,249.73209323984952,245.18453310681264,249.13465741512297,134557500
2018-10-19,246.3258819580078,249.04548714557046,245.63037467389387,247.11056242456397,139901600
2018-10-22,245.22018432617188,247.31560422320294,244.68517250087024,246.99461345512103,82415800
2018-10-23,243.97183227539062,245.09535446998242,239.51344542298992,241.5999944163272,146352700
2018-10-24,236.57986450195312,244.1056242594676,236.02702884400423,243.72218227993628,177806700
2018-10-25,240.82423400878906,242.3668457953821,237.3912975916812,238.4167212180317,138061500
2018-10-26,236.58872985839844,241.64455220429213,233.87805041512033,237.1148434203108,201574600
2018-10-29,235.27792358398438,240.97575372731768,231.70231665806764,239.68281095394798,160749100
2018-10-30,238.7644500732422,239.07654260883967,234.61815556268994,235.1085944648674,157116000
2018-10-31,241.31468200683594,243.63304890912153,240.85991778191018,241.33250576026617,128296300
2018-11-01,243.88262939453125,244.07879945873134,241.0916755223415,242.17952274893688,99495000
2018-11-02,242.43812561035156,245.41632417623367,240.38725173475345,244.9883093263752,122634100
2018-11-05,243.77566528320312,244.3285008443668,241.95663600789746,242.92856098023867,65622500
2018-11-06,245.31826782226562,245.47876321419287,243.6508355340776,243.713259479327,60085900
2018-11-07,250.57020568847656,250.65045336689656,247.0658937931748,247.49390862324185,102752100
2018-11-08,250.11550903320312,250.7575178453981,248.97416305728257,249.76774178784,65584900
2018-11-09,247.67230224609375,248.99196727016925,246.26343683541072,248.80472265142413,98812600
2018-11-12,243.0445556640625,247.40484472138107,242.5273674478588,247.16410157980715,99673600
2018-11-13,242.58970642089844,245.50548118361553,241.86745003736456,243.50813288464084,98176600
2018-11-14,240.9312286376953,244.86350176859753,239.37079328955437,244.46226329188963,125335900
2018-11-15,243.44566345214844,243.9093529433486,238.0867027743603,239.6649613893908,135101400
2018-11-16,244.078857421875,244.98835854724607,241.83181302344755,242.34900113908057,126668000
2018-11-19,239.95042419433594,243.76680286156076,239.03199744440542,243.47253404363687,103061700
2018-11-20,235.50979614257812,238.0778310334612,234.6448681024103,236.6154672493297,136021300
2018-11-21,236.31236267089844,238.2116401111824,236.30346439989475,237.06136850996967,75563700
2018-11-23,234.73403930664062,236.13397913932772,234.57354393026174,234.67161536743865,42807900
2018-11-26,238.52365112304688,238.74657042316187,236.59762510463386,236.98996524978256,79981400
2018-11-27,239.32623291015625,239.32623291015625,236.8830452949714,237.48937945742293,75502400
2018-11-28,244.8367462158203,244.8367462158203,239.26376297348142,240.39621058389733,127629600
2018-11-29,244.3017578125,245.70167050031392,242.91964166269426,244.0609875245852,82346400
2018-11-30,245.79075622558594,246.35251708174778,243.8290831796718,244.15007383358022,98204200
2018-12-03,249.04547119140625,250.02632171176697,247.4493883388265,249.91932478442453,103176300
2018-12-04,240.975830078125,248.64426156553154,240.6637375292736,248.2162465946637,177986000
2018-12-06,240.6102294921875,240.72615190959465,234.01182208840015,237.1148692771766,204185400
2018-12-07,235.01943969726562,241.84076697001427,234.18126068996452,240.27140589901015,161018900
2018-12-10,235.46524047851562,236.43716550863462,230.60558811608786,234.84105545903276,151445900
2018-12-11,235.51876831054688,238.85363325284783,234.04750596611032,238.66638860838694,121504400
2018-12-12,236.70460510253906,239.86114978594813,236.6243574256507,238.49688485519258,97976700
2018-12-13,236.62437438964844,238.51472570119017,235.50977788880272,237.64979772806078,96662700
2018-12-14,232.25518798828125,235.42955700710894,231.70235241482038,234.47545576293268,116961100
2018-12-17,227.69871520996094,232.4156821266384,226.06694412299714,231.30108550488026,165492300
2018-12-18,227.44908142089844,230.0082049076415,225.8440593190549,229.33944683236652,134515100
2018-12-19,224.04281616210938,231.30106827818616,222.33972299140083,227.52927740072613,214992800
2018-12-20,220.39590454101562,224.3638663077274,218.14887365057305,222.7945189589598,252053400
2018-12-21,215.88006591796875,223.96100288010308,215.234308074358,221.29725519655113,255345600
2018-12-24,210.17588806152344,216.00563669064812,210.11311326960217,214.39124202550883,147311600
2018-12-26,220.79498291015625,220.79498291015625,209.65568091550543,211.63780135232858,218485400
2018-12-27,222.49009704589844,222.68739900328913,214.31948044557623,217.5572333476557,186267300
2018-12-28,222.20314025878906,225.47676328895756,221.03718764346476,223.84444057580092,153100200
2018-12-31,224.14938354492188,224.39154620365275,221.9520191496797,223.826504561738,144299400
2019-01-02,224.382568359375,225.30637202904512,220.58875057505512,220.61565601651063,126925200
2019-01-03,219.0281524658203,222.93856912435655,218.54382721026855,222.633618017562,144140700
2019-01-04,226.36465454101562,227.0104124077604,221.68291684980105,222.0596066578405,142628800
2019-01-07,228.14944458007812,229.55754588854347,225.7368234968738,226.63370784391665,103139100
2019-01-08,230.29299926757812,230.77732451103,227.80863931434865,230.33785991035955,102512600
2019-01-09,231.36927795410156,232.21235150960845,229.7728247604112,231.001552052594,95006600
2019-01-10,232.18540954589844,232.43653605245433,229.15393626414303,229.8355770836818,96823900
2019-01-11,232.27513122558594,232.3020366626938,230.5261957013551,231.10916508585217,73858100
2019-01-14,230.85804748535156,231.66523800057232,229.97014065568285,230.37372222792283,70908200
2019-01-15,233.50387573242188,233.81779076904533,231.2257815295091,231.23475913278858,85208300
2019-01-16,234.06886291503906,234.95676956958087,233.72804251854234,233.93430838009064,77636700
2019-01-17,235.84471130371094,236.70574002421503,233.15405813629934,233.19891877819984,96118400
2019-01-18,238.98382568359375,239.4502231203334,235.880613114038,237.65645419931408,127900300
2019-01-22,235.7550811767578,237.7282383150146,234.14069978781814,237.5129947620218,115531200
2019-01-23,236.24827575683594,237.4859803601838,233.78184415097832,236.78641176316992,86030300
2019-01-24,236.37391662597656,236.95691349097794,235.05549521798346,236.0689791577615,59204100
2019-01-25,238.37388610839844,239.1990316311925,236.47249594760436,238.22140374837966,96883400
2019-01-28,236.56222534179688,236.62498644464915,234.7953620742769,236.2303825110158,85613700
2019-01-29,236.24827575683594,237.27070953520965,235.41418000092213,236.70569546782997,66136300
2019-01-30,239.9883270263672,240.83140059178444,237.00171387664844,237.764071126748,92473700
2019-01-31,242.09600830078125,242.5803335581487,239.71029242579274,239.92556330170092,104012100
2019-02-01,242.2125701904297,243.23503142330026,241.42330763257937,242.29328649238212,85782500
2019-02-04,243.91668701171875,243.97947549210747,241.58478197088286,242.2574453074274,60744800
2019-02-05,244.93917846679688,245.24411593228007,243.84497821030092,244.3472313735373,79552800
2019-02-06,244.61619567871094,245.1543316898616,243.8807714132307,244.66105631256863,58347800
2019-02-07,242.28436279296875,243.5489456994387,240.62512119361995,243.00185935827335,95482000
2019-02-08,242.58029174804688,242.6789358806665,240.21250411634384,241.03764969516837,75788900
2019-02-11,242.71484375,243.49512877232434,242.18568525636323,243.2350520120421,68021400
2019-02-12,245.83599853515625,246.21267462339748,244.25747336722668,244.32923944071663,72270200
2019-02-13,246.63426208496094,247.47733571210168,246.24860831551695,246.67014512908733,65277200
2019-02-14,246.0871124267578,247.2171953749836,244.73280840916888,245.54897638613906,83234400
2019-02-15,248.76881408691406,248.80469712563044,247.65668622335585,247.8629521118126,97088700
2019-02-19,249.19937133789062,249.85407952542135,247.9616663111289,247.97064391503818,59120800
2019-02-20,249.70152282714844,250.15894250840327,248.66113391473954,249.1633868558014,76610800
2019-02-21,248.81365966796875,249.4235344355389,247.85398687824858,249.0647861823057,64214700
2019-02-22,250.3563690185547,250.55365734568397,248.79577127328133,249.43255164656972,78114600
2019-02-25,250.69711303710938,252.3025437474752,250.61639672707835,251.78236284814005,69030700
2019-02-26,250.51771545410156,251.3966445024455,250.14101202571476,250.34730525682363,56844100
2019-02-27,250.41009521484375,250.75986584188928,248.86745319974762,249.80019311902595,56921600
2019-02-28,249.9437255859375,250.6343440568461,249.6208603559582,250.19485211061198,69268300
2019-03-01,251.50436401367188,251.91692322065217,250.06934333678146,251.52229185023873,78880500
2019-03-04,250.58949279785156,252.80479833338205,248.2934709518045,252.56264940183235,106494600
2019-03-05,250.24868774414062,250.91240084489138,249.7016013711848,250.7150851723559,59114600
2019-03-06,248.73297119140625,250.37428518602283,248.41010590306792,250.3653075822101,75039800
2019-03-07,246.6521759033203,248.4279894138157,245.80910241765017,248.2844846321337,94885100
2019-03-08,246.15884399414062,246.3292541915784,244.32921982807497,244.79558978537372,85795800
2019-03-11,249.728515625,249.88994826166174,246.8495241215637,246.8764295610073,65098900
2019-03-12,250.67018127441406,251.19038948985488,250.096189562007,250.28452759896626,79667500
2019-03-13,252.3293914794922,253.2621586888812,251.3966242701032,251.5580842239805,80639200
2019-03-14,252.1680450439453,252.7779199246628,251.72858040500805,252.35638312195522,67518400
2019-03-15,253.4138946533203,254.2246406646661,252.53106644599106,252.72026159197057,81309000
2019-03-18,254.33270263671875,254.62999354582587,253.4048437987981,253.63005252150992,62199800
2019-03-19,254.39573669433594,256.1613651677982,253.5039190582267,255.3956775968699,90268100
2019-03-20,253.63011169433594,255.38675113783802,252.52210211452268,254.17963540143418,84609200
2019-03-21,256.4947509765625,256.90011021839473,252.76528100389675,252.81033924719029,79550400
2019-03-22,251.55825805664062,255.6570476837783,251.49519298759253,255.13457530485124,122659300
2019-03-25,251.3689727783203,252.40492739274285,250.10780944374943,251.21581875244794,85575200
2019-03-26,253.24261474609375,254.19749720918875,251.83731498941466,253.12550185115552,68125900
2019-03-27,251.91848754882812,253.81926358336898,250.369050339607,253.23369887450275,72224700
2019-03-28,252.87335205078125,253.32376949182066,251.39599713964742,252.54906468905634,56238500
2019-03-29,254.4678955078125,254.792182930862,253.26077983651035,254.38682365205014,82186800
2019-04-01,257.48565673828125,257.78294768431635,256.19746928226925,256.46773627787417,77617900
2019-04-02,257.6117858886719,257.8460117857423,256.8190466905588,257.67485093654506,40070400
2019-04-03,258.01715087890625,259.22426637741154,257.4135793840035,258.82789681177695,68243200
2019-04-04,258.7017822265625,258.9540149205968,257.6478206980734,258.34145373384234,48997500
2019-04-05,259.9538879394531,260.00793582463683,259.0800771405904,259.36835085576655,58621700
2019-04-08,260.15216064453125,260.26025645144784,258.87296278297543,259.5305822634568,53566300
2019-04-09,258.8189392089844,259.5125723627715,258.2694429750699,259.18828491153795,66142300
2019-04-10,259.7017517089844,259.7918407148285,258.8189234377999,259.233299875117,52601500
2019-04-11,259.6296691894531,260.19719968513976,259.0621386937665,260.188182537175,55093100
2019-04-12,261.3862609863281,261.6655176093397,259.67468015426687,261.24212410166086,69727800
2019-04-15,261.215087890625,261.5574095392261,260.4133316619226,261.4583034082265,49596700
2019-04-16,261.3862609863281,262.15197615867913,260.7917066463132,262.0979282633414,52153200
2019-04-17,260.7467041015625,262.53033982323853,260.33230020408183,262.50331587264657,58268300
2019-04-18,261.2601623535156,261.53042935403886,260.0350399233135,261.33224455017637,68708500
2019-04-22,261.4853515625,261.63850560047865,260.404366115119,260.49445510855935,40160100
2019-04-23,263.8365478515625,264.0707737387057,261.6205015444346,261.85469994027653,52246600
2019-04-24,263.2509765625,264.08874637015623,263.1068396883929,263.7554418762262,50392900
2019-04-25,263.08880615234375,263.7464254877272,261.89972504731713,263.151871189565,57770900
2019-04-26,264.31390380859375,264.38595848602097,262.3590804786365,263.13381259026437,50916400
2019-04-29,264.7283935546875,265.25089328238977,264.3140171264198,264.40410613029644,57197700
2019-04-30,264.86346435546875,265.15173811806574,262.9717330802613,264.3860229636108,81111700
2019-05-01,262.87261962890625,265.7012542994581,262.86360248304516,265.4940523837412,71671900
2019-05-02,262.3050537109375,263.67434011390185,260.8096647395023,262.75547108216637,65030200
2019-05-03,264.87249755859375,265.1517541920076,262.4132082639191,263.7824949736138,56543700
2019-05-06,263.78253173828125,264.22393212526833,260.2512461684707,260.56654394116345,107198100
2019-05-07,259.37738037109375,261.97178922380755,257.467614824318,261.37723490411906,144729900
2019-05-08,259.01708984375,260.728670867913,258.4225354370044,259.01708984375,91568300
2019-05-09,258.2333984375,258.83694257192565,255.20657814304815,256.9452108156126,103471100
2019-05-10,259.5305480957031,260.2872461358025,254.30568902173113,257.2964675787668,112429300
2019-05-13,253.008544921875,255.3777457452137,252.1707748372797,254.41387303615036,127290500
2019-05-14,255.296630859375,256.82806134004545,253.9003476203478,254.0264502235653,77003200
2019-05-15,256.79205322265625,257.43163845061366,253.45895233256329,253.66615430389857,73956400
2019-05-16,259.17022705078125,260.53046913612627,257.42260504214363,257.49465974223233,76749600
2019-05-17,257.4945983886719,259.98091106448203,256.84599627721246,256.8640305664134,100353000
2019-05-20,255.7920684814453,257.60272784879845,255.0443601554767,255.89114711983015,62877600
2019-05-21,258.0982360839844,258.4765713763025,257.2334147189398,257.48564741091906,46847100
2019-05-22,257.30548095703125,258.2603637668367,256.82803955212853,257.14333727037746,49482500
2019-05-23,254.16156005859375,255.1254324633682,252.74724273347388,255.08040171698275,98733800
2019-05-24,254.7381591796875,256.0173571716,254.11658073527104,255.60295321445122,55268100
2019-05-28,252.36888122558594,255.97222067550697,252.3508744252037,255.01733792058175,70029400
2019-05-29,250.6754150390625,251.6573221622858,249.27011424882457,251.25196279470376,104972900
2019-05-30,251.35995483398438,252.26980685770957,250.26093518349904,251.4320095280315,62523800
2019-05-31,247.97280883789062,249.6393588730026,247.94578489099905,248.81060617412786,86862800
2019-06-03,247.34222412109375,249.12585947744446,246.00897868525928,248.00883309336243,96428000
2019-06-04,252.7112579345703,252.8463776951236,249.1889895558583,249.63940708523882,77231900
2019-06-05,254.9003143310547,254.92733828674892,252.52212375603878,254.33278377016796,71169700
2019-06-06,256.55780029296875,257.2334265516314,254.5489558116457,255.19755811961392,69430400
2019-06-07,259.1251525878906,260.2061654606606,257.4045546359031,257.5757154656133,74272200
2019-06-10,260.3143005371094,261.98085084610926,260.2242115355655,260.67462905198147,60799100
2019-06-11,260.25115966796875,262.5032465939486,259.60255753363475,262.1339010391324,58641300
2019-06-12,259.7918701171875,260.575592323251,259.2783874679363,260.0170789116337,47096300
2019-06-13,260.8637390136719,261.2240949401442,259.9989452709926,260.70159534153777,48945200
2019-06-14,260.5755920410156,261.1791362143453,259.80987664246635,260.5755920410156,52324700
2019-06-17,260.67462158203125,261.4403368362566,260.5034607313937,260.8097413348233,39205700
2019-06-18,263.40411376953125,264.4581026767264,262.1339332880597,262.4942892335855,85434800
2019-06-19,263.9986572265625,264.5301464856538,262.5663331233237,263.539222658832,78674400
2019-06-20,266.5209045410156,266.9262910968554,264.0616437422091,266.68307565812523,116570000
2019-06-21,266.1335754394531,267.5094941837973,265.9163323811376,266.2512579710432,83309500
2019-06-24,265.8077392578125,266.6586172021475,265.65384032505415,266.34181358325094,47582700
2019-06-25,263.20068359375,265.8891769398379,263.0920620646163,265.8620215575545,82028700
2019-06-26,262.9382019042969,264.6037967215319,262.8295803591529,264.0968777608522,51584900
2019-06-27,263.8705749511719,264.377493914319,263.31840621899835,263.6985816288529,40355200
2019-06-28,265.2283630371094,265.72622092796087,264.33220778357355,264.8481600545442,59350900
2019-07-01,267.63623046875,268.7768117440282,266.4322774281771,268.5595410665901,78705600
2019-07-02,268.3332214355469,268.38753219550205,266.7490931451758,267.59093754948606,61504500
2019-07-03,270.4786376953125,270.4967597025448,268.8673536772652,269.01219161006856,40898900
2019-07-05,270.1708068847656,270.3337667882715,267.9530438718223,269.247496348255,51677300
2019-07-08,268.6862487792969,269.9897621701306,268.14311359561566,268.8582420478793,45841800
2019-07-09,269.0212097167969,269.31991891337793,267.47329772086357,267.52760848387834,41101300
2019-07-10,270.3066101074219,271.2571037412516,269.55529277783,270.08936704826425,58448500
2019-07-11,270.94024658203125,271.18464500017757,269.9354699046471,270.9493075836309,50826100
2019-07-12,272.1532287597656,272.22566152144543,271.12129671836635,271.42906689299434,40326000
2019-07-15,272.2437744140625,272.5877609929242,271.7368555478473,272.5877609929242,33900000
2019-07-16,271.3656921386719,272.3614354132492,271.05792196743965,272.15322575697263,36650100
2019-07-17,269.5190734863281,271.5014992547846,269.5190734863281,271.33856696217356,36036300
2019-07-18,270.5058288574219,270.8860319344416,268.57774095793843,269.0212881936159,51392600
2019-07-19,269.003173828125,271.62829590298804,268.83118049951213,271.60114051557616,58678600
2019-07-22,269.6639404296875,270.2070757552025,268.88546764229045,269.40141995777003,43638100
2019-07-23,271.5920715332031,271.5920715332031,269.953632082453,270.7864433136411,44564500
2019-07-24,272.8683776855469,272.8683776855469,270.7411140582117,270.8316412045889,47213200
2019-07-25,271.56494140625,272.4701578776042,270.7592854867379,272.4158470993241,55394100
2019-07-26,273.3843688964844,273.58351757677167,272.12610504716736,272.2528485823537,45084100
2019-07-29,272.8865051269531,273.38439067984694,272.33433642966406,273.2667081377991,38126500
2019-07-30,272.2166442871094,272.62400266829127,271.10321830355207,271.48342130098905,45849000
2019-07-31,269.2384948730469,272.6511782245278,267.2198800736409,272.4610628992389,104245200
2019-08-01,266.89398193359375,272.35243534985585,266.0973871356964,269.3923878679063,142646600
2019-08-02,264.88433837890625,266.24216256795125,263.3273655371344,265.99776415892455,116749700
2019-08-05,256.9184265136719,260.8923106170289,255.01746727943436,260.783689110787,178745400
2019-08-06,260.521240234375,260.73851093150165,257.33488880161246,258.81039579143163,120711700
2019-08-07,260.6751708984375,261.4446103725473,255.3072442129039,257.44354168218393,140572300
2019-08-08,265.7897033691406,265.7897033691406,261.6166679508993,262.16883683703594,87713900
2019-08-09,263.9791259765625,265.4455717014162,262.19584907812833,264.8481257348083,93730000
2019-08-12,260.76568603515625,263.97013209125237,259.8151922727457,262.47653060747723,65527600
2019-08-13,264.8210144042969,266.26936599228577,260.1229396524817,260.46692626244254,94299800
2019-08-14,256.99090576171875,261.3721494020812,256.8641898428909,260.7656699423151,135622100
2019-08-15,257.66986083984375,258.5660439238212,255.6240904171086,257.87807057147774,99556600
2019-08-16,261.4717102050781,261.90619630989795,257.7241018009672,259.3263521875103,83018300
2019-08-19,264.62188720703125,265.30079947919467,263.81625900906977,264.4951712812332,53571800
2019-08-20,262.5942077636719,264.6490389340067,262.4674918396257,264.11496460228994,51596400
2019-08-21,264.7306213378906,265.1017358557686,264.06980323589886,264.75777673249195,49524700
2019-08-22,264.6490173339844,266.07021351807236,262.87480116707053,265.4365786995359,51666400
2019-08-23,257.8509521484375,265.0112187170516,256.6017488295744,263.34562350024015,149161500
2019-08-26,260.70233154296875,260.70233154296875,258.5116956298589,260.04151360481694,72423800
2019-08-27,259.67938232421875,262.4674638561055,258.91900398597903,262.0963218770228,66668900
2019-08-28,261.5079345703125,261.67086686459277,258.21293417482644,259.0185898937804,59696700
2019-08-29,264.84814453125,265.37318539901827,263.0648675062555,264.0696718566362,57899400
2019-08-30,264.7306213378906,266.3509392574687,263.79824928988575,266.33284486940784,62901200
2019-09-03,263.1826171875,263.94299567707674,261.8519479244874,263.0287458637237,69101400
2019-09-04,266.16973876953125,266.1878331457817,264.60370503630537,265.3550498382295,46887300
2019-09-05,269.59149169921875,270.505741263956,266.1335592315825,268.65912013072057,83258100
2019-09-06,269.79962158203125,270.44234484116004,269.22935869893166,269.90827070857443,49584300
2019-09-09,269.93548583984375,270.8768908116145,268.9940532430665,270.78639129029517,51260300
2019-09-10,269.8721008300781,269.9354725918967,267.91683059042794,269.175066700084,57947100
2019-09-11,271.791259765625,271.8727259373139,269.5282184686589,270.1799754671858,68821100
2019-09-12,272.7326354980469,273.79172313296596,271.9360407085292,272.69641910988423,72908700
2019-09-13,272.551513671875,273.5291625350344,272.18037175391663,273.1761149941704,62104800
2019-09-16,271.7097473144531,272.5968692967688,271.0670514305876,271.4200714477773,58191200
2019-09-17,272.3977966308594,272.4882961925736,271.3386810336181,271.5106744009053,41475500
2019-09-18,272.5606384277344,272.6692599657147,269.97170539749584,272.0084421096551,73375800
2019-09-19,272.54254150390625,273.94564349864027,272.2076158559735,272.9498999338318,76560500
2019-09-20,271.2547912597656,273.4282622508574,270.46362073249094,273.1463237989638,89565000
2019-09-23,271.19110107421875,271.9095320231954,270.33626621153167,270.59089610131656,43476800
2019-09-24,269.0631408691406,272.67344612254635,268.09918278912005,272.2824122840167,94869400
2019-09-25,270.6545715332031,271.1001669203276,267.66264939196464,269.1449700706574,71854000
2019-09-26,270.09075927734375,270.87282694256567,268.6812058097561,270.6636835101628,56179700
2019-09-27,268.63580322265625,270.9547816628735,267.08074249980547,270.8456307371159,84746600
2019-09-30,269.8816223144531,270.5909505610847,269.1086573970001,269.1541161265272,51662400
2019-10-01,266.67144775390625,271.4184990741899,266.4532014526551,270.7637324178549,88242400
2019-10-02,261.9607849121094,265.09821431351884,260.6694572690525,265.0891114666045,122539500
2019-10-03,264.1069641113281,264.1342448983291,259.01433776802537,261.7334246319195,85278800
2019-10-04,267.6808776855469,267.93550760720115,264.7071332315853,264.7617225564784,65091200
2019-10-07,266.52593994140625,268.5084455962607,266.2440292191831,266.88061793215365,59610500
2019-10-08,262.3881530761719,265.4073559101464,262.35176944794006,264.6707470157687,95708100
2019-10-09,264.8798828125,265.8165600063333,263.77952092519905,264.4070066694013,62359400
2019-10-10,266.67144775390625,267.55356355823847,264.63440826867793,264.7980929946163,55296300
2019-10-11,269.4360656738281,271.6731738889568,269.3087645612626,269.4269628255784,98720400
2019-10-14,269.13592529296875,269.79069193177,268.79035015685406,269.1177195999643,40394800
2019-10-15,271.8005065917969,272.54621859156424,270.063555459328,270.1817814778992,46754500
2019-10-16,271.3639221191406,272.0550723707066,270.9274295413768,271.3366413330304,48928200
2019-10-17,272.16424560546875,273.0372586742496,271.47309522670037,272.5279987380787,45736600
2019-10-18,270.9729309082031,272.2733615050628,270.1180958054572,271.62769763046424,64304000
2019-10-21,272.8099365234375,273.01000492908065,271.8550809866698,272.291601440597,39048600
2019-10-22,271.91864013671875,273.6373849879232,271.82769494162426,273.34637146465167,48594700
2019-10-23,272.7098388671875,272.76440043938345,271.45486720152144,271.6640383966591,34352200
2019-10-24,273.1554260253906,273.79201468518664,272.3278718686874,273.64650791287386,35453100
2019-10-25,274.2739562988281,274.81959968239687,272.52790302192324,272.5824645850226,45205400
2019-10-28,275.8200378417969,276.32022273244803,275.46538752178185,275.49266831562915,42147000
2019-10-29,275.7381591796875,276.6657615536214,275.4198647916236,275.5471936478828,44284900
2019-10-30,276.58380126953125,276.9566293265824,274.6285770417982,275.93810992106086,49643900
2019-10-31,275.8471984863281,276.5747322596814,274.3921864447731,276.5747322596814,69053800
2019-11-01,278.4027404785156,278.4481992159791,277.1295627984942,277.29327530905414,71141500
2019-11-04,279.5212097167969,280.09413397670744,279.1483538055443,279.9577300463906,60606900
2019-11-05,279.2120361328125,280.02141242557303,278.9210225610841,279.72129600704636,42933200
2019-11-06,279.2757263183594,279.54853422165763,278.3299459992849,279.2120618900617,46487100
2019-11-07,280.2578125,281.5946264927241,279.78493630115787,280.6124904635661,54272300
2019-11-08,280.9489440917969,281.0035056590973,279.2119935258601,279.91221880793387,49032100
2019-11-11,280.4125061035156,280.5852937140423,279.43034202761794,279.5667737483614,35797300
2019-11-12,281.0035095214844,281.9038031468933,280.230516970667,280.7761604037485,46484600
2019-11-13,281.09454345703125,281.4946802507706,279.78500990526373,280.0123590947708,53917700
2019-11-14,281.5036926269531,281.585562739211,280.17598142677315,280.8125701165942,51219900
2019-11-15,283.5406799316406,283.58613864557697,282.14930470380386,282.8404270195278,62023600
2019-11-18,283.7499084472656,283.9863604368472,282.8496147216759,283.3043130077444,49228000
2019-11-19,283.6680908203125,284.35924115622686,283.0224269685197,284.3501383088859,67804700
2019-11-20,282.61309814453125,283.5952617594238,281.05803813228846,283.07689917115135,79406200
2019-11-21,282.158447265625,282.8314195597847,281.35820164303874,282.72229641818564,54664700
2019-11-22,282.7859802246094,283.0406101816487,281.77656324396247,282.90420623191045,44850200
2019-11-25,284.9775695800781,284.9775695800781,283.7135229082867,283.7135229082867,48647200
2019-11-26,285.6231994628906,285.80508983778327,284.69562515711766,285.01391943689237,37569000
2019-11-27,286.8964538574219,286.8964538574219,285.88700918425144,286.1052554908473,44444600
2019-11-29,285.8323974609375,286.5781092144215,285.605048347259,286.33255440999926,36592700
2019-12-02,283.40435791015625,286.1507255365374,282.9769404159021,286.08706111657636,75767800
2019-12-03,281.5036926269531,281.585562739211,279.30296850429954,280.6852412775978,73941700
2019-12-04,283.2406005859375,283.8408055521402,282.2039031007338,282.54947817999374,49080000
2019-12-05,283.7499084472656,283.9590796497863,282.44037516318184,283.9409017092727,40709000
2019-12-06,286.34161376953125,286.74175036904404,285.65046368808675,285.6595665320762,48927000
2019-12-09,285.44140625,286.62361071654885,285.3686389813186,285.95066612044394,34838500
2019-12-10,285.123046875,286.0506211948081,284.4682803690839,285.3867795968124,52649800
2019-12-11,285.9325256347656,286.1871556033424,285.04130686845446,285.5778475967917,53429100
2019-12-12,288.3969421386719,289.17900987699994,285.7051360299545,285.94156026923116,96389600
2019-12-13,288.5697326660156,289.79742361331523,287.38750044719393,288.1604930993886,81503900
2019-12-16,290.5522155761719,291.14331781947243,288.5060732129594,290.29758563663097,82749700
2019-12-17,290.615966796875,291.2343500129397,290.5341244082126,290.934261254511,61097700
2019-12-18,290.6340637207031,291.23426882282587,290.5795021434722,291.00691966683615,48133000
2019-12-19,291.8253479003906,291.8981151659742,290.57037621858717,290.825006142969,85310500
2019-12-20,293.1048278808594,294.2380150219777,291.8802483824502,292.85806572727074,147142100
2019-12-23,293.5525207519531,293.9454770853097,293.4062986046296,293.8906472661912,52990000
2019-12-24,293.56170654296875,293.82670807350945,293.2601146095581,293.7810258479753,20270000
2019-12-26,295.1243896484375,295.13353724845075,293.9363729857451,293.9454926967339,30911200
2019-12-27,295.0513000488281,295.9103378824698,294.52126907589263,295.85550805385674,42528800
2019-12-30,293.4245910644531,295.2706214297429,292.9402423613774,295.13354687019796,49729100
2019-12-31,294.1373596191406,294.38412167588007,292.5746541122148,292.9219282002029,57077300
2020-01-02,296.88818359375,296.906478796011,294.7497366062965,295.67275187158805,59151200
2020-01-03,294.6400451660156,295.76411231173057,293.442880886225,293.49771070903796,77709700
2020-01-06,295.7640686035156,295.84631332558087,292.76655665791674,292.88536388612897,55653900
2020-01-07,294.9324951171875,295.6727256283345,294.48468103695666,295.1974966361732,40496400
2020-01-08,296.5043640136719,297.7197956916485,294.87768074616207,295.12441496646585,68296000
2020-01-09,298.5148010253906,298.5879260402373,297.4821263305997,298.0670148932862,48473300
2020-01-10,297.6558532714844,299.2551218137174,297.1897996894312,299.0997799160431,53029300
2020-01-13,299.7028503417969,299.711970052035,297.8477004784038,298.27721930830376,47086800
2020-01-14,299.2460021972656,300.31521183370324,298.68852837435486,299.264269511989,62832800
2020-01-15,299.9222106933594,300.6807085322573,299.07232051640693,299.1545652539482,72056600
2020-01-16,302.4170837402344,302.4170837402344,301.07369722923175,301.3021641332184,54050300
2020-01-17,303.3583679199219,303.56853962375646,302.3531079591049,303.12990101469194,95846000
2020-01-21,302.76434326171875,303.56855126120206,302.3257046358388,302.398801777143,77742400
2020-01-22,302.8009033203125,304.27224473675494,302.6455614379162,303.62337862619233,48914900
2020-01-23,303.14813232421875,303.5593838604017,301.03710060172915,302.1520200824009,51963000
2020-01-24,300.4522705078125,303.8884219479204,299.16371371777205,303.80617720247466,87578400
2020-01-27,295.6361999511719,297.1166611579254,294.8685544324489,295.2066810180619,84062500
2020-01-28,298.7341613769531,299.6114663707145,295.72752948381543,297.0617682289767,63834000
2020-01-29,298.4874572753906,300.3243402372707,298.28640527016483,300.0958733171972,53888900
2020-01-30,299.4561767578125,299.6663763797536,295.6727787860852,296.42212914324796,75491800
2020-01-31,294.01861572265625,298.99005740584477,293.10474817632047,298.834687651797,113845600
2020-02-03,296.2027587890625,298.067056481467,295.3802835359217,295.499090784858,69083000
2020-02-04,300.71728515625,301.5854705749679,299.4927058581297,299.81256511181664,62573200
2020-02-05,304.1899719238281,304.4001715229161,302.18862743263116,303.6507933581962,65951100
2020-02-06,305.21343994140625,305.40534428374525,304.135055229123,305.1494625309535,50359700
2020-02-07,303.5867919921875,305.22259472273987,303.0384659191935,304.153385374973,64139400
2020-02-10,305.853271484375,305.9172489243438,302.6638817568983,302.7004442781708,42070000
2020-02-11,306.38323974609375,307.991627648604,305.8531809561454,307.2057149525741,54864500
2020-02-12,308.3572082519531,308.5673799444257,307.4524603916157,307.81800184241695,43992700
2020-02-13,308.0282287597656,308.9969262404168,306.65742728084103,306.93157642101494,54501900
2020-02-14,308.521728515625,308.6405357740244,307.24231936560784,308.4394837726626,64582200
2020-02-18,307.7266540527344,308.58569184757795,306.3375574198674,307.5256020605576,57226200
2020-02-19,309.1979675292969,309.8742206443196,308.41205476200304,308.6953514933789,48814700
2020-02-20,307.927734375,309.4721730276708,304.9393691304808,308.6496697818951,74163400
2020-02-21,304.75653076171875,306.8858296734732,303.93402773606726,306.5751180835918,113788200
2020-02-24,294.64923095703125,304.82970245486194,293.5708458942109,295.307216805096,161088400
2020-02-25,285.720703125,296.65055194836293,284.84339802698764,296.0382762665826,218913200
2020-02-26,284.6697082519531,290.7103586583062,283.9386254537844,287.1188663037413,194773800
2020-02-27,271.88482666015625,284.72465849868144,271.88482666015625,279.1500591654127,284353500
2020-02-28,270.742431640625,272.23204033235453,260.9457695802284,263.833594623337,384975800
2020-03-02,282.4673767089844,282.53135414421934,269.0974871963839,272.5244912250123,238703600
2020-03-03,274.3796081542969,286.8082134931983,271.93959720140725,282.8420313278847,300139100
2020-03-04,285.9126281738281,286.1319753809504,277.20347032348707,279.753168952443,176613400
2020-03-05,276.4083557128906,281.90070830188273,274.1693970755827,278.71131965746457,186366800
2020-03-06,271.83905029296875,273.0453622263488,265.23180535005173,267.9002831419246,228667200
2020-03-09,250.60997009277344,259.71208532700234,249.8971543435091,251.58778741680635,309417300
2020-03-10,263.5777587890625,263.66912325632626,249.94283916733423,260.12333967774066,276444100
2020-03-11,250.72866821289062,257.65579932325335,247.5484272341688,256.522612573504,255316300
2020-03-12,226.7396697998047,243.6919149990877,226.34669951704333,233.95008393840715,392220700
2020-03-13,246.12286376953125,248.09682141327602,227.1144121941133,240.4294577708272,329566100
2020-03-16,219.191162109375,234.7725944345364,216.9156266338003,220.40659381646842,297240000
2020-03-17,231.02577209472656,234.1055159225691,216.65063616065999,223.93414936559594,262070500
2020-03-18,219.32821655273438,226.977283642767,208.38008698094055,215.9012131690979,327597100
2020-03-19,219.79434204101562,226.07262338021295,212.21838402901622,218.64287362003313,289322000
2020-03-20,210.3224639892578,224.72697702090403,210.0466887261092,222.94364621592393,347158800
2020-03-23,204.94488525390625,211.13137648969655,200.6336404665036,209.76171566084122,326025200
2020-03-24,223.5135498046875,224.3868403910806,214.91865078430803,215.48857598678674,235494500
2020-03-25,226.8595733642578,235.64753271475618,220.3881202388159,225.09463160277366,299430300
2020-03-26,240.1058807373047,241.57664463189138,228.93708857476466,229.36913318338085,257632800
2020-03-27,232.95416259765625,239.7473562360883,230.77556488684385,232.8162819931154,224341200
2020-03-30,240.51953125,241.2365384930664,233.0552948085847,235.05004716701424,171369500
2020-03-31,236.9344940185547,242.0638491887975,235.52805566114748,239.5175603608972,194881100
2020-04-01,226.2712860107422,236.85176448420262,224.20299266868236,227.9534996121323,189554600
2020-04-02,231.49256896972656,232.27391576246694,224.8372560253544,225.38880648912135,177660400
2020-04-03,228.1465606689453,232.86227427028138,225.41641216569948,230.509004139297,135561200
2020-04-06,243.4702911376953,245.43748142052502,228.12816222742413,237.01722588258153,188061200
2020-04-07,243.71847534179688,252.81895953411126,243.49786638414741,252.06517485811415,201427200
2020-04-08,251.89976501464844,253.7106720203933,243.82882519351205,246.31996198060406,153774500
2020-04-09,255.73301696777344,258.49074168826115,253.22347737304005,255.1630636276637,189999200
2020-04-13,253.39813232421875,255.09873482436922,249.49135568607434,254.75861993494436,114839100
2020-04-14,260.8715515136719,261.89189610685975,253.26023306323893,258.2884851590157,134143400
2020-04-15,255.3284912109375,261.0093961292997,253.21421923389877,255.1538331068728,121775000
2020-04-16,256.560302734375,257.4151905782351,253.49003955687044,256.6062535871755,131798300
2020-04-17,263.4913024902344,264.0979769759108,259.59370085255654,262.3330496388237,146684800
2020-04-20,258.8491516113281,263.629217542873,258.628542678586,259.78676762850023,100109300
2020-04-21,250.98968505859375,255.5858921565235,250.05204085668208,254.38168814110765,126385700
2020-04-22,256.560302734375,258.30685593614993,254.5471616484955,255.87087162422512,92951600
2020-04-23,256.5419006347656,261.00942882801934,256.2385632888214,257.83803449166567,104709700
2020-04-24,260.1177978515625,260.78885432168994,256.00878675884167,258.05870563521063,85063200
2020-04-27,263.8681640625,264.98963940111986,261.63441477383543,262.0940353543679,77896600
2020-04-28,262.6548156738281,267.866897915382,262.3514503479287,267.5175817476273,105270000
2020-04-29,269.5307922363281,271.06593788395355,266.9569272587203,267.98647324976343,118745600
2020-04-30,267.02117919921875,269.63182069737235,265.28379996126034,268.151827859147,122901700
2020-05-01,259.9522705078125,267.1866954796315,258.78481603360234,262.2687486221893,125180000
2020-05-04,260.6693115234375,260.9726488665371,256.58787713450204,258.06784244223917,80873200
2020-05-05,263.07763671875,265.890512497822,260.7979084831233,263.49130647279605,79569900
2020-05-06,261.2943420410156,265.1643400964349,260.86229750373474,264.77827445640764,73632600
2020-05-07,264.4473571777344,266.3777697134358,263.9417856328459,264.51171080796263,75250400
2020-05-08,268.8229675292969,269.2917896381727,266.45130891700745,267.58198598128706,76452400
2020-05-11,268.8781433105469,270.2570055839343,266.4697350281808,266.892578270506,79514200
2020-05-12,263.51898193359375,270.4776190002841,263.3810732615767,270.0639771433086,95870800
2020-05-13,258.8583679199219,263.9969236633219,256.43155730782263,262.95817645676516,144721100
2020-05-14,261.956298828125,262.08497807386146,250.94377356421734,256.42247409481166,121977900
2020-05-15,263.160400390625,263.2063512347929,258.61934608730513,259.5661635119153,111146300
2020-05-18,271.17620849609375,272.78488091937567,269.0619645324173,269.383676574657,119703800
2020-05-19,268.390869140625,272.2884430673774,268.3724944146935,270.5786678061945,95189300
2020-05-20,272.95037841796875,273.81446769296434,271.7002234133943,271.9300337939139,85861700
2020-05-21,271.06591796875,273.63060941899073,269.97201842037936,272.82167247031106,78293900
2020-05-22,271.58062744140625,271.7552855169075,269.5399108171948,270.7808920709613,63958200
2020-05-26,274.9266662597656,277.78552119257876,271.59901735603495,277.54650948578575,88951400
2020-05-27,279.01739501953125,279.05417253749494,272.8952427443175,277.72126102832135,104817400
2020-05-28,278.5025939941406,282.0600540546706,277.8315376106127,280.0469129571108,90405200
2020-05-29,279.7436218261719,280.3319218865328,275.28529427417817,278.03381779303385,119090800
2020-06-01,280.8741455078125,281.4808480836038,278.5852438310212,279.1000166735685,55758300
2020-06-02,283.19989013671875,283.2458690404746,280.46056860288843,281.7934518574034,74267200
2020-06-03,286.96875,287.92476883249293,284.909658409725,285.18541958591584,92567600
2020-06-04,286.21502685546875,287.722596417164,284.1191573072027,285.98521647494385,75794400
2020-06-05,293.55059814453125,295.324727633124,291.5466582645759,291.6110119068838,150524700
2020-06-08,297.0988464355469,297.2918792842742,293.817147742069,294.35949682860377,73641200
2020-06-09,294.88348388671875,297.17238620785696,293.5689472426089,294.43303648292283,77479200
2020-06-10,293.2379455566406,296.35418671938277,292.5209385360209,295.46252162487986,95000800
2020-06-11,276.3330993652344,286.9411512707297,275.7815770563141,286.3068725624546,209243600
2020-06-12,279.6424865722656,284.1191887925022,274.48555452726214,283.347029194733,194678900
2020-06-15,282.25311279296875,283.3837900229407,272.7757344523348,273.95236253958734,135782700
2020-06-16,287.685791015625,290.14937937635153,282.82302403325144,290.0022973807095,137627500
2020-06-17,286.4907531738281,289.0002920766574,285.7553432859751,288.70612812151614,83398900
2020-06-18,286.6010437011719,287.0790390652587,284.51437610525244,284.9739967429189,80828700
2020-06-19,284.9631652832031,290.26282089573067,283.01501607269654,290.0689386157883,135549600
2020-06-22,286.791259765625,287.1882662143913,283.21814537378975,284.3630116638021,74649400
2020-06-23,288.1116027832031,290.37366646344435,287.70535438204575,289.44113788217754,68471200
2020-06-24,280.7621154785156,286.6896256665467,278.92478483721464,286.07101147458,132813500
2020-06-25,283.7720642089844,284.0398251388573,278.16770932383406,280.18970867662165,89468000
2020-06-26,277.0321960449219,282.885859215094,276.4505490229153,282.6734931052813,127961000
2020-06-29,281.1039123535156,281.24239974862263,275.9981370930579,278.2878986725835,79773300
2020-06-30,284.7047119140625,286.4035844678509,280.5130100144226,280.6699529958901,113394800
2020-07-01,286.6990051269531,287.9639317029631,285.3602561815504,285.8218995785466,72396500
2020-07-02,288.2778015136719,291.4816073233506,287.61303399713563,290.1335885242947,69344200
2020-07-06,292.7279968261719,293.30967187564966,291.35230884827496,292.1001687186121,61713800
2020-07-07,289.7088928222656,293.16197598302176,289.3303419029436,291.1861571430053,82910000
2020-07-08,291.9247741699219,292.0355640626978,288.71175457352604,290.4752073276655,54638600
2020-07-09,290.26287841796875,292.7742193790963,286.8467063436829,292.53415581966215,83354200
2020-07-10,293.2265930175781,293.49435402565143,288.767131059591,290.1982140439162,57550400
2020-07-13,290.68756103515625,297.95382235069326,290.03203541314804,295.57175522796825,102997500
2020-07-14,294.4545593261719,295.23011664805574,288.0654039937912,289.2656652398442,93657000
2020-07-15,297.1597900390625,298.25850331831754,294.77769489481517,297.6768282673625,87196500
2020-07-16,296.18115234375,296.6335538163291,294.61155366216747,295.25786563140133,54622500
2020-07-17,297.039794921875,297.82459424337384,295.21167713283364,297.1875241733961,62774900
2020-07-20,299.4403076171875,300.1881674859498,296.0241360322097,296.771995900972,56308800
2020-07-21,300.0774230957031,301.8501178028075,299.08949955212785,301.40695821426857,57292200
2020-07-22,301.7854309082031,302.0993731333049,299.60648815541464,299.7172780341707,57792900
2020-07-23,298.1846618652344,302.12711406913473,296.8182155953633,301.42540716743423,75738000
2020-07-24,296.2642822265625,297.28911708214275,294.7593201869097,296.3289190669535,73766600
2020-07-27,298.4247131347656,298.60013985296814,296.16264956413676,296.95669073754914,48293000
2020-07-28,296.5320129394531,298.8125323008997,296.23655442203676,297.6953350650081,57495000
2020-07-29,300.1789245605469,300.74214401894255,297.37212550366144,297.40906485580297,48454200
2020-07-30,299.1079406738281,299.5234309444589,295.1193636875488,297.2059723944225,61861700
2020-07-31,301.4715270996094,301.5731032762325,296.6796674453573,300.8990939222795,84986800
2020-08-03,303.5674133300781,304.3337288211006,302.58873177456934,303.1334674949773,53077900
2020-08-04,304.73992919921875,304.73992919921875,302.7086877001967,302.7086877001967,41917900
2020-08-05,306.6326599121094,306.89120717639355,305.77401024648213,306.04177121558547,42697700
2020-08-06,308.682373046875,308.8024048039593,305.72787305800415,306.05102897866146,43679400
2020-08-07,308.904052734375,309.19026937092656,306.80817379233406,307.71300494507875,57308300
2020-08-10,309.8273010253906,310.0119414454086,307.4175082706169,309.356415827872,44282100
2020-08-11,307.2697448730469,311.6461421704279,306.54036880387395,311.0090722127674,69601100
2020-08-12,311.55389404296875,312.3294515588477,309.6796230021421,309.7073204785493,53774400
2020-08-13,310.99053955078125,312.30161861044127,310.06725316908,310.7874154197484,41816100
2020-08-14,310.9998779296875,311.5353999760587,309.87346706744495,310.6028714247222,47260400
2020-08-17,311.98773193359375,312.38473835012826,311.00905053743276,312.0154294004109,35481000
2020-08-18,312.6617431640625,313.08644705008913,310.78744458391986,312.38474031767976,38733900
2020-08-19,311.35992431640625,313.557322573065,310.79670488557355,313.04028437426666,68054200
2020-08-20,312.32940673828125,312.8095056526026,309.5041518442734,309.6333973234677,42207800
2020-08-21,313.4373474121094,313.658927181265,311.6553828469121,311.9970225596553,55106600
2020-08-24,316.61346435546875,316.68731488840734,313.4096586142327,315.8748181437234,48588700
2020-08-25,317.7214050292969,317.804497448592,316.01331905096947,317.176669274047,38463400
2020-08-26,320.90679931640625,321.1745322009073,317.76762983680743,318.3123656667442,50790200
2020-08-27,321.6083984375,323.05796511433385,319.94649388256835,321.7746114341692,58034100
2020-08-28,323.6857604980469,323.8150341294469,321.44218112275126,322.6332285667158,48588900
2020-08-31,322.51336669921875,324.3506987385893,322.28254495853474,323.4735930298792,66099200
2020-09-01,325.55084228515625,325.6523902806764,322.4485848337792,323.34417391191676,54908700
2020-09-02,330.2596435546875,331.22908325949226,326.31719155514446,327.46208615275333,69540000
2020-09-03,318.89398193359375,329.04089295769626,316.30876246960275,328.57000776099846,148011100
2020-09-04,316.2903137207031,321.14678232846006,309.1809952615708,319.5772119329768,139156300
2020-09-08,307.64837646484375,316.35499211221384,307.343704228668,310.8798801569295,114465300
2020-09-09,313.7236022949219,316.18876205705584,310.78752911291656,311.65542088332745,91462300
2020-09-10,308.2761535644531,316.25333454581227,307.3159276821659,315.59780899777945,90569500
2020-09-11,308.43310546875,311.11987273507737,305.6078508539459,310.05809882812946,84680200
2020-09-14,312.49560546875,314.2683283126777,308.58087891635495,311.6000162516437,65605700
2020-09-15,314.0744323730469,315.78249013570075,312.504833796234,314.9515377853473,52920900
2020-09-16,312.8279724121094,316.74269857760834,312.55096952637047,315.31161561893896,82096000
2020-09-17,310.0766296386719,311.79395770580686,307.4452566733784,307.9715369017324,91523300
2020-09-18,306.50677490234375,310.99336705552685,304.02246845450276,310.8821336756627,105877900
2020-09-21,303.09552001953125,303.2438406391325,298.23813995696975,301.9182622311076,99450800
2020-09-22,306.1822814941406,306.73847660305466,302.0664772931383,304.57862001536944,63612100
2020-09-23,299.0816955566406,307.0166647717101,298.58111700501155,306.7385530033538,93112200
2020-09-24,299.8788757324219,302.9379070439711,296.44902874373327,297.7653565033435,76681300
2020-09-25,304.72698974609375,305.51490229744024,298.1546867340451,299.0260243217955,71069400
2020-09-28,309.7883605957031,310.50212711319176,307.89730790676646,308.8891862166308,64584600
2020-09-29,308.1011962890625,310.3259488282698,307.40595935248126,309.5843740782885,51304000
2020-09-30,310.4371643066406,313.5888989589638,308.57392054129775,308.7685789335807,104081100
2020-10-01,312.4301452636719,314.00599831587897,310.54837218800964,313.0326781450821,88698700
2020-10-02,309.4638671875,312.4024144710618,307.0073689601297,307.4801391377748,89431100
2020-10-05,314.9515686035156,315.13694812133673,311.47538439020013,311.5217221973405,45713100
2020-10-06,310.47418212890625,317.18555337279156,309.964353167819,315.0905642737861,90128900
2020-10-07,315.87860107421875,316.6850714131168,313.40354507518236,313.43135342172144,56999600
2020-10-08,318.67803955078125,318.7429351145588,316.8982207211978,317.81595262377294,45242500
2020-10-09,321.52386474609375,321.9873559657683,319.706987085962,320.32804947834086,59528600
2020-10-12,326.6963806152344,328.1702791470719,323.572454643108,324.06375415372054,80388500
2020-10-13,324.5644226074219,326.7335584990035,323.60035278140873,326.55742954167613,73255500
2020-10-14,322.5249938964844,326.2329236603553,321.7926981363864,325.1390911694356,57727900
2020-10-15,322.1263427734375,322.6083633756145,318.07543473016443,318.6130720060828,60357700
2020-10-16,321.9317626953125,325.13911424772533,321.7556337558863,323.4798076396234,89501900
2020-10-19,317.0372619628906,323.8227516799886,316.1380878968359,323.1924104328647,68425600
2020-10-20,318.3073425292969,321.5517821676292,317.621384344044,318.38148870232345,60051900
2020-10-21,317.7047119140625,320.43004263717467,317.39879185718223,318.26087876428136,63575000
2020-10-22,319.4473876953125,320.03139112703093,315.7765453535564,317.91787241035223,55399300
2020-10-23,320.5320129394531,320.7266713466308,318.0755149322923,320.6710546588657,49143900
2020-10-26,314.6085510253906,317.9364142426399,311.11380948653715,317.14847359309897,91473000
2020-10-27,313.5240478515625,315.285309087353,313.31083167503937,314.95160893898276,65994100
2020-10-28,302.80804443359375,313.551765999517,302.3167449414249,307.8508304573768,127094300
2020-10-29,305.8857116699219,309.0559761451705,301.35275342695843,303.0398684553781,90597700
2020-10-30,302.6968994140625,305.6168888814722,299.0445857878949,304.3098400497384,120287300
2020-11-02,306.08966064453125,308.0919181320214,303.34577182679664,306.08966064453125,86068300
2020-11-03,311.493896484375,313.5517985554668,306.1730265311478,309.32476105094173,93294200
2020-11-04,318.4555969238281,322.5343145343358,314.7940044922087,315.97126216053266,126959700
2020-11-05,324.6663818359375,326.4740092498404,323.38714130170024,323.7393992214774,82039700
2020-11-06,324.5922546386719,325.843686899162,322.2655190878707,324.3790384407535,74973000
2020-11-09,328.6708679199219,337.77384161254093,328.20737673340466,337.39377544488605,172304200
2020-11-10,328.1888732910156,329.2456185696468,324.9166263863297,327.6790159718678,85552000
2020-11-11,330.62689208984375,331.4518918826983,329.13443541283425,330.37658868596975,58649000
2020-11-12,327.4195251464844,330.67324321370563,325.61192600078954,329.61646944206416,67546200
2020-11-13,331.9524841308594,332.69405891618226,328.8099994489029,329.32910745648184,62892200
2020-11-16,336.0960693359375,336.2907277500925,333.33365115779196,334.62217047881086,74541100
2020-11-17,334.2884216308594,335.49351584362677,332.17490268135197,333.68588866910596,66111000
2020-11-18,330.2653503417969,335.1042005097741,330.22826311784223,334.55728418581134,70591300
2020-11-19,331.6557922363281,332.02657957234703,328.29084129066734,329.63497720915376,59940900
2020-11-20,329.3846740722656,331.60017579109797,329.3105279207122,331.3962385127505,70417300
2020-11-23,331.3592224121094,332.61993357318823,328.958340654461,331.1923723183577,63230600
2020-11-24,336.6986083984375,337.24552471708824,333.05557370732873,333.9083818251607,62415900
2020-11-25,336.179443359375,336.6429345632087,335.0856109077494,336.615126222549,45330900
2020-11-27,337.11578369140625,337.5885255934708,336.1053477355722,337.27335489567287,28514100
2020-11-30,335.62322998046875,336.60582901594785,332.9442656786078,336.3369962113714,83872700
2020-12-01,339.2941589355469,340.8329534365879,338.28375130260855,338.8770337417267,74231400
2020-12-02,340.0080261230469,340.16559735566074,337.6071440870133,338.1818688916423,45927000
2020-12-03,339.9151916503906,341.30566530410596,338.81208028863574,339.90591277346965,62882000
2020-12-04,342.84454345703125,342.84454345703125,340.4065745278507,340.49927845197374,50749900
2020-12-07,342.1399841308594,342.6312837481267,340.8700225705228,342.07508856328803,48944300
2020-12-08,343.14111328125,343.7065590089636,340.8236571068303,340.8699949146147,42458900
2020-12-09,340.06353759765625,343.95684714487703,339.22925900105616,343.7992759610222,74098300
2020-12-10,339.9523010253906,340.9997674831479,337.8202243105125,338.6915901201066,57735400
2020-12-11,339.55364990234375,339.9615244312118,336.73564370740246,338.2558801692447,57698600
2020-12-14,338.0334167480469,342.79809173388674,337.85728782298236,341.7228170082681,69216200
2020-12-15,342.6034851074219,342.6034851074219,339.2014749129828,340.5733910132798,63865300
2020-12-16,343.14111328125,344.058816873757,341.9360190969958,342.81666375897925,58420500
2020-12-17,345.05999755859375,345.2639348642844,343.956885989985,344.78191409140845,64119500
2020-12-18,343.68218994140625,345.5161309651634,341.67136919379556,345.3485696719916,136542300
2020-12-21,342.4533386230469,352.3212438699424,337.0260063626711,339.7629543638441,96386700
2020-12-22,341.8761291503906,342.8908436114936,340.74970717574905,342.7791360979551,47949000
2020-12-23,342.1833801269531,344.0917832562604,341.8575475802829,342.84433524058835,46201400
2020-12-24,343.5145263671875,343.5424532410676,342.07159053364666,342.6580548851289,26457900
2020-12-28,346.46563720703125,346.85661348489737,345.4416043676414,346.0653140903759,39000400
2020-12-29,345.8047790527344,348.1693596640355,345.2182860136059,347.99247990906485,53680500
2020-12-30,346.2981262207031,347.33147772383484,345.90714985399984,346.62395879952305,49455300
2020-12-31,348.0575866699219,348.78371400805713,345.59061740637577,346.1026197103733,78520700
2021-01-04,343.3191833496094,349.51920765992713,339.6233739583343,349.38886325350404,110210800
2021-01-05,345.6836853027344,346.7728905061342,342.6302231348059,342.67678687742756,66426200
2021-01-06,347.75030517578125,350.94342966039994,343.6262753129207,344.1755228387104,107997700
2021-01-07,352.91705322265625,353.66178899148537,349.9473717579539,350.12425147477427,68766800
2021-01-08,354.9278869628906,355.14198358914405,351.05519832067495,354.30414871589034,71677200
2021-01-11,352.535400390625,354.2948508857765,351.6323932699845,351.7534192361298,51034700
2021-01-12,352.60986328125,353.6245779387695,350.3663089172504,352.7215992262628,52547700
2021-01-13,353.5594177246094,354.5554954734266,351.7534035637951,352.53538468344925,45303600
2021-01-14,352.3211975097656,354.8068032526865,351.9860749789511,354.30409104661976,49989100
2021-01-15,349.7518615722656,351.50199335982205,347.88999385755534,350.70140387922305,107160000
2021-01-19,352.4981384277344,353.0380960342888,350.72936958492306,352.2095511727949,51233300
2021-01-20,357.37628173828125,358.21411669110563,354.3972814506253,354.7882578373456,61836100
2021-01-21,357.7020263671875,358.36300987967786,356.7804109135132,357.93475983810305,47840100
2021-01-22,356.4359436035156,357.5996108721701,355.46776448123836,355.8494507545385,52860500
2021-01-25,357.8416442871094,358.1953752542542,352.3211854580391,357.1713708385632,70402000
2021-01-26,357.2831726074219,359.2008944003585,357.0504391042999,358.79128116207573,42665300
2021-01-27,348.5509948730469,354.05281810421934,346.3167590029396,353.95971902424606,123351100
2021-01-28,351.548583984375,355.55158851320573,349.9287680398475,350.36627971281166,94198100
2021-01-29,344.51068115234375,350.6548499672451,342.83498325200054,349.6866708521476,126765100
2021-02-01,350.2452697753906,351.2785927627981,344.7993008040637,347.90861660624154,75817600
2021-02-02,355.1978454589844,356.75251769171075,350.32907897038325,353.42907659511883,64450700
2021-02-03,355.4771728515625,357.199406526891,354.2017977480035,356.0264205321538,52427100
2021-02-04,359.51739501953125,359.563930354463,355.5888524983493,356.5104680448607,47142600
2021-02-05,360.93231201171875,361.63983074454535,359.47076763289346,361.3884888625458,48669800
2021-02-08,363.53900146484375,363.58553679527535,361.52818085884974,362.3846241257551,38365200
2021-02-09,363.2969665527344,363.89277790526904,362.29157040764335,362.7011552001997,35551100
2021-02-10,363.1387023925781,365.18676844469576,360.73690530404883,365.0378156036463,59154400
2021-02-11,363.72515869140625,364.63748409725014,361.29543496551975,364.21855249837824,42913300
2021-02-12,365.52191162109375,365.7639351240039,362.8501073798465,362.9245980037026,50593300
2021-02-16,365.2054138183594,366.94628434358594,364.4886048325737,366.7507677394015,50972400
2021-02-17,365.2891540527344,365.54049596951603,362.4404702799734,363.455213196624,52290600
2021-02-18,363.7344665527344,364.47920225148306,360.96027351668073,362.6825067811136,59712800
2021-02-19,363.09210205078125,365.2798021216173,362.64524360763886,364.99121492183093,83241000
2021-02-22,360.2993469238281,362.71046232061997,360.02936813751376,360.3272738044918,67414200
2021-02-23,360.73681640625,362.0866816638362,353.94101161595313,358.09296805131817,107284100
2021-02-24,364.7119445800781,365.1401946066292,358.6608745485557,359.64766215783163,72433900
2021-02-25,355.9239807128906,364.81441738369665,354.4810443890207,363.4459432788632,146670500
2021-02-26,354.0899963378906,358.9494723193458,352.1071310412466,357.8044418312601,152701600
2021-03-01,362.67327880859375,363.92075545040086,354.2855822417415,358.9588609981536,105348800
2021-03-02,359.8432312011719,363.12942703807903,359.34051889355743,362.8966935413863,79595300
2021-03-03,355.0768127441406,360.11314003050495,354.9743952442966,359.1449892511198,119940200
2021-03-04,350.682861328125,357.47866839991167,346.1957524741158,354.89067292653556,183433000
2021-03-05,357.13421630859375,358.18617627812586,346.9032607012722,354.1831430171617,152039600
2021-03-08,355.3560791015625,360.9044370293171,355.07681030362994,358.09302696069,123149200
2021-03-09,360.4297180175781,362.9804680067196,358.69816605856334,359.2008783576128,113633600
2021-03-10,362.67327880859375,364.3675856171588,361.3606867838893,362.77569632837776,109899400
2021-03-11,366.3504333496094,368.3240087626398,364.6840536373491,365.14023058798864,86245000
2021-03-12,366.84393310546875,366.9835675552202,364.1814748973498,364.9913831157656,64653600
2021-03-15,369.03155517578125,369.2922155627964,364.95405965687513,367.0951965209388,73427200
2021-03-16,368.5660400390625,370.35341719951157,367.7933490003447,369.64592676134737,73722500
2021-03-17,369.8227844238281,370.6233738852898,366.1362659817345,367.2813248264547,97959300
2021-03-18,364.4420166015625,369.32010118927036,363.76242462104625,367.23481832610025,115349100
2021-03-19,363.7677307128906,365.7197518785145,361.5915342319768,364.14131823450606,113624500
2021-03-22,366.6723327636719,368.0546376770292,364.22530219638827,364.2813388885478,73778600
2021-03-23,363.7864074707031,367.4849724644324,363.00186510857276,366.0373101003052,90686600
2021-03-24,361.9371032714844,366.821844910974,361.8904155198871,365.18737456445785,97588600
2021-03-25,363.97320556640625,364.7670683556702,358.5560867809132,360.4987874842971,116128600
2021-03-26,369.8385314941406,370.24013727057377,364.52416690819587,365.1219010982299,114409100
2021-03-29,369.65179443359375,370.5577590931056,366.877863754709,368.3628933197625,108107600
2021-03-30,368.6711120605469,369.34358094645273,367.07398064220894,368.381579616897,76262200
2021-03-31,370.16546630859375,371.7252304449524,369.2128139187483,369.2408322683644,112734200
2021-04-01,374.1628723144531,374.2189375105821,371.893300729822,372.0987781059756,99682900
2021-04-05,379.5333251953125,380.0750513069228,376.7500740458587,376.8247801459603,91684800
2021-04-06,379.30914306640625,380.3551993878055,378.6366742165215,378.9729228929124,62021000
2021-04-07,379.7480773925781,380.0936464810016,378.68335178237857,379.1409942505184,55836300
2021-04-08,381.5507507324219,381.60678743598396,380.0657210822236,380.9997041454603,57863100
2021-04-09,384.3246154785156,384.49275406318844,381.30786894490393,381.429291282708,61104600
2021-04-12,384.46478271484375,384.73561726762654,383.11984489042715,383.7269281507639,56704900
2021-04-13,385.60418701171875,386.2299681294225,383.979065799831,384.36200222963515,56551000
2021-04-14,384.2873229980469,386.6316009841835,383.7455968876172,385.5761956165632,61659900
2021-04-15,388.4154357910156,388.6862987931113,386.37936005791016,386.42604779835347,60229800
2021-04-16,389.7137451171875,390.3208283501207,388.28475230611167,389.7043961665137,82037300
2021-04-19,387.799072265625,389.2280651111477,386.4728323712962,388.7797715143714,78498500
2021-04-20,384.95977783203125,387.68699217501296,383.4840687603821,386.5848990980943,81851800
2021-04-21,388.6023254394531,388.80780284580254,384.2032448539139,384.34336511048394,66793000
2021-04-22,385.0531005859375,389.2653723743387,383.9883749549103,388.43414245658613,97582800
2021-04-23,389.22808837890625,390.6384119098377,385.5388724213667,385.61357852432894,73209200
2021-04-26,390.04071044921875,390.61045502269826,389.29353529042186,389.8819492668544,52182400
2021-04-27,389.9565734863281,390.5356668911207,388.8171130815738,390.3395099382348,51303100
2021-04-28,389.844482421875,391.34820981136744,389.37749094113417,390.22741885643023,51238900
2021-04-29,392.3288879394531,392.94532012603673,388.94787411541165,392.5717326349584,78544300
2021-04-30,389.7510681152344,390.90922633880604,388.8544524767412,390.05929844599274,85527000
2021-05-03,390.5917053222656,392.1234226337819,390.09669546817264,391.740486180178,68128300
2021-05-04,388.1819763183594,389.09728984022036,384.49276088924864,388.60228003315905,101591200
2021-05-05,388.3033752441406,390.05926758682625,387.74297982583107,389.8257718711052,60162200
2021-05-06,391.4042663574219,391.5350091571525,386.37008425835495,388.37814202679203,74321400
2021-05-07,394.25286865234375,394.9066681025146,391.4882871687611,392.17010496663084,67733800
2021-05-10,390.34881591796875,394.83192244153906,390.22739358037734,394.60777566622943,81852400
2021-05-11,386.8651123046875,387.8551320603856,382.9890883362958,385.8284047975115,116888000
2021-05-12,378.64599609375,385.3519862126641,377.32907683593066,384.0817831997545,134811000
2021-05-13,383.19451904296875,385.1278705672436,380.14972554113865,380.1964417898234,106394000
2021-05-14,389.0785827636719,389.9285106204482,385.90304661385784,385.93106496065724,82201600
2021-05-17,388.0885314941406,388.90112049078533,386.0711251805724,387.9671376698497,65129200
2021-05-18,384.7449645996094,388.59297005214694,384.5861749461466,388.3501253478743,59810200
2021-05-19,383.7362365722656,383.9136956201269,378.57131179137997,380.0563698240923,106467100
2021-05-20,387.864501953125,389.1253848430136,384.4928366319979,384.6142304929748,78022200
2021-05-21,387.54693603515625,390.59172995398563,387.08929345333263,389.3495165134627,76578700
2021-05-24,391.49761962890625,392.57169424932044,389.5455703108136,389.7884149825735,51376700
2021-05-25,390.6290588378906,392.9359980945385,390.0499939116139,392.5810799776849,57451400
2021-05-26,391.4042663574219,391.9085966601107,390.18075089606674,391.2174583544931,43088600
2021-05-27,391.6097412109375,392.9453300641983,391.3295292083679,392.43165081383626,56707700
2021-05-28,392.3102111816406,393.44032258439506,392.07671544123446,393.178808495256,58520200
2021-06-01,391.96466064453125,394.81329741149153,391.525687491623,394.67320566118025,54216600
2021-06-02,392.5810241699219,393.4216315915621,391.60970246523397,392.6183914671472,49097100
2021-06-03,391.1240539550781,392.2635143648258,388.7984453863478,390.26480554943856,58138800
2021-06-04,394.701171875,395.0000532381176,391.1893871156072,392.9732978416649,55938800
2021-06-07,394.31829833984375,394.86934490806766,393.38431530836596,394.69188585185486,51555000
2021-06-08,394.4023132324219,395.2709105225555,392.5717146579376,395.17750652833854,47134300
2021-06-09,393.8139343261719,395.31766180851946,393.58978752250255,395.24292720536323,48436300
2021-06-10,395.64453125,396.5972121670287,393.7205285195885,395.0374479909109,51020100
2021-06-11,396.29833984375,396.41041324763955,394.90671424062083,396.1956153911513,45570800
2021-06-14,397.1855773925781,397.2883018302443,395.1681709071251,396.4103556235315,42358500
2021-06-15,396.4571228027344,397.37240792096816,395.5791764832327,397.335069122236,51508500
2021-06-16,394.2434387207031,396.8212401910864,392.19804275303204,396.59709345553694,80386100
2021-06-17,394.1128234863281,395.0934942745737,391.6377741374557,393.8326399762295,90949700
2021-06-18,388.79595947265625,391.52271586944005,388.5898098946164,390.82931665064257,118676300
2021-06-21,394.3620300292969,394.5494491775668,389.74243684552914,390.5576558078238,72822000
2021-06-22,396.47039794921875,397.30437604962555,393.63117206610633,394.352710107166,57700300
2021-06-23,395.9925537109375,397.35124264550416,395.90822366088724,396.5454031031455,49445400
2021-06-24,398.3350830078125,398.75673318670397,397.88529422084855,398.13831292432985,45110300
2021-06-25,399.7500305175781,400.19981934817787,398.7567718716343,399.08474110668726,58129500
2021-06-28,400.555908203125,400.7245682950884,399.0753997356411,400.2748080498527,53159600
2021-06-29,400.7713317871094,401.57717107826255,400.23721304047496,400.9399918346332,35970500
2021-06-30,401.1087646484375,401.78343362434913,400.28416605608436,400.3122760719077,64827900
2021-07-01,403.32952880859375,403.4888379572731,401.80215127327483,401.8677508401516,53441000
2021-07-02,406.412353515625,406.7684327334074,403.41381877275404,404.49143596219454,57697700
2021-07-06,405.672119140625,406.68413685470637,402.9359824093808,406.4686076794865,68710400
2021-07-07,407.1057434082031,407.38687211913964,404.34149695894274,406.35612403799763,63549500
2021-07-08,403.78863525390625,404.54763413664995,400.60268153812575,401.78335917623605,97595200
2021-07-09,408.0990295410156,408.39888874783514,403.59187628680496,405.29729335492465,76238600
2021-07-12,409.560791015625,409.8138097220538,407.58365342944904,408.01468314938586,52889600
2021-07-13,408.1646728515625,410.27300986948524,407.9023031665115,408.77374227084334,52911300
2021-07-14,408.773681640625,410.3479281135863,407.52743297051677,409.8606497735151,64130400
2021-07-15,407.37750244140625,408.10839135369446,405.4753153622365,407.4337224657248,55126400
2021-07-16,404.1822509765625,408.60507458251783,403.7887107543716,408.5582340881167,75874700
2021-07-19,398.2132568359375,404.24778712950507,395.40214130525,399.35644496226297,147987000
2021-07-20,403.9198913574219,405.1942788329913,398.08213008287646,398.87861868058843,99608200
2021-07-21,407.1900634765625,407.33064212666307,403.87296781863677,405.11921642523396,64724400
2021-07-22,408.0428466796875,408.28648588193806,406.3842985469024,407.3681777009672,47878500
2021-07-23,412.2408142089844,412.57813441994017,409.2891479785124,409.97316793833465,63766600
2021-07-26,413.2527160644531,413.26209560038063,411.6035477215418,411.6503882088871,43719200
2021-07-27,411.36932373046875,412.2407627628377,408.5394488652319,412.21265274876606,67397100
2021-07-28,411.2006530761719,412.5781010183634,409.77636464052375,411.99714163798257,52472400
2021-07-29,412.9059753417969,413.98356380892966,412.1188664980787,412.1282460330738,47435300
2021-07-30,410.9007873535156,412.3531856804309,410.207359374989,410.33855849930256,68951200
2021-08-02,410.0387268066406,413.16843236981356,409.68264755521176,412.61558301486065,58783300
2021-08-03,413.3746337890625,413.4964534004576,408.642599597881,410.8352668145335,58053900
2021-08-04,411.3411560058594,413.34640345264876,411.1068963894126,412.0907753400313,46732200
2021-08-05,413.9461669921875,414.0304970317783,412.18452990878626,412.5031195904007,38969700
2021-08-06,414.6301574707031,415.0518362349307,413.9835986168319,414.26472732503214,46930000
2021-08-09,414.2928161621094,414.9206159123269,413.5244377669037,414.602026269566,41222600
2021-08-10,414.8082580566406,415.5204165734043,414.05863858352615,414.7426584888019,43339300
2021-08-11,415.8389587402344,415.93266831269824,414.75199061117655,415.87644828844924,44034300
2021-08-12,417.0851745605469,417.2257532062454,414.78944749477773,415.68899640806853,38909400
2021-08-13,417.8442077636719,417.8629382384884,417.0477193437249,417.53496905425794,39470300
2021-08-16,418.828125,418.95929552799396,414.98626119675987,416.5417486330433,73740000
2021-08-17,416.0826416015625,416.94470112800127,413.0934860818038,416.2700321700211,92673900
2021-08-18,411.5285949707031,416.6354666486862,411.2849843863083,415.07059964436183,89351900
2021-08-19,412.1657409667969,413.36517769933806,408.6612261268582,408.80177618265736,92812200
2021-08-20,415.44537353515625,415.7733427277286,412.02518874666305,412.51246706573465,72008700
2021-08-23,419.0998840332031,420.0088125987634,415.5203897980154,417.1320972978909,54973000
2021-08-24,419.76519775390625,420.2993166380276,419.2498379439889,419.76519775390625,38744700
2021-08-25,420.6459655761719,421.1613253238744,419.57772793688787,419.952566221922,40529700
2021-08-26,418.162841796875,420.5991192042751,418.0691322205563,420.3648595615522,57829600
2021-08-27,421.9015808105469,422.27639048792906,418.91242573488046,418.96864575668053,77235100
2021-08-30,423.7569580078125,424.5440669661629,422.33264109600447,422.5762802722132,48357400
2021-08-31,423.12921142578125,424.0006505914793,422.52952150178527,423.66333037101026,59300200
2021-09-01,423.3540344238281,424.5815527206417,423.11977477029654,424.06619292133183,48721400
2021-09-02,424.6565856933594,425.46242527758113,423.4571772589729,424.7784053040331,42501000
2021-09-03,424.5534362792969,425.068824666954,423.11976836523195,423.52271669627993,47170500
2021-09-07,423.0354309082031,424.30043871518234,422.3607619842241,424.20672913760086,51671500
2021-09-08,422.52008056640625,423.23223905655976,420.5991342695839,422.5013500889307,56181900
2021-09-09,420.7115783691406,424.0755433312676,420.46793919543404,422.32328581858627,57970400
2021-09-10,417.39447021484375,423.06354222411983,417.27265062322766,422.64189201792766,89948200
2021-09-13,418.4625549316406,420.6552497365827,416.14806916743714,420.39288015423386,83738600
2021-09-14,416.2044372558594,420.11187210742554,415.3142391694053,419.9057224766755,78197100
2021-09-15,419.6808166503906,420.1774459218341,415.5203633365021,416.6260619263352,78792200
2021-09-16,419.0155944824219,420.1306441908273,416.063899796155,419.15614456363676,77786700
2021-09-17,414.933837890625,418.66579952568367,414.5766179390553,418.2427985470541,118425000
2021-09-20,408.0151672363281,410.38405885600616,403.14573587535295,408.8047977762208,166445500
2021-09-21,407.6297607421875,411.6531328768098,407.1033403647797,410.3558724154265,92526100
2021-09-22,411.6061706542969,413.64607141513255,407.7426174898221,409.9046994331068,102350100
2021-09-23,416.6072082519531,418.21469841814167,413.24187534861926,413.47688551104596,76396000
2021-09-24,417.2934265136719,418.00786655031254,414.7553054165893,414.97152508235223,62094800
2021-09-27,416.0995788574219,417.4250108387706,415.40392931593607,416.2593696919336,61371100
2021-09-28,407.71441650390625,413.655480073126,406.981185972043,413.32646012046985,130436300
2021-09-29,408.40069580078125,410.83539778442844,407.83666564017506,409.0963167424617,82329200
2021-09-30,403.408935546875,410.5814194259435,403.0705060982276,409.8763891529963,140506000
2021-10-01,408.20318603515625,409.8858665977476,401.61352150069314,405.1386734490561,129240100
2021-10-04,402.93902587890625,407.9400201839394,400.79570572105376,407.0375892196289,128570000
2021-10-05,407.1315002441406,409.3781818674235,403.6439584161272,404.44296980055765,90682500
2021-10-06,408.8236083984375,409.0304184562949,401.90492407695274,403.53117578451554,113032200
2021-10-07,412.358154296875,415.197066176869,411.9257437150467,412.10435369862415,72437500
2021-10-08,411.6061706542969,413.51448064643256,410.976359506261,413.1290605510576,74557400
2021-10-11,408.6261901855469,413.86222243707743,408.56038046823124,410.9480912711501,65233300
2021-10-12,407.6203918457031,409.951702812476,406.8307612007708,409.5474922480039,71181200
2021-10-13,409.0868225097656,409.90465316392994,405.6650899688843,408.645002322282,72974000
2021-10-14,415.9678649902344,416.11827489242256,412.28289410601354,412.7529142924432,70236800
2021-10-15,419.1358947753906,419.5025243769304,417.4626236667043,418.0830539008593,66260200
2021-10-18,420.3767395019531,420.71514033276804,416.69176789132155,417.34980775714325,62213200
2021-10-19,423.6198425292969,423.6856235581585,421.39192256312816,422.0029718063698,46996800
2021-10-20,425.2838134765625,425.5846333834667,423.9677622435631,424.08056253671083,49571600
2021-10-21,426.3929443359375,426.6185448638883,424.24965325713134,424.682063831623,41305400
2021-10-22,425.95111083984375,427.4081907045908,424.0052202839226,425.96052042413305,58845100
2021-10-25,428.2355651855469,428.564585195587,425.26506157061874,427.0417237244066,45214500
2021-10-26,428.620849609375,430.99915087837957,428.2448391545924,429.78651931328756,56075100
2021-10-27,426.7220458984375,429.74897787469854,426.64682658288626,429.0815570599391,72438000
2021-10-28,430.83935546875,430.91454608380144,428.1414439075538,428.1508248045862,51437900
2021-10-29,431.7136535644531,432.005063860842,428.2449013910372,428.53631168742606,70162400
2021-11-01,432.456298828125,433.07672908555327,430.72662751397496,432.7006898838901,48433600
2021-11-02,434.2047119140625,434.51494135185385,432.4938312768331,432.62545072020157,48908400
2021-11-03,436.8556213378906,437.25983186693117,433.19885003088245,433.6406702124122,52509800
2021-11-04,438.9142761230469,438.99887631835037,437.1093858933005,437.4571962588007,52847100
2021-11-05,440.43719482421875,442.43007618696566,438.92374331887703,441.1422252320449,66390600
2021-11-08,440.8132019042969,442.0352718144265,440.1269906728055,441.53705147758245,50405200
2021-11-09,439.35614013671875,441.41483115793073,437.946079365355,441.1798210293701,51149100
2021-11-10,435.82159423828125,439.35615587855733,434.3363427951768,437.6640656796384,69429700
2021-11-11,435.9625244140625,437.3914041770928,435.9437339337223,437.3161848802195,34848500
2021-11-12,439.2526550292969,439.807275407171,436.28212400629286,437.2315739636778,53466700
2021-11-15,439.4031677246094,440.7004283336517,438.27513622509247,440.54063749790726,46980500
2021-11-16,441.1422119140625,442.27965290510997,439.0647304076264,439.13992102624314,48857500
2021-11-17,440.0705871582031,441.0576182388675,439.4501569663317,440.8790082432791,47858300
2021-11-18,441.5653076171875,441.82851785332514,438.37855602360526,441.10466818812347,50625600
2021-11-19,440.77557373046875,442.7026451488348,440.4089441903681,441.45237530402534,57315600
2021-11-22,439.53472900390625,445.1467717517106,439.32791895320247,442.65567024625074,72762000
2021-11-23,440.1175537109375,440.9729939884895,436.6018115031317,439.2057132997234,73206500
2021-11-24,441.2926330566406,441.4148429167893,437.2974607646824,438.115291443818,61858800
2021-11-26,431.450439453125,436.08483277035555,430.32237924723853,434.61837171536075,112669600
2021-11-29,436.7427978515625,438.5852690969573,434.0448863560093,436.2445775616634,86268800
2021-11-30,428.24493408203125,436.20707986716064,428.0005143227515,434.29879841557255,148559600
2021-12-01,423.48828125,436.80866888995706,423.290880760792,433.9603470803366,131939200
2021-12-02,429.9745178222656,431.54439807571686,423.3096341374703,423.7044637690375,127637800
2021-12-03,426.233154296875,432.70060850783227,422.0029722635854,431.6383868949673,137331600
2021-12-06,431.28125,433.16133126579666,426.36482716234684,428.7807384739588,98977500
2021-12-07,440.20220947265625,440.7662395682255,431.1496139364449,436.56425695349,95484700
2021-12-08,441.3678283691406,441.8190581603877,438.83911699656346,440.5970169214314,72238800
2021-12-09,438.3878479003906,441.4711792762943,438.1904474482316,440.0799091515518,61272600
2021-12-10,442.5146179199219,442.66502782958105,438.5382653053805,441.0951763940727,77159800
2021-12-13,438.5947265625,442.3454791791736,438.3126971846737,441.99766876550603,87724700
2021-12-14,435.5771789550781,437.8144800719802,432.65366659136504,435.323378332146,97264100
2021-12-15,442.3830871582031,442.6274781927471,433.11427244709614,435.63360291576834,116899300
2021-12-16,438.48187255859375,444.5169160885959,436.9307828900091,444.23491543308455,116568600
2021-12-17,433.8152160644531,438.40929266529145,432.1077672413191,435.400025670144,135511600
2021-12-20,429.2023010253906,429.5984890492109,425.57986657914137,428.73062942371416,107134800
2021-12-21,436.8244934082031,436.96598912839397,430.45692690267214,432.62660471506297,69806300
2021-12-22,441.192138671875,441.30533523820264,436.37164043974565,436.56976321936594,58890200
2021-12-23,443.9372863769531,445.4371985113299,442.0883418877811,442.19209581442925,56439700
2021-12-27,450.219970703125,450.26712634622396,445.26741905868244,445.3145747017814,56808600
2021-12-28,449.85198974609375,451.68207754216996,449.087884188701,450.653837085784,47274600
2021-12-29,450.427490234375,451.44628815269533,448.955877247608,449.9558186671151,54503000
2021-12-30,449.1822204589844,451.8613112086021,448.71999158678375,450.8519272576119,55329000
2021-12-31,448.05023193359375,449.84257807075835,447.77668316160356,448.6917271226337,65237400
2022-01-03,450.64447021484375,450.77655208082115,447.0031792958626,449.3143528535199,72668200
2022-01-04,450.49346923828125,452.7858147658463,448.63508224842974,452.0688648240115,71178700
2022-01-05,441.8430480957031,450.89914766079016,441.74870802750024,450.12559940549204,104538900
2022-01-06,441.42803955078125,444.1448726975174,439.06023879788046,441.3808839040391,86858900
2022-01-07,439.6827392578125,442.61655098349416,438.32432302285764,441.4373722231892,85111600
2022-01-10,439.1356506347656,439.35260112059655,430.73046025596256,436.48485885738484,119362000
2022-01-11,443.135498046875,443.22983813093913,435.8717434022134,438.8715968595628,74303100
2022-01-12,444.3334655761719,446.38997545502053,442.3713245554861,444.87117806328797,67605400
2022-01-13,438.211181640625,446.0881025089078,437.18294108680465,445.4371934481838,91173100
2022-01-14,438.3904113769531,438.739443721602,433.8434906759854,435.0604113490844,95890900
2022-01-18,430.6266784667969,433.9000801446297,429.51354052849086,433.6925435130348,109709100
2022-01-19,426.1552734375,433.5699368723863,425.88169585972383,432.1738074172843,109357600
2022-01-20,421.4384765625,432.7491496870087,419.3159548562535,428.041877426378,122379700
2022-01-21,413.16546630859375,422.6743531254501,413.137167164053,420.31599511855075,202271200
2022-01-24,414.9200439453125,415.4294573025682,396.9210694706066,407.5525363125253,251783900
2022-01-25,409.8542785644531,414.8068298485873,402.9490001504662,408.52416133637433,167997300
2022-01-26,408.8260498046875,418.8820910132849,404.56212043743244,415.7501849161173,186391100
2022-01-27,406.8072814941406,416.5708886311564,405.11871802199556,413.4295686804275,149878300
2022-01-28,416.9104919433594,416.95764758264465,403.5810494178644,408.16568303658295,164457400
2022-01-31,424.4195556640625,424.7685880526655,414.89178329232885,416.2407572007058,152251400
2022-02-01,427.2872619628906,427.9287283515847,421.6177608084225,425.14585473478627,123155400
2022-02-02,431.4379577636719,432.16432156191325,427.3815652994968,429.6927673307446,117361000
2022-02-03,421.2970275878906,427.30611843415994,420.45743842360054,425.40057576602374,118024400
2022-02-04,423.278076171875,427.12690349554987,418.68397092224063,421.0612140470099,118454400
2022-02-07,421.91961669921875,425.4382678088837,420.58949956003295,424.04213853628335,84472900
2022-02-08,425.39111328125,426.3155998254575,419.995189934305,421.4196471387826,81012000
2022-02-09,431.61724853515625,431.9379817631401,429.2305914308077,429.4286854386847,92589900
2022-02-10,423.8629455566406,431.7775795121979,421.86306271080866,425.7684883309894,140103700
2022-02-11,415.5049133300781,426.0231836326423,414.0710421144383,423.947845988049,153214600
2022-02-14,414.1464538574219,416.5802950386649,410.67495835599806,414.99548562999905,123006300
2022-02-15,420.82537841796875,420.99517327307245,418.0708037959125,418.5896597934599,88482700
2022-02-16,421.2970275878906,422.67430043142383,416.9010453564432,418.77828888356663,84863600
2022-02-17,412.2975769042969,421.2687799533193,411.6938522260274,418.10857447395847,102259100
2022-02-18,409.6279296875,413.8069331704449,407.3544691120626,412.5522705879942,132642900
2022-02-22,405.23193359375,410.8259516984403,401.7321096953835,407.4204966635997,124391800
2022-02-23,398.04364013671875,408.71284849771104,397.477628508236,408.1468368692283,132578000
2022-02-24,404.0337829589844,404.4677414533899,387.374371425244,387.7328175718437,213942900
2022-02-25,412.9484558105469,413.0333532377554,403.6187784215898,405.2696289017005,121804500
2022-02-28,411.891845703125,413.37290107565593,406.2978287988376,407.55246228230124,145615000
2022-03-01,405.61871337890625,412.4013531876371,402.9112942533806,410.39202759579075,137785900
2022-03-02,413.08056640625,414.8068717900214,407.11863049118716,407.87329353346485,117726500
2022-03-03,411.0240478515625,416.1180952528959,409.22225892771945,415.51437058927706,105501700
2022-03-04,407.68463134765625,408.81662588103086,403.63768107861074,407.2884145484183,113978200
2022-03-07,395.6663513183594,407.807171236879,395.600310398485,407.09966398019566,137896600
2022-03-08,392.66656494140625,403.0055972451965,391.60058263341585,395.84562657872834,164772700
2022-03-09,403.1942138671875,405.175239820648,398.8642731796688,401.05283573374976,116990800
2022-03-10,401.37359619140625,402.2697547820951,396.61913933731984,398.5812801406087,93972700
2022-03-11,396.27020263671875,404.47727157024167,395.76078922516666,403.8641042205582,95636300
2022-03-14,393.3741149902344,400.4963446455009,392.23267777731564,397.0437338622443,95729200
2022-03-15,402.0245056152344,402.65652931408596,394.7135972445158,395.9870872847089,106219100
2022-03-16,410.9390869140625,410.995685192888,400.7321084005492,405.5337497664183,144954800
2022-03-17,416.08038330078125,416.08038330078125,408.64683443641115,409.02416595069127,102676900
2022-03-18,420.6375732421875,420.9593028336933,413.7297868077792,414.4678791360529,106345500
2022-03-21,420.5145568847656,422.4733213729706,417.00386088702027,420.4672258759616,88349800
2022-03-22,425.4351806640625,426.37198236705336,421.90556943878335,421.90556943878335,74650400
2022-03-23,419.9562683105469,424.39429439850414,419.8711071405114,422.8991946168003,79426100
2022-03-24,426.28680419921875,426.2962761766024,420.86467470667094,421.98127067470915,64736900
2022-03-25,428.36859130859375,428.6430187339525,424.3374565973786,426.92079387932296,77101300
2022-03-28,431.4156799316406,431.4156799316406,425.8799725760659,427.7725201247763,68529800
2022-03-29,436.7525634765625,437.2446442247765,432.61735251287416,435.3047660404294,86581500
2022-03-30,434.05572509765625,436.4214091697429,431.94552450928234,435.6075988323958,79666900
2022-03-31,427.3750915527344,434.11255605182595,426.9208697553412,433.2893025074121,121699900
2022-04-01,428.5863342285156,429.0973012788602,425.00942048618305,428.9553659870978,89048800
2022-04-04,432.2577819824219,432.36188709811455,427.96172050083106,428.7849739372156,59601000
2022-04-05,426.7978210449219,433.23247058270414,425.65283796639494,430.76271011439627,74214500
2022-04-06,422.5301513671875,424.81067460735846,419.64402793365923,422.88029691792224,106898000
2022-04-07,424.6591796875,426.47603764852965,419.70071542078097,421.6500366650855,78097200
2022-04-08,423.52374267578125,426.4193379958125,421.98131186663085,423.9022463943376,79272700
2022-04-11,416.2848205566406,421.09187919029637,415.78329655227503,420.24968157048187,89770500
2022-04-12,414.7423095703125,421.80150331220403,413.19040683522564,419.2749398176844,84363600
2022-04-13,419.4925537109375,420.24956105130474,414.3164358847849,414.49623018176845,74070400
2022-04-14,414.2691650390625,420.8363067294956,414.16505991706254,419.71968183285964,97869500
2022-04-18,414.4394836425781,416.123849633217,412.2062627473825,413.34180271144544,66002500
2022-04-19,421.129638671875,421.848787018053,414.1650495021856,414.33537183065033,77821000
2022-04-20,420.81732177734375,423.5236792719314,419.6534237389744,422.90860721160914,65224400
2022-04-21,414.5246276855469,425.83260921448067,413.6162130786086,424.44158581105347,85417300
2022-04-22,403.1504821777344,414.54359749502777,402.5827121441921,413.43647336370464,132471800
2022-04-25,405.48779296875,405.6581153210633,396.33731266857023,400.9078312682018,119647700
2022-04-26,393.7445068359375,403.1504700703284,393.71611977901205,402.95173179386785,103996300
2022-04-27,394.85162353515625,400.19809313911514,392.7130645715548,394.82323647876274,122030000
2022-04-28,404.8253479003906,406.5570449371299,395.1639015423122,399.6019274903522,105449100
2022-04-29,389.86474609375,402.98955707599237,389.1171818200173,400.832054296418,145491100
2022-05-02,392.2115173339844,393.5741537158079,383.25974771045304,389.93099434604335,158312500
2022-05-03,394.00946044921875,396.4224469103301,391.15169530175734,392.7130700591638,100028200
2022-05-04,406.0081481933594,406.5759181285182,391.4828426689402,394.6717800780099,144247900
2022-05-05,391.5774841308594,402.16628824210756,387.44227303458774,401.740453562189,172929100
2022-05-06,389.240234375,392.5143334096191,383.9316525873715,389.01313791973797,151770800
2022-05-09,376.77783203125,384.5751184962438,375.19754216123187,383.3355021930368,155586100
2022-05-10,377.6484069824219,384.26285159656214,373.60782825671424,382.75827972149085,132497200
2022-05-11,371.6490478515625,382.3324875102671,370.90148343777554,376.6832315730373,142361000
2022-05-12,371.2610168457031,374.5351157341159,364.4573066901353,368.4505828254061,125090800
2022-05-13,380.1371154785156,381.51866715299093,374.35536749244255,375.396274457315,104174400
2022-05-16,378.5946960449219,382.26624315358947,376.2384834313431,378.4906197842672,78622400
2022-05-17,386.382568359375,386.61913683595503,380.9509365000654,384.68872998122526,83029700
2022-05-18,370.8067932128906,382.1053033485448,369.5671769928699,381.82143279357103,117674500
2022-05-19,368.53570556640625,372.9642879303813,366.31195684652164,367.7408392133795,98510700
2022-05-20,368.6966247558594,375.6990443299585,360.09500032544264,372.12213091455766,131432200
2022-05-23,375.5949401855469,376.36141951205695,369.40630258818845,371.7246556441584,76414900
2022-05-24,372.727783203125,373.9200684973476,366.17008413397616,371.46922293735594,91448800
2022-05-25,376.0207824707031,377.9890479746067,370.83522098115014,371.2326397707966,91472900
2022-05-26,383.53424072265625,385.17130483180716,377.04281616113974,377.25099755722835,82168300
2022-05-27,392.9496154785156,393.0631636990263,385.7957888065358,385.9944981924295,84768700
2022-05-31,390.7447814941406,394.0851264101224,388.0005936135915,391.3314665518741,95937000
2022-06-01,387.584228515625,393.87694263717856,385.06713709140746,392.8644517588874,86585800
2022-06-02,394.9652099609375,395.01251209671574,385.1712709822698,387.42340710258367,79609600
2022-06-03,388.4832458496094,391.79520408065434,387.5085850110212,390.2433012195324,71874300
2022-06-06,389.666015625,394.22703245074865,388.4926167185688,392.49536446108146,57508900
2022-06-07,393.4038391113281,393.8580609068562,385.71062891259504,386.17432268656637,59272400
2022-06-08,389.12664794921875,393.479512475004,388.3317815558461,391.69104143143073,64350000
2022-06-09,379.87213134765625,389.61873928900354,379.87213134765625,387.34768809546443,86289800
2022-06-10,368.85748291015625,374.5162101273659,368.8101807755536,373.6645695586442,132893900
2022-06-13,354.8526611328125,361.2967831487457,353.2439841844837,359.4420946590602,170004900
2022-06-14,353.7833557128906,357.6346967344851,350.6795790257293,356.60326183152415,104011800
2022-06-15,358.8269958496094,363.27446487884,352.1273619331276,357.08582684228884,125666800
2022-06-16,346.95123291015625,351.01075501197846,344.51930266450194,350.60386426743156,134473300
2022-06-17,347.6991271972656,351.04441711071945,344.19232112754855,347.36652398663057,111113900
2022-06-21,356.4520568847656,357.8395764065463,353.3538694431423,353.4299145965904,76811900
2022-06-22,355.8057861328125,359.9208378596493,351.8047441204501,352.2229054186672,90059400
2022-06-23,359.2935791015625,360.02534683784137,354.3802275814878,357.94408234086904,79292100
2022-06-24,370.7169494628906,370.7264623574381,362.4393100729595,362.46781975387455,98050300
2022-06-27,369.3009338378906,371.93342448126845,368.20802402579585,371.63881476677494,66009600
2022-06-28,361.75506591796875,373.64409647087297,361.64102718888944,370.859544492515,86548900
2022-06-29,361.4604187011719,363.2946090766125,359.6357412197438,362.3062541919747,65676000
2022-06-30,358.5238037109375,361.76453925396646,354.06660685286846,357.563929508268,112508300
2022-07-01,362.3157653808594,362.7529525002182,355.2450743514729,357.8680810567147,74839700
2022-07-05,363.0,363.01902578805715,354.3897288005455,357.22181596212545,81438000
2022-07-06,364.22601318359375,366.7159554565062,360.75719981096245,363.1425872465519,70426200
2022-07-07,369.68109130859375,370.47939144659864,364.24502265222054,366.00319713599873,64525900
2022-07-08,369.376953125,371.24916611652566,366.5163562235368,368.04642405277673,72397800
2022-07-11,365.1573181152344,367.6662567653329,364.46354395303933,366.6968987191373,58366900
2022-07-12,361.92608642578125,366.99152847059673,360.17742508846254,364.6061122917404,62219200
2022-07-13,360.025390625,362.96203282628903,356.06239989210513,356.48056122161495,84224600
2022-07-14,359.151123046875,360.2345200908438,352.6221440895714,355.06455113718863,89704800
2022-07-15,366.0126647949219,366.12670351443825,361.6505097570627,363.56071631441466,79060400
2022-07-18,362.9905090332031,369.7760736131692,361.764534839165,369.1013252129824,63203600
2022-07-19,372.7982177734375,373.3684403556091,366.2597563730755,366.9154789894388,78506000
2022-07-20,375.1741943359375,376.5902526755153,371.61985165018353,372.9883745137026,71843800
2022-07-21,378.9945983886719,379.0421048535145,372.1900078667484,374.59442084284586,64903900
2022-07-22,375.478271484375,380.31560739398503,373.2544293512537,379.1181717855212,72197300
2022-07-25,375.9344177246094,376.78973707432243,373.6915500269605,376.1054757940071,53631500
2022-07-26,371.4867248535156,374.49935379005854,370.59338295368127,374.2902731538691,52946400
2022-07-27,381.1329040527344,382.8815653652331,374.4898588407444,374.7844685236655,82342100
2022-07-28,385.9132385253906,386.60698374585616,378.38636390787866,381.9407350618802,73966600
2022-07-29,391.53936767578125,392.52775161157655,386.5784802133014,387.3482705951752,87003700
2022-08-01,390.3799133300781,392.8888811641739,388.1275616169894,388.84033261494034,69997500
2022-08-02,387.8044128417969,392.49919977922883,386.62597416207234,388.81179345563703,63435400
2022-08-03,393.87725830078125,395.0461841555904,389.6481388511842,389.9332356443753,67820600
2022-08-04,393.6112060546875,394.4855223283824,391.9670703405135,393.8012609389681,45656600
2022-08-05,392.9459228515625,393.5921616324373,389.2680289335886,389.32504829644654,56814900
2022-08-08,392.48974609375,396.8899240250277,391.3873233872075,394.63757214293867,53886100
2022-08-09,390.93115234375,392.26165245097286,389.8572393634721,391.7579620888554,44931800
2022-08-10,399.142333984375,399.28491141758985,396.0346621889308,397.9924046415078,68665700
2022-08-11,399.142333984375,403.8561481056949,398.4010531431345,401.9934186049511,59489700
2022-08-12,405.89935302734375,406.0038788583054,400.130652464098,401.0810138483799,61694500
2022-08-15,407.57196044921875,408.09467660080554,403.6279665910464,403.68498595264106,54048300
2022-08-16,408.3702392578125,410.2994714282671,405.69021358179475,406.49802644193505,59289000
2022-08-17,405.47161865234375,408.1801539962864,403.46637035029323,404.7683606131751,63563400
2022-08-18,406.6501159667969,407.33434826924736,404.37873850839094,405.6712159722093,49023200
2022-08-19,401.18548583984375,404.1506081060881,400.3111407856508,403.88450813354626,68016900
2022-08-22,392.83184814453125,396.5192546194772,391.92899331076484,396.34816754384633,77695600
2022-08-23,391.88153076171875,394.7991472328157,391.33030490584025,392.40421793285645,49105200
2022-08-24,393.13604736328125,394.5045412160434,390.96922434253923,391.65345676755487,49177800
2022-08-25,398.6861572265625,398.7336636998838,393.5351851989176,394.6280951098861,50942300
2022-08-26,385.1910095214844,399.1137994167783,385.13399015284614,398.5721154147152,103087000
2022-08-29,382.64398193359375,385.69463364222986,381.28497221012304,382.2353335276929,65370800
2022-08-30,378.4433898925781,384.04103223682625,376.3430994030369,383.80344189629403,85652400
2022-08-31,375.5637512207031,381.3229380663818,375.4307157273297,380.07796715106764,76029700
2022-09-01,376.7422180175781,377.08433414493715,370.6789086257784,373.3874439782647,78740100
2022-09-02,372.7697448730469,381.6271200488621,370.9545511254495,380.41065862148133,99632100
2022-09-06,371.36322021484375,374.5564205138696,369.1393780774377,373.61557203339373,76637400
2022-09-07,378.0346984863281,378.80448878191197,370.8309729416289,371.0495374683232,70964200
2022-09-08,380.50567626953125,380.9618311489722,374.5564050265275,375.7633824847431,80821700
2022-09-09,386.41693115234375,387.28176346215974,382.4824212375365,382.74852125573165,76706900
2022-09-12,390.5699768066406,391.29226066106133,388.1845607104956,388.4886832810648,69256300
2022-09-13,373.5870361328125,383.0906492168183,372.46561674955393,381.88367179340526,122947100
2022-09-14,375.0126037597656,376.5331877578143,371.7053357392143,374.8890521407821,85023700
2022-09-15,370.7549133300781,376.30501935694866,369.48143277964385,373.45393570599117,87633800
2022-09-16,367.926513671875,368.58495903524056,364.6342868550473,366.57147330224217,103084800
2022-09-19,370.77978515625,370.77978515625,364.70111961719556,364.77747715242447,73278500
2022-09-20,366.5237731933594,368.4609306805626,363.7659614872204,367.44941174370973,77274900
2022-09-21,360.13018798828125,371.5050138173394,360.12063601648464,368.4513532726731,106746600
2022-09-22,357.1051025390625,360.99849150409443,356.36077689331256,359.357154295279,89472600
2022-09-23,351.1219482421875,353.66982042614035,346.67506820312684,353.63164165790215,122346900
2022-09-26,347.64837646484375,353.27853570562985,346.42691809015844,349.6523393463072,92581200
2022-09-27,346.7608947753906,353.4598260291323,344.3656797923764,351.1886701822386,108294100
2022-09-28,353.5838928222656,355.27293178744674,346.01657657366974,347.71516751010176,110802200
2022-09-29,346.1979064941406,350.3203103402681,343.24923029563433,350.03404240715685,112952300
2022-09-30,340.844482421875,349.17522920833704,340.7109004194997,345.25318357199444,153711200
2022-10-03,349.8431396484375,351.69441640615145,342.7815832218094,344.5660544284427,89756500
2022-10-04,360.6836242675781,360.71225105913686,349.80500664731017,355.3683600338881,103602800
2022-10-05,359.8438720703125,362.10547600581526,353.9846987017383,356.3131081925854,88065700
2022-10-06,356.1318054199219,361.3993391526018,355.6355688484854,358.441111032702,82333500
2022-10-07,346.1979064941406,356.2176918591457,344.432509914981,352.09525889115315,107789500
2022-10-10,343.5545654296875,347.55293916401916,341.31206538570666,347.3143728510966,76042800
2022-10-11,341.3788757324219,346.42694756944854,339.4417182439327,341.8560084056642,92482800
2022-10-12,340.2528076171875,343.36372158176107,340.0046893387279,341.7891897787711,76991800
2022-10-13,349.23248291015625,350.7020596679561,332.1892890254387,333.2389867095814,147254500
2022-10-14,341.2738952636719,353.32627035722425,340.6345247152281,351.6944557677686,123737000
2022-10-17,350.0435791015625,351.1505302643893,340.9398806417008,347.36209613161253,93168200
2022-10-18,354.156494140625,358.2789273270504,350.7115811797056,357.9735554343078,97162900
2022-10-19,351.6466979980469,354.8434919860376,348.8316042350714,352.11427858955096,79746900
2022-10-20,348.6980895996094,355.62606505287266,347.9346598802896,351.19826004641624,88283100
2022-10-21,357.17193603515625,357.65859149270045,346.9135849578602,348.4213111862988,131038400
2022-10-24,361.54248046875,362.67805847697105,356.0459031598392,358.698788584184,85436900
2022-10-25,367.3158264160156,367.63072116367647,361.35166805839594,361.4661752393635,78846300
2022-10-26,364.5483703613281,369.8540823855379,363.9090290046154,364.1666701170704,104087300
2022-10-27,362.6016845703125,367.3920851710098,361.9813889212359,365.55036040862007,81971800
2022-10-28,371.228271484375,371.70540412790007,362.31543719795053,362.49674993223925,100302000
2022-10-31,368.5467834472656,370.6366267278111,367.64024890976526,368.7662749442344,96631300
2022-11-01,366.93408203125,372.5356437948338,365.76035435229414,372.29707747025043,85407600
2022-11-02,357.7254943847656,370.8561966555853,357.62053916088735,366.34251046952323,126990400
2022-11-03,354.04193115234375,357.08603938395083,351.9234613034175,354.48088497780066,87100100
2022-11-04,359.13775634765625,361.5424944523819,353.07816578614245,359.75802297669105,103505200
2022-11-07,362.5730895996094,363.16472938893213,358.3552244250396,360.435515659066,68286900
2022-11-08,364.5292663574219,367.506568794875,360.44501291494083,363.67995644422217,84641100
2022-11-09,357.0192565917969,363.7086651999319,356.52302003221314,362.5539832992573,78495500
2022-11-10,376.63897705078125,376.9729757332263,368.0028876550996,370.30264142200895,141455800
2022-11-11,380.28424072265625,381.08582000984256,375.60831786460767,377.4977734770305,93839900
2022-11-14,377.0492858886719,381.8778657875463,376.77254080840333,378.5188625471577,71903500
2022-11-15,380.26513671875,383.9104368342091,376.4480758536066,382.80348568869397,93194500
2022-11-16,377.3642578125,379.58768334395705,376.73443916433405,378.6334179598029,68508500
2022-11-17,376.20953369140625,376.88708300619,372.2970693510568,372.60241210724644,74496300
2022-11-18,377.9176940917969,379.6162851991159,375.06445009963727,379.54947963736595,92922500
2022-11-21,376.5435791015625,377.7173360224795,374.701853876587,376.5913098444823,51243200
2022-11-22,381.61065673828125,381.7728946397623,377.07789693039774,378.49021994388283,60429000
2022-11-23,384.01544189453125,384.5020973782574,381.0476617682043,381.2766761134872,68261600
2022-11-25,383.9295349121094,384.4830250793276,383.175686313319,383.45240227506304,30545400
2022-11-28,377.8031311035156,382.47902466355777,377.0397014860041,380.83768738823574,67881600
2022-11-29,377.154296875,379.12960397556105,375.3125426554069,377.93677231301285,52310000
2022-11-30,389.03485107421875,389.03485107421875,375.48430196447526,377.4023553187591,144566700
2022-12-01,388.74859619140625,391.24876657686235,386.2388738341099,390.0750097932602,76398200
2022-12-02,388.300048828125,389.20658327820155,383.7482143923798,383.8531695839399,85342700
2022-12-05,381.3148193359375,386.4105918965586,379.9597790901639,385.4754306592434,77289800
2022-12-06,375.8182678222656,381.6965452135378,373.72845373229296,381.15263615766594,77972200
2022-12-07,375.1789245605469,377.54551283524984,374.0433465972937,374.9689850432598,65927900
2022-12-08,378.11810302734375,379.18687558828674,375.2839336975472,377.06843441190426,60737900
2022-12-09,375.29339599609375,379.43490324109257,375.16933686743675,376.8774796353652,81447700
2022-12-12,380.7041320800781,380.7041320800781,375.41749445562255,376.0854626556509,75405800
2022-12-13,383.5860290527344,391.71635903607296,380.8186654692543,391.4587178854205,123782500
2022-12-14,381.1335754394531,386.9545999060633,378.1848989989114,383.2424937114521,108111300
2022-12-15,371.8103332519531,377.17329870946276,370.1499212179962,376.2667351726121,117705900
2022-12-16,367.420654296875,370.5937737780776,365.2828900409104,369.2516737227571,119858000
2022-12-19,364.30511474609375,367.9479918227815,362.63707790509415,367.6124594366193,79878100
2022-12-20,364.8036193847656,366.4237355185501,362.22485603598886,363.5477938735729,74427200
2022-12-21,370.2583923339844,371.38958923394796,366.8647723784969,367.40161257697446,78167400
2022-12-22,364.9761962890625,370.23916053307846,359.2722332289845,367.209831595386,100120900
2022-12-23,367.07562255859375,367.21941379519086,362.39741929068407,363.950423157118,59857300
2022-12-27,365.6280517578125,367.3056844290648,363.9504190865602,366.96058546509136,51638200
2022-12-28,361.08404541015625,367.53575137567236,360.85397945187947,365.5609112966341,70911500
2022-12-29,367.58367919921875,368.45605164881476,363.4039622569558,363.93123576240765,66970900
2022-12-30,366.615478515625,366.75926975895635,362.7808893302895,364.89952091921486,84022200
2023-01-03,365.0720520019531,370.45004902050835,362.20567683665195,368.4752380300906,74850700
2023-01-04,367.8904724121094,369.9227998702252,364.2859494452824,367.33444063245616,85934100
2023-01-05,363.6915588378906,366.04982262488596,363.09720228841604,365.9347896482895,76970500
2023-01-06,372.0317687988281,373.1533988238213,363.7203144875391,366.78796777872327,104189600
2023-01-09,371.82086181640625,377.4193868007846,371.63874577683936,374.2270754746065,73978100
2023-01-10,374.42840576171875,374.4955180862106,370.29663872249137,371.2361234986063,65358100
2023-01-11,379.1642150878906,379.24092326423306,375.1954300022919,376.01028615624546,68881100
2023-01-12,380.5445861816406,382.0113152345906,376.19234893637963,380.2665995563064,90157700
2023-01-13,382.0209655761719,382.5961598321735,377.0743417835104,377.34276186889844,63903900
2023-01-17,381.321044921875,383.6793378425403,380.6404136751404,382.00170542419727,62677300
2023-01-18,375.30078125,383.5739112290624,375.09947353048597,382.5098268846119,99632300
2023-01-19,372.56866455078125,374.90773682058955,371.24572672429906,373.2588624544161,86958900
2023-01-20,379.50933837890625,379.66272547397637,372.3194828602261,373.96835756273396,91806400
2023-01-23,384.0628356933594,385.9992925218667,379.3558743905331,380.31452159871134,84178800
2023-01-24,383.650634765625,384.56133208460926,381.19650018692624,382.3852133953482,59524900
2023-01-25,383.7944641113281,384.12999652768013,377.28524055423935,379.57642171380235,84800300
2023-01-26,388.01251220703125,388.1754951278568,383.4876955763573,386.45950819175505,72287400
2023-01-27,388.90399169921875,391.28144730327597,386.7566313185161,386.96753487416305,68346200
2023-01-30,384.0245361328125,388.3768032673917,383.7273577965346,386.14313857209555,74202000
2023-01-31,389.67095947265625,389.7188801347345,384.19706240377985,384.5421906397612,86811800
2023-02-01,393.8123474121094,396.5636900750736,385.71179428748286,388.4535118588833,101459200
2023-02-02,399.54498291015625,401.01171197085296,395.80626464324223,397.70436739497256,101654500
2023-02-03,395.2981872558594,399.72713273402843,394.09028239614366,394.56960600643197,94736800
2023-02-06,392.8824462890625,394.2820925400618,391.22400503082395,392.84412145755863,60295300
2023-02-07,398.0207824707031,399.2670122823971,390.7158945853212,391.9621243970152,90990700
2023-02-08,393.66845703125,397.3880127555721,392.97822989420473,396.0459125600925,76227500
2023-02-09,390.2557067871094,397.42639877292254,389.02863947326034,397.27301170174235,78694900
2023-02-10,391.1664733886719,391.54992647804596,388.26177308465975,389.0765999287314,70769700
2023-02-13,395.7583312988281,395.8925559564968,391.358143932513,391.8183051444725,64913500
2023-02-14,395.5762023925781,397.8865164448738,391.61698469819703,394.2340728818384,88389300
2023-02-15,396.8608093261719,396.9374882356896,392.5373007553342,393.38091503799455,61555700
2023-02-16,391.3965148925781,395.83505653186137,391.2623194847148,391.8854343728946,76431500
2023-02-17,390.418701171875,390.6583629922171,387.34142233465536,389.26831273199565,89257800
2023-02-21,382.5865173339844,387.44686578378213,382.3276931153695,386.39234798566156,82655900
2023-02-22,382.0592956542969,384.54218860202,380.6021330632425,382.9987512663258,83742300
2023-02-23,384.0916442871094,385.56796937278995,379.8640060342025,384.95442103644666,96242400
2023-02-24,379.98858642578125,380.82260481900255,377.36190242771124,379.06829329418446,108194400
2023-02-27,381.2828063964844,384.69558849089844,380.34332149757034,383.33429643374495,80444700
2023-02-28,379.87359619140625,382.7687005643169,379.76812977335084,380.80348526155615,96438600
2023-03-01,378.4163818359375,380.2857555557943,377.1126357022291,379.058688324708,99706800
2023-03-02,381.3594970703125,382.20311141280865,376.10609910014693,376.4416315212209,85127800
2023-03-03,387.4756774902344,387.724935164796,382.5290536184137,383.1809267997028,90120000
2023-03-06,387.7440490722656,390.6008283701899,387.3030795348652,388.3000515971973,72795900
2023-03-07,381.8004455566406,387.9358116155142,381.1869265041094,387.69614979307676,108310600
2023-03-08,382.4236145019531,383.1809248459443,380.18994978883694,381.91553257565727,74746600
2023-03-09,375.367919921875,384.8777136423342,374.3805144113086,383.2096475110798,111945300
2023-03-10,369.9515686035156,376.901761257044,368.4273229667233,374.82148382483746,189253000
2023-03-13,369.42431640625,374.24634050095773,364.90909573022645,366.021130129731,157790000
2023-03-14,375.53094482421875,377.1798194710275,371.04445289786275,374.351798026972,149752400
2023-03-15,373.18218994140625,373.38349766674736,367.8425178859198,369.9323910671056,172996900
2023-03-16,379.729736328125,380.074864540284,370.3158428605711,370.8239247170232,143254200
2023-03-17,375.2897033691406,379.5334763060183,373.9039803951704,378.3979622867853,140553400
2023-03-20,378.8982849121094,379.31209873462535,375.36663899144173,376.06910344638334,93055800
2023-03-21,383.87347412109375,384.35462710121084,380.66897882785537,382.2664102459138,91524200
2023-03-22,377.3297424316406,387.3184821097673,377.2912713410689,383.7002319906284,111746600
2023-03-23,378.349853515625,384.2391613901428,375.636143615093,380.1974645439356,119351300
2023-03-24,380.83258056640625,380.9191845780308,374.7219318967555,377.06996076940004,107682400
2023-03-27,381.544677734375,383.88310351821207,380.6497402466303,383.11324113581304,74010400
2023-03-28,380.688232421875,381.54466943004763,378.8502245684134,380.8518079845922,62871700
2023-03-29,386.2214660644531,386.4620425314962,383.65209647484517,384.8549788100607,77497900
2023-03-30,388.4829406738281,389.1084336951085,386.61606470017716,388.85822473969705,69840000
2023-03-31,393.95843505859375,394.2567475446969,389.30084855820127,389.40671748046964,112062600
2023-04-03,395.4596252441406,395.86377728046097,393.04422801384897,393.4387769608017,67391100
2023-04-04,393.2655944824219,396.3930888912914,391.88947462341105,396.10437947935486,66601500
2023-04-05,392.2359313964844,393.2944738697264,390.5807639021192,392.53424390704595,65200200
2023-04-06,393.7659606933594,394.0450376322365,390.3882575257403,391.437167451645,63743300
2023-04-10,394.17010498046875,394.2471058980047,390.66732678096605,391.28318728502614,63681000
2023-04-11,394.2760009765625,395.6809594619992,393.5061679518089,394.7956544202573,59297900
2023-04-12,392.6689453125,396.6336706379783,392.08195275810823,396.34496122221753,86420400
2023-04-13,397.8846740722656,398.2407226034187,392.6112264732372,393.7563729944993,85814800
2023-04-14,396.9127197265625,399.44358917464797,394.6031912280039,397.24953269593004,78161500
2023-04-17,398.3369445800781,398.356180127704,395.59436663010166,396.82611712486937,66436400
2023-04-18,398.5968017578125,400.04989336742534,397.2207110819184,399.9151564170433,63560000
2023-04-19,398.5294189453125,399.43395956292494,396.6240425026219,396.68177851295354,55227300
2023-04-20,396.35455322265625,398.1059569841909,394.805225474454,395.709795357126,75840400
2023-04-21,396.6625061035156,397.1243941432459,394.7090262895011,396.6528736469394,73457400
2023-04-24,397.0762939453125,397.4997108968018,395.1228141148149,396.4604040641478,64332100
2023-04-25,390.773193359375,395.6617241074058,390.7154573508528,395.1035702020275,97766700
2023-04-26,389.1180114746094,392.46684668077467,388.55988695720504,391.3890687387205,80447000
2023-04-27,396.8645935058594,397.1340379925136,391.4083059420538,391.65851488224934,92968400
2023-04-28,400.2519226074219,400.26155506482286,395.92154566069996,395.97928167060974,89433100
2023-05-01,399.8477478027344,401.8781992260224,399.61677440898023,399.8092473425676,62122300
2023-05-02,395.3537292480469,399.18371707766147,392.4475761726746,399.1355841651367,103998500
2023-05-03,392.64007568359375,398.26957154429016,392.3994991884123,395.8541741351487,91531800
2023-05-04,389.8590393066406,391.9183589011733,388.5214198537967,391.5911783811914,94901900
2023-05-05,397.0762939453125,398.12520386737816,393.23670274642825,393.4965147709688,87891800
2023-05-08,397.18212890625,397.6632818576283,395.77717051105407,397.4034698360924,50046800
2023-05-09,395.44036865234375,396.55664705489033,395.20942462672946,395.6328415851866,49220100
2023-05-10,397.2879943847656,398.9142936957152,393.45800635276555,398.2791682813285,96142900
2023-05-11,396.5952453613281,396.88392546456805,394.5166605162397,396.42203729938416,70157100
2023-05-12,396.0754699707031,398.04821462684833,393.65046974768575,397.8365061605119,70481500
2023-05-15,397.4420166015625,397.8461686821511,394.76680705489645,396.6817866269805,54289400
2023-05-16,394.7859802246094,397.25911334021237,394.7763477684629,396.33527856748293,57705500
2023-05-17,399.5782775878906,400.1845056184392,395.16129716185526,396.80683197926186,87287000
2023-05-18,403.4275207519531,403.8509377054382,399.0394081133319,399.2607196795313,97177200
2023-05-19,402.8405456542969,404.86139419112027,401.6184275681808,404.3321376214222,103793300
2023-05-22,403.0041809082031,404.5438765457276,401.6184577711563,402.8598408662715,60745400
2023-05-23,398.48126220703125,402.9367433972177,398.08671324851565,401.35854756315524,86383500
2023-05-24,395.5943908691406,397.25919090910776,394.4300087705914,396.8742743622671,89213700
2023-05-25,399.0201721191406,400.4732635587891,396.8646161031706,399.1067761340057,90961600
2023-05-26,404.1877136230469,404.90944304818487,399.5975250513779,399.6744966018046,93830000
2023-05-30,404.3416748046875,406.65120302721357,402.95595199772293,406.12194654378385,72216000
2023-05-31,402.09954833984375,403.41790279671176,400.5309849376734,402.51333285149997,110811800
2023-06-01,405.919921875,406.9784643429913,401.07952389464964,402.33050994129945,88865000
2023-06-02,411.78997802734375,412.5790465929496,407.9696222034908,408.49887873292437,91426200
2023-06-05,411.0008850097656,413.4258854781173,410.29839108056865,412.1363990044285,65460200
2023-06-06,411.89581298828125,412.4250695118066,409.9327006351518,410.5870909976928,64022200
2023-06-07,410.4715881347656,413.4258744271593,410.0481711705742,412.2903604628489,85373300
2023-06-08,412.954345703125,413.4066306619177,409.76911544531237,410.5389484373123,61952800
2023-06-09,413.6953125,415.7065283650919,412.70413856902655,413.75304850629004,85742800
2023-06-12,417.4483337402344,417.5253346663892,413.9551876062376,414.6769171108834,76104300
2023-06-13,420.2004699707031,420.8451984353185,418.24699029785324,418.91098367422893,95899700
2023-06-14,420.7008972167969,422.5100370544421,417.2462224703346,420.5373216552151,100612100
2023-06-15,425.9166564941406,427.1676425913594,419.78677175671936,419.88297886631347,110303100
2023-06-16,424.4658508300781,428.4742491472454,423.99257880127806,427.9043831698667,114165800
2023-06-20,422.26361083984375,423.4130109410261,420.1869737539229,422.52441742791524,76160400
2023-06-21,420.1000671386719,422.0801103736596,419.51086470582334,421.2784425280354,76982300
2023-06-22,421.6165466308594,421.722779347334,418.80583057108225,419.14389467353715,70637200
2023-06-23,418.4290771484375,420.21596194306784,417.71433502111864,418.1586317913709,92074500
2023-06-26,416.71954345703125,419.781368562751,416.47807329831915,417.8592755318311,72823600
2023-06-27,421.28814697265625,421.90629521825156,417.1445110170716,417.59847607026,72813700
2023-06-28,421.5006408691406,422.514803688603,419.58818670737986,420.2063349514927,75636000
2023-06-29,423.1618957519531,423.32610840810986,420.679605245235,421.0852585523664,67882300
2023-06-30,428.1554870605469,429.1406745135059,426.05951350289007,426.3782705598957,104964000
2023-07-03,428.6481018066406,428.9281859198321,427.52767692487674,427.8077905144009,32793400
2023-07-05,428.01068115234375,428.7447598513333,426.8226373857692,426.8323056243361,58418400
2023-07-06,424.65899658203125,425.08398633253137,422.147701549894,424.4271947095155,80658300
2023-07-07,423.58685302734375,427.5373299461191,423.34538291856603,423.6641399688983,86134200
2023-07-10,424.65899658203125,424.83284798641813,422.6596170025875,423.22948292340993,62443500
2023-07-11,427.36346435546875,427.85607282742535,424.44651594855435,425.4220646553444,64463800
2023-07-12,430.8020324707031,432.2122392972248,429.729919208418,431.15943303446664,91924500
2023-07-13,434.2212219238281,435.01325098389225,432.18322827988203,432.6178568057713,72425200
2023-07-14,433.95074462890625,435.95976288991324,433.1876908600683,435.1098128986264,69815800
2023-07-17,435.45751953125,436.51032563863066,433.7575605810342,433.8058722872245,52680200
2023-07-18,438.6933288574219,439.3404523774336,434.69456887177944,435.129226948945,80668200
2023-07-19,439.6688232421875,440.85683741354967,438.61598753921226,439.4853035858035,65891700
2023-07-20,436.7518310546875,439.57221504319733,436.037088927524,438.6739532656,70591600
2023-07-21,436.7518310546875,438.6739532656,436.7421922937348,438.4710971405942,71275600
2023-07-24,438.70294189453125,439.5142779903244,436.867745334165,437.9012445599851,54023400
2023-07-25,439.900634765625,441.15626767500714,438.3841952460214,438.4325069587421,55191200
2023-07-26,439.96832275390625,441.39780731096243,437.9109921669652,438.96379858242983,71052900
2023-07-27,437.05126953125,443.7641509737044,436.14333947921443,443.35846818342566,92194400
2023-07-28,441.33013916015625,442.16078225681895,437.05126606431355,440.3256151682766,80011800
2023-07-31,442.17041015625,442.5277811990183,440.48975816470266,441.80337087675883,62040400
2023-08-01,440.9051208496094,441.64883818871544,439.94887915495036,440.7022647310359,55291500
2023-08-02,434.77178955078125,438.0461090832154,434.01840394785836,437.78533196247287,93933400
2023-08-03,433.5257873535156,435.40926606374575,432.10594188115226,432.75309476673715,64276100
2023-08-04,431.5650939941406,437.44730311288595,431.0435102343316,435.34169055011716,100128900
2023-08-07,435.33203125,435.48657568112884,432.7048348734821,433.4002700753938,58357500
2023-08-08,433.4388732910156,435.3223520518387,430.0775985479417,432.7917203880473,71361300
2023-08-09,430.541259765625,433.87355948928627,429.77820586959297,433.7093468244431,78789600
2023-08-10,430.6958312988281,436.28828834846206,429.5271240006527,432.89803793591824,93005500
2023-08-11,430.4446105957031,431.45880273974404,428.22309738246776,428.8219385368356,68690900
2023-08-14,432.82073974609375,432.82073974609375,429.21802398769285,429.52711285274876,47867400
2023-08-15,427.7789001464844,431.400952625637,427.20900461725313,431.0435520209029,75707500
2023-08-16,424.63970947265625,429.0247856402229,424.53344729188865,427.3634700312785,80107200
2023-08-17,421.4040222167969,426.3686327842003,420.8824384802807,426.1078556541094,95711300
2023-08-18,421.60687255859375,422.6403718520157,418.23595877170976,418.5836616313642,98852000
2023-08-21,424.3499450683594,425.09366245894176,420.4671159807588,422.6210106803204,68719000
2023-08-22,423.2005920410156,426.1272091701829,422.64039424533416,426.1272091701829,64994200
2023-08-23,427.9140319824219,428.53220964419495,424.1181287339091,424.263004912033,68441000
2023-08-24,421.9835205078125,430.0292916211122,421.95451579727023,429.5173761658402,88517300
2023-08-25,424.95849609375,426.2431043443279,420.15806824986475,423.712501844876,102325100
2023-08-28,427.65325927734375,428.2714074691659,424.95844443108183,427.1509825528838,61595400
2023-08-29,433.8349609375,434.1150745823747,427.3635487226564,427.5470684062289,83081900
2023-08-30,435.62176513671875,436.2592497912926,433.4678410527647,434.17294441532357,69053900
2023-08-31,434.98431396484375,437.3796788770793,434.8007943012341,436.2399468961714,66084600
2023-09-01,435.7956848144531,438.19107939386777,434.3371956273561,437.7081390777522,58944100
2023-09-05,433.9122009277344,435.6701107330132,433.8446116862524,435.35138309753785,55166200
2023-09-06,430.9952392578125,433.2071140684911,428.6674634922226,433.1008518755981,70758500
2023-09-07,429.6719970703125,430.34809581436866,427.6436418854697,427.991344757898,70355400
2023-09-08,430.319091796875,431.85483833340237,429.3628794853081,429.72025057240546,61659700
2023-09-11,433.1492004394531,433.4582598533964,431.2367460917132,432.9463442747647,60180100
2023-09-12,430.7731018066406,433.2264469118444,430.1935969975154,431.70036845391746,67565400
2023-09-13,431.2752990722656,432.4343379531001,429.8940675950137,430.9951854819559,60199300
2023-09-14,434.9939270019531,435.6893621396805,432.4440178145085,433.747962382289,83430800
2023-09-15,429.75299072265625,433.73677769771734,429.31682909931095,433.4072234999764,111848900
2023-09-18,430.0050354003906,431.3038771522312,428.96789063501143,429.4428320631367,55752200
2023-09-19,429.1132507324219,429.675454034148,426.42833506959016,429.0841732913192,66514600
2023-09-20,425.1682434082031,430.7900985499461,424.96467175443377,430.3733120632257,82562600
2023-09-21,418.14093017578125,422.58025371246634,417.98584063306095,422.31855674804774,104095800
2023-09-22,417.2007751464844,420.7677463582612,416.78395900410345,419.16842775985725,100829700
2023-09-25,418.95513916015625,418.993889361631,415.55293063128704,415.9891218304828,70874500
2023-09-26,412.8001708984375,416.6191660672769,411.96656825523684,415.91157553365485,96168400
2023-09-27,412.9649353027344,414.5352059296986,409.32043434886083,413.97300260416256,104705800
2023-09-28,415.3591003417969,417.0359784928409,411.8212066146307,412.4124874162186,92258300
2023-09-29,414.3510437011719,418.5868254716406,412.8292551807975,418.4123608156291,115111300
2023-10-02,414.1862487792969,415.436637965525,411.4237734247356,413.51743802249865,83798600
2023-10-03,408.64190673828125,414.2443872113326,407.27520783651096,412.00533549021924,103760600
2023-10-04,411.6176452636719,412.3639860114544,407.64356048210016,409.1071941153402,87453000
2023-10-05,411.4625549316406,412.3058303467078,408.23484048426144,411.3268404794052,70142700
2023-10-06,416.3477783203125,417.8889419596687,407.68234534407696,409.01026454136644,113273300
2023-10-09,419.0133056640625,419.5851817448939,413.89546879833836,414.44794019758774,80374400
2023-10-10,421.1942138671875,423.79189736248946,419.245936455557,419.64334789466267,78607300
2023-10-11,422.9195556640625,423.1715503152822,419.8759785243393,422.2604472219357,62451700
2023-10-12,420.3412780761719,423.9082494629408,417.98591622949925,423.53024266819244,81154200
2023-10-13,418.2475280761719,423.04551271009467,416.67728716479496,421.8435761764503,95143100
2023-10-16,422.6481628417969,423.7143850912576,420.25402134631616,420.49634324027045,75433200
2023-10-17,422.6287536621094,424.6836681484373,419.1684195342952,419.5173488593283,75324700
2023-10-18,416.9971618652344,421.8145218630585,415.91156461169203,420.85493671578564,93559800
2023-10-19,413.33331298828125,419.5270750829903,412.65482940199,417.7145119651641,121323000
2023-10-20,408.2542724609375,413.4399673653558,408.147635436424,412.8971686414108,123919900
2023-10-23,407.5466003417969,411.4140774521023,404.96829212836195,406.7227000782813,92035100
2023-10-24,410.6192932128906,411.7727477741345,407.8180379697815,409.6693807564813,78564200
2023-10-25,404.72601318359375,408.9618247136512,404.21229195450024,408.9327472697519,94223200
2023-10-26,399.87957763671875,404.512771066671,398.9587721877273,403.65982284727204,115156800
2023-10-27,398.0670166015625,401.86663693380547,396.6421626745101,401.4692254760225,107367700
2023-10-30,402.8262023925781,403.88272225418063,399.5597081383843,400.85854988329856,86562700
2023-10-31,405.3560485839844,405.67590044700427,401.48857130380884,403.39806888205027,79665200
2023-11-01,409.6790466308594,410.49324455803196,405.79219440086933,406.32532025886866,98068100
2023-11-02,417.5303039550781,417.68539350879695,413.4592845158063,413.4786596174057,94938900
2023-11-03,421.339599609375,422.8904655764815,419.71120365505175,419.8372157670484,100167800
2023-11-06,422.3088684082031,422.75473237061436,420.3605910898025,422.0956239774314,67831700
2023-11-07,423.5107727050781,424.1505059932791,421.1651135619809,422.3088656922616,64256100
2023-11-08,423.8209533691406,424.635151307966,421.51404441898217,424.11172778289733,61746000
2023-11-09,420.5157165527344,425.0035227425126,420.08922765476564,424.9647429571584,83174400
2023-11-10,427.0777587890625,427.38793789386506,420.5059906051338,422.58998243152627,89462200
2023-11-13,426.6706848144531,427.7756572288507,424.9550565166978,425.7401770580696,52236100
2023-11-14,434.9483642578125,436.2375035396276,432.38943121379657,432.61237797424354,97176900
2023-11-15,435.86920166015625,437.51700226405256,435.01622391603615,436.28598819138983,77327600
2023-11-16,436.40234375,436.72219562577186,434.3571316402488,435.42335386000235,66665800
2023-11-17,436.94512939453125,437.55578526494025,435.4911981146269,436.41200351038174,83133200
2023-11-20,440.30853271484375,441.15180807539235,436.6833774860901,436.69307982642476,69936200
2023-11-21,439.34893798828125,440.1825406267048,438.0791737195552,439.2617056622207,49244600
2023-11-22,441.045166015625,442.36341233286754,439.94989604168717,441.00641581534256,59394900
2023-11-24,441.31658935546875,441.51045868866237,440.7641179584505,441.09367216063396,29737400
2023-11-27,440.5218200683594,441.5007803874619,440.13408138085987,440.68658238826873,50506000
2023-11-28,440.95794677734375,442.2567884526749,439.5718727783306,440.13404650216097,62115000
2023-11-29,440.6477355957031,444.24381318734913,440.2503537879695,443.1097339014553,63146000
2023-11-30,442.3828430175781,442.73180192610516,439.41682540648986,441.4911150141487,79752700
2023-12-01,444.99993896484375,445.53303530779465,441.18094348970146,441.77219472169025,89183400
2023-12-04,442.6639404296875,445.01930211338146,440.3861087358581,441.60742053346644,72430900
2023-12-05,442.5766906738281,443.5362758597069,440.8998126034742,441.2778489374918,69793500
2023-12-06,440.793212890625,444.7478930540511,440.35702166378525,444.718815610949,69124700
2023-12-07,444.1566162109375,444.8060222628319,442.27619611806483,442.8771496276889,66995400
2023-12-08,446.066162109375,446.59925845337557,443.167972091833,443.4102939900714,83194400
2023-12-11,447.8011474609375,447.97564170163525,445.358553474564,445.5717979195869,65002200
2023-12-12,449.8463439941406,449.94327866221204,446.4538376737931,447.45220263628306,68327600
2023-12-13,456.0498046875,456.3018289230582,449.8657452173365,450.2243768877482,93278000
2023-12-14,457.513427734375,459.1806035101216,454.83818462019093,457.98836917003774,119026000
2023-12-15,456.7601318359375,458.09346468799856,454.911024624647,456.9158501916579,141553700
2023-12-18,459.3294982910156,460.3124575420563,457.30521881092204,458.3660223995557,70375300
2023-12-19,462.12255859375,462.2004326198957,459.79658439176796,459.8744287176748,55761800
2023-12-20,455.71881103515625,463.15417688283,455.2905929826461,461.26613266046417,102921000
2023-12-21,460.03985595703125,460.31235562864003,456.2832215195996,458.7065232314146,86667500
2023-12-22,460.96441650390625,462.6480933014032,459.06666039020405,461.1687838422537,67160400
2023-12-26,462.91082763671875,463.8159126462135,461.29528326802847,461.37315728833744,55387000
2023-12-27,463.7478332519531,463.8938099220547,462.1712258143802,462.7064835048319,68000300
2023-12-28,463.92303466796875,464.75998742977106,463.5045582870676,464.10794836189996,77158100
2023-12-29,462.5799865722656,464.2539217843669,460.62380998189565,463.72837604213146,122283100
