Price,Close,High,Low,Open,Volume
Ticker,TLT,TLT,TLT,TLT,TLT
Date,,,,,
2002-07-30,36.387657165527344,36.55727796982584,36.387657165527344,36.49032256841818,6100
2002-07-31,36.83847427368164,36.95899463708835,36.55726576821938,36.57958195757808,29400
2002-08-01,37.04829788208008,37.05722368435678,36.8429703747665,36.8429703747665,25000
2002-08-02,37.42770004272461,37.53929127922975,36.99472550020559,37.11971054570654,52800
2002-08-05,37.592864990234375,37.691065845942106,37.42770869604455,37.51251914515487,61100
2002-08-06,37.271446228027344,37.449992759319855,37.14646467777014,37.43660236543399,64900
2002-08-07,37.3607292175293,37.55713080256873,37.20896683308455,37.31609342242748,40300
2002-08-08,37.3607292175293,37.391974614649854,37.20896683308455,37.307167625604265,40900
2002-08-09,37.88743591308594,37.88743591308594,37.49463618851688,37.49463618851688,35900
2002-08-12,38.11954116821289,38.699813160435845,38.00348540757151,38.07490538504066,32100
2002-08-13,38.58822250366211,38.597151703708334,38.106151271418135,38.28915900646168,75400
2002-08-14,38.735530853271484,39.23546057851051,38.7221404562058,39.03905900690006,130000
2002-08-15,38.39629364013672,38.61055021489048,38.320412451252295,38.55698521982886,87100
2002-08-16,37.96778869628906,38.619480893879924,37.86066209811481,38.58377429815061,85000
2002-08-19,38.08384704589844,38.09277284405474,37.81156422797031,37.96333004057465,47300
2002-08-20,38.50790023803711,38.51682944353421,38.208836558271834,38.21776576376893,40800
2002-08-21,38.30255889892578,38.432005087758775,38.22221310604643,38.24453270620458,40000
2002-08-22,37.96778869628906,38.18650989965682,37.96778869628906,38.18650989965682,34400
2002-08-23,38.34274673461914,38.36506293698834,38.03028925200417,38.03028925200417,20100
2002-08-26,38.378448486328125,38.4811104872214,38.24007307724246,38.253463476881294,23900
2002-08-27,38.13738250732422,38.24450902967885,38.03025257947884,38.11952751934999,301800
2002-08-28,38.329322814941406,38.467694727310494,38.31592901863929,38.40520396653148,18100
2002-08-29,38.637359619140625,38.771270503204136,38.543623362494266,38.726634677014715,135700
2002-08-30,38.86946105957031,38.89177726400123,38.58824895868716,38.72215980725002,78100
2002-09-03,39.46702575683594,39.46702575683594,39.00080878167219,39.03667241517964,102100
2002-09-04,39.45803451538086,39.58355715750815,39.37734309837017,39.462518321920975,66300
2002-09-05,39.673221588134766,39.74046502061784,39.17114116842326,39.70460140060779,648400
2002-09-06,39.20699691772461,39.53424639937142,39.09044188616162,39.43562317421368,140000
2002-09-09,39.14872360229492,39.37286606640497,39.11734379412522,39.22493121925812,83800
2002-09-10,39.33698272705078,39.449053902911324,39.00076919946915,39.07697677822051,336000
2002-09-11,39.13078689575195,39.13527070211273,38.88871265440259,39.00078387242681,177700
2002-09-12,39.43564224243164,39.511849891395705,39.211499684200376,39.215983493005325,43400
2002-09-13,39.79874801635742,39.87047526931465,39.52977765805513,39.597021102666616,155100
2002-09-16,39.865970611572266,39.99597362445957,39.852522613711834,39.98700601245803,73000
2002-09-17,39.942195892333984,40.04081914715288,39.6104659244241,39.73598518686873,75400
2002-09-18,39.95115661621094,40.148399671678355,39.90632538437749,39.96908842491576,196600
2002-09-19,40.220123291015625,40.24253548477486,40.01391263966116,40.21115567739793,109900
2002-09-20,40.031864166259766,40.13048402363658,39.92427327070368,40.0991042008021,113500
2002-09-23,40.390445709228516,40.45320528572889,40.242510955988884,40.34561792889116,163200
2002-09-24,40.65046310424805,40.767018102155994,40.439768715001854,40.48011612279903,251900
2002-09-25,40.15735626220703,40.5070178856058,40.01390525209108,40.39046287109226,127200
2002-09-26,40.0632438659668,40.134967709306245,39.72254620470795,39.91979275914373,429000
2002-09-27,40.363555908203125,40.363555908203125,40.11251756374595,40.134929747277674,298200
2002-09-30,40.52497482299805,40.74911737907642,40.38152372391365,40.64152990979912,297800
2002-10-01,40.022335052490234,40.184332631207226,39.95933637556367,40.121333954280665,257500
2002-10-02,40.2518310546875,40.26533371465856,39.977335332509504,40.15733303391369,91000
2002-10-03,40.1528205871582,40.278817901141906,39.959323731206275,40.18431991565413,29900
2002-10-04,40.27880096435547,40.37329891010792,39.77930937025833,39.77930937025833,131000
2002-10-07,40.3463134765625,40.48130911405786,40.256312951729946,40.45431067319258,433800
2002-10-08,40.359806060791016,40.73329701963527,40.21130779411102,40.2743064345507,530900
2002-10-09,40.56679916381836,40.670295451446655,40.47679866026314,40.63429868319273,402900
2002-10-10,40.247310638427734,40.575803080388894,40.175310225677066,40.575803080388894,97100
2002-10-11,39.77032470703125,40.148320085763096,39.626327284935634,40.09431976503873,421800
2002-10-14,39.711795806884766,39.84679478629381,39.63079710587267,39.82429381200342,18300
2002-10-15,38.77134323120117,39.28433424490579,38.76684234633169,39.149335164175426,297100
2002-10-16,38.789329528808594,38.9693271105795,38.649833033691095,38.9693271105795,125200
2002-10-17,38.31685256958008,38.501347663627406,38.280852354537366,38.31235168440737,233400
2002-10-18,38.41584014892578,38.424838483455936,37.925346804404974,38.25834011271613,459100
2002-10-21,38.0423469543457,38.519337662390235,38.024346851548174,38.4743391219807,134900
2002-10-22,37.93435287475586,38.1818465838441,37.89835266621504,38.1818465838441,205000
2002-10-23,37.947872161865234,38.33936347897227,37.88037259344899,38.13686820689419,127800
2002-10-24,38.280853271484375,38.361852040685925,37.83536175746066,37.871361973365694,339600
2002-10-25,38.420310974121094,38.501309661433815,38.31681474948967,38.406811765096656,146100
2002-10-28,38.36635971069336,38.537355616726934,38.33935782740478,38.50135539445561,97800
2002-10-29,38.86581039428711,39.09980472440636,38.59581244693175,38.61831342026687,125000
2002-10-30,38.852333068847656,39.00533223426336,38.73083665989677,38.865835721547754,31900
2002-10-31,39.02785873413086,39.08635653472867,38.70836097491766,38.72186363644423,512700
2002-11-01,38.86466979980469,39.294087295300486,38.534693778494315,39.00931601973739,125100
2002-11-04,38.6928825378418,38.76068617715009,38.534676345213356,38.638642385304244,342500
2002-11-05,38.543704986572266,38.69287226371482,38.4623413307341,38.69287226371482,73800
2002-11-06,38.69743347167969,38.932482360327,38.38102084299311,38.444303368730424,118500
2002-11-07,39.65568923950195,39.65568923950195,39.25790970198072,39.34831570988854,147900
2002-11-08,39.97663116455078,40.07155490621869,39.755138985355046,39.95854995918966,294700
2002-11-11,40.1935920715332,40.1935920715332,39.958543338060814,40.026346984770626,70000
2002-11-12,39.963069915771484,40.29756358325696,39.94498871095644,40.29756358325696,494300
2002-11-13,40.0489501953125,40.089633767155185,39.75965782372688,39.981146541332755,104700
2002-11-14,39.21724319458008,39.619540585629764,39.21724319458008,39.619540585629764,118000
2002-11-15,39.37544250488281,39.42968611888076,38.991226389482904,39.11779137350761,110700
2002-11-18,39.551700592041016,39.61046187712645,39.30760968312256,39.33472974567974,32200
2002-11-19,39.69639205932617,39.88172189505165,39.55626697772592,39.75515341159499,51800
2002-11-20,39.307647705078125,39.87719371013824,39.239844034464646,39.86815138144954,307400
2002-11-21,38.92796325683594,39.09972961362858,38.81043709237839,39.09972961362858,323200
2002-11-22,38.891754150390625,39.04996026921545,38.81942938256514,39.02284020559826,184800
2002-11-25,38.819435119628906,39.04544487953306,38.78327617900703,38.87367870351459,288200
2002-11-26,39.307647705078125,39.33476779386834,38.94151271185845,38.96411163630431,377800
2002-11-27,38.42168045043945,39.02286757221925,38.40359924580279,38.98670516294592,325600
2002-11-29,38.670284271240234,38.706443223991855,38.48495455060391,38.493996875269126,31700
2002-12-02,38.7061767578125,38.77883196877814,38.21122612457586,38.3065834906749,284900
2002-12-03,38.76063919067383,38.9150262019777,38.65165992008353,38.9150262019777,113800
2002-12-04,38.96045684814453,39.051272374888164,38.846935707519854,39.005864611516344,129000
2002-12-05,39.06037139892578,39.17843441220183,38.7152694591834,38.72434963048528,206400
2002-12-06,39.128475189208984,39.54623225422733,38.94230227596018,39.50536629682799,440500
2002-12-09,39.346431732177734,39.43724726745854,39.12846959735696,39.142091581210025,400300
2002-12-10,39.450870513916016,39.4735761306582,39.27831960560385,39.32826919092408,151600
2002-12-11,39.71421432495117,39.800491454601996,39.48717216430243,39.57344929395325,163800
2002-12-12,39.67788314819336,39.77778224411805,39.53257631713603,39.53257631713603,135800
2002-12-13,39.29195022583008,39.57802581633871,39.29195022583008,39.56894218188907,425800
2002-12-16,38.99677276611328,39.45994086236099,38.97860897171243,39.45994086236099,115700
2002-12-17,38.99677276611328,39.21019301983629,38.905957258498596,39.187490875127395,290600
2002-12-18,39.301029205322266,39.36460078137421,39.16480241984464,39.269243417296295,191000
2002-12-19,39.65065002441406,39.7278435416518,39.346414305143625,39.41452765863125,134400
2002-12-20,39.67788314819336,39.75961845718737,39.57344570382709,39.609773277688454,41900
2002-12-23,39.68695831298828,39.68695831298828,39.16476080931987,39.66879452992993,74200
2002-12-24,39.90946960449219,39.99574673172784,39.88676400330754,39.95941915558774,46600
2002-12-26,39.98666763305664,39.98666763305664,39.83682242719185,39.914015936938675,13500
2002-12-27,40.427188873291016,40.427188873291016,40.08662510747392,40.20923000322859,140200
2002-12-30,40.52249526977539,40.52249526977539,40.24550347865875,40.36810821998023,274900
2002-12-31,40.4202766418457,40.76711526328271,40.3061853107485,40.593694211668655,109400
2003-01-02,39.375160217285156,40.114472556200205,39.343214815826414,40.02319749361263,192100
2003-01-03,39.466468811035156,39.493849612180654,39.16983069872675,39.31586744115373,311200
2003-01-06,39.36149978637695,39.37975481278836,39.160697977641675,39.324989733554126,35600
2003-01-07,39.50295639038086,39.58966686136784,39.32497430493627,39.33410355545538,69800
2003-01-08,39.69923782348633,39.767693351661855,39.6034014767577,39.64903733494379,160100
2003-01-09,38.93706512451172,39.32497471266185,38.80015421961687,39.32497471266185,237500
2003-01-10,39.03746795654297,39.210885427259704,38.84579546546829,39.210885427259704,145200
2003-01-13,39.101375579833984,39.188086093326625,38.97359386423891,39.037484722036446,53300
2003-01-14,39.238304138183594,39.37521168834832,39.22917487909731,39.2474299154777,98900
2003-01-15,39.429962158203125,39.56686965753778,39.33868701018914,39.37519706939473,129600
2003-01-16,39.48473358154297,39.52124364982535,39.074007499637275,39.420842702944675,57900
2003-01-17,39.680931091308594,39.81327734489509,39.671805324276676,39.749386530306886,97700
2003-01-21,39.90914535522461,39.90914535522461,39.61251068627023,39.64901726526439,107500
2003-01-22,40.105384826660156,40.11451408326345,39.94109302571315,40.01411315137459,107100
2003-01-23,39.90914535522461,40.02323668383507,39.840693343491154,39.84981911779194,110700
2003-01-24,40.146453857421875,40.3609460940714,40.04148831203078,40.04148831203078,285300
2003-01-27,40.00039291381836,40.17837498513048,39.93193746751632,40.11448416372555,150500
2003-01-28,40.00039291381836,40.05971911032619,39.74939077130709,40.00039291381836,454700
2003-01-29,39.781341552734375,40.10536032840068,39.69463455871521,40.0825441644121,221400
2003-01-30,40.07797622680664,40.11448626431806,39.749392852781504,39.795028658776374,108600
2003-01-31,40.187530517578125,40.255986014580955,39.95022207399834,40.11451387408866,182300
2003-02-03,40.24616622924805,40.25990818361628,39.98512500046462,40.14999351275029,55200
2003-02-04,40.42475128173828,40.48428923634315,40.35147836823953,40.47055078343785,56900
2003-02-05,40.07667541503906,40.62165352796759,40.04003723268824,40.406412068177644,223300
2003-02-06,40.401851654052734,40.42017075440186,40.204925692813546,40.22782194774161,120900
2003-02-07,40.49343490600586,40.539230899970775,40.131640613865436,40.195755704218385,247200
2003-02-10,40.20949172973633,40.48427114709927,40.15911509558531,40.35604098526389,76600
2003-02-11,40.20037841796875,40.259916417033736,40.04009052435923,40.117944144967566,259100
2003-02-12,40.34233856201172,40.36065767364847,40.149993130845786,40.20953111716854,121300
2003-02-13,40.5621223449707,40.841482393213234,40.37893491258073,40.42473089717581,440200
2003-02-14,40.214088439941406,40.470552382347954,40.1224964209465,40.43849482629858,829700
2003-02-18,40.264488220214844,40.291968636903015,39.99886632098176,40.099619696140074,213200
2003-02-19,40.53925323486328,40.62168746702098,40.41560363363287,40.47971875930972,62100
2003-02-20,40.6766357421875,40.71327394700286,40.456810007306835,40.456810007306835,486700
2003-02-21,40.4384880065918,40.63083331045017,40.39726915918731,40.55755691240262,250400
2003-02-24,40.63084411621094,40.713278338932305,40.58504810225727,40.704117039734435,168200
2003-02-25,40.81863021850586,41.056775206318164,40.75909571855965,40.9422833644121,358500
2003-02-26,41.10257339477539,41.10257339477539,40.82779365862703,40.93312420204384,334000
2003-02-27,41.17121124267578,41.21242657277002,40.90100904513609,40.96970475596883,695700
2003-02-28,41.43228530883789,41.4643428670158,41.02469485742793,41.07049086996612,213100
2003-03-03,41.482810974121094,41.579346352358456,41.33111452671326,41.37248532859111,204100
2003-03-04,41.51039123535156,41.57934256553494,41.3816739022356,41.43224054916254,83100
2003-03-05,41.64833068847656,41.6621209655345,41.390902830884336,41.65752654464286,126000
2003-03-06,41.48743438720703,41.68510318994896,41.40009129777489,41.62534415923766,166000
2003-03-07,41.62992858886719,41.73565985634155,41.3954869427468,41.70348138488246,263800
2003-03-10,41.84598922729492,41.84598922729492,41.685096855834495,41.744855877465326,147200
2003-03-11,41.77243423461914,41.90574604055832,41.70807729481266,41.82759532177316,82800
2003-03-12,41.924129486083984,41.997682276357956,41.77702741272611,41.79541561029461,454800
2003-03-13,41.15184020996094,41.5517755914637,41.15184020996094,41.44144991998323,830200
2003-03-14,41.354103088378906,41.42765586744437,41.197808693649115,41.32652254982413,590900
2003-03-17,40.85764694213867,41.611545660840555,40.84845459506754,41.611545660840555,724400
2003-03-18,40.471492767333984,41.004736412949114,40.45770249738036,40.89441074613042,415200
2003-03-19,40.17268371582031,40.48527597325571,40.14510318072543,40.47148570570827,398400
2003-03-20,40.10832977294922,40.430114396905154,39.88308053618006,40.37035539736744,206700
2003-03-21,39.55674362182617,40.01643847620094,39.55674362182617,39.95667590052844,843400
2003-03-24,40.181888580322266,40.26922813011345,39.92445733532277,40.03938093358633,373800
2003-03-25,40.13594436645508,40.37038965266394,39.947471357410876,40.29224239299177,606400
2003-03-26,40.21864318847656,40.292195941389494,40.10831756629546,40.10831756629546,309500
2003-03-27,40.246280670166016,40.39338286415052,40.145147254202996,40.33821822620897,191600
2003-03-28,40.338199615478516,40.48989966943358,40.32440933915375,40.41634685277973,253400
2003-03-31,40.86682891845703,40.8806191879761,40.59101300650675,40.59101300650675,643800
2003-04-01,40.75052261352539,40.99058658395621,40.579711522970904,40.81054036721741,289800
2003-04-02,40.325782775878906,40.48736219987257,40.29346689108017,40.464281437683354,312200
2003-04-03,40.302677154541016,40.43194061400478,40.22881030789595,40.27959288442315,245600
2003-04-04,40.18728256225586,40.30269692513176,40.108798118653446,40.19189660081077,184900
2003-04-07,40.09492874145508,40.0995462998485,39.665587387158276,39.80408596164049,485400
2003-04-08,40.41813278198242,40.436595990354306,40.15960207658281,40.187303933478056,194700
2003-04-09,40.538143157958984,40.56122744137603,40.24268264548986,40.34886541817429,102400
2003-04-10,40.348876953125,40.55662147459998,40.32579266310861,40.51045641673533,53300
2003-04-11,40.284236907958984,40.311935232564984,39.97492368713313,40.08110646840184,450000
2003-04-14,40.17344665527344,40.214997674785934,40.030333912641275,40.210380112136036,207100
2003-04-15,40.39037322998047,40.408839934142534,40.18262897194362,40.316509935495866,128500
2003-04-16,40.5566291809082,40.579713475310925,40.38120051882147,40.40889885436969,97700
2003-04-17,40.621238708496094,40.810519956754426,40.533526186624535,40.736653072897454,106200
2003-04-21,40.53352355957031,40.547372718854184,40.28422812596065,40.38579332359792,148000
2003-04-22,40.510459899902344,40.74590629407476,40.45044567173498,40.69512366940681,299900
2003-04-23,40.59352493286133,40.63045836072806,40.44117718453521,40.52427563615259,42700
2003-04-24,40.95827102661133,41.08291705378483,40.81054070595411,40.81054070595411,199000
2003-04-25,41.05059051513672,41.13368901910128,40.939793683906565,40.97210957310568,529700
2003-04-28,40.985965728759766,41.12907847360343,40.985965728759766,41.12907847360343,80500
2003-04-29,40.916717529296875,40.981349320541774,40.773604780421515,40.87055246728887,177500
2003-04-30,41.295265197753906,41.327581084396144,40.962874730362664,40.99057305543673,293400
2003-05-01,41.31520462036133,41.58439014309607,41.213103063600705,41.398744832903496,231200
2003-05-02,40.990333557128906,41.33841723323934,40.96712656236544,41.3337751261086,231500
2003-05-05,41.20846939086914,41.24559916868463,40.93464170559304,40.98569426486671,77700
2003-05-06,41.41271209716797,41.491610281217305,41.08318948680988,41.2317051736235,260600
2003-05-07,41.89534378051758,41.92319287847782,41.68649502070943,41.77003523281064,306900
2003-05-08,41.997459411621094,42.18774687503752,41.899996396538526,42.048511972982055,437400
2003-05-09,42.03921127319336,42.057776154016736,41.86284667581572,41.90926064831865,110000
2003-05-12,42.30379867553711,42.32236357569047,42.108872535265874,42.29915656527561,364700
2003-05-13,42.396583557128906,42.40586776975131,42.15524714229102,42.187734804690145,227800
2003-05-14,43.046356201171875,43.15310344030965,42.52191130330691,42.61937432640265,1426500
2003-05-15,43.180946350097656,43.42692494671455,42.97673610042746,42.97673610042746,810300
2003-05-16,43.49649429321289,43.51505916273163,43.139126751529076,43.38510861698726,703900
2003-05-19,43.348018646240234,43.73787064113091,43.22270654724676,43.67753741550927,817800
2003-05-20,43.98851013183594,43.98851013183594,43.2180864850292,43.232009270680585,606600
2003-05-21,43.98383331298828,44.39689569306213,43.68216375289423,43.74249695673529,1799600
2003-05-22,44.37371063232422,44.4154789769538,44.04419181920339,44.137012723418366,576200
2003-05-23,44.48513412475586,44.652214726648694,44.387671030467295,44.44800431524778,690600
2003-05-27,43.68220138549805,44.42013740554842,43.68220138549805,44.37836904557206,846400
2003-05-28,43.6079216003418,43.69146182248554,43.306248379217706,43.580076039923945,730500
2003-05-29,43.98851013183594,43.99779434953125,43.658991221483916,43.765738479630535,508300
2003-05-30,43.904964447021484,43.96993979928643,43.61257536182923,43.835346986483,722200
2003-06-02,43.582462310791016,43.75490694646228,43.38670906024791,43.75490694646228,478600
2003-06-03,43.9320068359375,44.08114993440887,43.67566546863423,43.69897052233524,389400
2003-06-04,44.06253433227539,44.14176587535808,43.834159596861774,44.025247645229115,394100
2003-06-05,43.71760559082031,44.453997500166494,43.71760559082031,44.37010430089271,820900
2003-06-06,43.876068115234375,43.880729836217924,43.52185199336091,43.670995062173226,276800
2003-06-09,44.169673919677734,44.220942161339636,43.936637750614466,44.13704899824287,282200
2003-06-10,44.69636917114258,44.710350782120706,44.309528006770606,44.3141897290474,534800
2003-06-11,44.640445709228516,45.022625207296095,44.60315903725784,44.85950046224031,633600
2003-06-12,44.98995590209961,45.08317249012285,44.747599884937664,44.79420640102467,315400
2003-06-13,45.292938232421875,45.339544784155564,45.0971885816292,45.176420075161666,478400
2003-06-16,44.864139556884766,45.51664176385534,44.864139556884766,45.44206845752684,789300
2003-06-17,44.50994110107422,44.75695905343176,44.46333454407603,44.72899583040331,691600
2003-06-18,43.941341400146484,44.304877601849405,43.90405472411205,44.304877601849405,657600
2003-06-19,43.85742950439453,44.03453936230657,43.577786664774855,43.79217962701166,817700
2003-06-20,43.69428253173828,43.83410565817977,43.35870987295856,43.764194094959024,561700
2003-06-23,43.955291748046875,44.01122172231395,43.591755804937414,43.726917242528216,819900
2003-06-24,44.360782623291016,44.360782623291016,43.81547862795777,43.88072849633007,292900
2003-06-25,43.65235900878906,44.50526911717494,43.5544806390523,44.472644179213205,1002800
2003-06-26,43.06509780883789,43.461258705167914,42.93459808353867,43.461258705167914,1423800
2003-06-27,42.91130447387695,43.135020888193594,42.66894828456472,43.135020888193594,735900
2003-06-30,43.11172103881836,43.12104092744097,42.729541599951574,42.84139804268394,541900
2003-07-01,42.8979377746582,43.27222235241773,42.81372312000396,43.1131522100021,449000
2003-07-02,43.00550079345703,43.075680198033915,42.62653700600375,42.66864250706621,338800
2003-07-03,42.38792419433594,42.90724673870317,42.38792419433594,42.9025671603427,559100
2003-07-07,42.1165771484375,42.38325607553007,42.1165771484375,42.238221232392846,465400
2003-07-08,42.15399932861328,42.33178762879343,41.934105527531166,42.30839330419937,389600
2003-07-09,42.28968811035156,42.43004695067305,42.15868842977075,42.35518795064197,270400
2003-07-10,42.275630950927734,42.45809520675439,42.16334607875865,42.43002488108006,718000
2003-07-11,42.476837158203125,42.476837158203125,42.20547860460985,42.247587689568675,389500
2003-07-14,41.990291595458984,42.51429429090962,41.93414730218617,42.425400052263406,465900
2003-07-15,41.007781982421875,42.041748429195394,40.890817403789455,41.89203391132492,3171100
2003-07-16,41.241668701171875,41.508347523256845,40.773810868077405,40.89545490413413,1205400
2003-07-17,41.11537551879883,41.190234540847264,40.78787622102352,40.85805566182527,1030600
2003-07-18,41.03117370605469,41.152817870100826,40.9095331114843,41.00778293147227,550800
2003-07-21,40.16094970703125,40.984381210909575,40.07205906845568,40.937596100689525,1267600
2003-07-22,40.357444763183594,40.40422986399278,39.973801225389195,40.221765472204865,1576900
2003-07-23,40.493106842041016,40.727035816126815,40.422927435920705,40.610071329083915,1374700
2003-07-24,40.137569427490234,40.27324878122373,40.02528441971894,40.189034133026254,701100
2003-07-25,40.02992630004883,40.52585816965625,39.95507088185542,40.22642935793664,1273500
2003-07-28,39.49189758300781,39.903611359782715,39.48721800330768,39.88021703075553,1268500
2003-07-29,38.953880310058594,39.9317023747451,38.953880310058594,39.38430905902657,2139300
2003-07-30,39.39365005493164,39.63693826251896,39.09890074096229,39.17843576020377,1963400
2003-07-31,38.80882263183594,39.16439573840505,38.47196784450438,39.15504014825981,4706400
2003-08-01,38.77969741821289,38.91129683231391,38.53059801497666,38.586995714839894,3061200
2003-08-04,39.11338424682617,39.11338424682617,38.704483126618165,38.765585396034425,1858700
2003-08-05,38.5540657043457,39.146266190396496,38.445967806951884,39.10866536268895,2413000
2003-08-06,39.315513610839844,39.371911334413824,38.71391398727336,38.77501271641737,2549700
2003-08-07,39.47995376586914,39.50345517267331,39.07575395235368,39.385955310274895,1796400
2003-08-08,39.32018280029297,39.85128125383448,39.315481798526775,39.63977920412015,2399100
2003-08-11,39.1228141784668,39.27791509925293,38.967716843497485,39.268516673364445,1355000
2003-08-12,38.93946838378906,39.31546951975273,38.9159705539242,39.20736802777409,1534200
2003-08-13,38.1875114440918,38.70451088186389,38.15931258310206,38.634010143573036,2258100
2003-08-14,38.5634765625,38.58697439585563,38.02767719493337,38.27677646054432,1612300
2003-08-15,38.53996276855469,38.77496254153368,38.49296353112128,38.633961243421496,515100
2003-08-18,38.71855926513672,38.82195973352946,38.54466173721417,38.68096202865809,655300
2003-08-19,39.315513610839844,39.315513610839844,38.77501271641737,38.79851415845093,1086500
2003-08-20,39.10396957397461,39.418872065725495,38.887770164562795,39.40007164936628,503600
2003-08-21,39.00996017456055,39.221458524314784,38.73735959226398,39.03815899831131,783600
2003-08-22,39.183868408203125,39.409466210827176,38.96296801984994,38.98646584864155,413200
2003-08-25,38.878387451171875,39.263787177655914,38.65748695200159,39.16038663882606,648200
2003-08-26,39.183868408203125,39.183868408203125,38.69036738801782,38.75146604585091,837200
2003-08-27,39.005306243896484,39.136905694619685,38.82670750160301,39.136905694619685,409100
2003-08-28,39.40945816040039,39.470560391564156,39.1180607593856,39.1180607593856,557200
2003-08-29,39.315513610839844,39.47531194205492,39.188611561165175,39.45181408583797,651100
2003-09-02,38.740482330322266,39.49112237946156,38.73104192549132,39.481678372797404,868700
2003-09-03,38.801849365234375,38.938758618255676,38.655496107545424,38.938758618255676,639900
2003-09-04,39.018978118896484,39.04730290271665,38.78765064676398,38.94344055960395,562900
2003-09-05,39.689395904541016,39.69883630761352,39.264505729627665,39.373090175040396,838000
2003-09-08,39.27865219116211,39.86877619404514,39.27865219116211,39.481654992227114,621100
2003-09-09,39.561912536621094,39.62800613336036,39.146462955024724,39.42972174131169,599900
2003-09-10,39.963218688964844,39.98682150008518,39.571375285671586,39.60914410566362,1285900
2003-09-11,39.70351028442383,39.835697378539656,39.56188279865466,39.77904782496326,859500
2003-09-12,39.97736358642578,40.307831612032956,39.86877917696551,40.13787559834031,1375300
2003-09-15,39.91594314575195,40.076454961283154,39.70821858275682,39.89233677201999,367100
2003-09-16,39.854618072509766,39.89238687718807,39.60912804576368,39.83101527095942,655200
2003-09-17,40.350341796875,40.39282901978935,39.88296433565179,39.9962671985898,1223900
2003-09-18,40.378658294677734,40.43531151539345,40.04819017841687,40.43531151539345,615000
2003-09-19,40.42585372924805,40.6146941320896,40.35976012852817,40.43529773039723,869300
2003-09-22,40.10483932495117,40.21342376291933,39.764930810157246,40.12844573376277,1126400
2003-09-23,40.378658294677734,40.38338029686213,39.958490146075064,40.07179298567417,632100
2003-09-24,40.728031158447266,40.831893647381456,40.28897838366535,40.38340046534831,1005300
2003-09-25,40.930992126464844,40.94043612585833,40.67133977243095,40.742155360560346,846800
2003-09-26,41.29926681518555,41.3039852169764,40.9876794089844,41.04433264697554,1869700
2003-09-29,40.96874237060547,41.28504777229264,40.912092807216005,41.0820450992132,743000
2003-09-30,41.64862060546875,41.662783014902836,41.05377419640264,41.072658609592594,1623900
2003-10-01,41.490718841552734,41.68508981185755,41.41012758810406,41.48123900691989,931900
2003-10-02,41.301116943359375,41.457557814384614,40.95978483043324,41.168373864093255,1194100
2003-10-03,40.43354415893555,40.864947188344274,40.343469448858876,40.79383938236502,1451200
2003-10-06,40.60893249511719,40.67056043654741,40.33397038681223,40.3529336649928,507200
2003-10-07,40.139617919921875,40.56628283261082,40.12065463303824,40.50939297195991,594200
2003-10-08,40.130165100097656,40.28660960954649,39.98794216116606,40.03534860185007,811800
2003-10-09,39.84572219848633,39.883645180296064,39.65609282191954,39.7840905713964,1385600
2003-10-10,40.08268737792969,40.168020266160056,39.96416967854713,40.058982391303914,256600
2003-10-13,39.926292419433594,40.05903182785506,39.926292419433594,39.987920397092815,116300
2003-10-14,39.651336669921875,39.86940910774327,39.60867197457513,39.70348481993115,337100
2003-10-15,39.45697784423828,39.49016270902722,39.276828335202055,39.423792979449345,465600
2003-10-16,39.30052947998047,39.71296938493985,39.229418029059616,39.57549182787248,564900
2003-10-17,39.60395431518555,39.675065800857226,39.35269686710865,39.38588174483804,354500
2003-10-20,39.7366828918457,39.893127393898816,39.547053521194606,39.56127509103954,281600
2003-10-21,39.88364028930664,40.00215818301692,39.75090082705178,39.836233855198344,429700
2003-10-22,40.272369384765625,40.29607440469616,40.011632249921,40.10644509588664,798000
2003-10-23,39.978416442871094,40.29604320953141,39.83145194345516,40.29604320953141,1055600
2003-10-24,40.424068450927734,40.580512887806584,40.13488821183366,40.29607075876734,1412200
2003-10-27,40.34347152709961,40.45250953001344,40.20125229093765,40.3671765415653,346900
2003-10-28,40.55679702758789,40.62316671347233,40.092205609520214,40.224944981289084,2200300
2003-10-29,40.1917724609375,40.46199301256569,40.11118119149419,40.42880815944917,926600
2003-10-30,40.011619567871094,40.082730988245025,39.72717750325247,39.82199031916632,936300
2003-10-31,40.3861198425293,40.40034139741945,39.69871454887491,40.16804756150378,887400
2003-11-03,40.19480895996094,40.261450937207854,40.00440175423457,40.251928579478076,957700
2003-11-04,40.423248291015625,40.44705052629704,40.26616225426519,40.29472566294513,246500
2003-11-05,40.14717102050781,40.375660203552435,40.109092516427346,40.375660203552435,275100
2003-11-06,39.77114486694336,39.947268491937244,39.747342610299306,39.87586535371956,861600
2003-11-07,39.747291564941406,39.790131213826626,39.5330860570957,39.56640699457636,725700
2003-11-10,39.714019775390625,39.90918447024271,39.60453448434119,39.794941633458215,553900
2003-11-11,39.71875,39.7473097790109,39.680667873511155,39.723507542027505,99900
2003-11-12,40.00916290283203,40.05676379629877,39.88539767444622,39.91871866304447,321400
2003-11-13,40.627960205078125,40.637482557743674,40.242388451532804,40.27094824610255,920400
2003-11-14,40.8992919921875,40.91833306712899,40.55655990666806,40.60416440987864,484800
2003-11-17,40.961177825927734,41.21822326734148,40.91357332105261,41.00401752225875,695000
2003-11-18,41.213478088378906,41.22775799144061,40.8326637253971,40.92310795374113,632200
2003-11-19,40.756500244140625,41.23251634945157,40.727936808256,41.13731094936058,553900
2003-11-20,41.151573181152344,41.1706142529944,40.84216575093007,41.0563714536552,373300
2003-11-21,41.175411224365234,41.38009838496888,41.175411224365234,41.213493401155745,516900
2003-11-24,40.83740234375,41.08492900074597,40.81836127294832,41.02304824442521,573800
2003-11-25,41.0611457824707,41.18490734151833,40.91357833635349,40.91357833635349,298700
2003-11-26,40.89455032348633,41.127797226572675,40.618460077220384,40.9849909249275,613800
2003-11-28,40.52323913574219,40.65176548431043,40.52323913574219,40.627963232586325,311300
2003-12-01,40.297428131103516,40.455289306403685,40.086950213668445,40.373968209903055,1106600
2003-12-02,40.46968460083008,40.46968460083008,40.18266628585827,40.3740130457181,589100
2003-12-03,40.30703353881836,40.555781718272044,40.15873791583405,40.42662478174775,1446100
2003-12-04,40.39789581298828,40.50313662665157,40.27352362377974,40.30700900543325,561500
2003-12-05,41.0437126159668,41.24940968266464,40.71842431629659,40.80453015002208,1163800
2003-12-08,40.756683349609375,41.034135835726836,40.70406292466868,41.034135835726836,436200
2003-12-09,40.46968460083008,40.99588545321771,40.35487800476853,40.876294184509796,939200
2003-12-10,40.53664016723633,40.70885182135115,40.44575331896731,40.694501458447334,555700
2003-12-11,40.828426361083984,40.84277671812372,40.35963099949839,40.42660176543919,510500
2003-12-12,40.90498352050781,41.08197619730732,40.86192878180351,40.86192878180351,553100
2003-12-15,40.88105010986328,41.08196242409971,40.74710856703899,40.90018513735722,690000
2003-12-16,41.015018463134766,41.072423583140825,40.79018630515567,40.85237609757116,462800
2003-12-17,41.292396545410156,41.450257603297054,41.23499152900698,41.24934552032961,533100
2003-12-18,41.66557693481445,41.66557693481445,41.28288725166962,41.28288725166962,708100
2003-12-19,41.65122985839844,41.65122985839844,41.431182452068164,41.603394100436965,477600
2003-12-22,41.53642272949219,41.78038618658013,41.450316906509876,41.675148980387824,483700
2003-12-23,41.067626953125,41.474236398277796,41.067626953125,41.392915239174165,446600
2003-12-24,41.45511245727539,41.45511245727539,41.22071098063801,41.316386169970194,138900
2003-12-26,41.60820388793945,41.63690463011467,41.569933798614755,41.569933798614755,80500
2003-12-29,41.23506164550781,41.50772955021911,41.2207112794128,41.47424414611896,187800
2003-12-30,41.067626953125,41.206353215520124,40.94803572516037,41.04371089731286,393900
2003-12-31,41.06758499145508,41.12525875588424,40.99549736931271,41.029139481884236,171400
2004-01-02,40.58221435546875,40.89460411001878,40.40919657343441,40.89460411001878,867100
2004-01-05,40.47645568847656,40.55335039560846,40.322662607496476,40.375529322838034,626400
2004-01-06,40.92344284057617,41.038786806328744,40.61104941939099,40.630274024802844,690500
2004-01-07,41.086822509765625,41.18774887924209,40.79846093030194,40.89938729977841,252000
2004-01-08,41.072425842285156,41.15893472673545,40.93785728129987,40.99553109317283,513300
2004-01-09,41.78852081298828,41.84619461918915,41.33675549792755,41.75487867605059,1623000
2004-01-12,41.75487518310547,41.995177188763414,41.620306646611844,41.620306646611844,863200
2004-01-13,42.038448333740234,42.038448333740234,41.601096768641085,41.6587705904279,465700
2004-01-14,42.24509811401367,42.25470858197302,41.88464506469055,42.04804868702571,1180300
2004-01-15,42.40369415283203,42.44213968759502,42.100911274568965,42.269121947649744,1537200
2004-01-16,42.10572052001953,42.67764050480346,42.10572052001953,42.619966699598386,751800
2004-01-20,42.09610366821289,42.25951093905265,42.05285106713972,42.05285106713972,629600
2004-01-21,42.197017669677734,42.20182106793396,42.02399999783159,42.172986011531684,570500
2004-01-22,42.50465393066406,42.523878546499255,42.15381110843277,42.26915513672337,443600
2004-01-23,41.99517059326172,42.72569062909277,41.9375004676604,42.56228338421594,1021300
2004-01-26,41.74044418334961,41.985553176725816,41.65393534255309,41.95671811869912,639500
2004-01-27,41.99996566772461,42.004772732391245,41.68276906733029,41.68276906733029,576100
2004-01-28,41.629913330078125,42.22105410484378,41.26465332016434,41.932692483003194,1823800
2004-01-29,41.54340362548828,41.61068788031497,41.34154719429134,41.43767017741295,814500
2004-01-30,41.83180618286133,41.91831511897998,41.620339079744504,41.76452186218243,526200
2004-02-02,41.74394607543945,41.927328559318006,41.686034073332806,41.71981515409627,335600
2004-02-03,41.95626449584961,41.98039172273426,41.79218241647921,41.94661065960796,350900
2004-02-04,41.87425231933594,41.917687250552355,41.73430472795374,41.883906162656224,645700
2004-02-05,41.71019744873047,42.023881260956045,41.61850429451535,41.90805716662183,971400
2004-02-06,42.16861343383789,42.202394506901655,41.99970806851908,42.052793137885104,798200
2004-02-09,42.294097900390625,42.294097900390625,42.1734506554256,42.255489898355,272400
2004-02-10,42.057655334472656,42.25069177754928,42.004570220579986,42.21691067615066,203200
2004-02-11,42.37128829956055,42.56432082936596,41.941784661582346,41.99486602997719,1335100
2004-02-12,42.192726135253906,42.46780152055587,42.11068694778087,42.395412486137616,256700
2004-02-13,42.37128829956055,42.51606269691461,42.26029128124888,42.37128829956055,513600
2004-02-17,42.34234619140625,42.4147352578827,42.24100297108357,42.40025818095958,644100
2004-02-18,42.4002799987793,42.554708368524516,42.31824073275963,42.51610035562253,990900
2004-02-19,42.44370651245117,42.44370651245117,42.21206582463071,42.24101999014268,668900
2004-02-20,42.149322509765625,42.38579377641221,42.081760342684305,42.34718577183375,1009800
2004-02-23,42.409934997558594,42.409934997558594,42.13968624015062,42.17346733482661,504000
2004-02-24,42.48715591430664,42.656061407095315,42.40028970632052,42.491982837490205,940900
2004-02-25,42.55467987060547,42.64154600053127,42.48229081535725,42.57398386412901,572300
2004-02-26,42.4195671081543,42.44852126536605,42.24583480116124,42.39543618923698,399100
2004-02-27,42.78633499145508,42.844243304891314,42.44852054167837,42.57399469055893,836000
2004-03-01,42.769901275634766,42.949180549961895,42.6584602998246,42.861964105249854,771900
2004-03-02,42.49852752685547,42.735948435746984,42.34832299014733,42.697188478880854,676000
2004-03-03,42.421024322509766,42.464630681225,42.20782782201594,42.34349697807301,718000
2004-03-04,42.609947204589844,42.61478988592703,42.31922366941293,42.3482982409526,421600
2004-03-05,43.43367004394531,43.608102750684424,43.375524576130715,43.49665819488262,2789800
2004-03-08,43.69047546386719,43.76315637901677,43.60810548515995,43.63717637253782,1309400
2004-03-09,43.981224060058594,44.01998773293463,43.700196673475574,43.72926757977895,829000
2004-03-10,43.952064514160156,44.05866255123579,43.840623800271885,43.86000190092213,878900
2004-03-11,44.015132904052734,44.11688845000438,43.68080645559233,44.11688845000438,1337100
2004-03-12,43.74379348754883,44.00059629507758,43.71472258758905,43.903690830740636,442100
2004-03-15,43.816436767578125,43.91818852667348,43.7195313865454,43.81159038951549,756200
2004-03-16,44.17987060546875,44.17987060546875,43.632347768514926,43.7486350522552,1374200
2004-03-17,44.10713577270508,44.32517832208799,44.04414767445753,44.32033194631462,1936500
2004-03-18,43.874610900878906,44.12172089309196,43.80192996923152,43.9521345170519,1842100
2004-03-19,43.816436767578125,43.89880671112627,43.70983863042013,43.83581858312533,366700
2004-03-22,44.08296203613281,44.08296203613281,43.89399013044002,43.89399013044002,947200
2004-03-23,44.160465240478516,44.160465240478516,43.9714971188446,44.03933163960016,562200
2004-03-24,44.13623809814453,44.20407631722811,44.05386813478448,44.17015905603843,327400
2004-03-25,43.966636657714844,44.06354572540113,43.923030349783225,43.956947599297685,514000
2004-03-26,43.50152587890625,43.89884419512477,43.41430948282382,43.84070239554081,1378600
2004-03-29,43.210784912109375,43.23501311470034,43.07511584969126,43.14779676075945,2454000
2004-03-30,43.181705474853516,43.33190995039851,43.15747727706059,43.268921811522475,1021000
2004-03-31,43.39008331298828,43.428843278999494,43.22533959479184,43.24472142615062,1647300
2004-04-01,43.248023986816406,43.32098472650645,43.07291078930803,43.282073569047135,1309200
2004-04-02,42.17790985107422,42.38220745336267,42.031984582780225,42.38220745336267,2603700
2004-04-05,41.84711837768555,42.0222315750723,41.78874978597405,41.988181992865215,1422700
2004-04-06,42.07578659057617,42.07578659057617,41.929857522572895,42.02714480495187,1695400
2004-04-07,41.97846221923828,42.22167462210495,41.954139494500915,41.97846221923828,659600
2004-04-08,41.85686492919922,42.03683977051637,41.822815333993745,41.915233543192876,893700
2004-04-12,41.70607376098633,41.76931137898209,41.63797456555075,41.74012335870412,311700
2004-04-13,41.25371170043945,41.39964071544642,41.234254251029924,41.31208404866804,1449500
2004-04-14,41.219642639160156,41.229373214837324,40.84996240822761,40.84996240822761,2529200
2004-04-15,40.97638702392578,41.24878718893437,40.94720274990189,41.18554964705148,1184800
2004-04-16,41.1320686340332,41.282862804295625,41.0591079029191,41.19044093005017,986900
2004-04-19,41.044517517089844,41.30232574218816,41.005606359017094,41.273137734725864,682100
2004-04-20,40.66996765136719,41.068835739145946,40.66996765136719,40.9910060092741,1618700
2004-04-21,40.86943054199219,41.0153595395651,40.72350525554785,40.72350525554785,763600
2004-04-22,41.1126594543457,41.14670907253688,40.92781920004073,40.98132627307402,1024300
2004-04-23,40.87913131713867,41.02505649719258,40.73806771196512,40.913180896930506,963200
2004-04-26,40.947227478027344,41.000734486799715,40.88885518360505,40.90344732942923,515800
2004-04-27,41.102901458740234,41.12722418665784,40.89860390429041,41.05425971403226,1033400
2004-04-28,40.718597412109375,41.06882367136967,40.66995570079538,41.005589817773945,1215700
2004-04-29,40.519195556640625,40.94724813160145,40.37813189064585,40.73808527666125,2504900
2004-04-30,40.684574127197266,40.762403884481046,40.50459559682384,40.58242535410762,831500
2004-05-03,40.73585510253906,40.809104210156974,40.57959207823623,40.57959207823623,668800
2004-05-04,40.45753479003906,40.970275113255944,40.37940509566313,40.83842589843719,3950900
2004-05-05,40.345191955566406,40.65771794646974,40.28659193517065,40.65771794646974,2236600
2004-05-06,40.237770080566406,40.35985069141424,40.2231210033614,40.31589973419464,3163200
2004-05-07,39.710384368896484,39.79828256530417,39.60295282599765,39.77386495078902,1756400
2004-05-10,39.61756896972656,39.85196520715791,39.607804167401085,39.78848467803778,958700
2004-05-11,39.798240661621094,39.80800546178283,39.60779539085896,39.60779539085896,766000
2004-05-12,39.53459548950195,39.76899196633705,39.52483067720306,39.74945861613365,1945700
2004-05-13,39.3831787109375,39.515024040684025,39.31481391394271,39.50037497355686,1187000
2004-05-14,39.70549774169922,39.744564432360285,39.422273548418175,39.57365231772396,4086400
2004-05-17,40.05707931518555,40.0766126550588,39.886167248299095,39.97894968129616,1735600
2004-05-18,39.900787353515625,39.99845398197517,39.832422576394414,39.895903090692414,674200
2004-05-19,39.768943786621094,39.77382432405501,39.62732996341458,39.74941046008215,319200
2004-05-20,40.076622009277344,40.09127108620059,39.85687840421958,39.91547471191258,1745900
2004-05-21,39.91546630859375,40.22799230250934,39.84221721379397,40.22311176163208,1461900
2004-05-24,40.04245376586914,40.08152046856661,39.886190680685104,40.00827133241032,314800
2004-05-25,40.15964889526367,40.19871559674215,40.04733678552019,40.05710159808695,645300
2004-05-26,40.3745002746582,40.39891788737564,40.19870389478559,40.23777058489164,505500
2004-05-27,40.691871643066406,40.72605403277301,40.44771065213323,40.54537355826608,1122800
2004-05-28,40.57957077026367,40.774900379477465,40.40865875930252,40.540504103300435,612700
2004-06-01,40.20797348022461,40.39426007953981,40.05110271980305,40.37955403013997,662000
2004-06-02,40.105037689208984,40.26190848989895,40.08052884728253,40.20798380152788,906600
2004-06-03,40.18836212158203,40.22267747860572,39.997172286629045,40.1001220977935,1173600
2004-06-04,39.953060150146484,40.26189840978127,39.92364805116049,40.21778026130229,568200
2004-06-07,39.96285629272461,39.99717164920141,39.815792082149734,39.91383488919965,377200
2004-06-08,40.03640365600586,40.04130692002598,39.747174660426715,39.80599886828981,1294200
2004-06-09,39.86483383178711,39.962876688875895,39.70796301638791,39.92856131488529,589400
2004-06-10,39.94327926635742,40.00210349658509,39.781505153039284,39.88445129603373,336200
2004-06-14,39.62461853027344,39.83541399822486,39.590303162936905,39.805998154726026,892200
2004-06-15,40.46293640136719,40.50215507069179,40.10507258895194,40.10507258895194,1567400
2004-06-16,40.3060302734375,40.364854485967506,40.193277632596825,40.22269347895673,494700
2004-06-17,40.570770263671875,40.575669790378896,40.18349446830406,40.24231870956209,552800
2004-06-18,40.482521057128906,40.614879310288686,40.37957491798333,40.57076113926738,394500
2004-06-21,40.51193618774414,40.56586089418277,40.43840215713727,40.50703292167804,731900
2004-06-22,40.38935852050781,40.487401347372746,40.37465247048748,40.40896783389962,362700
2004-06-23,40.46780776977539,40.53153525211865,40.28642437220504,40.34034906499365,302900
2004-06-24,40.71292495727539,40.85508599836627,40.63939093388976,40.81587109397696,1087900
2004-06-25,40.752132415771484,40.76193894514889,40.62467745462609,40.64918629787938,253200
2004-06-28,40.335426330566406,40.62465897410359,40.286404926264986,40.58053709216693,573100
2004-06-29,40.59037399291992,40.60997957723762,40.28153180852121,40.3942844888771,401500
2004-06-30,41.007076263427734,41.05609772164303,40.64431298451753,40.70313723833688,1730800
2004-07-01,41.08383560180664,41.128131692576865,40.81804779164847,41.0247703922674,1099300
2004-07-02,41.5169563293457,41.68430582687905,41.47266025231433,41.669540467868586,1293300
2004-07-06,41.44805145263672,41.63508560395798,41.41359769436233,41.625243282384446,351600
2004-07-07,41.46279525756836,41.55139112638441,41.408653129115436,41.44310686947856,303500
2004-07-08,41.48746109008789,41.610510860640346,41.457930346813214,41.49238413236066,715200
2004-07-09,41.531734466552734,41.55142286968353,41.38899636023867,41.467749972761844,2152900
2004-07-12,41.5908203125,41.66957396409921,41.56128957074069,41.64496250917925,1297800
2004-07-13,41.46773910522461,41.47758142662114,41.320077998030975,41.443127668966355,307100
2004-07-14,41.482521057128906,41.52682090907728,41.418536554513985,41.50220946297491,241400
2004-07-15,41.526817321777344,41.531736606429305,41.428375301051254,41.48744051348691,562700
2004-07-16,42.07808303833008,42.083006078795435,41.763076041780366,41.763076041780366,2970600
2004-07-19,42.10758972167969,42.11743204093176,42.01407079048793,42.0386822213838,978300
2004-07-20,41.728607177734375,42.02392566080037,41.640011257296756,41.98947190036231,1091500
2004-07-21,41.61538314819336,41.62030242928552,41.43819139428896,41.54647566113903,662800
2004-07-22,41.674476623535156,41.7630725686456,41.63018052856958,41.63018052856958,154700
2004-07-23,41.81228256225586,41.82212864021509,41.728609675494745,41.728609675494745,209200
2004-07-26,41.61538314819336,41.758117403394195,41.57108333212906,41.758117403394195,712000
2004-07-27,41.054283142089844,41.57601240704371,41.054283142089844,41.54155865851236,961200
2004-07-28,41.059242248535156,41.11338444233819,40.872207968694156,40.96080394444633,495200
2004-07-29,41.15276336669922,41.1724517795581,40.9854137349891,40.9854137349891,519600
2004-07-30,41.635093688964844,41.65478209111316,41.34469820642929,41.379151971394165,578400
2004-08-02,41.6894645690918,41.808053903127146,41.664756729969575,41.75369967296783,714800
2004-08-03,41.85746383666992,41.91676038583349,41.70428579702251,41.7487553814801,509500
2004-08-04,41.877201080322266,42.06002915606135,41.753669513713646,41.84261239246722,481300
2004-08-05,41.99580764770508,42.045219540749066,41.931572563736474,41.94145343439095,623100
2004-08-06,42.70241165161133,42.919828520145764,42.5541759620628,42.69747310087995,1240900
2004-08-09,42.55417251586914,42.662877171447,42.52946468466896,42.56899570663495,322100
2004-08-10,42.4010009765625,42.71230313728255,42.4010009765625,42.62336020134634,860100
2004-08-11,42.583824157714844,42.62829373550553,42.36146872898897,42.40593830677965,898400
2004-08-12,42.67279815673828,42.67279815673828,42.44055791724388,42.49491217626976,697500
2004-08-13,42.81111526489258,42.93958919727595,42.75181873381896,42.82593845518958,637500
2004-08-16,42.662872314453125,42.75675753846247,42.504752014476246,42.727111160305974,729400
2004-08-17,42.9050407409668,42.91492162047105,42.6728004887806,42.692566017678274,182000
2004-08-18,42.69749450683594,43.018673880154125,42.69255218374072,43.003850680756415,365300
2004-08-19,42.801231384277344,42.86546646100831,42.66287282150353,42.741934857374275,372900
2004-08-20,42.761695861816406,42.86546194555201,42.692518472659344,42.781461368702,875400
2004-08-23,42.514652252197266,42.57888735173233,42.48006354169581,42.54924096269871,1007200
2004-08-24,42.53934097290039,42.56404880143906,42.38122067195481,42.47016357685453,1044200
2004-08-25,42.687557220458984,42.81108875629082,42.61837986198382,42.6529685412214,588200
2004-08-26,42.92969512939453,42.92969512939453,42.712282102975095,42.77157485114185,478000
2004-08-27,42.900047302246094,43.00381337790807,42.811104413123736,42.90498962105419,304400
2004-08-30,43.10267639160156,43.10267639160156,42.94949454151151,42.989025584753314,259100
2004-08-31,43.36946487426758,43.483115585114255,43.107578531311496,43.13722867364105,1721100
2004-09-01,43.414127349853516,43.50838467773756,43.235529338628496,43.50838467773756,1388900
2004-09-02,42.98748779296875,43.34468390538491,42.98748779296875,43.34468390538491,867000
2004-09-03,42.99247741699219,42.99247741699219,42.66504617605888,42.89821622006008,958100
2004-09-07,42.94782638549805,42.95278849722064,42.75930777484433,42.784110763492784,475500
2004-09-08,43.30996322631836,43.31988365983017,42.75432432514805,42.794013629156005,584800
2004-09-09,43.146209716796875,43.44883376982882,43.091637918054914,43.27023584394187,284800
2004-09-10,43.21072769165039,43.42405290886951,43.19088304528358,43.34963643123879,711700
2004-09-13,43.399261474609375,43.42406445042574,43.22066339481829,43.260348913120524,152900
2004-09-14,43.44390106201172,43.49847289768065,43.25042047554172,43.339719498910924,695700
2004-09-15,43.34465789794922,43.40915012983593,43.25039681790306,43.40915012983593,642500
2004-09-16,43.835838317871094,43.89537228075627,43.409187712979346,43.438952801931535,1103400
2004-09-17,43.617515563964844,43.85068533177703,43.602633031547505,43.721697075863915,765400
2004-09-20,43.905277252197266,43.940004438737674,43.75148596680108,43.786213153341485,727200
2004-09-21,44.03425979614258,44.11363458998389,43.7068288359774,43.83581713407086,1018500
2004-09-22,44.490684509277344,44.55517677922839,43.97969710318125,44.054113590035385,2541200
2004-09-23,44.312076568603516,44.589894020231604,44.312076568603516,44.48571247587107,2391000
2004-09-24,44.36662292480469,44.39638798182643,44.20290754123165,44.32693365879121,1984300
2004-09-27,44.56013870239258,44.59486589144947,44.436112486477995,44.45099502679099,1420800
2004-09-28,44.381553649902344,44.62464404451201,44.26248950753977,44.49069735747672,1161100
2004-09-29,43.94994354248047,44.088856132640004,43.93506099692293,44.004515399512165,1970700
2004-09-30,43.781211853027344,43.840745741651176,43.63734112758514,43.72664006803285,1945700
2004-10-01,43.56253433227539,43.65220008124827,43.4828335557014,43.587442962749186,1999300
2004-10-04,43.627342224121094,43.6373034067216,43.33841852184884,43.33841852184884,1106200
2004-10-05,43.627342224121094,43.68711692077914,43.54763756120702,43.602433566828566,501700
2004-10-06,43.42808151245117,43.57254335409055,43.34837685477679,43.56257837161762,531300
2004-10-07,43.238792419433594,43.428085297115835,43.20890126993712,43.338419449681595,2128600
2004-10-08,43.811649322509766,43.94116748977402,43.71202230186171,43.82161430489091,1534500
2004-10-11,43.85647201538086,43.886359353205656,43.70204903591783,43.81163720811749,60800
2004-10-12,43.95609664916992,44.03081879024744,43.91624813438442,44.00591014304627,757900
2004-10-13,44.11552810668945,44.11552810668945,43.811660674294174,43.83656933617374,648000
2004-10-14,44.324737548828125,44.33968122121467,44.04079637190271,44.085627389062324,717100
2004-10-15,44.1702995300293,44.32970499593416,43.926210741727566,44.24003918382979,746400
2004-10-18,44.19021224975586,44.23006455424421,44.02084565646777,44.16032492165206,613600
2004-10-19,44.304805755615234,44.32971060625243,43.97104731244295,44.00093845394479,505400
2004-10-20,44.60866928100586,44.63855661945106,44.4343163386722,44.46420747764365,1127100
2004-10-21,44.638553619384766,44.783015413037994,44.5538702991306,44.5538702991306,1649200
2004-10-22,44.743167877197266,44.743167877197266,44.51900522892477,44.58376239829703,491500
2004-10-25,44.77805709838867,44.8776841406481,44.733226069530346,44.86772295663337,246800
2004-10-26,44.64356231689453,44.83783771883302,44.64356231689453,44.80794656432294,503700
2004-10-27,44.205169677734375,44.85773901521209,44.1952084987732,44.76807320245701,2351800
2004-10-28,44.34962463378906,44.41438558888676,44.09557090342429,44.2051628577199,839200
2004-10-29,44.553863525390625,44.57876836845933,44.294827313903234,44.38947559893041,1169300
2004-11-01,44.27678298950195,44.51687568352767,44.21676267810346,44.39182827992226,923500
2004-11-02,44.3418083190918,44.381824402529396,44.17174187255385,44.256777003894705,709300
2004-11-03,44.361812591552734,44.39182274350921,44.016680579479555,44.03168565545779,1066600
2004-11-04,44.40684127807617,44.56690183059339,44.391836197550276,44.446857370241624,2285100
2004-11-05,43.921634674072266,43.981658782280945,43.77657927467496,43.8866215649862,1838000
2004-11-08,43.76657485961914,43.81659303908735,43.71655668015093,43.76657485961914,454100
2004-11-09,43.741546630859375,43.881602820797994,43.716539459047496,43.716539459047496,373000
2004-11-10,43.57650375366211,43.75156928787334,43.471464433135374,43.67153714872396,1303400
2004-11-11,43.481441497802734,43.74153816794159,43.481441497802734,43.74153816794159,309700
2004-11-12,43.95166015625,44.071704587989075,43.68155732272932,43.68655647095001,1125900
2004-11-15,43.99168395996094,44.016694972198465,43.886644577623734,43.99168395996094,763200
2004-11-16,43.99168395996094,43.99168395996094,43.866636531062646,43.921657705069464,520900
2004-11-17,44.366783142089844,44.39679709084375,43.96163108725132,43.96163108725132,1249400
2004-11-18,44.5018424987793,44.54685770389703,44.221737712780474,44.29176390928018,891500
2004-11-19,44.146732330322266,44.53187661849292,44.06169720351219,44.46685334847915,1244500
2004-11-22,44.3768310546875,44.45186027335618,44.16675229533087,44.19175949079071,511500
2004-11-23,44.43183135986328,44.61689902069835,44.25676580928573,44.266767919543256,746300
2004-11-24,44.43183135986328,44.471847433178944,44.381813176290095,44.471847433178944,309700
2004-11-26,44.14167785644531,44.18669303327736,44.13167575586234,44.161685873750365,697100
2004-11-29,43.67154312133789,43.81659853127741,43.60151689807646,43.751575271432635,1546400
2004-11-30,43.486480712890625,43.59652302451084,43.3314193573606,43.486480712890625,1754500
2004-12-01,43.41865921020508,43.569332787141036,43.283056056393306,43.54421924705563,2489800
2004-12-02,43.242919921875,43.34337035263026,43.19772010187923,43.27807661469131,2881500
2004-12-03,43.915863037109375,44.026356440661935,43.65971958630905,43.77021298986161,2233700
2004-12-06,44.06657028198242,44.12181703084426,43.920920110600306,43.941010185803705,1314100
2004-12-07,44.12180709838867,44.14189716906951,43.94602376966784,44.066560361963674,784300
2004-12-08,44.80986022949219,44.80986022949219,44.37793345724519,44.403046993780265,2639700
2004-12-09,44.51353454589844,44.83496787347728,44.48340136887152,44.694341271634975,1428900
2004-12-10,44.62401580810547,44.72446609046258,44.533612469877305,44.67423903339079,1445000
2004-12-13,44.719478607177734,44.845038687330934,44.59894200313174,44.60898512355659,677400
2004-12-14,44.895233154296875,44.920346686933875,44.54868632919918,44.568776388951356,1568200
2004-12-15,45.30208969116211,45.32720324783844,45.1212828121067,45.176529571362,2511500
2004-12-16,44.63410186767578,45.146385345388,44.62405491474211,45.146385345388,1998200
2004-12-17,44.573822021484375,44.63911187429716,44.413105295354526,44.438218840476594,1319800
2004-12-20,44.65413284301758,44.74955577885839,44.60892927822161,44.634042795528785,230500
2004-12-21,44.7898063659668,44.819939568732536,44.64917964400561,44.72953612864452,245200
2004-12-22,44.639095306396484,44.80483544639372,44.54869194201504,44.80483544639372,511600
2004-12-23,44.493465423583984,44.59391578059378,44.483422303777665,44.568802233394,738600
2004-12-27,44.14692687988281,44.38298045398574,44.04647651229129,44.362890380467434,1322600
2004-12-28,44.11176681518555,44.15194695913067,43.895803331217294,44.12683341121761,1253500
2004-12-29,44.06657028198242,44.19715385490951,43.9811903362105,44.13186398434099,567500
2004-12-30,44.36286926269531,44.42313562277229,44.06654560909451,44.0966826209209,626400
2004-12-31,44.64267349243164,44.693087937107826,44.51663545755337,44.55192595346426,1056400
2005-01-03,44.73847961425781,44.78889408128081,44.446074166973546,44.45615552182723,1168000
2005-01-04,44.26959228515625,44.743496464464975,44.26959228515625,44.72837251769981,1935400
2005-01-05,44.506553649902344,44.64267689190678,44.33514375567557,44.36034905674522,1094100
2005-01-06,44.53679275512695,44.6376254786219,44.4762969674051,44.51158745903455,1057400
2005-01-07,44.637630462646484,44.804001590208024,44.541840326224595,44.74854454768751,738700
2005-01-10,44.708221435546875,44.72838798700004,44.60234992520005,44.68805488409371,379400
2005-01-11,44.970401763916016,45.010734887318094,44.73849207392161,44.81915832072576,844100
2005-01-12,45.03085708618164,45.09135671168263,44.76869973509318,44.803990221708446,722000
2005-01-13,45.46442794799805,45.46442794799805,45.23756108438148,45.247642432072965,1876700
2005-01-14,45.45940017700195,45.575356868331895,45.27790508836644,45.32328078371322,1043800
2005-01-18,45.61064910888672,45.620730460251266,45.23757756638303,45.272868065722896,1251600
2005-01-19,45.74174118041992,45.7971943963402,45.50982773097156,45.77703168857478,655800
2005-01-20,45.83249282836914,45.887946049222826,45.55016489163604,45.58545540293052,1064200
2005-01-21,45.88290786743164,45.903074423619685,45.63587043891111,45.676203551287195,606300
2005-01-24,46.07953643798828,46.12995091561498,45.87787468110342,45.923246557054014,561400
2005-01-25,45.645931243896484,46.079502354266154,45.63080729643304,46.05933580885649,1942200
2005-01-26,45.731666564941406,45.83753811391038,45.691333447321476,45.80224759758738,709800
2005-01-27,45.645931243896484,45.72659357915989,45.54509851684816,45.635846048004026,463900
2005-01-28,46.104705810546875,46.180329391220084,45.963543844690264,45.988752987039696,1128000
2005-01-31,46.23582077026367,46.255987329847486,46.024077664200526,46.04424422378434,1313900
2005-02-01,46.16242218017578,46.30411722168936,46.07639359938544,46.27375510162226,948200
2005-02-02,46.26871871948242,46.28389978780335,46.09665760307297,46.15232409418464,760300
2005-02-03,46.2433967590332,46.273762745016406,46.08145899042628,46.08145899042628,505800
2005-02-04,46.88611602783203,47.032872815200186,46.78996409726939,46.79502574122087,3483900
2005-02-07,47.23523712158203,47.27572250414353,46.91136178288716,46.93160447416791,1064600
2005-02-08,47.50347900390625,47.62999300628715,47.23020829545538,47.250450999144434,1383800
2005-02-09,47.629966735839844,47.69069095251345,47.25548271549144,47.285848684727064,2125800
2005-02-10,46.9872932434082,47.40732060010442,46.93668842160273,47.311168736043726,1240000
2005-02-11,46.956932067871094,47.053083933867576,46.75957055622606,46.78993267774053,1275200
2005-02-14,47.10369873046875,47.16948462797983,46.92657988263023,47.012608485737324,295000
2005-02-15,46.865848541259766,46.99236254685416,46.84560583705653,46.860786899983694,900200
2005-02-16,46.6887321472168,46.845608286869414,46.45594682805761,46.815246159427296,1189700
2005-02-17,46.395206451416016,46.627991709057056,46.354721051591426,46.435691851240605,1146400
2005-02-18,45.98023223876953,46.025775409461275,45.77780913804066,45.82335616963192,2655800
2005-02-22,45.777828216552734,45.92458492922147,45.74746609010442,45.86385681542371,914600
2005-02-23,45.92962646484375,46.1371073395841,45.762627120679944,46.121926283005465,1115000
2005-02-24,45.82841873168945,46.21808391692422,45.82841873168945,46.13205534492691,798500
2005-02-25,46.05107879638672,46.12192630104767,45.858778978149786,45.995412348310346,588800
2005-02-28,45.55515670776367,46.10169808182578,45.48937082160645,46.10169808182578,2797300
2005-03-01,45.54096221923828,45.61710996076759,45.408973058789805,45.4546632529214,1648500
2005-03-02,45.48003005981445,45.546026557413754,45.39373111852879,45.40895988781051,1139300
2005-03-03,45.45464324951172,45.58663235187521,45.40895307548718,45.49525587685946,1600600
2005-03-04,45.947078704833984,46.028300118314284,45.62218530484309,45.68310039669461,1567000
2005-03-07,46.12981033325195,46.190725396853445,46.068891396617424,46.11965524062968,889800
2005-03-08,45.69325256347656,45.8252378360465,45.65771747116395,45.75416765142127,680400
2005-03-09,44.947017669677734,45.38359393158996,44.89625379869529,45.271911091607514,2549600
2005-03-10,45.221134185791016,45.34804576318287,44.870856992818645,45.048532426560435,1357700
2005-03-11,44.891170501708984,45.11453615307357,44.87594172966769,45.00285332739128,1017900
2005-03-14,45.16020584106445,45.180512153987536,44.82516136041663,44.86069643977372,805000
2005-03-15,44.87590408325195,45.33278622638516,44.87590408325195,45.32770868228608,963900
2005-03-16,45.15007019042969,45.36328074009462,44.9470108642102,44.9470108642102,2097800
2005-03-17,45.29728698730469,45.47496244097428,45.24144557714648,45.35820207254317,1025300
2005-03-18,45.01298141479492,45.17035434874738,45.01298141479492,45.12974172882206,722700
2005-03-21,44.886051177978516,45.0129626575858,44.86574487647763,45.0129626575858,893100
2005-03-22,44.505367279052734,45.20592192076838,44.439374629007446,45.15008049648567,2544900
2005-03-23,44.71858215332031,44.75412112947604,44.4343013283606,44.4343013283606,1951700
2005-03-24,44.80992126464844,44.906375266724964,44.76423497294853,44.83530511983675,746800
2005-03-28,44.535804748535156,44.67286752430462,44.530727201867165,44.66778997763662,382200
2005-03-29,44.79977798461914,44.815006751217545,44.667788885710905,44.71347905853934,1135000
2005-03-30,45.02314376831055,45.053601301650886,44.75409189571558,44.77439433592032,1095600
2005-03-31,45.348052978515625,45.378510522564895,45.10945855537073,45.282056469029406,2410900
2005-04-01,45.50092315673828,45.68435383476963,45.09329856391391,45.618112603182844,2805300
2005-04-04,45.4907341003418,45.68435754699516,45.43468561708915,45.490734100341804,754800
2005-04-05,45.37352752685547,45.531480163307776,45.3123826898118,45.470335326264106,733300
2005-04-06,45.531471252441406,45.572234469159504,45.449944819005204,45.556949234738795,402800
2005-04-07,45.16457748413086,45.64353521644694,45.1492922607406,45.50086794828253,973000
2005-04-08,45.32255172729492,45.34802970343397,45.01173907788665,45.1238359530691,438600
2005-04-11,45.56714630126953,45.66395798656096,45.31747835684928,45.33276359402266,1460200
2005-04-12,45.990055084228516,46.0613887812073,45.40919275888991,45.465241219001086,1931500
2005-04-13,45.87794876098633,46.08176094803645,45.755663003713906,46.03590135943796,1001700
2005-04-14,45.806636810302734,45.918733760731264,45.68435099501523,45.89835214361735,1461800
2005-04-15,46.412967681884766,46.428256808384205,45.96968019828845,46.132729227723,2807300
2005-04-18,46.3773078918457,46.56583494009813,46.336548543825685,46.555646074942146,3510800
2005-04-19,46.82565689086914,46.896990550017804,46.5301295101716,46.54031836688161,1733600
2005-04-20,46.70846939086914,46.75942145545859,46.458801553205504,46.47918315651995,1617900
2005-04-21,46.21931076049805,46.58107538023255,46.21421438912366,46.5199344733093,1288500
2005-04-22,46.6065673828125,46.66261582262973,46.412944086209876,46.5046593616023,876300
2005-04-25,46.744144439697266,46.784907653489945,46.626955059285855,46.703385113298616,818300
2005-04-26,46.67280960083008,46.902099757177346,46.540331102989036,46.87152540389469,549300
2005-04-27,46.83585739135742,46.978524745123025,46.774716461111495,46.90209858231562,684900
2005-04-28,47.182342529296875,47.20782051152607,46.851148197288815,46.90210416174721,1062000
2005-04-29,47.10078811645508,47.35555221680389,46.98869129031893,47.16702538308477,1445100
2005-05-02,47.09060287475586,47.17753604724349,46.89628969780071,47.12128677735494,1358200
2005-05-03,47.218441009521484,47.32071418176872,47.00367319978622,47.08037710364099,1884900
2005-05-04,46.804237365722656,46.90139588736852,46.558789597057846,46.76332810383787,2211500
2005-05-05,46.9116325378418,46.962767176838405,46.64061543996917,46.686639345992134,1757900
2005-05-06,46.563899993896484,46.63548925101899,46.43606147741746,46.49742536980328,850600
2005-05-09,46.60993957519531,46.65595958398138,46.533235659228644,46.53835029397928,327800
2005-05-10,46.942298889160156,46.942298889160156,46.70707261535275,46.717301880120765,495500
2005-05-11,47.08549499511719,47.31048818698165,47.03947108909119,47.116174998252596,1058700
2005-05-12,47.2695426940918,47.28488268263888,46.90136736368332,47.044545791882264,657000
2005-05-13,47.45367431640625,47.56616897039707,47.33606112639893,47.407650406812714,1698100
2005-05-16,47.39738082885742,47.591693851403264,47.39226619893476,47.576353862954846,824800
2005-05-17,47.530338287353516,47.65306601898823,47.50477293591978,47.53545291816835,856300
2005-05-18,47.84737777709961,47.96499087472807,47.729764679471145,47.9138523706078,1092300
2005-05-19,47.72466278076172,47.9138612362623,47.699093523970426,47.9138612362623,948800
2005-05-20,47.78092956542969,47.81672419728551,47.6633164028621,47.68377103554004,806800
2005-05-23,48.15421676635742,48.18490066659823,47.84740507320567,47.86274507266491,905600
2005-05-24,48.28717803955078,48.39967658957385,48.15933948749239,48.33831268010954,1695400
2005-05-25,47.94968032836914,48.39967450911847,47.92922959408311,48.368990605043756,1923300
2005-05-26,47.93429946899414,48.10304714293884,47.857595626172056,47.857595626172056,978300
2005-05-27,47.98545837402344,48.057051524562006,47.832054511981745,47.93432375334287,650600
2005-05-31,48.5786247253418,48.604193983094056,48.17976927286088,48.17976927286088,1979000
2005-06-01,49.17350387573242,49.18890044318479,48.85529770649304,48.86042728517122,3823200
2005-06-02,49.29152297973633,49.368509689329954,49.13241998476108,49.13241998476108,1703400
2005-06-03,48.886077880859375,49.78424729074393,48.860414331436665,49.73292410760639,5558100
2005-06-06,49.14263916015625,49.20935882716962,48.937342756503206,49.014329397336,1088700
2005-06-07,49.532772064208984,49.56869869203558,49.29668223624726,49.51224200320683,1503100
2005-06-08,49.296653747558594,49.501946407523434,49.296653747558594,49.43009319339444,1272400
2005-06-09,49.25559616088867,49.276126211073304,48.97844635695611,49.101622742357236,612700
2005-06-10,48.701297760009766,49.04003772289137,48.685901200916376,49.04003772289137,1464800
2005-06-13,48.40874481201172,48.51652462672636,48.33175811129948,48.490865003626446,1616700
2005-06-14,48.090518951416016,48.326612465946525,48.02379925469519,48.27015583191161,1984500
2005-06-15,48.17778015136719,48.17778015136719,47.900630426976015,47.93142353556207,1996800
2005-06-16,48.41904067993164,48.46010080355548,48.02384775825173,48.14189463474303,1370300
2005-06-17,48.413902282714844,48.485755528114105,48.25479531158089,48.30098892117081,555900
2005-06-20,48.33177185058594,48.34716841196392,48.03922543728216,48.15213877499719,453000
2005-06-21,48.68588638305664,48.68588638305664,48.408736656607644,48.43952976542233,503100
2005-06-22,49.2761344909668,49.31719068252807,48.89120479566499,49.009247709428095,952200
2005-06-23,49.224822998046875,49.26074962150712,49.03492289363798,49.16836631607959,996300
2005-06-24,49.47114944458008,49.5019425580389,49.281249441602895,49.39416274522683,928000
2005-06-27,49.60462188720703,49.68673820982445,49.4506483982002,49.522501648881125,1203600
2005-06-28,49.265865325927734,49.460898868968386,49.224809136183495,49.43523532413445,982400
2005-06-29,49.188812255859375,49.51728874067839,49.06563602136593,49.512155255494775,1682400
2005-06-30,49.63029479980469,49.64056179019583,49.17351162013674,49.19917518040509,2159400
2005-07-01,49.028743743896484,49.5746547144329,48.92059257132176,49.46135236339331,2222700
2005-07-05,48.565216064453125,48.79181672639435,48.54976253662433,48.590964085775816,1076100
2005-07-06,48.83302307128906,48.83817424773788,48.632170410945406,48.73517036474345,854100
2005-07-07,48.936031341552734,49.20898873097861,48.90513213600141,49.14718639067891,1678000
2005-07-08,48.73517990112305,49.05448610709225,48.57552876273701,49.05448610709225,1259300
2005-07-11,48.73517990112305,48.74548225603662,48.384974488807416,48.46737761132739,982000
2005-07-12,48.46221923828125,48.683672685676235,48.441618460710025,48.590971151203995,743700
2005-07-13,48.39011764526367,48.462218400918886,48.338617666823744,48.436470376297166,886600
2005-07-14,48.26652526855469,48.482827572973214,48.204722926207744,48.4622267921909,874300
2005-07-15,48.395263671875,48.42616286981151,48.153209476849405,48.153209476849405,1064700
2005-07-18,48.034759521484375,48.39526721700189,47.947209168120146,48.33346488740553,1204500
2005-07-19,48.20472717285156,48.26652952064304,47.957525640080675,48.01417680992349,1226900
2005-07-20,48.46736145019531,48.534311018021036,47.988404265545284,48.158357702174996,1884500
2005-07-21,47.808128356933594,48.17378306655591,47.73087647649082,48.142883886056346,3824200
2005-07-22,48.17897415161133,48.21502453512324,47.911167934782426,47.94721831829435,1614900
2005-07-25,48.00387954711914,48.26138346310789,47.96782915604863,48.1017322925382,305100
2005-07-26,48.08110809326172,48.106860043999106,47.98325539549487,48.03475536777362,340500
2005-07-27,48.00387954711914,48.03477875969445,47.90087955240281,47.93177876497812,593300
2005-07-28,48.43130111694336,48.49825067099873,48.0913943135968,48.0913943135968,578900
2005-07-29,47.95235824584961,48.30771474938232,47.81845516884948,48.30771474938232,1699500
2005-08-01,47.774044036865234,47.86709037614774,47.56727395581395,47.81539884183774,1760300
2005-08-02,47.61894607543945,47.794697994644224,47.53623650606592,47.69648136696548,1071400
2005-08-03,47.8515625,47.898087621313515,47.686147295858895,47.686147295858895,591100
2005-08-04,47.75335693359375,47.9652973081651,47.66031061321299,47.86191031673622,1046800
2005-08-05,47.38117980957031,47.489733202366615,47.32431794518022,47.40185326588414,1041600
2005-08-08,47.293251037597656,47.479343502747746,47.26740727198649,47.391467600817634,836600
2005-08-09,47.46908187866211,47.479418612497355,47.18477240053057,47.401879305387574,1474800
2005-08-10,47.417396545410156,47.608655725062405,47.31917981392592,47.5621345009784,909300
2005-08-11,47.74817657470703,47.78952741537227,47.40183518449426,47.57242071259482,881600
2005-08-12,48.23406219482422,48.301264678666016,47.85154045097053,47.8773881668801,1765100
2005-08-15,48.11002731323242,48.228921348050235,48.09969058767905,48.20824395313367,954300
2005-08-16,48.44603729248047,48.53908361539577,48.332313570716146,48.425359893631445,1311000
2005-08-17,48.125518798828125,48.45118273360868,48.06349057796215,48.33745907027633,1278200
2005-08-18,48.48225402832031,48.49259076272052,48.21345160815647,48.30649799301115,833900
2005-08-19,48.477012634277344,48.5080267358324,48.249565372720404,48.25990603577704,439200
2005-08-22,48.425315856933594,48.48734799707027,48.177191240193885,48.35294699867764,599300
2005-08-23,48.64762878417969,48.70966097024858,48.40984465329714,48.45119944400973,491800
2005-08-24,48.694190979003906,48.76139355646634,48.51326854701512,48.73037546540167,998200
2005-08-25,48.849239349365234,48.90610121331909,48.62179189354979,48.735515621457516,812400
2005-08-26,48.83369064331055,49.04562691056862,48.69411929850951,48.92673689190877,874600
2005-08-29,48.895748138427734,49.04565629229726,48.84922695816294,49.01981250675341,550100
2005-08-30,49.20591354370117,49.28861919294146,48.96295904387764,49.019820903147426,1392700
2005-08-31,49.61943435668945,49.624604690611314,49.26276019226597,49.267926582378585,1310800
2005-09-01,49.32065200805664,49.66301038026268,49.24284202787073,49.439957214439055,1899000
2005-09-02,49.36216354370117,49.42959676602675,49.175421127558515,49.21691636413834,621400
2005-09-06,49.01462173461914,49.36735703455712,49.009437302583336,49.28436258858556,965300
2005-09-07,48.55293273925781,48.85379588403266,48.428439146019244,48.85379588403266,1090200
2005-09-08,48.604793548583984,48.75004065776206,48.55292155980992,48.703353097560054,373100
2005-09-09,48.76044845581055,48.92644131352705,48.69819965007365,48.73969885389825,426300
2005-09-12,48.4232177734375,48.60996001487907,48.34022342033974,48.58402601097608,917300
2005-09-13,48.677406311035156,48.82265339391533,48.57366235227051,48.63591110207631,450400
2005-09-14,48.49067687988281,48.698164835507825,48.43880093339749,48.66704243367989,346400
2005-09-15,48.09126663208008,48.42325219562116,47.93046223780927,48.42325219562116,2225800
2005-09-16,47.77482986450195,47.97194896249139,47.660709114629974,47.878577799648774,2145500
2005-09-19,47.87859344482422,47.951215044367856,47.77484547577591,47.816344663395235,886100
2005-09-20,48.00307083129883,48.13794116670279,47.660708585483924,47.87338888198937,1848800
2005-09-21,48.449214935302734,48.45440332545397,48.309156104294196,48.38696612623426,993000
2005-09-22,48.40248107910156,48.47510264148333,48.30910993352809,48.43360743267827,761700
2005-09-23,48.03941345214844,48.29358913310252,48.03941345214844,48.26765510060284,656800
2005-09-26,47.82152557373047,47.920081181940475,47.77483800556385,47.780026392600085,680900
2005-09-27,47.88896942138672,48.01346303487512,47.69185420356502,47.86303143801885,827800
2005-09-28,48.210575103759766,48.25207033041885,47.8578399528873,47.92527315909085,712800
2005-09-29,47.99271011352539,48.039397688835706,47.90971569614531,48.034209301005596,657100
2005-09-30,47.82674026489258,48.080919941960076,47.72299620400373,48.023859521196535,1391800
2005-10-03,47.45283126831055,48.01526301850115,47.442413584628355,47.80174818120244,1370900
2005-10-04,47.609031677246094,47.67152582161068,47.499669904492876,47.58299543031233,783200
2005-10-05,47.8173713684082,47.90069694624329,47.68717813292754,47.74446347439361,1215800
2005-10-06,47.63508987426758,47.775696785676566,47.61946732557561,47.75486539636019,340000
2005-10-07,47.8277473449707,47.88503264124109,47.36946894798673,47.43716794667941,1337800
2005-10-10,47.796546936035156,47.895495080831644,47.7132253192456,47.833000888352366,159700
2005-10-11,47.69754409790039,47.869399950269354,47.62463627686717,47.827737203056586,679100
2005-10-12,47.234073638916016,47.61944822693568,47.20803739259879,47.61944822693568,1105700
2005-10-13,47.062232971191406,47.129931995646764,46.91120840293197,46.99973881333835,1376600
2005-10-14,46.98931884765625,47.23407866032069,46.7758001499859,47.18200218897039,1042600
2005-10-17,46.97891616821289,47.18722609330031,46.93204852098843,47.08827798491798,1058200
2005-10-18,47.03096389770508,47.119498243627675,46.98930511670618,47.10908056849376,878200
2005-10-19,47.051795959472656,47.3225998923902,47.051795959472656,47.213238140966226,904800
2005-10-20,47.17681884765625,47.18202768956055,46.93726377142785,47.0153805072633,810300
2005-10-21,47.61426544189453,47.63509683425459,47.26013971813714,47.301802502857264,1252800
2005-10-24,47.2445182800293,47.603852853636454,47.12473876443293,47.55698122642677,939100
2005-10-25,46.838279724121094,47.41633751454046,46.833070886652955,47.2965580918463,632900
2005-10-26,46.49455261230469,46.713276035580854,46.432062476041516,46.5830829541292,2895800
2005-10-27,46.661216735839844,46.760164785502546,46.50498736462288,46.66121673583984,1197400
2005-10-28,46.66645812988281,46.807065059388975,46.41128053098107,46.72374346458059,750400
2005-10-31,46.75497817993164,46.89038021124682,46.65082521626205,46.7497693397939,547700
2005-11-01,46.70109558105469,46.89463874715728,46.60170801051179,46.77955924249237,647100
2005-11-02,46.48142623901367,46.75866120409857,46.4657342962096,46.596505807350006,781100
2005-11-03,46.167564392089844,46.53895491619296,46.15710043883124,46.49710708481627,962900
2005-11-04,46.094322204589844,46.36632506504978,45.9583187789459,46.25124555033783,1888700
2005-11-07,46.25123977661133,46.32970343510436,46.214623934758244,46.29308759325128,1121600
2005-11-08,46.70109558105469,46.72201949015991,46.497092455813295,46.497092455813295,1396800
2005-11-09,46.21984100341797,46.51799961687191,46.21984100341797,46.43953598368378,1140300
2005-11-10,46.78482437133789,46.80574829527075,46.36112189565056,46.408201722207124,1695200
2005-11-11,46.810951232910156,46.92079878165153,46.784799335111714,46.868490995226345,193700
2005-11-14,46.46049118041992,46.7900338727942,46.35587559291888,46.753418018085945,1230100
2005-11-15,46.763877868652344,46.89464933697026,46.42387125286006,46.42387125286006,839800
2005-11-16,47.25559997558594,47.30791178225433,46.94698106856118,46.97313697189538,1822300
2005-11-17,47.37061309814453,47.54846421144297,47.10384241443429,47.166610109036725,1003100
2005-11-18,47.15096664428711,47.31312200976344,47.10911881099353,47.271278167298895,734200
2005-11-21,47.29212951660156,47.4229008018604,47.250281747521235,47.25550972553909,503300
2005-11-22,47.35493469238281,47.42816635087359,47.260779132776676,47.271243078747396,1026900
2005-11-23,47.171844482421875,47.43861917054067,47.004457303584125,47.38630743460845,768300
2005-11-25,47.34452819824219,47.36022014409139,47.25560052037901,47.292220381801286,421500
2005-11-28,47.57984161376953,47.6739971337442,47.34968278920381,47.34968278920381,883400
2005-11-29,47.13001251220703,47.658330094049944,47.09339667925711,47.64263816433233,889200
2005-11-30,47.07770538330078,47.23463266424239,46.98354981290112,47.23463266424239,1642800
2005-12-01,47.0041618347168,47.28785793484012,46.85180629901005,47.2826031899686,1214800
2005-12-02,47.019935607910156,47.04620533164034,46.83605956639015,46.89910049022724,746200
2005-12-05,46.80977249145508,46.941113045027166,46.67843193788298,46.941113045027166,431100
2005-12-06,47.28789138793945,47.34568159782123,46.925389891080826,46.97267461198354,968800
2005-12-07,47.109222412109375,47.23531221235997,47.03041728900151,47.177522055960544,386600
2005-12-08,47.4139404296875,47.47173059463419,47.17752903359336,47.272094393670145,976200
2005-12-09,47.04094314575195,47.287864080255716,47.00416794326394,47.27210385178891,817400
2005-12-12,46.95161819458008,47.15125437460864,46.8307831328554,47.15125437460864,440500
2005-12-13,47.12499237060547,47.18803728375516,46.95687661040216,47.13550186022836,598700
2005-12-14,47.60833740234375,47.71340826862898,47.35616171178393,47.387682170030175,635000
2005-12-15,47.49276351928711,47.513778497048484,47.277363003380835,47.513778497048484,724300
2005-12-16,47.65037536621094,47.77121050030282,47.57682493961506,47.71867505390543,684500
2005-12-19,47.69764709472656,47.86050813670176,47.57681199351505,47.59782696799517,469800
2005-12-20,47.63984298706055,47.70288789206655,47.49274221690858,47.5873075703199,236000
2005-12-21,47.55580139160156,47.58732586031855,47.43497028747665,47.56105613775388,193100
2005-12-22,47.93407440185547,47.970849617313284,47.76070781938166,47.76595855859144,692700
2005-12-23,48.22825622558594,48.35434204348013,47.86050024511704,47.90778493194979,2295800
2005-12-27,48.62228012084961,48.64329108462252,48.228258414872535,48.317569039593614,519500
2005-12-28,48.48670959472656,48.666073135600506,48.40230038147801,48.55001247981016,1295700
2005-12-29,48.59223556518555,48.60278470842685,48.37066733342892,48.55003094251161,740600
2005-12-30,48.4814338684082,48.84543753862219,48.37592234998518,48.8190626776561,1099500
2006-01-03,48.418128967285156,48.66607601480592,48.25986772036022,48.31789402683556,1392700
2006-01-04,48.534149169921875,48.571077165905,48.22817204614757,48.29147890705423,387600
2006-01-05,48.476139068603516,48.60802539842882,48.37590416998383,48.47086248845211,453400
2006-01-06,48.38648223876953,48.48144060612066,48.265144981933425,48.41285710340107,1193700
2006-01-09,48.418128967285156,48.418128967285156,48.2915191647746,48.37592435816395,413600
2006-01-10,48.027713775634766,48.36534236958806,48.0224371968651,48.33896350059002,698900
2006-01-11,47.94858932495117,48.159608238170634,47.874733309052004,48.13850594436359,394600
2006-01-12,48.270381927490234,48.28093105970972,48.00660934865149,48.07518877020351,626600
2006-01-13,48.550045013427734,48.69248465002094,48.31265098557974,48.31792354630133,491000
2006-01-17,48.766265869140625,48.79791728429216,48.49721676580455,48.534144758431125,454300
2006-01-18,48.750465393066406,48.94037800711696,48.59747676590363,48.935105451762375,622100
2006-01-19,48.60802459716797,48.76628980029003,48.513066280264994,48.571096586419664,490600
2006-01-20,48.73465347290039,48.787411244549155,48.5605665109593,48.703002029793446,842600
2006-01-23,48.71881103515625,48.797943640624865,48.39173550233487,48.42866351490668,720400
2006-01-24,48.4814338684082,48.634422551481926,48.40757781793853,48.534187615193275,300500
2006-01-25,47.953880310058594,48.30733478159031,47.89584999086954,48.27568334379709,1204500
2006-01-26,47.74817657470703,47.79565376983747,47.505505963822,47.769278891939045,764100
2006-01-27,47.74817657470703,47.90116535599757,47.56353632999619,47.90116535599757,1091400
2006-01-30,47.70067596435547,47.7428805816633,47.60571758783978,47.637373063247566,308500
2006-01-31,47.83253479003906,47.86419024719132,47.58458783741253,47.663720443015904,676100
2006-02-01,47.66896057128906,47.89131592393117,47.568369514028404,47.727197074002845,622300
2006-02-02,47.758941650390625,47.86482799392354,47.57364559814676,47.66894128775089,658500
2006-02-03,48.097801208496094,48.177215008098415,47.55249931126242,47.64779506295448,1524600
2006-02-06,48.19305419921875,48.28834986635639,48.118935795795025,48.16658564893888,755100
2006-02-07,47.965415954589844,48.24071641426786,47.912474801313635,48.24071641426786,280500
2006-02-08,47.8542366027832,48.11365107192823,47.80129545140782,48.11365107192823,261700
2006-02-09,48.07130432128906,48.124245476791,47.67953088444195,47.72188542450401,1119200
2006-02-10,47.80659866333008,48.37836884730113,47.77483073594441,48.28307314344735,938000
2006-02-13,47.81189727783203,47.83836988151771,47.73248754507947,47.77483805616343,218700
2006-02-14,47.64250946044922,47.753687186931884,47.49956782330134,47.59486359445141,836100
2006-02-15,47.758941650390625,47.89659187740792,47.584232212924555,47.72188243994185,720300
2006-02-16,47.769561767578125,47.80662100088425,47.647793407198854,47.75367577688679,427800
2006-02-17,48.150718688964844,48.21425050519858,48.071308967612225,48.071308967612225,731400
2006-02-21,48.07130432128906,48.177186632292944,48.06071366669792,48.124245476791,433300
2006-02-22,48.399559020996094,48.41544096934676,48.22484951083343,48.24073549833678,559000
2006-02-23,48.27778244018555,48.341310217423896,48.14013219091635,48.341310217423896,288300
2006-02-24,48.20366287231445,48.410136221780846,48.15071767366025,48.410136221780846,485700
2006-02-27,48.124267578125,48.36250490687116,48.0342671685234,48.36250490687116,446200
2006-02-28,48.362483978271484,48.41013384689236,48.13483336834173,48.17718790952665,744200
2006-03-01,48.070274353027344,48.277473479490205,48.01714304605768,48.224342172520544,713600
2006-03-02,47.735626220703125,47.86844655189782,47.4965512458946,47.847194812504085,1640000
2006-03-03,47.45936584472656,47.5762483948846,47.406238518297044,47.539058861048424,1253300
2006-03-06,47.044925689697266,47.278686531273344,47.018360023145796,47.27337664064435,872700
2006-03-07,47.076778411865234,47.15115737810921,46.917392596571204,46.96520996249927,1692900
2006-03-08,47.06083297729492,47.22021471328448,46.99176391035202,47.05551903675724,1184700
2006-03-09,47.076778411865234,47.10865395358418,46.896140884308686,47.05021275819968,282100
2006-03-10,46.90146255493164,47.00240719147655,46.758018540207594,46.922714270696375,1086900
2006-03-13,46.864280700683594,46.89615625284861,46.75802615789955,46.82709120537408,1740100
2006-03-14,47.17772674560547,47.27866732011138,46.99177526200777,46.99177526200777,904400
2006-03-15,46.9227294921875,47.039611940134435,46.83241271090183,46.98648466016355,971000
2006-03-16,47.347755432128906,47.459323935115336,46.981170312779504,47.023673757731935,1048000
2006-03-17,47.204307556152344,47.284000502501044,47.151180276370425,47.20430755615235,703500
2006-03-20,47.27871322631836,47.411533527366956,47.27340333269124,47.40622363373983,576000
2006-03-21,47.034271240234375,47.36366667403674,46.94395451032624,47.36366667403674,817200
2006-03-22,47.135215759277344,47.27334985103203,47.08739839725293,47.15115352883571,205500
2006-03-23,46.9864616394043,47.21491247936735,46.93333033211316,47.18834682572179,613400
2006-03-24,47.331844329833984,47.43810301120211,47.018390339845055,47.034328128711714,954800
2006-03-27,47.156471252441406,47.31054312611327,47.07146440351225,47.31054312611327,467100
2006-03-28,46.71553039550781,46.98117084946764,46.66771300605219,46.96523307076631,1094900
2006-03-29,46.492401123046875,46.76335151275725,46.41802210783003,46.66241087973572,1071700
2006-03-30,46.16825866699219,46.37545765876546,46.00355901847849,46.2957648034649,1152000
2006-03-31,46.15237045288086,46.295814503736786,46.115180954262556,46.210811672616956,1167700
2006-04-03,46.16729736328125,46.231294157845106,45.905984239060764,45.95931286684057,1549700
2006-04-04,46.11929702758789,46.343279677365146,46.05530024106025,46.23661836648575,749100
2006-04-05,46.18329620361328,46.2792893624718,46.12996757507267,46.23662483215389,638600
2006-04-06,45.83135986328125,46.018012243585524,45.735366629308096,46.018012243585524,2022100
2006-04-07,45.38335037231445,45.66599573928287,45.27669312509689,45.5593384920653,1956500
2006-04-10,45.46868133544922,45.49001359953165,45.30869138918763,45.410018626400856,1527100
2006-04-11,45.628662109375,45.70332299095593,45.506006690511846,45.63933027457964,1237300
2006-04-12,45.351341247558594,45.71931556370362,45.330008990376506,45.64998471068381,1902000
2006-04-13,45.03136444091797,45.138021655543405,44.940701332903224,45.06336079156322,3219400
2006-04-17,45.19668197631836,45.31400734748674,44.98336348953144,45.08469068621536,1465400
2006-04-18,45.27671432495117,45.47403073156418,45.191385232253054,45.30337661488302,2680300
2006-04-19,44.99936294555664,45.111354238849046,44.82870896500938,45.036693376654114,1830300
2006-04-20,44.962059020996094,45.068720364663214,44.86073583040512,45.02072174283445,1378200
2006-04-21,45.22336959838867,45.25536596241746,44.93005603241269,45.07937782283187,1303000
2006-04-24,45.4046630859375,45.53798662191188,45.25000729596185,45.29800588464256,991500
2006-04-25,44.86606979370117,45.38336616703814,44.82873933731163,45.35136979547984,2067400
2006-04-26,44.79137420654297,44.839372795437825,44.65272065798326,44.71671335156114,1544900
2006-04-27,44.85005187988281,44.95671318601805,44.61007106132595,44.66339968003716,1864200
2006-04-28,44.88206100463867,44.90872328480527,44.66874241973789,44.78073376135024,809400
2006-05-01,44.54475784301758,44.801748637280994,44.50192944791542,44.79639355611943,1795500
2006-05-02,44.662567138671875,44.72681589009465,44.57690622150695,44.57690622150695,1097900
2006-05-03,44.56617736816406,44.66790349408196,44.40556168404836,44.66254841252565,1114000
2006-05-04,44.4911994934082,44.65181917896144,44.4911994934082,44.641109021402805,977800
2006-05-05,44.75891876220703,45.01590957142611,44.700025120192876,44.9730770891012,1685900
2006-05-08,44.78568649291992,44.84993112652435,44.721437774585475,44.833869968123246,666400
2006-05-09,44.75891876220703,44.801751244531935,44.61436424027342,44.73215152430173,341300
2006-05-10,44.83924865722656,44.983803243675176,44.62509023475308,44.86601999181031,1320200
2006-05-11,44.619712829589844,44.6839615496107,44.48586439309398,44.6839615496107,1189800
2006-05-12,44.250308990478516,44.44305113144302,44.20212141287164,44.33596989494524,1804700
2006-05-15,44.42698287963867,44.560831340359194,44.250301931152165,44.250301931152165,1433500
2006-05-16,44.75891876220703,44.78033500336949,44.48051579655585,44.48051579655585,1677600
2006-05-17,44.480506896972656,44.48050689697265,44.28776484980443,44.3894909537903,1440800
2006-05-18,45.08553695678711,45.096247126305414,44.7214688030887,44.732178972607,2177700
2006-05-19,45.20331573486328,45.43353531902402,45.01592865118177,45.03734490142138,2619500
2006-05-22,45.299678802490234,45.58879200246634,45.230079065076694,45.42281711366275,2652000
2006-05-23,45.27288818359375,45.27288818359375,44.98913018731516,44.99984034834243,1394900
2006-05-24,45.29434585571289,45.508504340142586,45.2568684272927,45.40677814097348,1226300
2006-05-25,45.117618560791016,45.36390322055634,45.07479017558454,45.358548140632095,678000
2006-05-26,45.08553695678711,45.240801736939815,45.08553695678711,45.10159812633173,398400
2006-05-30,45.0640869140625,45.13369070954502,44.97842604580758,45.07479707555048,482200
2006-05-31,44.796356201171875,45.20325625081079,44.748172765087546,45.15506872999976,880700
2006-06-01,44.99635696411133,45.0662339547113,44.802847035215855,44.82972500906362,1561100
2006-06-02,45.57686996459961,45.630621791495045,45.420986795901776,45.539243275672646,2041900
2006-06-05,45.51774215698242,45.592995535551,45.42636364029223,45.58761912250994,1102900
2006-06-06,45.73276901245117,45.786520858010114,45.46937799750734,45.507008800501836,2188000
2006-06-07,45.74351119995117,45.74351119995117,45.50162587902346,45.544628989722455,1324100
2006-06-08,45.83491134643555,46.10905118015064,45.74890918548832,45.81878619757072,3496700
2006-06-09,46.07677459716797,46.130526429721904,45.87788830561627,45.87788830561627,657200
2006-06-12,46.114383697509766,46.114383697509766,45.97462570538537,46.05525547395715,528700
2006-06-13,46.14666748046875,46.19504701714962,45.98541192720704,46.14666748046875,1448300
2006-06-14,45.68440246582031,45.99079258369611,45.64140343775312,45.95854228739469,1439100
2006-06-15,45.420997619628906,45.603754694824325,45.372622194195706,45.52312898576899,1734600
2006-06-16,45.31886672973633,45.56075616245178,45.24898974748655,45.5285017774882,1184600
2006-06-19,45.25440216064453,45.30815404367217,45.14152197598476,45.265150896847736,1233700
2006-06-20,45.17909622192383,45.25434959094562,45.08771361582504,45.222095217792685,611400
2006-06-21,45.18983840942383,45.28659331288604,45.189838409423835,45.28659331288604,476000
2006-06-22,44.93183135986328,45.09846733830103,44.91570622346633,45.06621296450601,745500
2006-06-23,44.84050369262695,45.00713985999499,44.80287696470625,44.94801155883307,675500
2006-06-26,44.75446701049805,44.86734710726874,44.67921361265091,44.840469136179365,526100
2006-06-27,44.974822998046875,45.01244967371955,44.81893988426004,44.81893988426004,429100
2006-06-28,44.73834228515625,44.95334965186447,44.71684072828489,44.95334965186447,381300
2006-06-29,44.88885498046875,45.05548694186319,44.808225156857404,44.92648168468695,1609300
2006-06-30,45.324256896972656,45.36726002263767,44.88348511141567,44.88348511141567,1219000
2006-07-03,45.279441833496094,45.30642031901678,45.18231022829395,45.27404448960511,716800
2006-07-05,44.91793441772461,45.01506611054719,44.76144423945651,45.00427552999838,1289200
2006-07-06,45.19314193725586,45.214727215501206,44.966502691136064,44.966502691136064,451400
2006-07-07,45.484527587890625,45.57626191368608,45.37120798832507,45.43595969266538,1356900
2006-07-10,45.52770233154297,45.543890259120026,45.35502424243704,45.42517330092775,480400
2006-07-11,45.67336654663086,45.79208342359611,45.64099071362854,45.646383941150546,423800
2006-07-12,45.684181213378906,45.77051817812957,45.473725855928656,45.50610582005836,641000
2006-07-13,45.86225891113281,45.89463887979619,45.69497818809015,45.70576876633131,1347400
2006-07-14,45.88922882080078,45.95398462322013,45.77051190818304,45.77051190818304,1343900
2006-07-17,45.95937728881836,45.97017198090696,45.78669926811957,45.8514550697449,514100
2006-07-18,45.565433502197266,45.732714088809615,45.54384824634945,45.7057314897582,621000
2006-07-19,45.99715042114258,46.02953038040017,45.4575310924953,45.506098972897306,1267400
2006-07-20,46.132049560546875,46.20759592787746,45.851449355742986,45.851449355742986,1320200
2006-07-21,46.045719146728516,46.22918774569121,45.975565997856684,46.19141455667131,652100
2006-07-24,46.01873779296875,46.142852055700175,45.98096460291465,46.088890943761314,393900
2006-07-25,45.88379669189453,46.072662492901166,45.81364771351083,45.99172294744525,948200
2006-07-26,46.051124572753906,46.06731661545283,45.79750687471637,45.81909214801168,717100
2006-07-27,45.98097229003906,46.126671845297956,45.93240851626585,46.126671845297956,295500
2006-07-28,46.24538040161133,46.34790940386291,46.19141928562548,46.218401902103025,769800
2006-07-31,46.304718017578125,46.304718017578125,46.16442000257192,46.20219317845319,375100
2006-08-01,46.30039978027344,46.32207142081093,46.07285375479397,46.22455110511361,577800
2006-08-02,46.47378158569336,46.47378158569336,46.159548911418206,46.251654442460186,477400
2006-08-03,46.484596252441406,46.61462193311703,46.332894802637675,46.392490767414394,500500
2006-08-04,46.76630401611328,46.85299053062154,46.75005132800311,46.80964727336741,1246000
2006-08-07,46.793418884277344,46.804252637496404,46.69047962820432,46.77174724439657,1127600
2006-08-08,46.69047927856445,46.901772599016425,46.64171705583719,46.798833343714264,844400
2006-08-09,46.538814544677734,46.603825375944986,46.435875217243876,46.457546872148136,372400
2006-08-10,46.46831512451172,46.511658373217415,46.29494626312863,46.511658373217415,539000
2006-08-11,46.267879486083984,46.33830919506756,46.24620785252562,46.305803811450744,450800
2006-08-14,46.186641693115234,46.2516566357378,46.15413628852601,46.24081874524531,662300
2006-08-15,46.576690673828125,46.64170143777198,46.47375145299536,46.47375145299536,1093800
2006-08-16,46.89093017578125,46.939688256050545,46.842167962070086,46.901763926916026,838900
2006-08-17,46.87470245361328,47.010147160826435,46.82052539741691,47.010147160826435,922300
2006-08-18,47.01014709472656,47.085999933428155,46.945136280760096,46.983060633388675,1050700
2006-08-21,47.178131103515625,47.178131103515625,47.06435797385848,47.075191738539,676400
2006-08-22,47.1943244934082,47.2593394001079,47.118475835646144,47.13472852896061,749300
2006-08-23,47.215999603271484,47.264757686802646,47.05888333393417,47.167237386298176,801700
2006-08-24,47.3027229309082,47.37315684596149,47.26479856643555,47.35690413739403,1206700
2006-08-25,47.37311553955078,47.45437901153139,47.24308571749757,47.26475735450644,569000
2006-08-28,47.41645431518555,47.416454315185554,47.26475699073313,47.356862480672454,582300
2006-08-29,47.481475830078125,47.481475830078125,47.12390410605323,47.270182508280996,1345600
2006-08-30,47.60608673095703,47.60608673095704,47.492313721780526,47.58441509109827,1180500
2006-08-31,47.7198600769043,47.78487086349673,47.53565320352615,47.53565320352615,1272400
2006-09-01,47.736167907714844,47.81231916350972,47.57842483501624,47.66001665191996,893400
2006-09-05,47.43703842163086,47.670932943039794,47.40984389352112,47.600222190031744,2271300
2006-09-06,47.371734619140625,47.37173461914062,47.170479466553616,47.26294827449538,1853400
2006-09-07,47.46418380737305,47.49681886443666,47.18133281305182,47.28468269366122,1716100
2006-09-08,47.50227737426758,47.64913933648159,47.50227737426758,47.58930560930078,540300
2006-09-11,47.458744049072266,47.58928842946152,47.29556046113743,47.58928842946152,557600
2006-09-12,47.69810104370117,47.70897801798514,47.32278110694342,47.404372938838534,820800
2006-09-13,47.71986389160156,47.88304342169955,47.68178825291869,47.88304342169955,797000
2006-09-14,47.61105728149414,47.79599899962629,47.551223562386554,47.676331561411125,672800
2006-09-15,47.57297897338867,47.839508338974404,47.567538412886016,47.7361625890144,1047200
2006-09-18,47.496829986572266,47.52946505127791,47.30645185923617,47.30645185923617,871400
2006-09-19,48.02989959716797,48.02989959716797,47.77968356639259,47.790564689434575,1229600
2006-09-20,48.10063552856445,48.12783420050405,47.94289236117113,48.07343685662486,827400
2006-09-21,48.54121017456055,48.562968275123836,48.05710384934407,48.05710384934407,1698600
2006-09-22,48.78056335449219,48.791440333870625,48.58474452620103,48.58474452620103,1428600
2006-09-25,49.12322998046875,49.12322998046875,48.851259925610776,48.86757746491286,2607600
2006-09-26,48.916526794433594,49.008995603040276,48.856693059468554,48.95460243032653,2200000
2006-09-27,48.77510452270508,49.106908293602395,48.75334642216208,49.090590755678484,1165400
2006-09-28,48.693504333496094,48.73157996543403,48.55751934087024,48.64455172811846,1796800
2006-09-29,48.633697509765625,48.8077582157702,48.45963265382647,48.786000108777806,1398000
2006-10-02,48.7669677734375,48.848879836887555,48.586752900982326,48.657744744783216,1211900
2006-10-03,48.701419830322266,48.84340764317278,48.68503742238399,48.821563043777985,854900
2006-10-04,49.05635070800781,49.067270916348605,48.783299668777794,48.783299668777794,1155500
2006-10-05,48.712318420410156,48.89799534961686,48.57579285962826,48.89799534961686,1241600
2006-10-06,48.204429626464844,48.65769536087626,48.17712702183576,48.65223317337912,2472400
2006-10-09,48.33551025390625,48.38465745544209,48.06245913489537,48.1116063364312,834900
2006-10-10,47.953250885009766,48.11708327320236,47.85495228538034,48.029704888451455,1398700
2006-10-11,47.81126403808594,48.0733908418161,47.7402680636516,48.02970165238427,1521600
2006-10-12,47.83858871459961,47.931425160125485,47.77305906666715,47.85497112658272,586400
2006-10-13,47.59825134277344,47.707470073960316,47.570944576762955,47.66924310140215,1414100
2006-10-16,47.81126403808594,47.8167220619421,47.71296544507952,47.729347849508855,897600
2006-10-17,47.84949493408203,48.08431913836414,47.78942333532864,47.99147856165297,730800
2006-10-18,47.94779586791992,47.99148089660446,47.811270258007205,47.88772426624385,499600
2006-10-19,47.860389709472656,47.92592346412375,47.70748178171532,47.8330829367609,797300
2006-10-20,47.81126403808594,47.8931760602326,47.81126403808594,47.8440288469446,280700
2006-10-23,47.6201057434082,47.62556793150022,47.44535322232231,47.5928031358056,1200600
2006-10-24,47.6201057434082,47.647412517439555,47.5928031358056,47.603723345560894,243400
2006-10-25,47.996891021728516,48.040580169451076,47.63646596908346,47.6583063765183,558400
2006-10-26,48.3082160949707,48.34098090455373,48.138925690217704,48.138925690217704,1558300
2006-10-27,48.53208541870117,48.630383943694966,48.43924491378714,48.61399738417305,1601500
2006-10-30,48.668636322021484,48.668636322021484,48.51572418498769,48.54303096535116,901200
2006-10-31,49.04545211791992,49.07822109302635,48.67956453293627,48.73963612646259,964600
2006-11-01,49.31681823730469,49.404533573030086,49.03723083280174,49.12494616852714,1440100
2006-11-02,49.113983154296875,49.212660822759204,49.05368408481773,49.13591198978825,853300
2006-11-03,48.53287124633789,48.702814449832296,48.40678570261515,48.60962005968999,1534100
2006-11-06,48.675384521484375,48.675384521484375,48.434171684396816,48.434171684396816,528000
2006-11-07,48.90016174316406,49.07010910137578,48.85630827305725,48.94401939576682,525900
2006-11-08,49.0755615234375,49.0755615234375,48.83983199681686,48.92206400517172,706300
2006-11-09,49.048179626464844,49.113961922003135,48.998838722315234,49.04817962646485,729600
2006-11-10,49.26197052001953,49.36064812592801,49.14684734354215,49.14684734354215,738100
2006-11-13,49.25101089477539,49.25101089477539,49.04817658611091,49.25101089477539,462400
2006-11-14,49.44291687011719,49.55255687697537,49.40454244946701,49.525144784011744,916400
2006-11-15,49.25654602050781,49.3661902592388,49.19624273483078,49.3661902592388,1803200
2006-11-16,49.031734466552734,49.36614174668208,48.944019161766576,49.338729668312425,1494400
2006-11-17,49.31134033203125,49.45935893149919,49.07013149761715,49.09753940613123,1752000
2006-11-20,49.388065338134766,49.40451509430365,49.26197981831092,49.338728617115656,857200
2006-11-21,49.50867462158203,49.5525322755505,49.31680261359013,49.41548024377112,605100
2006-11-22,49.59088134765625,49.618293413009326,49.48672051830732,49.53606139944406,770300
2006-11-24,49.67863845825195,49.832136115544465,49.67863845825195,49.749904032709914,533400
2006-11-27,49.859554290771484,49.859554290771484,49.404544479366535,49.464847740365684,784500
2006-11-28,49.96367263793945,50.02397584753332,49.75535512093004,50.01849259688986,1466300
2006-11-29,49.84860610961914,50.08433596519799,49.83764377837108,50.05144478895427,1206400
2006-11-30,50.177486419677734,50.23230639284629,49.963685596573235,50.03495114344278,1428600
2006-12-01,50.30515670776367,50.51425980951906,50.15658720752232,50.22812004864844,1156000
2006-12-04,50.39315414428711,50.415165197593275,50.19505886271078,50.23908096932311,460700
2006-12-05,50.15657424926758,50.360169282250794,50.07403379348808,50.2721292080861,1833700
2006-12-06,50.057518005371094,50.173072944483366,50.01349587670511,50.09053250277996,936100
2006-12-07,50.01903533935547,50.12358272171831,49.936494838828,50.068557120761405,739200
2006-12-08,49.65586471557617,50.05755962683419,49.62835401092149,49.99152637893041,2090300
2006-12-11,49.87043380737305,49.93096319414958,49.80440480229458,49.87043380737305,727700
2006-12-12,49.97499084472656,50.057531308365434,49.77139159417498,49.925469085452654,802800
2006-12-13,49.52927017211914,49.716357941003196,49.424718655282945,49.69434687439654,1217900
2006-12-14,49.347686767578125,49.46874554646749,49.3036646301307,49.42472340902007,687600
2006-12-15,49.37519454956055,49.886940278762694,49.30365753695479,49.84291814764861,1162100
2006-12-18,49.39168167114258,49.43569958613705,49.29813363110237,49.36967061455546,441400
2006-12-19,49.325660705566406,49.41920457057152,49.2541279025944,49.2541279025944,930700
2006-12-20,49.3201789855957,49.347693875008765,49.27616103999057,49.33118662063401,336800
2006-12-21,49.56782150268555,49.62835092662271,49.303692725670224,49.36422214960739,770700
2006-12-22,49.18810272216797,49.441223679474575,49.089055025988735,49.430220245757546,1433200
2006-12-26,49.33662796020508,49.353135193675726,49.171547229143755,49.22106892955572,496200
2006-12-27,48.97394943237305,49.32179417120671,48.973949432373054,49.29418597489887,840700
2006-12-28,48.86347579956055,49.11745494229444,48.620537396765044,49.084328510064175,1080200
2006-12-29,48.82486343383789,48.891120560303264,48.703394141527156,48.78069201619431,775500
2007-01-03,49.172698974609375,49.39355182842275,48.95185033321381,49.26104180110185,1870400
2007-01-04,49.4708366394043,49.4984448185015,49.26102880048238,49.26102880048238,1697000
2007-01-05,49.255496978759766,49.36040298452915,49.001517786427065,49.02912596028719,1298400
2007-01-08,49.34387969970703,49.34387969970703,49.16719819629337,49.20584714352701,414200
2007-01-09,49.34387969970703,49.40461436141979,49.261059323515155,49.40461436141979,481500
2007-01-10,49.123023986816406,49.211362627313335,49.07333007894639,49.17823616367937,519600
2007-01-11,48.83590316772461,49.029152062796975,48.7310013185227,49.02362958260167,1293500
2007-01-12,48.60953903198242,49.05124062562605,48.53224114778432,48.67027368562647,846300
2007-01-16,48.71444320678711,48.71996147514385,48.60401465337353,48.71444320678711,702800
2007-01-17,48.565338134765625,48.73649702984018,48.488040297479294,48.70337058883638,724200
2007-01-18,48.71444320678711,48.742047185826564,48.46598212092051,48.55432496365137,918300
2007-01-19,48.58191680908203,48.67025962974878,48.51566390599952,48.67025962974878,882500
2007-01-22,48.6978645324707,48.76964412873847,48.65369733371087,48.67026055979802,432000
2007-01-23,48.37763214111328,48.61504820973092,48.350023956132176,48.5984807712917,1096800
2007-01-24,48.372093200683594,48.42178286183914,48.31135858432715,48.39970137626968,463700
2007-01-25,48.02427673339844,48.29481929605938,47.96906035486423,48.28377433538524,1397000
2007-01-26,47.98563003540039,48.0794911434199,47.84207502686449,47.91385042492322,1576800
2007-01-29,47.88071823120117,48.0905261320709,47.81446110925486,48.06844042475546,1015300
2007-01-30,47.9359245300293,47.985618418515244,47.90279807931695,47.974573459999505,1295100
2007-01-31,48.339019775390625,48.372146252492215,47.86970555020717,47.86970555020717,2078000
2007-02-01,48.280784606933594,48.652221132312896,48.230892610288514,48.59123920558954,986200
2007-02-02,48.34178924560547,48.44712248299151,48.27526655215832,48.27526655215832,814700
2007-02-05,48.408294677734375,48.48590727201392,48.31959638265882,48.45264594005673,395500
2007-02-06,48.674400329589844,48.69103099635684,48.31959867332933,48.34177007597242,770500
2007-02-07,48.81851577758789,48.85178132718769,48.69655196471318,48.72981751431297,836200
2007-02-08,48.8573112487793,48.95709941636042,48.73535169246167,48.77969869950139,980200
2007-02-09,48.58014678955078,48.74091693090638,48.53579976021419,48.72428626620905,878300
2007-02-12,48.46927261352539,48.5912364600809,48.41383565497348,48.50253394274278,467600
2007-02-13,48.36393356323242,48.502528057579944,48.34175793658862,48.502528057579944,1310600
2007-02-14,48.8240966796875,48.8906235982892,48.51918692305985,48.51918692305985,2262500
2007-02-15,48.96822738647461,49.10682193637662,48.96822738647462,49.07910133456822,893800
2007-02-16,49.14006805419922,49.184419311527265,49.05136976911183,49.11234746097702,1476700
2007-02-20,49.250946044921875,49.25649100993906,49.0624595300279,49.0624595300279,847400
2007-02-21,49.16779327392578,49.17333400943662,49.05137438466161,49.07909075092312,379800
2007-02-22,48.90166473388672,49.03471422025694,48.83513787591815,49.012542830501,485200
2007-02-23,49.250946044921875,49.30638723595567,49.05691456501071,49.07909019551042,735700
2007-02-26,49.578060150146484,49.583605118389485,49.40065923251386,49.422834875914376,763400
2007-02-27,50.20447540283203,50.592542579811514,49.672272976567996,49.74988556605011,3243200
2007-02-28,49.97718811035156,50.15458893866873,49.83304861560343,49.98273307580286,1701900
2007-03-01,49.94546890258789,50.3238859955785,49.889820204208824,50.24041082514813,2423900
2007-03-02,50.19587326049805,50.35169550748621,49.90093143728412,50.06231558023029,1619800
2007-03-05,50.27937316894531,50.362848352375856,50.117988946506046,50.35172030925641,1505200
2007-03-06,50.12908935546875,50.28490733439286,50.07900257897372,50.117957073704744,837400
2007-03-07,50.32389450073242,50.362849020753764,50.07347319284158,50.12912190062574,915400
2007-03-08,50.27937316894531,50.31832768844968,50.14581542289096,50.245984793862775,574700
2007-03-09,49.75067901611328,50.028926656868144,49.63381551648289,49.739546732878736,1534700
2007-03-12,49.94546890258789,50.07346473001093,49.90651438915019,49.93434086120149,594400
2007-03-13,50.24597930908203,50.27380153670571,50.07346706235451,50.212590937644116,553800
2007-03-14,50.017791748046875,50.38508065250976,49.99553142846835,50.16804784377145,1698100
2007-03-15,50.01224899291992,50.0623315468476,49.90094735243041,49.951034152081554,394900
2007-03-16,50.00114440917969,50.04009894350294,49.8898469527492,49.90097500010192,623800
2007-03-19,49.8953971862793,49.917653273886664,49.81748389675566,49.85087651961563,693900
2007-03-20,49.923213958740234,50.056771698400055,49.91208591615358,50.034515613226745,768400
2007-03-21,49.94546890258789,50.13467532622143,49.355585057467415,49.73956404828945,1513400
2007-03-22,49.55036544799805,49.79522485439423,49.433501889233746,49.79522485439423,1484300
2007-03-23,49.411216735839844,49.639377594319626,49.405650594202164,49.63381569840402,1679700
2007-03-26,49.472408294677734,49.678308735514165,49.24980943677991,49.31659036786529,763600
2007-03-27,49.38893508911133,49.42232343307631,49.283199672261915,49.327720294695375,619800
2007-03-28,49.28879165649414,49.589299646913595,49.199754610660115,49.478002278190445,816900
2007-03-29,49.22200393676758,49.34443357300464,49.14966108159199,49.27209071782905,823000
2007-03-30,49.127410888671875,49.483567588020755,49.094022524896275,49.33331570530782,2015100
2007-04-02,49.20893096923828,49.275959425253625,49.158662823319474,49.21451773927046,579600
2007-04-03,49.147518157958984,49.24805877032224,49.141935646103946,49.164274216442955,617000
2007-04-04,49.197792053222656,49.34301407202811,49.09725143787911,49.24806023016465,576900
2007-04-05,49.013458251953125,49.22012621973325,48.99111542342618,49.208952674740374,436400
2007-04-09,48.68948745727539,48.76768521647578,48.667144631581245,48.75092916256974,1283900
2007-04-10,48.83474349975586,48.901772017749046,48.76771498176267,48.8124006604248,674400
2007-04-11,48.80120849609375,48.91850515150378,48.750936065798676,48.85706343750917,476200
2007-04-12,48.812416076660156,48.91295675467288,48.750974314460045,48.873857838860275,495100
2007-04-13,48.66156768798828,48.85706210835324,48.60012597566519,48.82354999670746,557800
2007-04-16,48.929691314697266,48.974376987828556,48.81798139332937,48.81798139332937,833600
2007-04-17,49.2033805847168,49.24248374240158,49.06374106084854,49.09167067020622,1254200
2007-04-18,49.449092864990234,49.46584890750398,49.35413911644211,49.35972588443182,450800
2007-04-19,49.36532974243164,49.54965481271773,49.264789182408066,49.5217294836017,1305900
2007-04-20,49.23687744140625,49.40444224671765,49.18660501679195,49.40444224671765,664500
2007-04-23,49.4156494140625,49.482673677208425,49.17546919437992,49.23132416748862,419000
2007-04-24,49.599945068359375,49.61111435173279,49.404446386925244,49.404446386925244,881300
2007-04-25,49.42679214477539,49.59436123552008,49.214541656429915,49.47147780383518,569000
2007-04-26,49.06929397583008,49.3932584704103,49.06929397583008,49.3932584704103,2048400
2007-04-27,49.05813980102539,49.181023216904286,49.03021020234075,49.158680390248264,428700
2007-04-30,49.57199478149414,49.57199478149414,49.292715937654734,49.33740157541871,485700
2007-05-01,49.60790252685547,49.691994076796924,49.394874307134494,49.6583591676499,487200
2007-05-02,49.5798454284668,49.602270113610345,49.49575392844635,49.5798454284668,443900
2007-05-03,49.4677734375,49.5406548092637,49.338836710200205,49.5406548092637,427000
2007-05-04,49.66952896118164,49.69195364139018,49.6134693991955,49.624679600764566,262000
2007-05-07,49.80412292480469,49.809730169771676,49.70882114573952,49.725638603565756,210200
2007-05-08,49.69200134277344,49.89942662601561,49.69200134277344,49.89942662601561,488400
2007-05-09,49.49573516845703,49.70316021961257,49.4789177302414,49.69755298118411,634900
2007-05-10,49.613529205322266,49.663981588805974,49.50701291520033,49.55746957575961,519500
2007-05-11,49.439701080322266,49.72560623138888,49.40606190949471,49.69197133763326,1238400
2007-05-14,49.31074523925781,49.49013841334099,49.31074523925781,49.46211076940119,315200
2007-05-15,49.29393005371094,49.45089855358449,49.14256879371025,49.43968835090959,382400
2007-05-16,49.260345458984375,49.33322254344922,49.237920753670146,49.25473821338702,599500
2007-05-17,49.058494567871094,49.176220984204875,49.00243498062725,49.10894691326885,397000
2007-05-18,48.73336410522461,49.05290859585176,48.70533216091159,48.96881703998689,856500
2007-05-21,48.87912368774414,48.90715135565433,48.67730565966389,48.73336527255856,821100
2007-05-22,48.62683868408203,48.88471627027483,48.593203778905306,48.87350606090705,920200
2007-05-23,48.48664855957031,48.68285914380255,48.38573964809803,48.68285914380255,914500
2007-05-24,48.53155517578125,48.5427653893625,48.1895859210406,48.469888308396875,1598200
2007-05-25,48.419437408447266,48.55398136090083,48.39701270352582,48.43625486786957,754900
2007-05-29,48.413780212402344,48.53150658397031,48.11666066362544,48.497871699828245,1055700
2007-05-30,48.51472473144531,48.65487588761066,48.43063318233133,48.65487588761066,612000
2007-05-31,48.42502975463867,48.53715325465116,48.23442622022874,48.525938766112816,1725900
2007-06-01,48.17062759399414,48.87413603036308,48.14248983286423,48.34510060604846,1694300
2007-06-04,48.39011764526367,48.412626132649436,48.21564466396917,48.30569578900813,877700
2007-06-05,48.086204528808594,48.36760787124052,48.052433207882274,48.33946581944763,1145400
2007-06-06,48.06368637084961,48.14247895440869,47.98489378729054,48.04117359070791,1129200
2007-06-07,47.20259475708008,47.67535027677032,47.123802170465034,47.6303247147406,5010400
2007-06-08,47.163185119628906,47.34328302291774,46.915548892404495,47.05625051353241,5307600
2007-06-11,47.028141021728516,47.21386832069578,46.85930153583839,46.98874471229992,2043800
2007-06-12,46.347137451171875,46.94934053371734,46.26271557543887,46.662312167650086,9043900
2007-06-13,46.89868927001953,47.14069635336676,46.515980493886126,46.544118256118416,8751200
2007-06-14,46.7805061340332,47.11256010890972,46.74110982694827,46.791760381539426,3384700
2007-06-15,47.10127639770508,47.123789172510335,46.82549812674525,46.94931624123779,5827200
2007-06-18,47.00563430786133,47.0788019590268,46.285242102970926,47.06754341552,17704600
2007-06-19,47.44461441040039,47.52903199432676,47.11818543963487,47.1744652602108,4620100
2007-06-20,47.06189727783203,47.32078784169576,47.04500947016488,47.28701652023575,3031700
2007-06-21,46.836795806884766,47.10694074258721,46.83116653501037,47.01689386197851,850400
2007-06-22,47.14069747924805,47.14632245550391,46.684821063898,46.74110517745665,2118900
2007-06-25,47.39961624145508,47.472779621117205,47.25328518825328,47.36021991488662,1323500
2007-06-26,47.410850524902344,47.455876105980664,47.25889455610771,47.43899258654523,2187800
2007-06-27,47.45585250854492,47.692230250853555,47.3883141705109,47.61906693838858,6109300
2007-06-28,47.44461441040039,47.60219962556304,47.37707604938423,47.45586865696555,3612500
2007-06-29,47.93425369262695,48.007421324046334,47.63596677834048,47.75415569000823,1962200
2007-07-02,48.18628692626953,48.23148555617277,47.91509945722867,47.91509945722867,2811700
2007-07-03,47.89243698120117,48.214469251399514,47.85854020866647,48.163624092597466,1387500
2007-07-05,47.35573959350586,47.6947204047732,47.299243510023786,47.63257341983045,4586800
2007-07-06,47.16365051269531,47.20319820088321,47.050654039033645,47.19754729960644,1437800
2007-07-09,47.33313751220703,47.41788378762977,47.27664143205008,47.38398700161052,795400
2007-07-10,48.13542175292969,48.135421752929695,47.700396934972744,47.728647147079656,2258000
2007-07-11,47.638206481933594,48.07323090325181,47.638206481933594,47.994135553921225,1191300
2007-07-12,47.474388122558594,47.78512308301387,47.383995240665016,47.76817468705728,1941200
2007-07-13,47.60432815551758,47.768169817019604,47.42353809978688,47.71166942242413,725900
2007-07-16,48.06195831298828,48.08455761170056,47.75122334366386,47.75122334366386,952000
2007-07-17,47.96022033691406,48.07321241811763,47.73988276130699,47.94327195577069,734200
2007-07-18,48.14103317260742,48.327474074690706,47.91504459223741,47.98284245946051,1836800
2007-07-19,48.12971878051758,48.169266444915515,47.90938117739023,47.965877225048395,1021000
2007-07-20,48.56473922729492,48.6325370653171,48.20315937858691,48.2370561424121,1459900
2007-07-23,48.485679626464844,48.57042590883618,48.41223514727634,48.41223514727634,777900
2007-07-24,48.66645431518555,48.67775611479928,48.42916824778055,48.59300985919075,1351600
2007-07-25,48.76247024536133,48.807668797287256,48.58733124461231,48.626878899954704,881100
2007-07-26,49.16926956176758,49.412206494013745,48.954582814116094,49.00542797393895,2866400
2007-07-27,49.310489654541016,49.46868027212702,49.067552831713634,49.180549208825816,5367800
2007-07-30,49.16926956176758,49.35571043519735,49.101476015337106,49.25966670417219,1803900
2007-07-31,49.525203704833984,49.576048865460514,49.12407176703928,49.22576639866541,2467600
2007-08-01,49.41798400878906,49.650527966741166,49.395296476754396,49.491719569702795,2154700
2007-08-02,49.54280471801758,49.59952143195031,49.33862108609343,49.46340045307017,2079400
2007-08-03,49.87174606323242,49.87174606323242,49.503081091927534,49.503081091927534,1577600
2007-08-06,49.508766174316406,49.752651892503465,49.44070353416871,49.74130595554198,1298400
2007-08-07,49.46903991699219,49.74695465607502,49.29888556323252,49.58814623374197,1890800
2007-08-08,48.867820739746094,49.281856241578915,48.69766643691933,49.281856241578915,6453000
2007-08-09,48.935916900634766,49.26487983304406,48.61829990504345,49.20249016216619,2637500
2007-08-10,48.82250213623047,49.17414842212098,48.76578541210703,49.05504200329916,1496400
2007-08-13,48.96427536010742,49.003977482889766,48.72038965524249,48.73173126437737,1312600
2007-08-14,49.094722747802734,49.21950208282163,48.7827787374623,48.78844737835822,1314700
2007-08-15,48.91887664794922,49.20246433866197,48.91887664794922,49.145747665960364,1101700
2007-08-16,49.42368698120117,49.68458726719907,49.2081617868221,49.27055145599627,2410200
2007-08-17,49.225162506103516,49.29322512437021,48.80545384480648,49.003964405743886,2114400
2007-08-20,49.25349807739258,49.49738361513313,49.24782944031304,49.321560667182,1048700
2007-08-21,49.49174880981445,49.576826023407655,49.37264244166669,49.400998628059874,1517200
2007-08-22,49.412315368652344,49.520075736806135,49.23648807719377,49.37261326939478,1137800
2007-08-23,49.582481384277344,49.729948226527846,49.36128328450442,49.39531242994466,1618800
2007-08-24,49.826385498046875,49.956837815946386,49.66190402208978,49.78101040249858,1614600
2007-08-27,50.08729553222656,50.183718710791254,49.99654965071688,50.070280949894,1585400
2007-08-28,50.1723518371582,50.331160308944895,50.07026005855157,50.155337261924814,1298900
2007-08-29,50.03624725341797,50.348191331414185,50.0022180918349,50.18938280774953,2686700
2007-08-30,50.37088394165039,50.45596118136242,50.178046237030756,50.2574505068398,1806800
2007-08-31,50.41054916381836,50.59204512294119,50.217711600402545,50.24606777473752,2763200
2007-09-04,50.43445587158203,50.75906771945846,50.229437405038986,50.58822189393947,931000
2007-09-05,50.83879852294922,50.884359149401554,50.52557899211548,50.54835930534164,1271500
2007-09-06,50.707855224609375,50.96412633723693,50.656598395141614,50.861617023205156,1768400
2007-09-07,51.42538833618164,51.539285571860695,51.07799611898917,51.11216442071267,2852200
2007-09-10,51.824039459228516,51.97780118103217,51.539291989672314,51.539291989672314,2495200
2007-09-11,51.784149169921875,51.97777526713364,51.6531634874732,51.755672699202776,3925400
2007-09-12,51.590599060058594,51.78992597566743,51.49378586070389,51.76714563260053,4458300
2007-09-13,51.12928009033203,51.44250419888868,51.015382784440725,51.42542003749536,2020600
2007-09-14,51.20330810546875,51.590560614303456,51.03815399998769,51.58486879145796,1357200
2007-09-17,51.448204040527344,51.476680543889856,51.11790006400594,51.15206839211744,1285400
2007-09-18,51.0609245300293,51.39122833271963,50.68505573899609,51.14065348359959,3132800
2007-09-19,50.58826446533203,50.690773784867915,50.3262971698301,50.51992347067345,3854700
2007-09-20,49.631507873535156,50.28073205818833,49.60303137538751,50.21808723818639,5903200
2007-09-21,50.052947998046875,50.189625671028104,49.87640582274175,49.87640582274175,2217600
2007-09-24,50.1953239440918,50.275052952079555,50.06434243592836,50.132679102829265,1943600
2007-09-25,50.01874542236328,50.468646980525655,50.01874542236328,50.40030601836996,2513500
2007-09-26,50.064292907714844,50.189578121391165,49.790933475828396,49.899138884581475,2646400
2007-09-27,50.41170120239258,50.559771135748825,50.20099080924593,50.2522432795024,1802900
2007-09-28,50.52558517456055,50.87297739019162,50.24083774174169,50.77616430580945,1254700
2007-10-01,50.8143196105957,50.871494928598516,50.557048127040474,50.70569610249194,1399400
2007-10-02,50.97438049316406,51.09444075331942,50.699953925764454,50.73997401248291,887800
2007-10-03,50.82577896118164,51.12878908878436,50.72858785645365,51.071618107289446,1164600
2007-10-04,51.02013397216797,51.06587247772755,50.83147026999665,50.88864122101414,1128700
2007-10-05,50.471282958984375,50.562759966420515,50.14540375325477,50.488433807412704,2184700
2007-10-08,50.43128204345703,50.59708091110937,50.179724539175474,50.179724539175474,280100
2007-10-09,50.368350982666016,50.51699887234499,50.18540141146952,50.40265702604537,901000
2007-10-10,50.396968841552734,50.55704926709595,50.191149905321616,50.29977777773928,855500
2007-10-11,50.34553146362305,50.36268232132045,49.996782817555356,50.03680293947134,1533400
2007-10-12,50.09971237182617,50.41415942831764,50.01395804902658,50.03682296052787,1133900
2007-10-15,50.11111068725586,50.15113079443606,49.968181109917346,50.01391962151316,553300
2007-10-16,50.12827682495117,50.29979411480636,50.04823658618299,50.11112596833883,855500
2007-10-17,50.677093505859375,50.85432472620704,50.17969717415271,50.17969717415271,2377000
2007-10-18,50.95724105834961,51.07730135565984,50.89435170806372,50.945808613690204,1374100
2007-10-19,51.717620849609375,51.797661037828405,51.23166131774722,51.24309376098003,2561800
2007-10-22,51.72333526611328,51.82624469473036,51.49464716231278,51.78622460370499,1866500
2007-10-23,51.65477752685547,51.75196864744368,51.511847868860926,51.60332494367359,1046600
2007-10-24,52.037837982177734,52.24937548700869,51.77484788425883,51.86060656793992,2829300
2007-10-25,51.86056900024414,52.129277312254764,51.85485059564305,52.060669542635665,3062200
2007-10-26,51.74055480957031,52.026414228407724,51.649077701845435,51.66623293094528,1366500
2007-10-29,51.94063949584961,52.02067975946546,51.729106382807956,51.740538836809975,881000
2007-10-30,51.91202163696289,52.03208195249694,51.69476589868423,51.87200153178487,1439600
2007-10-31,51.4432373046875,51.85487099877191,51.31174011831072,51.740529032948416,2498500
2007-11-01,52.11161804199219,52.26091977216677,51.6579736787659,51.6579736787659,2563400
2007-11-02,52.27814865112305,52.56526501824408,51.80153443025059,51.939349059775225,1927700
2007-11-05,52.25518798828125,52.47913844346141,52.14034317369358,52.34706734479047,1021500
2007-11-06,52.002498626708984,52.34129811131197,51.95656335203889,52.02546845456738,575800
2007-11-07,52.09439468383789,52.11736451907992,51.864700712465705,51.99103261577281,1456100
2007-11-08,52.002498626708984,52.22070980084041,51.92784997195422,52.054181834652056,2179600
2007-11-09,52.4447021484375,52.593999577517415,52.215008066941195,52.27817404887893,887200
2007-11-12,52.63413619995117,52.82362953468202,52.4561212028384,52.82362953468202,460600
2007-11-13,52.438926696777344,52.53654519819763,52.35279092097516,52.49634908696295,1116600
2007-11-14,52.49635696411133,52.548040189766795,52.20924058905356,52.22646687058931,684400
2007-11-15,52.99018859863281,53.150973040750266,52.53654427634574,52.60545377198785,1312900
2007-11-16,53.06486511230469,53.231388800241966,52.95001590211591,52.98446847464784,1333800
2007-11-19,53.409385681152344,53.644818814536606,53.06484693073387,53.1394956059927,1343900
2007-11-20,53.35194778442383,53.570154574042625,53.288781854078216,53.45530543657486,1367800
2007-11-21,53.662025451660156,53.7366784806398,53.54143715220801,53.63331645524563,1297800
2007-11-23,53.82285690307617,53.86305303476129,53.58167573191562,53.656328820080695,437400
2007-11-26,54.885162353515625,55.33306315721014,54.04678313974551,54.10420553336443,4427000
2007-11-27,54.36265182495117,54.69570810687052,53.97217310364432,54.52917996591085,3100300
2007-11-28,53.99510192871094,54.37409762658991,53.88599631004009,54.29944456916334,2088100
2007-11-29,54.460201263427734,54.79325712247541,54.35684363239128,54.44871854255004,1594500
2007-11-30,54.19611740112305,54.20186095871135,53.828608574386166,53.90900085641919,1952100
2007-12-03,54.62614440917969,54.82792875947342,54.35517496796998,54.631910933064916,1272700
2007-12-04,54.620384216308594,54.8048734148996,54.28023404332527,54.71263101488883,1721200
2007-12-05,53.96891784667969,54.46473348587995,53.94008961705887,54.32060113491639,1866000
2007-12-06,53.49622344970703,53.813312335586524,53.35209093833221,53.801783670049616,2270200
2007-12-07,52.8965950012207,53.2425119089802,52.68327744879249,53.144502924853235,2171000
2007-12-10,52.579498291015625,52.86200096483731,52.320061727827024,52.83317272511776,2242500
2007-12-11,53.61149597167969,53.749866267685036,52.798591375868014,52.88507171122821,2892400
2007-12-12,53.058048248291016,53.41549838496995,52.619884274067516,52.72365983642113,2225400
2007-12-13,52.481475830078125,52.93693462948456,52.40652858406341,52.81586397119739,1222100
2007-12-14,52.23933029174805,52.418053001646854,52.175911704641315,52.343105761689046,1354900
2007-12-17,52.70634460449219,52.77552975261644,52.423846280486806,52.50456008734548,2046200
2007-12-18,53.04650115966797,53.213695307528646,52.781298014342575,52.8043553325685,1417100
2007-12-19,53.7498664855957,53.94011794587236,52.971547862771075,53.27134577342551,2252400
2007-12-20,53.634552001953125,54.11883918948805,53.62878547392106,53.76715575525796,1659400
2007-12-21,52.85043716430664,53.5710987523393,52.84467503857225,53.55957010230126,1767600
2007-12-24,52.60258865356445,52.735192470497694,52.51034615365047,52.591059990540536,550300
2007-12-26,52.14139175415039,52.82745968873176,52.04914481249923,52.47577592119518,674700
2007-12-27,52.70977020263672,52.76765839587742,52.39140722105837,52.6055776375522,468600
2007-12-28,53.53171920776367,53.589602966885025,52.964447769379774,53.051275616185684,1967800
2007-12-31,53.85588073730469,53.99480266552043,53.60118685536876,53.70537940559269,1647600
2008-01-02,54.63155746459961,54.8341573704444,53.948518088074074,53.977462193552036,2959600
2008-01-03,54.55628967285156,54.63153813772314,54.22055759958044,54.411578029157,1256700
2008-01-04,54.56785202026367,54.86885464251889,54.527332946065606,54.700988644770376,2420200
2008-01-07,54.80518341064453,54.863067173818656,54.42893232564063,54.515760178525845,1315500
2008-01-08,54.7414665222168,54.822504609626144,54.371005432275645,54.666218131406566,1604800
2008-01-09,54.84566116333008,55.16402824528792,54.770412769524,54.8688155344038,2203500
2008-01-10,54.104793548583984,54.96148406153491,54.012175970832985,54.91517968890859,2681800
2008-01-11,54.52729797363281,54.57360671908587,54.064223767837326,54.13368246977188,1872900
2008-01-14,54.72993850708008,54.72993850708008,54.41157116461756,54.527338698468476,906100
2008-01-15,55.343509674072266,55.35508465997259,55.030932059788064,55.083030536959406,1435300
2008-01-16,54.94411087036133,55.50559270393489,54.83413303410616,55.38403546412749,3505100
2008-01-17,55.65610885620117,55.737147037651205,54.94991520392259,54.96727989762622,2940500
2008-01-18,55.27408981323242,55.436166240300004,55.117803091774796,55.308823630640774,2676800
2008-01-22,55.86448287963867,55.92815635469528,55.164079070264755,55.80659910674597,5423500
2008-01-23,55.737159729003906,56.819604850915944,55.499830417682006,56.715412248719865,7636600
2008-01-24,54.61992263793945,55.42451842681498,54.608343241932914,55.30875096422327,5676700
2008-01-25,55.54034423828125,55.56928834245972,54.4868433234388,54.52157713170301,4371100
2008-01-28,55.33190155029297,55.56923059241265,55.198769408429555,55.3840000004211,1633500
2008-01-29,54.95570755004883,55.17566770795538,54.747322383084786,55.1525133098205,3100200
2008-01-30,54.59682083129883,54.857300081058185,54.17426079510603,54.810995701184204,3468000
2008-01-31,54.9846076965332,55.23930147661873,54.776222679417174,55.16405304897833,11441000
2008-02-01,55.31510543823242,55.41385022777392,54.925927237319364,55.18150615763339,4163700
2008-02-04,54.74591827392578,54.984072406316756,54.67621365263106,54.82723811630342,1729600
2008-02-05,55.164093017578125,55.53584183728924,55.04791874167122,55.41967199297783,2594600
2008-02-06,54.99566650390625,55.09441135578053,54.8097920167793,54.96662181495625,1339800
2008-02-07,53.81067657470703,54.908497673075146,53.46797253403708,54.908497673075146,5419700
2008-02-08,54.426395416259766,54.4438248796285,54.072071664878074,54.165011076464445,2832800
2008-02-11,54.652976989746094,55.0073010477634,54.4438719959053,54.76334152861673,2960200
2008-02-12,54.32766342163086,54.39736799675187,53.99657444509922,54.205683738866156,2897700
2008-02-13,53.75260543823242,54.26375893598182,53.67128566430855,53.97913972724826,3697500
2008-02-14,52.96269989013672,53.49708886533132,52.660655296383396,53.32283390295072,7505000
2008-02-15,53.36927795410156,53.47964248839078,53.12531844508207,53.212448107331525,3687800
2008-02-19,52.82903289794922,53.26467639440815,52.64896833752319,52.93939733516248,2911600
2008-02-20,53.1949462890625,53.1949462890625,52.60246898612173,52.63732345967798,2550100
2008-02-21,53.75848388671875,53.932738868322446,53.468054485778296,53.48547954077857,4197200
2008-02-22,53.45060348510742,53.932717160200234,53.36347824517429,53.72360772116237,1959700
2008-02-25,52.90458297729492,53.52029144970332,52.654813693499435,53.40992693800831,3460900
2008-02-26,52.9219970703125,53.05559199005201,52.70127252418811,52.83486744392762,2618900
2008-02-27,52.96847915649414,53.18920375412893,52.631580219369006,53.10788393228465,2494400
2008-02-28,53.90941619873047,53.92684122535595,53.54928716422058,53.636412297347974,3410900
2008-02-29,54.73423385620117,54.86782867195604,54.32182090775761,54.397335259925825,3822000
2008-03-03,54.59319305419922,54.91967805019942,54.36581893940986,54.610682686410016,2036900
2008-03-04,54.062686920166016,54.87307297755168,53.94608188973424,54.76813067417663,3401100
2008-03-05,53.41549301147461,54.25502619758818,53.34553005928894,54.25502619758818,3871200
2008-03-06,53.701210021972656,53.893604957589574,53.44468344115009,53.53213608897837,1342600
2008-03-07,53.771141052246094,54.42411094525422,53.48546227603124,54.389131686135585,3601300
2008-03-10,54.56403350830078,54.87886019066296,53.992684840625024,54.05098508964975,3579000
2008-03-11,54.09762954711914,54.23755104079521,53.75948186004657,54.22006141008871,3309200
2008-03-12,55.141197204589844,55.19949743164545,54.20254887052145,54.295828344205965,4752900
2008-03-13,54.70978546142578,55.4968543784898,54.37164224339492,55.40357042315452,5763500
2008-03-14,55.386131286621094,55.858369508959164,55.16458836276465,55.16458836276465,6174800
2008-03-17,55.811683654785156,56.14982688856289,55.56681548463878,55.73005796605369,3329300
2008-03-18,55.59592056274414,56.06233106852021,55.35688395532834,55.56094133161802,4022300
2008-03-19,56.51710510253906,56.82610031565394,55.45602493492567,55.45602493492567,5206400
2008-03-20,56.65706253051758,56.98937893564843,56.47633037362934,56.55212027373809,3905900
2008-03-24,55.56099319458008,56.24894688635349,55.502688490918835,56.24894688635349,5596200
2008-03-25,55.794185638427734,55.864148603249355,55.54932193358762,55.60762218026045,2038200
2008-03-26,55.56099319458008,56.08569994333615,55.520182570831835,55.84083620084673,1652000
2008-03-27,55.170318603515625,55.59591850790754,55.11784975876569,55.17614995782786,2405700
2008-03-28,55.70675277709961,55.71257968974907,55.24034177969695,55.43856356237688,1745500
2008-03-31,55.90497970581055,56.15567486158651,55.77671644731699,56.03324296430411,2546300
2008-04-01,54.9951057434082,55.53375576385435,54.907281302328876,55.51033561510409,3821800
2008-04-02,55.112213134765625,55.53962311851507,55.030244831077376,55.030244831077376,3794200
2008-04-03,55.23515319824219,55.428366070847375,55.106349083441934,55.32883379111859,2839100
2008-04-04,55.73872375488281,55.94950080546281,55.61577121986789,55.721159745157884,1745200
2008-04-07,55.4459342956543,55.49277459566629,54.97754469634501,55.39909846257918,2231800
2008-04-08,55.252750396728516,55.76212436787715,55.188346072363245,55.72699636074658,1305200
2008-04-09,55.826515197753906,55.99630796940711,55.35812550379058,55.36397719227196,2883600
2008-04-10,55.63917541503906,55.91435673356898,55.36985025371634,55.80311208132775,1846500
2008-04-11,56.01387023925781,56.160242851652825,55.89677393611686,55.97288608646471,1987700
2008-04-14,55.68600845336914,56.03144574543512,55.615747976892315,55.8206687829432,3195300
2008-04-15,54.9951057434082,55.37567534346087,54.97754174857967,55.281994748459816,2821600
2008-04-16,54.456478118896484,55.071240525407546,54.116892522763635,54.91901619633155,4691100
2008-04-17,54.36278533935547,54.55599825263538,54.00563582096684,54.43890195382557,2020000
2008-04-18,54.3159294128418,54.380333698746995,53.7597154530454,53.86510387844154,2199700
2008-04-21,54.53256607055664,54.61453435503023,54.040756363715076,54.10516065393526,2805800
2008-04-22,54.719932556152344,54.842885004812345,54.397915514501086,54.397915514501086,1799700
2008-04-23,54.53840255737305,54.81943529795837,54.175397094937566,54.50327011459873,1221100
2008-04-24,54.07587432861328,54.134422454250895,53.75385293720289,54.01732620297566,3213600
2008-04-25,53.75968933105469,54.011450199006546,53.57233271771381,53.947045944395555,1742000
2008-04-28,53.92369842529297,54.07007111616887,53.51971283599471,53.58996886877352,1883900
2008-04-29,54.12857437133789,54.36862752925668,53.952929968239175,54.08759023058789,1269100
2008-04-30,54.51502990722656,54.567721916887045,53.777310503408444,54.1110399654078,2827500
2008-05-01,54.51856231689453,55.02978563635405,54.28351695795508,54.906387831612236,3226500
2008-05-02,53.831050872802734,54.30114152546786,53.7899182769283,53.930943679481146,2730800
2008-05-05,53.831050872802734,53.983831007386414,53.55487295059574,53.977953641371,1309300
2008-05-06,53.443206787109375,54.107209938829754,53.34919137921043,54.06607735728987,4037500
2008-05-07,53.67237091064453,53.72525821641678,53.249294880040715,53.31393242980967,3876200
2008-05-08,54.154212951660156,54.177713438290056,53.71937773605912,53.73113246248866,2829500
2008-05-09,54.353973388671875,54.571390896147065,54.18356579899334,54.48912578155915,2064300
2008-05-12,54.271724700927734,54.74181505495526,54.26584733864608,54.5067698779415,1947400
2008-05-13,53.678253173828125,54.089583481095374,53.65474820057441,53.960308369757534,2123300
2008-05-14,53.70175552368164,54.06607586664392,53.30805732792379,54.060198502838794,2600900
2008-05-15,54.18943405151367,54.2540715568419,53.52543140279858,53.57244131269397,2164300
2008-05-16,53.9661750793457,54.5831682281317,53.93091986505441,53.98968004991148,1902600
2008-05-19,54.03667068481445,54.212955659517256,53.64885001682667,54.212955659517256,1348200
2008-05-20,54.318721771240234,54.35397697035463,54.00141152987219,54.318721771240234,1466000
2008-05-21,54.33045959472656,54.453857246541894,53.97789423480966,54.089541650642865,1762100
2008-05-22,53.69001007080078,54.01907074341466,53.37857252494501,54.01907074341466,2855900
2008-05-23,53.92500305175781,54.236440321580304,53.88387050413771,53.96026272336895,1802000
2008-05-27,53.56071472167969,53.80163277080364,53.46082198138716,53.69586266840164,1985800
2008-05-28,53.08476638793945,53.272806179141625,52.96724600155347,53.202291257440805,3250700
2008-05-29,52.70282745361328,52.94374561149774,52.379639638397315,52.89086277798009,3302400
2008-05-30,53.04948806762695,53.143507922286,52.920213009027485,52.96134557466246,2514600
2008-06-02,53.2541389465332,53.45465070298311,52.853110934222286,53.06542014658754,3076400
2008-06-03,53.637481689453125,53.90876923777617,52.96517054662755,53.112607279693016,2447700
2008-06-04,53.15977096557617,53.89695439309904,53.018233007326735,53.89695439309904,2813000
2008-06-05,52.8412971496582,53.09488838054198,52.752834255273676,52.97104212816753,2632200
2008-06-06,53.525421142578125,53.72003416817013,53.201058600906386,53.33670234544485,3864800
2008-06-09,53.525421142578125,53.89696000897491,53.18926564457789,53.36029275751289,1812000
2008-06-10,53.17749786376953,53.495961855285714,52.900315991556546,53.46057846714398,1935300
2008-06-11,53.05360794067383,53.50181665321266,52.90617127860012,53.10668747871349,2265400
2008-06-12,52.52284240722656,52.86489659096203,52.381304451664136,52.81771577263773,4413100
2008-06-13,52.41082000732422,52.805949436294334,52.29876663217252,52.46979381025199,1983600
2008-06-16,52.4225959777832,52.59362310043214,52.26336631154388,52.552341001821105,1756800
2008-06-17,52.52876281738281,52.64671041246992,52.245682289996466,52.57594365518259,1712200
2008-06-18,52.97108840942383,53.05955138109914,52.54057101362457,52.658523142329535,2590000
2008-06-19,52.65855026245117,52.92983354906801,52.50521466587088,52.79418965605161,1700500
2008-06-20,52.96516799926758,53.118503454116365,52.89440125042338,53.04183797639788,4580900
2008-06-23,53.077232360839844,53.330823762095925,52.97697644623954,53.12441320279743,1594100
2008-06-24,53.431114196777344,53.55496061236953,53.159830929373186,53.3013690472763,3118400
2008-06-25,53.454673767089844,53.525445034884335,52.96518262185731,53.46057249759265,3251600
2008-06-26,53.814388275146484,53.92644159191428,53.54310532349691,53.6669515949406,4052300
2008-06-27,54.44546890258789,54.516240196228,53.932387147380155,54.09752016587374,4144800
2008-06-30,54.457271575927734,54.740352301534855,54.30394049483038,54.49855821247181,3743000
2008-07-01,54.328216552734375,54.90825162818332,54.263109929785195,54.86090505156921,3805100
2008-07-02,54.6123046875,54.67741129925776,54.37555829817858,54.428824881081525,2413700
2008-07-03,54.493919372558594,54.63005258022343,54.180226412394696,54.28084405704219,1405100
2008-07-07,54.74256134033203,55.133201320787904,54.2039570069886,54.49397472494276,3528400
2008-07-08,55.09762954711914,55.12722509691353,54.701074467497,54.74842554090926,2176600
2008-07-09,55.34035110473633,55.42321330128813,54.99706228150685,55.00890231852913,1582000
2008-07-10,55.33439254760742,55.494201326549266,55.008864006631484,55.23969489563824,2723600
2008-07-11,54.54719161987305,55.482350507151594,54.369627347949,55.352137309826894,5466000
2008-07-14,55.026607513427734,55.19825176800159,54.62413242027278,54.677398991185235,4135400
2008-07-15,55.00883102416992,55.29884833622342,54.86677785791723,55.08577310248957,4541400
2008-07-16,54.01453399658203,54.59456918508274,53.984938429237275,54.49987149774877,3435900
2008-07-17,53.73633575439453,54.221673109557386,53.600202507470996,54.01451774741133,5899900
2008-07-18,53.53508758544922,53.978993799310814,53.44630995519492,53.71857189115232,3475200
2008-07-21,53.74229049682617,53.8014771363067,53.41675720620656,53.53513048516762,3657200
2008-07-22,53.475929260253906,53.7186002862826,53.28652935618391,53.64757362888764,2675200
2008-07-23,53.369384765625,53.487762512941586,53.12079826973417,53.39898033136648,2871900
2008-07-24,53.89021682739258,54.00859001294273,53.475901646671865,53.475901646671865,2613300
2008-07-25,53.351619720458984,53.76593047307685,53.26875756993541,53.59429067245554,3765300
2008-07-28,53.89021682739258,54.13880322643646,53.68305697920843,53.83102571896992,1275900
2008-07-29,53.671260833740234,53.85474076061622,53.45226531263114,53.659425312763126,1349100
2008-07-30,53.724525451660156,54.03230317341833,53.28653894139739,53.32205001865767,1667500
2008-07-31,54.25718307495117,54.482098477023456,54.02043215912947,54.28677863279694,3898700
2008-08-01,54.37717819213867,54.389056726248256,53.95541998428971,54.038583319242356,1804800
2008-08-04,54.25242233276367,54.43656903301301,54.06233410061765,54.109852759608444,2029900
2008-08-05,53.848506927490234,54.41283032944749,53.83068685636401,54.26432369397844,2191200
2008-08-06,53.628700256347656,53.70592658539599,53.35544866847729,53.70592658539599,3139500
2008-08-07,54.50191879272461,54.591023653566424,53.71780417502727,53.83660763477537,2765600
2008-08-08,54.650428771972656,54.69795197164311,54.377177171960206,54.58508550544123,1035400
2008-08-11,54.127708435058594,54.51976365619855,53.818812047917014,54.51976365619855,3939400
2008-08-12,54.63261795043945,54.668258090192694,54.47222825742482,54.53757153501411,1315000
2008-08-13,54.4425048828125,54.858321430964644,54.32963844885958,54.828622838702614,1940300
2008-08-14,54.79296112060547,55.00681085936544,54.69197778065188,54.80484417945827,2605300
2008-08-15,55.268192291259766,55.363234116441504,54.98899928193755,55.04840098918361,1964900
2008-08-18,55.488040924072266,55.56526277007246,55.22072616718338,55.292011008766636,1262200
2008-08-19,55.274169921875,55.559300115702186,55.17912350255745,55.50583990388311,1944700
2008-08-20,55.42856979370117,55.66618112233553,55.333527981482916,55.47015143630775,2500000
2008-08-21,55.3276252746582,55.61869697714564,55.09595531299604,55.61869697714564,2267000
2008-08-22,55.29195022583008,55.34541039919994,55.030577292752184,55.30977028362003,1990000
2008-08-25,55.844425201416016,56.03451347517428,55.74937879850591,55.909768470401225,2028300
2008-08-26,55.891910552978516,55.95725378301185,55.66618227871923,55.814688795693314,1270900
2008-08-27,55.98699951171875,56.010761116367,55.50583948076404,55.53553808752734,1555300
2008-08-28,55.992916107177734,56.08202095190655,55.65432132285679,55.78500782418429,1886500
2008-08-29,55.743431091308594,55.9335238760746,55.54740583812615,55.85035601670876,1739100
2008-09-02,56.262088775634766,56.28593676752844,55.34992014272452,55.433390388622044,2916000
2008-09-03,56.50056838989258,56.57211237670698,56.19651668014651,56.202475267642654,2105000
2008-09-04,56.95368194580078,56.97156680874089,56.524427041074446,56.63770390441638,3049800
2008-09-05,56.923885345458984,57.418716651612975,56.882152475095594,57.24582203195272,4167800
2008-09-08,57.162315368652344,57.162315368652344,56.37534998480241,56.57805560183719,5426200
2008-09-09,57.72874450683594,57.758551105096224,56.95966331445927,57.132557959121534,3890200
2008-09-10,57.37104034423828,57.6274007723344,57.126601647162545,57.221993689497346,2407900
2008-09-11,57.341217041015625,57.746624037931,57.233903290404434,57.70489116539009,3592000
2008-09-12,56.60196304321289,57.43066213800727,56.48868612210438,57.359118101221384,4138200
2008-09-15,58.43817901611328,58.527607870655295,57.275617552688544,57.40081612963117,5889900
2008-09-16,58.426273345947266,60.131366993191925,58.37261874760306,60.041938114076515,6684400
2008-09-17,58.71842575073242,59.24903154028228,58.265327141853014,58.97478620905207,4371300
2008-09-18,57.859920501708984,58.71842624849847,57.7824133203815,58.3964848877486,4188300
2008-09-19,56.023651123046875,56.649644274681705,55.862678206524755,55.95807023832192,7169200
2008-09-22,56.0176887512207,56.017688751220696,55.20687466400841,55.40361732087812,4726300
2008-09-23,55.80303955078125,56.10113271563429,55.52283124805288,55.80900268766972,2236000
2008-09-24,56.0474967956543,56.48867355297755,55.803058135765944,56.02364878869869,1014900
2008-09-25,55.934200286865234,56.393261751303356,55.53475654464054,56.393261751303356,1881200
2008-09-26,56.33959197998047,56.512486511775506,56.08323174987601,56.08323174987601,1992800
2008-09-29,57.9791374206543,58.384544424663275,56.73310981260057,56.739068402680694,4799800
2008-09-30,56.56617736816406,58.00298911516158,56.399245864463936,57.85394247992328,1358100
2008-10-01,57.27781295776367,57.94759066342776,56.78145995881137,57.43329796420999,1767800
2008-10-02,57.73827362060547,57.917675145554725,57.45122479320581,57.750231897274226,931900
2008-10-03,58.24661636352539,58.47984166614334,57.104406416739565,58.23465351788463,1903100
2008-10-06,59.3050537109375,59.71768487564281,58.9761487127902,59.04790748057531,2906200
2008-10-07,59.12568283081055,59.6040915927683,58.59345040267109,58.79677309994342,1972000
2008-10-08,58.27651596069336,59.765575472328436,57.81604676557196,59.61009041212986,3386300
2008-10-09,57.78609848022461,58.42597335858942,57.54091508173162,58.22863218113882,1785400
2008-10-10,57.37947082519531,57.95356857383878,57.11634763309471,57.77416245707681,2200000
2008-10-13,56.643890380859375,57.37944509223769,56.36880447101598,56.877115490563234,1532100
2008-10-14,56.27912139892578,56.96683869851286,56.153538953999096,56.36284302887691,2100000
2008-10-15,56.817325592041016,56.83526528651897,55.866480722336206,56.28509336426075,1449500
2008-10-16,56.52431106567383,56.97282180207752,56.320988388497994,56.805378523818085,1063200
2008-10-17,56.13560485839844,56.75155886700048,55.62728904548644,56.62597640954166,1691800
2008-10-20,56.5840950012207,56.775459328072294,55.830595968155194,55.87843819048945,1146800
2008-10-21,56.883094787597656,57.40336406100768,56.65584654175433,56.86515053464829,1243700
2008-10-22,58.03728485107422,58.30040801887155,57.31966501279609,57.48113141546549,1069800
2008-10-23,58.467857360839844,59.13763503373855,57.89974558861758,58.57550011965415,1802000
2008-10-24,57.84592056274414,59.23331344390827,57.67847273981319,59.09576815855094,1495400
2008-10-27,57.88780212402344,58.73100014844719,57.5828134689182,58.467872323455346,1534100
2008-10-28,57.044578552246094,57.947581341064705,56.90105641072422,57.51701035401248,1505500
2008-10-29,56.757568359375,57.415383512479465,56.47051934143502,57.2718567222648,1745800
2008-10-30,56.24325942993164,56.691770256127306,56.09375582119975,56.51236410065381,1326000
2008-10-31,55.51365661621094,56.76350404422192,55.40601388287859,56.59606080625739,2282500
2008-11-03,55.66376876831055,55.90393264128403,55.447621740708904,55.669774124839726,1111600
2008-11-04,56.70850372314453,56.864611003047685,55.591745068350995,55.813897559722896,1608800
2008-11-05,57.38093185424805,57.44097167477116,56.67845633456379,56.97265466164832,1931700
2008-11-06,56.966636657714844,57.06870936876123,56.32420110118639,56.79852336527654,919700
2008-11-07,56.59441375732422,56.750516413392894,56.168124970529014,56.750516413392894,1277100
2008-11-10,56.87057876586914,57.098731885092256,56.24615463980456,56.318205163069564,1352100
2008-11-11,57.03871154785156,57.52504014889465,57.014694698563,57.164796571057344,696000
2008-11-12,57.40500259399414,57.68118969229784,57.13482085760437,57.386991089001356,1199400
2008-11-13,56.02998352050781,57.188769264691345,55.98795521188943,56.98463307447122,1631900
2008-11-14,57.14072799682617,57.314846560993445,56.91257500623189,57.10470504587484,1059300
2008-11-17,57.392948150634766,57.65712890461782,57.21282865716535,57.44698720519743,490300
2008-11-18,58.131465911865234,58.239539467302464,57.61511498930365,57.86728509174164,924800
2008-11-19,59.62046813964844,59.66249648251644,58.36561404988255,58.52172128656903,2090400
2008-11-20,62.70054626464844,62.70655162138148,60.70118848183457,61.1334825517127,5459800
2008-11-21,61.793949127197266,62.43038429846097,60.91134922178398,61.99208473468728,3249300
2008-11-24,60.82728958129883,61.41569101668893,60.641164700038495,61.33163432316838,1587300
2008-11-25,62.616493225097656,62.72456674883541,61.6498368685392,62.41235231103954,2632700
2008-11-26,62.70054626464844,63.415032551293976,62.49640536243042,62.8746649639463,2577600
2008-11-28,63.47507095336914,63.625172803114815,63.00675391508183,63.19287874292809,986400
2008-12-01,65.90586853027344,66.51432435364886,64.53834932499647,64.91185772476534,4031600
2008-12-02,66.15886688232422,66.49020524316226,65.17690757065874,65.399803744153,3289300
2008-12-03,66.3456802368164,66.75533322812917,65.39986437989761,66.43002015301191,2951000
2008-12-04,67.65291595458984,67.7673745716828,66.49022543909439,66.94806909982185,2825400
2008-12-05,66.55654907226562,68.0746724895353,66.5204001030623,67.44211838456694,4557600
2008-12-08,66.41194915771484,67.0204053607294,66.08061507993209,66.55653581336121,2119500
2008-12-09,67.72518920898438,67.79145688618152,66.41791702459852,66.61672005618996,2055500
2008-12-10,67.56257629394531,67.56257629394531,66.94207366209419,67.09268127550192,2414900
2008-12-11,67.695068359375,67.73121269265903,66.79142325786101,67.58060517574003,2416900
2008-12-12,67.695068359375,67.8095269468333,66.47213146120434,67.79748036779752,2547100
2008-12-15,68.46621704101562,68.64092241152164,67.50232930389558,67.68305566925474,1707700
2008-12-16,70.15901184082031,70.4240825667287,68.65896211575453,70.15901184082031,4015100
2008-12-17,72.06271362304688,72.9723800602649,71.84583834891028,72.75550478612828,6407500
2008-12-18,73.57481384277344,74.18929534734129,72.56273071423107,72.73743605979728,4442000
2008-12-19,73.65312957763672,74.0929011216585,73.0627458628195,73.15913691674004,2668500
2008-12-22,73.0868911743164,73.73149182918688,72.73145927315315,73.73149182918688,2221400
2008-12-23,72.99047088623047,73.19529502003819,72.23140728057395,72.37598929244876,1746400
2008-12-24,72.83380889892578,73.08682846872549,72.66512918572597,72.7313968725084,717200
2008-12-26,73.07479858398438,73.47842578938871,73.01455187592407,73.24949932958799,454400
2008-12-29,72.98714447021484,73.7487507472321,72.90252206294352,73.39816956763642,1416000
2008-12-30,73.68228912353516,73.69437606707474,72.57614702079084,72.83001433931598,2590500
2008-12-31,72.14091491699219,73.74270408374933,71.83869071992764,73.3860817447693,2738000
2009-01-02,70.32758331298828,72.80582128508426,70.32758331298828,72.56404557001238,3464200
2009-01-05,68.5142593383789,70.21276332411979,68.06092281261338,69.87426891567544,5395200
2009-01-06,67.82520294189453,68.45987606065528,67.09382040795401,67.46858034427486,4109300
2009-01-07,68.091064453125,68.10919715429634,67.3355044938395,67.67399387989636,2565600
2009-01-08,68.03673553466797,68.2543374078917,67.69220000399324,68.08509253129036,2603600
2009-01-09,68.13947296142578,68.5142280334189,67.25697420297139,67.37182087939534,2727900
2009-01-12,68.84664916992188,68.93731731995516,67.43828379258296,67.43828379258296,2462800
2009-01-13,68.91922760009766,68.95549765210527,68.27851355741124,68.60491635601853,1767400
2009-01-14,70.05557250976562,70.14019491928862,69.30001198789924,69.30001198789924,2494800
2009-01-15,70.17044830322266,70.67214183767747,69.86218278245634,70.23693803003366,2827200
2009-01-16,69.08842468261719,70.17038280186043,68.52024195172815,68.55650736465354,2994800
2009-01-20,69.07632446289062,69.28788036434453,67.83720869061902,67.87347409899033,3268300
2009-01-21,66.89429473876953,68.32683892314306,66.7310957208009,67.65590091629751,2838100
2009-01-22,65.60684204101562,66.95475964019325,65.20790380956858,66.85200449993913,4016600
2009-01-23,65.09303283691406,65.47383357026175,64.48858459324046,65.23205335047747,2676200
2009-01-26,64.52490997314453,65.17167001042627,64.25290985535983,64.93593534525861,2240900
2009-01-27,66.04205322265625,66.24151774950144,65.05679908464451,65.15955884816823,3420800
2009-01-28,64.39192199707031,66.37451307908594,63.902320005063885,66.07228871630117,4348100
2009-01-29,62.91099166870117,64.25890904157144,62.65712444308103,63.80557273371747,3724400
2009-01-30,62.711544036865234,63.38852814832248,62.5241664412308,63.19510477527426,2630000
2009-02-02,63.878292083740234,64.05406552803184,62.666065260442345,63.04791504504097,2700200
2009-02-03,62.35691452026367,63.53883784849136,62.27812148142556,63.21759864302121,2846400
2009-02-04,62.13874816894531,62.35089157351127,61.5932497694288,62.27815629557906,2305400
2009-02-05,62.1933479309082,62.96311055271396,61.950901444952606,62.575198024897844,2279500
2009-02-06,61.999366760253906,62.344851361058865,61.762982803086324,61.975121658970025,1667500
2009-02-09,62.199371337890625,62.22967423944528,61.25383109836894,61.63568557704702,2257300
2009-02-10,63.55097198486328,63.61764481088621,62.70241252807076,63.102449484208364,3782800
2009-02-11,64.37531280517578,64.55108627106209,63.96315544964761,64.07225606211915,2774200
2009-02-12,63.76918411254883,64.35711479376432,63.48431010212254,64.23589397515977,1818400
2009-02-13,62.072086334228516,63.005497063578346,61.96298571823867,63.005497063578346,2466800
2009-02-17,64.00556945800781,64.0419394038707,63.2479277631349,63.36915320888132,2813900
2009-02-18,63.46003723144531,64.58740792317296,63.21759570037443,64.28435138505856,2768600
2009-02-19,62.38118362426758,63.072152459502846,61.962968565642726,62.24178014615189,3219400
2009-02-20,62.98733139038086,63.738915669634224,62.61154387503449,63.1994702497345,4272000
2009-02-23,63.56919860839844,63.56919860839844,62.53274481103262,62.79337386821445,2688700
2009-02-24,63.50249481201172,64.66017355144356,63.50249481201172,64.06618042284353,4197100
2009-02-25,62.769081115722656,63.93887976930417,62.447841861636185,63.78735147026137,3908100
2009-02-26,62.10843276977539,62.58726284848703,61.81143853715392,62.3508790231364,2611100
2009-02-27,61.75086212158203,62.43577356245791,61.34476705220995,62.16908205455718,3267700
2009-03-02,62.77315902709961,62.77315902709961,62.04988043124427,62.12889686501212,3302000
2009-03-03,62.353797912597656,62.94944011411058,61.87971770992211,62.13499558892257,3084900
2009-03-04,62.0681037902832,62.14711556858897,61.484620425506066,61.68518949922282,3178400
2009-03-05,63.794273376464844,64.08601752319639,62.87042541319412,63.222943600886694,4562400
2009-03-06,63.36882781982422,64.408158678598,63.26549895024207,63.36882781982422,3125900
2009-03-09,62.99801254272461,63.54502948996155,62.6758816285496,63.520717110405215,2070500
2009-03-10,61.78853988647461,62.45103526099493,61.69736956450997,62.25654073812413,2602600
2009-03-11,62.45705795288086,62.45705795288086,61.34479123392404,61.563597953624104,3101500
2009-03-12,62.75489044189453,63.19250397916577,62.183561141889086,62.39629329375463,3558900
2009-03-13,62.43882751464844,63.13778856009885,62.195708411525544,62.45098138310454,2504000
2009-03-16,61.45424270629883,61.6608910827389,61.08348684304847,61.27798134203926,3265600
2009-03-17,61.11994934082031,62.19575059472163,61.01662515897638,61.824994754350485,3076200
2009-03-18,63.435672760009766,65.68451619629502,61.326619812604655,61.460335679961794,8578800
2009-03-19,63.514671325683594,64.21971679300863,63.34448921622298,64.19540440064073,3650900
2009-03-20,63.16213607788086,63.8185566304153,63.07704504000941,63.5875959043519,3479700
2009-03-23,62.61514663696289,63.466062029035754,62.58475961692348,63.38705021239427,2097000
2009-03-24,63.21076965332031,63.91581507911458,61.952632404359,62.11066062688434,5477100
2009-03-25,62.35984420776367,63.040577130062296,62.18358288046009,62.77922476711059,2549600
2009-03-26,63.08311462402344,63.24721741843927,62.092409328068236,62.26259137771815,2385300
2009-03-27,63.5511474609375,63.7760336474144,62.943351468733844,63.301953515434015,1853900
2009-03-30,63.794273376464844,64.34737001233151,63.174323440694685,64.08601752319639,2300100
2009-03-31,64.2501220703125,64.30482612796993,63.818587416615976,63.84289981589527,1094600
2009-04-01,64.83641815185547,64.95222695847572,64.32440492382284,64.68403398226415,2383400
2009-04-02,64.04408264160156,64.65361992938702,63.903887019234716,64.54390303156961,1766300
2009-04-03,62.733577728271484,64.09894462700083,62.57510137874083,63.94656030217483,3316800
2009-04-06,62.46542739868164,63.14200998741872,62.3069462898585,63.11153589175517,1418100
2009-04-07,62.6238899230957,62.971326159099924,62.465413499937775,62.50198426675842,1312600
2009-04-08,63.17852783203125,63.306530078126194,62.75184902798194,62.82499516163598,1007800
2009-04-09,62.38615417480469,62.89207135086249,62.160628305054715,62.45930033954605,1088800
2009-04-13,62.959041595458984,63.093140403499724,62.73960802782787,62.75789338339786,946600
2009-04-14,63.28821563720703,63.519837978454746,62.73963151278103,62.934683129199456,1336000
2009-04-15,63.17852783203125,63.5747279177915,62.709181612616966,63.4711030658484,1152500
2009-04-16,62.6786994934082,63.05660950941134,62.64822077903426,62.69088818891845,1055600
2009-04-17,61.989952087402344,62.60558616716505,61.78880827851468,62.45929849241002,2582800
2009-04-20,62.92863082885742,63.02615903103186,62.44709579402258,62.5568126962685,1714400
2009-04-21,62.30689239501953,63.51987010274327,62.306892395019524,63.41624989639093,909100
2009-04-22,61.92896270751953,62.514117711401774,61.63029085822933,62.4470682645654,2278100
2009-04-23,61.92286682128906,62.02039498170718,61.526671458186755,61.77657923106054,1688300
2009-04-24,61.30121994018555,61.55113268497541,61.01473641338923,61.43531900808209,2830000
2009-04-27,61.56324005126953,61.67905357513706,60.99027375474407,61.60590745736834,2294600
2009-04-28,60.557525634765625,61.91679576588995,60.39904464561925,61.86803166916795,2332500
2009-04-29,60.02112579345703,61.00248100787269,59.82607408533463,60.75256853631612,3752600
2009-04-30,59.78340530395508,59.954074963363844,59.36282317869815,59.72245251850901,2778100
2009-05-01,59.37192153930664,59.48197162610283,59.041771278918056,59.37803672871832,2772200
2009-05-04,59.56760025024414,59.806041466169944,59.17631186182613,59.52480322852734,2246700
2009-05-05,59.494232177734375,59.812156909985816,59.15797119555657,59.585941414519425,1369000
2009-05-06,59.35358810424805,59.916064323307765,59.30467591184544,59.378044200449345,2045900
2009-05-07,57.90464401245117,59.12130665632194,57.67231790224552,58.65665443591063,5755200
2009-05-08,58.04521560668945,58.320338518121766,57.86179722271907,58.09412313316139,2193400
2009-05-11,58.8705940246582,58.968413750465196,58.56489980166041,58.72386210368589,2167400
2009-05-12,59.084590911865234,59.31691688876542,58.571026753078115,58.8033527299783,2304800
2009-05-13,59.72649002075195,59.8732218219312,59.451362645956024,59.52473087880558,1917500
2009-05-14,59.95886993408203,60.06892005052656,59.488102842056286,59.67151659311444,1704600
2009-05-15,59.94053268432617,59.946647875758615,59.585926213634096,59.91607658312075,2306600
2009-05-18,59.01119613647461,59.98330595034267,58.91949162391183,59.922168053793314,2234700
2009-05-19,58.69942092895508,58.980659125867945,58.516002482717404,58.80947106379271,1624300
2009-05-20,59.3168830871582,59.40248172936911,58.58933427680202,58.650472165933856,2825700
2009-05-21,57.82515335083008,59.696001570889536,57.6845318755879,59.64097881831194,4771700
2009-05-22,57.183135986328125,57.77006808202597,57.07308592685217,57.36043911906835,4483400
2009-05-26,56.32115936279297,57.53170703521491,56.321159362792976,57.50114038230154,3633100
2009-05-27,55.324554443359375,56.60235907375599,55.25730132257403,56.39448451918539,7490200
2009-05-28,56.125465393066406,56.23551550813219,55.16558564786313,56.10711982011877,9824300
2009-05-29,57.57448196411133,57.61116846385392,56.027669052142016,56.06435088735825,4746700
2009-06-01,55.872352600097656,56.66360728123119,55.55339951018313,56.639071708209755,6987000
2009-06-02,56.1728630065918,56.289401031637766,55.682161314816895,56.19126350108968,5063600
2009-06-03,56.70039367675781,56.804666316837384,56.01954696617634,56.405971580419695,6727200
2009-06-04,55.52882766723633,56.25874527889491,55.3509483887784,56.08086600043698,5438600
2009-06-05,55.105621337890625,55.75580218034961,54.927746662160864,55.14856209096867,8439600
2009-06-08,54.964569091796875,55.6515512135267,54.88483197575438,55.455271275844304,4084000
2009-06-09,54.9583740234375,55.393869513451556,54.743693807187995,55.32026754198186,6046300
2009-06-10,54.09358215332031,54.85416639707657,53.70715262682094,54.510677644351155,12142000
2009-06-11,54.694664001464844,54.909344379800274,53.78687135030896,53.82980742597604,10692800
2009-06-12,55.185367584228516,55.60246290810718,54.84800935179672,54.84800935179672,6606800
2009-06-15,55.68220520019531,55.90915573045369,55.49819543051286,55.534996448512985,4518700
2009-06-16,56.651309967041016,56.694246025755604,55.69444655587061,55.79258411306991,5376000
2009-06-17,56.332374572753906,57.246306964993664,56.332374572753906,56.70653380883998,7197200
2009-06-18,55.47978591918945,56.17290290206731,55.27124059386154,55.97048795947387,6794000
2009-06-19,56.2403564453125,56.24648682607356,55.33255936691897,55.406166053171404,4750700
2009-06-22,56.7862663269043,56.98868122748763,56.46730866301289,56.70039418962904,3952300
2009-06-23,57.454830169677734,57.540702287894305,56.7862537236088,56.9027917813716,5356900
2009-06-24,56.87825393676758,57.7001740189605,56.83531788291688,57.44255769585635,6550400
2009-06-25,57.92098617553711,57.96392222703666,56.841445149675934,57.17880318265713,7140000
2009-06-26,58.019126892089844,58.2092762845779,57.78604612543089,58.037532069178795,4050400
2009-06-29,58.105037689208984,58.497597462657694,58.01303046862659,58.3135830214929,4334900
2009-06-30,58.00685501098633,58.33807796661576,57.540688849765814,57.773774270215256,3743700
2009-07-01,57.89187240600586,57.89802249851485,57.37497825689712,57.485740953511346,3379900
2009-07-02,58.02719497680664,58.21795094915778,57.84258909117976,58.04565462642479,2645100
2009-07-06,57.916385650634766,58.020993377209614,57.46718086193262,57.87331160470872,1886700
2009-07-07,58.30413818359375,58.38413161712166,57.602642859654175,57.60879764522581,2592400
2009-07-08,59.38100051879883,59.571756634733354,58.390291222648024,58.53182313412366,7912900
2009-07-09,58.67329788208008,58.90713259673877,58.11948499831216,58.67329788208008,5241400
2009-07-10,59.21480941772461,59.27634314297223,58.72253022629897,58.839447590575084,3981900
2009-07-13,58.88249588012695,59.44245863778362,58.8024978470901,59.27016240465849,2604300
2009-07-14,57.90410614013672,58.53791229962374,57.65796659511772,58.31023709362627,3629100
2009-07-15,56.41497802734375,57.22723537389401,56.408823246652325,57.018019777606604,4664200
2009-07-16,57.02416229248047,57.33799033996675,56.91955450822553,57.110310431834115,4225200
2009-07-17,56.14424133300781,56.83343144666413,56.14424133300781,56.55037247892766,3845700
2009-07-20,56.43959045410156,56.913405266654046,55.873472713339076,55.90423722626112,4436500
2009-07-21,57.56568145751953,57.65797969999863,56.17499670259143,56.27344972614327,3895300
2009-07-22,57.04880142211914,57.55338561172313,56.8334309804693,57.47339221760277,1986700
2009-07-23,56.002689361572266,57.10416022055713,55.7319353843608,57.07954579583595,3818800
2009-07-24,56.27342987060547,56.27342987060546,55.85499410502576,55.99652585142627,1765300
2009-07-27,55.627349853515625,55.787341330845564,55.344290898069346,55.5227420276444,2755900
2009-07-28,56.1196174621582,56.501134108298196,55.645802566302926,55.82425367362376,3324800
2009-07-29,56.42726516723633,56.790321998421526,55.959605265490865,56.716478737488785,2910200
2009-07-30,57.22723388671875,57.31953681580301,56.13807246874597,56.32882841272399,4040700
2009-07-31,58.34102249145508,58.371791706119815,57.39954273727944,57.7502901887316,5697000
2009-08-03,57.456886291503906,57.95699780238663,57.1790502269758,57.91994953939939,4029300
2009-08-04,56.999996185302734,57.86438182111627,56.59867377826187,57.80881178419171,3832200
2009-08-05,56.14791488647461,57.26543837598769,56.104695876121035,56.37635620812115,4458300
2009-08-06,56.3393669128418,56.73451387653931,55.826909075054175,56.12327165308899,3228500
2009-08-07,55.87013626098633,56.14180160452566,55.70343552505705,55.82691720274362,3543200
2009-08-10,56.567787170410156,56.580133446498266,55.82071263826718,55.88245343975017,3150100
2009-08-11,57.222267150878906,57.33957801002507,56.796247471261985,57.04321546974314,3677800
2009-08-12,56.61098861694336,57.46302271798488,56.24053450208034,57.388930952908325,4729200
2009-08-13,57.41363525390625,57.512424286132,56.49368476627543,56.67891184643856,3922300
2009-08-14,57.635929107666016,58.160733099062426,57.54949102487236,57.60506105553812,4410400
2009-08-17,58.48797607421875,58.500322354592306,57.956996518221786,58.006386350238856,3569700
2009-08-18,58.14838409423828,58.51265818171641,58.04342424298411,58.44474658600995,2557900
2009-08-19,58.629966735839844,58.88311017837149,58.29038992845868,58.759623848896844,3518200
2009-08-20,59.111602783203125,59.19187014443311,58.51888202051486,58.88933190837929,3282700
2009-08-21,57.895225524902344,59.105367732346416,57.88287924995816,59.04979771879565,6258300
2009-08-24,58.944881439208984,58.94488143920899,57.7038702723738,57.72239205373303,4460200
2009-08-25,59.278263092041016,59.32765291837516,58.59910469709305,58.883116218234115,3359700
2009-08-26,59.5499267578125,59.61167228739386,59.216525392790416,59.38322607530146,3225800
2009-08-27,59.315311431884766,59.65489301205687,59.1053916990676,59.383227747919186,2514000
2009-08-28,59.58698654174805,59.586986541748054,58.84608243818435,58.92634975795474,2072500
2009-08-31,59.64255142211914,59.803081349913505,59.123922793046695,59.494372486744645,2899800
2009-09-01,59.49822235107422,59.82030574283693,58.928388320159314,59.34957102247479,3304200
2009-09-02,60.36537170410156,60.48925176551114,59.60971986889715,59.75837594258865,4345000
2009-09-03,59.99371337890625,60.15475502190255,59.801705278955374,59.981323015693235,2703800
2009-09-04,58.9716911315918,59.8326365729075,58.87878236425161,59.733537353137855,3643000
2009-09-08,58.55679702758789,59.07088892819008,58.445307274753006,58.51963535182417,2468900
2009-09-09,58.488582611083984,58.48858261108398,57.92493944476329,58.1541138187954,3182400
2009-09-10,59.566341400146484,59.90081035619436,58.78591856157421,58.79830420044735,4417300
2009-09-11,59.89464569091797,60.50164626684214,59.83270801391555,59.968973738645985,4826200
2009-09-14,59.300052642822266,59.87608218413516,59.24431013505483,59.473480078823016,2119500
2009-09-15,58.99654006958008,59.3186188390154,58.88505035601746,58.95937840690656,2187900
2009-09-16,59.101802825927734,59.4300766045179,58.59390656507249,59.052250818639536,3732300
2009-09-17,59.8450927734375,59.913225629414434,58.94698000171489,59.26906345279521,2832000
2009-09-18,59.31235885620117,59.78928362847356,59.25661170199263,59.58488527226975,2813300
2009-09-21,59.448707580566406,59.76459123595487,59.064686318933056,59.52303092275517,3050200
2009-09-22,59.572566986083984,59.690251880368436,59.15757935171713,59.244293044702985,2068000
2009-09-23,59.752193450927734,59.820326317790766,58.96557025188806,59.42391948815612,5712000
2009-09-24,59.925601959228516,60.1361909536681,59.56635690637677,59.770755442538004,4658400
2009-09-25,60.68747329711914,60.737020610967356,59.93801169657559,60.303452080154415,3854500
2009-09-28,61.22012710571289,61.275874318596024,60.76797784547019,60.89804837480884,4263300
2009-09-29,61.16435623168945,61.424497169634044,60.792725645263,60.89802011173496,3123200
2009-09-30,61.10862731933594,61.39973478079636,60.92280962215322,61.04668493658147,2744800
2009-10-01,61.94552230834961,62.169197599444445,61.38633882090183,61.48574742789436,5754400
2009-10-02,61.5168571472168,62.32456981224151,61.436082562509554,62.305930982014466,4827700
2009-10-05,61.52306365966797,61.92071255797231,61.36773376231037,61.802660319087,2910100
2009-10-06,60.91408157348633,61.3862850790968,60.87680397103568,61.361431764034656,3936200
2009-10-07,61.6286506652832,61.71563497081433,61.262069886011346,61.30556203877691,3591000
2009-10-08,60.982513427734375,61.982838260266725,60.69049248726579,61.95177038733914,5871600
2009-10-09,59.58455276489258,60.70913976508415,59.336023967754464,60.65322327438166,8135900
2009-10-12,59.677738189697266,59.85170688634905,59.398141578399944,59.665309145484166,1939700
2009-10-13,59.98839569091797,60.174788684531286,59.80821247888785,60.03188786345687,2886500
2009-10-14,59.09991455078125,59.70880502686748,58.96322349769895,59.342228784775614,5421000
2009-10-15,58.826515197753906,59.28629018126713,58.63390771958426,58.758169691250416,3736900
2009-10-16,59.3049201965332,59.35462687393465,58.857574320789226,59.143380605413014,3716800
2009-10-19,59.770931243896484,59.77714576589117,59.26144946703402,59.39192598717413,3163800
2009-10-20,60.09398651123047,60.42328488893993,59.98214887915096,60.28037940450383,2912400
2009-10-21,59.733642578125,59.77713474348545,59.34221308988099,59.74607161982256,3355200
2009-10-22,59.441654205322266,59.54106763206756,59.23040778392816,59.26147092456624,2572200
2009-10-23,58.99427795410156,59.28629884450814,58.944576002346594,58.95078578363405,2996200
2009-10-26,58.230037689208984,58.720880438744764,58.124414560145304,58.67738828323093,4127400
2009-10-27,59.025333404541016,59.093678906653686,58.35430742395662,58.3853752850224,4476300
2009-10-28,59.3049201965332,59.52238572509209,59.00047509295629,59.1123127469647,4585400
2009-10-29,58.65879440307617,59.062648410683146,58.37298317326897,58.91353301186991,4645300
2009-10-30,59.50997543334961,59.65288099082665,58.94457720572913,59.087478022915015,5118000
2009-11-02,59.24695587158203,59.57731687401035,59.09112485114713,59.53368437851199,3463800
2009-11-03,58.6547966003418,59.440186294443855,58.59246514173363,59.39031922532315,4470700
2009-11-04,58.1187629699707,58.63612333879213,57.844503480768566,58.34939469905181,5349500
2009-11-05,58.1187629699707,58.1187629699707,57.844503480768566,57.888135996477146,2852000
2009-11-06,58.17479705810547,58.249592852098736,57.63250377374422,58.20596038707532,3381100
2009-11-09,58.24335861206055,58.40541932378096,58.050125062575965,58.14362455354184,1697800
2009-11-10,58.137367248535156,58.65472677470353,57.91297521579083,58.62356346029061,2549900
2009-11-11,58.38053512573242,58.69219716311792,58.268336602050226,58.36183140879765,1771100
2009-11-12,58.274532318115234,58.33686373800063,57.62627508902555,58.118701390610475,3431300
2009-11-13,58.54256057739258,58.629825514669825,58.249597678426525,58.48646372724968,1594200
2009-11-16,59.22825241088867,59.49628195742064,58.916590368669425,58.99762554322106,5175700
2009-11-17,59.5461311340332,59.71443124939124,59.09733716719037,59.209535658901075,3174400
2009-11-18,59.19708251953125,59.54614244646303,59.05371590349293,59.4900455677425,2413600
2009-11-19,59.30304718017578,59.726907706127825,59.15968531798334,59.36537863137184,2969800
2009-11-20,59.290557861328125,59.44638880158601,58.96019227329179,59.21575729799451,4136300
2009-11-23,59.215763092041016,59.27809452312649,58.80436708682682,58.929034704581134,3219300
2009-11-24,59.58977127075195,59.65210271735666,59.209543264203305,59.28434385347968,2895200
2009-11-25,59.864017486572266,59.98245052870478,59.19706122011072,59.521187499127166,2789300
2009-11-27,60.08841323852539,60.18814257024862,59.89517963326527,60.08841323852539,2249100
2009-11-30,60.231746673583984,60.29408282657971,59.839054589847194,59.96371738467706,3115800
2009-12-01,59.560787200927734,59.985998261013194,59.5232701214529,59.8796966886762,3979100
2009-12-02,59.61083984375,60.004783666829496,59.39823183314706,59.5858268559885,2193900
2009-12-03,58.991783142089844,59.304438354258835,58.92925305380403,59.04806356106503,3947300
2009-12-04,58.36647033691406,58.56031980465464,58.097591445326955,58.335207679416364,6108100
2009-12-07,58.44153594970703,58.61662217789502,58.21016927917754,58.32272539311866,2774200
2009-12-08,58.52906799316406,59.01055980034987,58.38524923467345,58.810460610163055,2378600
2009-12-09,58.26015853881836,58.81043464695592,57.95375783271198,58.58532256103399,3494300
2009-12-10,57.59108352661133,58.02880364352332,57.49728601793451,57.960019121876286,4446300
2009-12-11,57.5848503112793,57.69115673802221,57.097108811279796,57.428522662779905,3053400
2009-12-14,57.65364074707031,57.84123585272719,57.55984796498358,57.747438299898754,2380400
2009-12-15,57.397274017333984,57.528588701663914,57.209678885009865,57.25970488972861,2993900
2009-12-16,57.32845687866211,57.68488361095713,57.12835774422875,57.48478447652378,3301600
2009-12-17,58.272708892822266,58.29772189469912,57.64739815812772,57.8412429592455,4428900
2009-12-18,58.02256393432617,58.46653383265208,57.93502084286702,58.2789387676735,3789500
2009-12-21,56.99078369140625,57.6536111215115,56.99078369140625,57.5660680560538,3524000
2009-12-22,56.671878814697266,56.82195674292917,56.5405642055491,56.778185206546446,3078800
2009-12-23,56.68439483642578,57.14712324659629,56.5905973121471,56.87823955472554,2336000
2009-12-24,56.096595764160156,56.50304848086325,56.07158277551414,56.48428993206368,1698900
2009-12-28,55.94028091430664,56.046582562227954,55.840233707657426,55.94028091430664,3170900
2009-12-29,56.30924987792969,56.409653937314154,55.976649162590455,56.01430487414731,2617000
2009-12-30,56.67950439453125,56.77991325525215,56.39083610159565,56.42848703048699,1919100
2009-12-31,56.4096565246582,56.547716301931914,55.88252441625775,56.32807792343172,3242400
2010-01-04,56.35947036743164,56.54145787939576,56.215138580957465,56.37829583629705,2829100
2010-01-05,56.723445892333984,56.8740544323465,56.47870521940397,56.51008419296286,2841600
2010-01-06,55.96413803100586,56.641883841053534,55.9264870819234,56.58540262966928,4099600
2010-01-07,56.058223724365234,56.252759850386155,55.926440724052036,55.98919384975976,2793200
2010-01-08,56.033138275146484,56.20257224400799,55.70054230044047,56.17119806564891,2910700
2010-01-11,55.72566223144531,56.07708378243829,55.70683197313393,55.84489180752676,2181300
2010-01-12,56.67950439453125,56.723432074157145,56.378282600126546,56.57910032156835,4321200
2010-01-13,56.02058410644531,56.6544018699501,55.989209928459864,56.43476347302011,4755000
2010-01-14,56.80500793457031,56.80500793457031,56.19002044955956,56.284152554992,4188800
2010-01-15,57.15644073486328,57.31332599942686,57.09368758658952,57.12506176684724,4142800
2010-01-19,56.99327087402344,57.1815350806885,56.74225352772258,56.93051773438764,2496000
2010-01-20,57.57063674926758,57.58946222197346,57.27569157618188,57.307070555865074,2800500
2010-01-21,57.834163665771484,57.97849537172161,57.39488222370188,57.45136338654583,4363100
2010-01-22,57.73381805419922,57.92835438729811,57.58948140244858,57.79029449112663,3666900
2010-01-25,57.47019577026367,57.68355737442474,57.41371460061355,57.44509356016996,2419500
2010-01-26,57.48908233642578,57.802853114470786,57.30081795449394,57.746371884786384,3138100
2010-01-27,57.457679748535156,57.79027587064041,57.3384501575179,57.57691412731256,3325700
2010-01-28,57.42630386352539,57.545533451028135,57.143907414917805,57.18783511299987,3058200
2010-01-29,57.9283447265625,57.95972371146354,57.26315237895619,57.363561300430824,4930600
2010-02-01,57.40251922607422,57.76778050639161,57.33954430301089,57.75518263897175,3598500
2010-02-02,57.56622314453125,57.59140925482083,57.333210784608774,57.42137658464955,3047500
2010-02-03,56.898658752441406,57.28911060965369,56.84827693770286,57.1883469801766,5343700
2010-02-04,57.79922103881836,57.82441194957311,57.24503541623878,57.30171136193074,6095000
2010-02-05,57.925167083740234,58.202257451989674,57.44025053112378,57.54101415934121,6875800
2010-02-08,58.000736236572266,58.03222607223001,57.71734693434995,57.85589452376507,3386000
2010-02-09,57.4213752746582,58.07632463478772,57.39618436026757,57.77403846677577,4790000
2010-02-10,56.87349319458008,57.68588230180651,56.80421936960661,57.509550676301814,5068000
2010-02-11,56.56488037109375,56.85456856161272,56.287785230304436,56.80418675334673,5087500
2010-02-12,56.79790115356445,56.94274286822116,56.64675570608649,56.87346907262903,2833800
2010-02-16,56.90498352050781,56.95536535812431,56.50823735979997,56.50823735979997,2440900
2010-02-17,56.25629806518555,56.7349108114981,56.09885852384427,56.62785307650767,4368200
2010-02-18,56.02962875366211,56.363400074741826,55.73994034659901,56.338209151778436,5121800
2010-02-19,56.33186721801758,56.36965597595464,55.98550310219751,56.199618576921885,3502500
2010-02-22,56.09885787963867,56.24999849228211,55.998094268094086,56.124048782524824,3382600
2010-02-23,56.974266052246094,57.01834896572768,56.23744958204938,56.26263570002981,5474500
2010-02-24,57.112789154052734,57.23243997935512,56.791611034188136,57.024623365019345,4423200
2010-02-25,57.433937072753906,57.49061780045489,57.245012524654356,57.421344024749814,3707700
2010-02-26,57.729923248291016,57.97552852025569,57.566189603429876,57.59767462528489,4349100
2010-03-01,57.704681396484375,57.824716767466256,57.464615474443974,57.69836729690253,2415200
2010-03-02,57.628883361816406,57.666787245393735,57.300366971065735,57.414083441721864,2260600
2010-03-03,57.48353958129883,57.540400189468706,57.300329563739666,57.49617741419036,2156100
2010-03-04,57.78679275512695,57.91946109896908,57.38246880629715,57.46459545155513,2374700
2010-03-05,57.02867126464844,57.407729114506054,56.93391162210481,57.38245826985416,3823200
2010-03-08,56.7318115234375,56.839209115332636,56.66863193298056,56.7949862939684,2850400
2010-03-09,56.744380950927734,56.858097338401365,56.47904432012948,56.845464326424576,2573700
2010-03-10,56.59907150268555,56.668565114306496,56.3463727185225,56.535896806644786,3216200
2010-03-11,56.807559967041016,56.946547208949475,56.46009668219088,56.47272969512756,2621000
2010-03-12,57.16136932373047,57.26876684538072,56.687551624766904,56.712817660512826,3099100
2010-03-15,57.08559036254883,57.15508405156769,56.88974714072789,57.07927143993101,1936800
2010-03-16,57.5403938293457,57.54670792517254,57.19924467779774,57.211877689371896,3932600
2010-03-17,57.78679275512695,57.78679275512695,57.534089082127906,57.68570935795867,3481200
2010-03-18,57.59724044799805,57.79308824564306,57.496161911724236,57.75517957711063,2750300
2010-03-19,57.65414810180664,57.856310159291446,57.40776324486964,57.65414810180664,2976300
2010-03-22,57.71730422973633,57.799430882258534,57.62885865935177,57.710985311873976,2452300
2010-03-23,57.4456787109375,57.69206361756914,57.433045688513275,57.53412432768093,2910000
2010-03-24,56.396934509277344,57.016058371921154,56.26426614297991,56.75703573777678,8049300
2010-03-25,56.036842346191406,56.37799169468419,55.82836620538187,56.308498041106596,8268400
2010-03-26,56.19477081298828,56.30217314241327,55.904163235551636,55.935753006545276,4110700
2010-03-29,55.97999572753906,56.13161607846892,55.79046667393369,56.087393275284214,3245100
2010-03-30,56.1568489074707,56.194752764551374,55.76515804459419,55.92309720899138,3254600
2010-03-31,56.542240142822266,56.55487315951848,56.194771934646006,56.36534898954069,4263900
2010-04-01,56.40400314331055,56.454733032968726,56.07426853626953,56.28986331051394,2912400
2010-04-05,55.465553283691406,55.89040544581549,55.427508265552255,55.788950451487395,5652000
2010-04-06,55.554325103759766,55.70651000565651,55.389455304613655,55.67480743827471,3584600
2010-04-07,56.26451110839844,56.3849885659273,55.357734764303004,55.452847273439154,6389900
2010-04-08,56.28988265991211,56.51816240397549,56.1059952129607,56.36597752055664,3797600
2010-04-09,56.42302703857422,56.47375208726965,56.06158506307738,56.188404941618344,2311300
2010-04-12,56.721073150634766,56.79082555845179,56.4927934228463,56.54352332632593,2939600
2010-04-13,56.904945373535156,57.038107694850886,56.765440607051566,57.000062699580155,3090900
2010-04-14,56.505428314208984,56.987352295055956,56.505428314208984,56.91759994896499,3570100
2010-04-15,56.5688362121582,56.75272831461533,56.23275937720275,56.340556694478,3698000
2010-04-16,56.98104476928711,57.06347721160383,56.5878953811265,56.689355160471905,8303900
2010-04-19,56.841609954833984,57.08891242404373,56.76551502666387,56.98745735769141,3211500
2010-04-20,57.04448699951172,57.063509509438546,56.84157216384006,56.97473457119915,2285000
2010-04-21,57.513729095458984,57.59616642580897,57.23472420821637,57.2410618198806,4162200
2010-04-22,57.34250259399414,57.76101220463505,57.27909263333581,57.64053473074519,2841400
2010-04-23,57.139583587646484,57.298110896492936,56.98739872575735,57.20299354361116,4776000
2010-04-26,57.20301818847656,57.48202792037077,57.031810749823414,57.39325297619927,4753900
2010-04-27,58.008296966552734,58.28730165372281,57.513687852748454,57.60880517609036,13199200
2010-04-28,57.513729095458984,57.925901233594416,57.374229070773424,57.78639637103736,8379500
2010-04-29,57.7546501159668,57.843424990835516,57.39954577862409,57.61514535892514,4067200
2010-04-30,58.42042541503906,58.44579034038114,57.77363675134309,57.881434055648285,6924800
2010-05-03,58.34410858154297,58.554090226436514,58.08321538115041,58.17229968013075,4211800
2010-05-04,59.394020080566406,59.47674466727397,58.897691979238104,59.05677174785509,11054800
2010-05-05,59.74400329589844,60.354869083944415,59.400390379860745,59.85217638389278,12219100
2010-05-06,61.589298248291016,63.63188104734348,59.673977269442354,59.915781524447695,19578200
2010-05-07,60.819419860839844,62.41657833369161,60.62215751174903,61.010312800780284,18740600
2010-05-10,59.559505462646484,59.775856621588446,59.234981151599854,59.279528178065725,10240100
2010-05-11,59.406761169433594,59.82672931887593,59.1713213166644,59.80128082292327,7729100
2010-05-12,58.9549674987793,59.3431225507516,58.92951415138591,59.26676250857144,5530800
2010-05-13,59.34314727783203,59.52768048227809,58.66864542768017,59.34314727783203,6849700
2010-05-14,60.37394332885742,60.76846284582053,59.87125074997378,59.89034439742614,9796500
2010-05-17,60.15131378173828,60.90217138816745,60.11313614480065,60.27221610502094,6302200
2010-05-18,61.07394027709961,61.19483766609646,60.30398950409543,60.38671413600751,9904100
2010-05-19,61.27754592895508,61.691149559101945,61.04210605793727,61.04847060978386,14121200
2010-05-20,62.56925964355469,62.721974871587484,62.06020241047263,62.302006780814914,17666900
2010-05-21,62.6329231262207,63.47286459890413,62.27022123698767,63.383780265038624,18670600
2010-05-24,62.41652297973633,62.912855834767974,62.29562568141133,62.83013126489856,7721100
2010-05-25,62.72199630737305,63.561937630704975,62.61382318616112,63.40922235048042,12952700
2010-05-26,62.5438232421875,62.613818752069264,61.977499465675734,62.49928108632919,12644800
2010-05-27,61.12481689453125,61.7165939069245,61.010279251657394,61.61478536588658,7653200
2010-05-28,61.404815673828125,61.58298431042524,61.099380257710756,61.3984511211693,5805500
2010-06-01,61.83642578125,62.11735689885716,61.45334099345038,62.07904988143341,5536200
2010-06-02,61.249019622802734,62.0535009667123,61.17878685390343,61.92580280908329,5656400
2010-06-03,60.80208969116211,61.23625369502493,60.719084668937896,60.789317439502966,8499500
2010-06-04,62.43655014038086,62.538703737122226,61.740608973395894,61.893846675283726,7479600
2010-06-07,62.91542434692383,62.94734522356443,62.14286898715428,62.2641761122849,5288200
2010-06-08,62.602596282958984,62.89629476413671,62.41743759176687,62.525977381752476,5510800
2010-06-09,62.532386779785156,62.64731273877178,62.06629681523136,62.31530224783758,5598000
2010-06-10,61.41505432128906,62.117377476781584,61.35120277618058,62.059912060421745,6075100
2010-06-11,62.193965911865234,62.44935248231642,61.683183028589696,61.98964886160575,6266700
2010-06-14,61.874786376953125,61.9577866037705,61.4342358450344,61.49808254806248,5310400
2010-06-15,61.61935043334961,62.09182154181752,61.32565191342698,62.00243524754488,4920100
2010-06-16,61.970516204833984,62.072674764333186,61.5427381971046,62.053521252224144,4011100
2010-06-17,62.474857330322266,62.71748125682969,61.97684697555169,62.027926209677865,5650900
2010-06-18,62.37273406982422,62.64089287263673,62.296115181369395,62.50042734606268,4171700
2010-06-21,62.193965911865234,62.28335218576047,61.555489743364106,61.587410629077205,5740900
2010-06-22,62.93461608886719,62.95376960072707,62.20036728337997,62.36637250481256,5658900
2010-06-23,63.36240005493164,63.573098447598376,62.93462201250301,62.96016165444946,9137800
2010-06-24,62.985591888427734,63.585755382506115,62.79404734214262,63.432522668186124,6184600
2010-06-25,63.24105453491211,63.41982704905297,62.67281124159909,62.77496487631429,5148300
2010-06-28,63.83484649658203,63.84761387603524,63.4772965464695,63.592222446293825,5436000
2010-06-29,64.53077697753906,64.56908398342112,63.9497662798555,64.05191991926965,7334200
2010-06-30,64.9649429321289,64.99048256057576,64.35839258787091,64.74786339710977,7205700
2010-07-01,65.06742095947266,65.746277306145,64.9265261538223,65.04820891980636,12893400
2010-07-02,64.54864501953125,64.96492359255434,64.14517772411732,64.75358148664051,6297600
2010-07-06,65.08025360107422,65.16350742897444,64.51667419351956,64.574315217508,6620400
2010-07-07,64.31816864013672,65.00983188508695,64.2605275933525,64.97780853842055,5727800
2010-07-08,63.908267974853516,64.1452279354012,63.754566725725766,63.92748002023515,6260600
2010-07-09,63.5432014465332,63.81217975663322,63.5175837666085,63.6584785631579,4286000
2010-07-12,63.5175666809082,63.94024607078629,63.42790726832583,63.613631733266885,4062100
2010-07-13,62.97323226928711,63.33187007739118,62.87716717466676,63.306252393087505,5842500
2010-07-14,63.60725021362305,63.71612170074736,63.01165252643191,63.22299474454856,5417300
2010-07-15,64.24126434326172,64.42058321510292,63.8506032784336,63.876220958135605,6996100
2010-07-16,64.55506134033203,64.76639859514528,64.21563083251473,64.24124850590123,7512400
2010-07-19,64.15800476074219,64.52304811293575,64.02992125986009,64.40136536684712,4305800
2010-07-20,64.25409698486328,64.61914049133357,64.15803187556597,64.47184000560108,5076600
2010-07-21,65.34281921386719,65.50292609418582,64.30532975648998,64.33094255759563,7894200
2010-07-22,64.58708190917969,65.0161669589705,64.56786987502066,65.00976620496533,5759700
2010-07-23,63.90182113647461,64.66393101914669,63.844185037485026,64.55505957478539,6259100
2010-07-26,63.7929573059082,63.92104079855302,63.40229630144787,63.80576370074387,4856400
2010-07-27,63.17815399169922,63.51757967822642,63.12691863514765,63.261407781541116,5328000
2010-07-28,63.383113861083984,63.52400870042331,62.934811655361194,63.07570649470052,5507200
2010-07-29,63.363887786865234,63.41511826485715,62.7106491102176,62.82592623632758,6305500
2010-07-30,64.35017395019531,64.43342778768552,63.94670139402467,64.17085009963317,7683200
2010-08-02,63.44679260253906,63.81944329503546,63.44679260253906,63.76161582115448,5769200
2010-08-03,63.81303405761719,64.03148638152737,63.5624597079338,63.735932372375785,4363500
2010-08-04,63.32469940185547,63.93507638845663,63.32469940185547,63.92865002597834,3820400
2010-08-05,63.62026596069336,63.92224135633762,63.504615913465344,63.825865500000994,3704200
2010-08-06,64.31415557861328,64.38483086808117,63.92223075588372,64.11498243659227,6042400
2010-08-09,64.07642364501953,64.23704838553942,63.999322004893884,64.08284510528811,2578500
2010-08-10,64.21138000488281,64.89885404261608,63.909404557133335,64.28847678175126,11251000
2010-08-11,65.07231140136719,65.14298669814258,64.44908645810028,64.44908645810028,6778300
2010-08-12,64.91171264648438,65.49638944481961,64.8089152929691,65.26508927205857,7590100
2010-08-13,65.72123718261719,65.8240344953576,65.20081445127279,65.29076393812541,7843600
2010-08-16,67.36601257324219,67.39171311895103,66.86486418661444,66.95481364565646,7976200
2010-08-17,66.98055267333984,67.37247764228394,66.81992784678508,67.36605127669516,6756800
2010-08-18,67.16041564941406,67.88001625084287,67.13471510273324,67.46239094556613,7721600
2010-08-19,68.20771026611328,68.49683291501626,67.23110883956045,67.32748468982122,13128500
2010-08-20,68.13059997558594,68.63817481424532,68.00209722422224,68.3683263891997,7040300
2010-08-23,68.14347839355469,68.22700644491161,67.62305549704865,67.88005621328061,6360100
2010-08-24,69.23573303222656,69.47345466037237,68.53540617451532,68.77313270454228,9812100
2010-08-25,69.01081848144531,70.25083681938196,68.79236627709477,69.90389168038224,13299800
2010-08-26,69.6598129272461,69.70478770799475,68.93379006605088,69.10726281982903,7039900
2010-08-27,67.68730163574219,69.6019517450712,67.59092575842804,69.24214879655712,13514000
2010-08-30,68.98516845703125,69.00444265643856,67.98929233801132,68.23986673406993,5535300
2010-08-31,69.7497329711914,69.80756046590095,69.14578687127799,69.53128552910987,8397000
2010-09-01,68.30750274658203,68.98413563659965,67.72108691970529,68.96479919467414,12480700
2010-09-02,67.5857925415039,67.85644877239831,67.27647815828671,67.79200376913654,8167600
2010-09-03,66.74806213378906,66.98005038135774,66.18097756574848,66.19386853309314,9210700
2010-09-07,68.1141586303711,68.16571262818103,67.54063392500018,67.72106800087509,6018400
2010-09-08,67.57289123535156,67.7984339464584,67.25068595763825,67.72110290988076,6698400
2010-09-09,66.239013671875,66.91564233728852,66.14235102925414,66.82542518190006,8588900
2010-09-10,65.93610382080078,66.18097812130621,65.63322999968453,65.89099526764284,6910300
2010-09-13,66.25830841064453,66.40652503585774,65.58167520463424,65.60101165559,7054800
2010-09-14,66.896240234375,66.90268571480912,66.35493787297374,66.39360092265639,5978100
2010-09-15,65.90387725830078,66.54184736339663,65.82010564087251,66.21319654408633,7919100
2010-09-16,65.25299072265625,65.61385893048491,64.98878013016699,65.42697934672776,17116200
2010-09-17,65.51725006103516,65.83301491797519,65.29170724640986,65.62035815712936,9203600
2010-09-20,65.89740753173828,66.01984216203853,65.53009380791536,65.82652199587235,5277800
2010-09-21,66.81248474121094,67.03158196411334,65.89742295768517,66.16162872156526,12664000
2010-09-22,67.41177368164062,67.70820188157664,66.92202039126485,67.37311063013719,8229400
2010-09-23,67.60511016845703,67.95953300539422,67.17335138255366,67.92731542919745,7412200
2010-09-24,66.69648742675781,67.08957822906339,66.69648742675781,66.99291566979018,8942500
2010-09-27,67.85648345947266,67.95314118084814,67.32806661126742,67.3602842129039,7061600
2010-09-28,68.32036590576172,68.51369092856797,67.88216678166584,67.90794377913731,8262900
2010-09-29,68.03687286376953,68.48151283807661,67.88865626135866,68.41707276086166,5507100
2010-09-30,67.99178314208984,68.04333226825591,67.03805301928816,67.92089756258939,10618400
2010-10-01,67.6631851196289,68.00599560913763,67.25569424366901,67.41739767719555,9368400
2010-10-04,67.8377914428711,67.87013408861371,67.53379327294705,67.66962350243521,4422700
2010-10-05,67.4303207397461,67.7925347924027,67.22334057611427,67.74079345259202,8491800
2010-10-06,68.27763366699219,68.62691356035094,67.82486617641354,67.85073930941739,6476100
2010-10-07,67.70849609375,68.16126396246914,67.70202657139696,68.0254336018534,5780700
2010-10-08,67.41093444824219,68.21298217162987,67.41093444824219,67.83136440160104,6128700
2010-10-11,67.42386627197266,67.546762467898,67.2298251010772,67.33978225806437,1474200
2010-10-12,66.75762176513672,67.76018467940791,66.73821814940685,67.5338009379002,6122400
2010-10-13,66.6541519165039,66.69942867686052,66.00086871581844,66.20137937814104,8168400
2010-10-14,65.65807342529297,67.04225463008746,65.63220027985408,66.80940125593531,10945000
2010-10-15,64.85602569580078,65.36054466836103,64.61023819747524,65.0694754609457,12694700
2010-10-18,65.37992095947266,65.61923883718244,65.18587490232764,65.45753543449368,5592200
2010-10-19,65.77448272705078,66.03320424345941,65.03711554873367,65.05651916898466,8017500
2010-10-20,65.9167709350586,66.15608878914877,65.46399849133894,65.56749102754769,5515800
2010-10-21,65.13418579101562,65.91683528950477,65.12772120228801,65.77453538068858,6836100
2010-10-22,65.573974609375,65.63219041155881,64.94656943230906,64.96597305477127,4770700
2010-10-25,65.76155090332031,66.16257719341428,65.68393641380332,66.05262004340045,5632300
2010-10-26,64.74604797363281,65.36698851035,64.71371025071436,65.23762774908269,8432000
2010-10-27,64.17686462402344,64.79133574668508,64.17686462402344,64.47439837334994,9245200
2010-10-28,64.35153198242188,64.57145133758017,64.13808708466215,64.40974781621077,8052600
2010-10-29,64.95307159423828,64.97894475075549,64.43562326829424,64.56498411608024,6753800
2010-11-01,64.67338562011719,65.41310290202644,64.55658789399864,65.40661771484315,5921000
2010-11-02,65.52337646484375,65.59474813507696,65.16000322722242,65.18595881208978,6537400
2010-11-03,64.18667602539062,66.3604050056189,63.868728848711626,66.01001706835169,25541800
2010-11-04,64.68631744384766,64.80311508248181,64.29050349906082,64.34889984311748,13246500
2010-11-05,63.5767822265625,64.10885959171395,63.57678222656251,63.81686283673179,12435000
2010-11-08,63.862274169921875,64.18671165904017,63.47295017308454,63.97258172809652,6795200
2010-11-09,62.454219818115234,63.92716391507579,62.415288901616904,63.90769845682662,15061700
2010-11-10,62.53854751586914,62.77214282524662,61.64310213026981,62.5190820651746,18540400
2010-11-11,62.50613784790039,62.70079740221936,62.382849998131576,62.58399968941837,3368100
2010-11-12,62.16868591308594,62.772139606278955,62.16868591308594,62.42823679358683,11739500
2010-11-15,60.8709602355957,62.110313822546644,60.8709602355957,61.857252976613154,14978700
2010-11-16,62.38278579711914,62.45416237873635,60.98770481621761,61.58467303979055,19901300
2010-11-17,62.03895568847656,62.78516312755441,61.86375661946735,62.16224355551825,9915600
2010-11-18,62.29197692871094,62.29197692871094,61.51332919731067,62.084337203636096,12424800
2010-11-19,62.674835205078125,62.67483520507813,62.15573816436557,62.35039769818648,8359500
2010-11-22,62.940879821777344,63.3431841347855,62.44773339785181,63.18096537235824,10413500
2010-11-23,63.25230407714844,63.55727100911406,63.09657059426978,63.3755868962764,9566900
2010-11-24,62.12327194213867,62.93436544182904,62.019454548449666,62.81756777985275,11467600
2010-11-26,62.98629379272461,63.01873952177016,62.648880983057545,62.759188540975316,4848900
2010-11-29,63.52482986450195,63.55727062701605,62.99923802635762,63.30420990701057,8950000
2010-11-30,63.855751037597656,64.41377863278632,63.66108667959863,64.37484774139462,11947600
2010-12-01,62.43637466430664,63.23074794401859,62.43637466430664,62.931231045841685,15441200
2010-12-02,62.27350616455078,62.85951882585985,62.20188211885287,62.4818656699404,9318700
2010-12-03,61.785179138183594,62.72279963954291,61.75913357229209,62.69024144025759,10194800
2010-12-06,62.65772247314453,62.67074277936859,62.0586840654221,62.1954196353638,7001800
2010-12-07,61.31637191772461,61.80471512503561,60.65873997527828,61.67449225682628,18533100
2010-12-08,60.723838806152344,61.07544643856219,59.9750450501508,61.02335531501637,19275900
2010-12-09,61.023406982421875,61.381522582722674,60.37879492773071,60.945270230946186,17477100
2010-12-10,60.652278900146484,61.11457693326375,60.645766260894625,60.743435978919564,7078500
2010-12-13,60.88014602661133,61.22524124669175,60.26808735390348,60.58714196329032,12399900
2010-12-14,59.994590759277344,60.56757833728714,59.53880575037,60.16388446302179,23516400
2010-12-15,59.2132682800293,60.059727216038276,58.9072389461136,59.955549871035586,26084000
2010-12-16,59.62343978881836,59.62995242144132,58.972315621650885,59.27183214242594,17939000
2010-12-17,60.71086883544922,61.055964149799756,59.812318490478724,59.82533879938229,16849700
2010-12-20,60.645713806152344,61.35544184008761,60.32015167278555,61.04290000627456,13703500
2010-12-21,61.0689697265625,61.06896972656251,60.22250585794884,60.639225156061016,8985100
2010-12-22,60.63269805908203,60.91268171350684,60.50898284945489,60.86059057601286,6440900
2010-12-23,60.508995056152344,60.70433437731915,60.248544283825034,60.671776167896255,7091800
2010-12-27,61.049415588378906,61.12754732484273,60.098774709157105,60.39829129019815,5285900
2010-12-28,59.85380554199219,60.80770250423758,59.6577972000832,60.71623327393318,13972100
2010-12-29,60.866519927978516,61.101723009644616,59.76234900446423,59.95182244596492,13115400
2010-12-30,60.82073974609375,60.94487863850435,60.37646367788096,60.6835359630227,7029900
2010-12-31,61.49370574951172,61.872647438127515,61.0494246460714,61.09515924563007,8516000
2011-01-03,61.02981948852539,61.61783429304141,60.72927216371876,60.892610717128115,13799400
2011-01-04,61.10175704956055,61.265095798605756,60.70321508781704,61.029892585907454,10466900
2011-01-05,59.75575256347656,60.55938012727398,59.57934918760134,60.428706344500554,17568000
2011-01-06,60.017147064208984,60.18702063642181,59.5598008905969,59.808073815600686,9317500
2011-01-07,60.33729553222656,60.52023402030712,59.47486767077536,59.788480067984864,12694600
2011-01-10,60.6639518737793,60.75542108622477,60.22620564497621,60.487548388262525,8295200
2011-01-11,60.32425308227539,60.50065669437003,59.90610638685673,60.42878726377915,9495400
2011-01-12,59.85380554199219,60.21968246320982,59.74926643038761,59.93873983164651,9522900
2011-01-13,60.389503479003906,60.611641420820455,59.74921443932441,59.860288394927544,14502400
2011-01-14,60.00407791137695,60.69663710587543,59.9518133371144,60.618232767432346,8960700
2011-01-18,59.72308349609375,59.91908667890157,59.27880263649001,59.64467923215376,10663600
2011-01-19,60.15431594848633,60.15431594848633,59.69043510356323,59.72310480470148,8886900
2011-01-20,59.32459259033203,59.853808158037985,59.056714843661496,59.78193876184342,14203400
2011-01-21,59.79499816894531,59.79499816894531,59.13511375130886,59.252717753856764,9085600
2011-01-24,59.82107925415039,60.043222163892985,59.70347535715595,60.02362234517633,7700200
2011-01-25,60.389503479003906,60.69658062126373,59.664280223576,60.06936145151159,13438100
2011-01-26,59.4748420715332,60.278470066502685,59.38337286686322,60.25233529592586,13322900
2011-01-27,59.74272155761719,59.87992536881616,59.23963593185633,59.5009786609154,10868700
2011-01-28,60.056331634521484,60.29153960313095,59.304973122835584,59.331107895425326,11993200
2011-01-31,59.598976135253906,60.09552676640717,59.487907107864885,59.88645360350538,8647600
2011-02-01,59.30392837524414,59.559633147498964,59.10067714659165,59.36949780586968,11508400
2011-02-02,59.31703186035156,59.66452776013393,58.943309194251476,59.59896334546174,13624600
2011-02-03,58.82529830932617,59.382603404314374,58.818740366398366,58.98265392387989,12785800
2011-02-04,58.228660583496094,58.779412832617226,58.20243380951455,58.68106368074785,17172200
2011-02-07,58.530269622802734,58.549943457877944,58.07131351597582,58.15654679231613,8554800
2011-02-08,57.992610931396484,58.70727659752914,57.93360445555007,58.55647393329196,10454200
2011-02-09,58.49752426147461,58.786013985069204,57.78941585024206,58.150028004735304,13078600
2011-02-10,57.822181701660156,58.44505158074627,57.81562375492569,58.28769587485304,10486800
2011-02-11,58.65486526489258,58.70076089098823,58.182793109481274,58.37293356109128,11333400
2011-02-14,58.69416046142578,58.96298107845028,58.55647368279535,58.55647368279535,8033500
2011-02-15,58.956459045410156,58.98924377553845,58.5958520252365,58.7204229947795,7298000
2011-02-16,58.76633071899414,59.2187340762535,58.57619025003367,58.92369145332259,8446300
2011-02-17,58.85807800292969,59.12689863820131,58.78596063972331,59.02199156036513,6732500
2011-02-18,58.67452621459961,58.71386889042569,58.405710441399684,58.628630594675364,6080700
2011-02-22,59.55308532714844,59.62520770524207,58.81875066030671,58.94988453058863,11905700
2011-02-23,59.76947021484375,60.025175085038796,59.494091506578414,59.73012754095033,14522600
2011-02-24,60.149723052978516,60.34642134051366,59.953029767688626,60.07760068103198,12110900
2011-02-25,60.503746032714844,60.50374603271484,60.084127902625866,60.149692297531764,6841700
2011-02-28,60.58245849609375,60.661133810884834,60.37264931957527,60.51689406635273,9682500
2011-03-01,60.75809860229492,60.77783086099657,60.166105749359886,60.19899117440361,8048700
2011-03-02,59.82402038574219,60.508099968582684,59.81744631646499,60.4094337273163,8526400
2011-03-03,59.238616943359375,59.712210965880125,59.18599928848155,59.547768875747884,10607600
2011-03-04,59.73201370239258,59.75832507006821,59.1992223075067,59.264998217505656,9316200
2011-03-07,59.35048294067383,59.764875491383854,59.100527576874065,59.2123470720593,7522300
2011-03-08,58.988704681396484,59.42282946877633,58.96897242083979,59.271545458923335,8498700
2011-03-09,59.56098556518555,59.738580988911096,59.100544249459105,59.258407405923954,8904800
2011-03-10,60.56077575683594,60.58050801872362,59.620166132626004,59.771455171061376,13385800
2011-03-11,60.21873474121094,60.56735139702471,60.07402480444803,60.54104004321531,8407600
2011-03-14,60.19242477416992,60.46210737476868,60.06744709529031,60.172692512952665,6765200
2011-03-15,61.09355163574219,61.20537612246038,60.7515141389396,61.04093395664869,14893800
2011-03-16,61.784210205078125,62.448557954356296,61.225107849829875,61.41586136272664,24294200
2011-03-17,61.310646057128906,61.57375465294863,61.01465202331863,61.33037832359905,10528500
2011-03-18,61.47504425048828,61.48820243095887,60.96856470663069,61.008029211291536,7260900
2011-03-21,61.1132926940918,61.29088803607614,60.88964872518811,61.25799759352717,10542900
2011-03-22,61.31721496582031,61.363258586061384,61.001483699611356,61.047527319852435,6904700
2011-03-23,61.23826217651367,61.75132093620012,61.12644270701826,61.73158867903937,8358000
2011-03-24,60.777828216552734,61.093554378796114,60.77124912447941,61.0146253474237,9477600
2011-03-25,60.626522064208984,61.146159786759156,60.527855784519005,61.080383939757645,6447200
2011-03-28,60.71209716796875,60.95546855219032,60.51476440711506,60.59369851513265,3996800
2011-03-29,60.24497985839844,60.84355125797134,60.23182670404819,60.50151404276719,6487200
2011-03-30,60.72520446777344,60.725204467773445,60.22529886475027,60.330544262598,5048300
2011-03-31,60.60020065307617,60.98828661714327,60.258163294472205,60.9553961899195,9654300
2011-04-01,60.89482116699219,60.94766022193839,60.38620557714957,60.439049671585984,7860400
2011-04-04,60.96087646484375,61.152432536040834,60.855188271290686,60.90142559609754,4469100
2011-04-05,60.71650314331055,61.02034927488869,60.55136904748595,60.87503550373688,9951600
2011-04-06,59.80494689941406,60.630617132110594,59.80494689941406,60.617403586272395,9090900
2011-04-07,59.686038970947266,59.95025440366952,59.53411345929766,59.7983288920199,9265100
2011-04-08,59.368988037109375,59.65962555912102,59.34917275869785,59.40201686078923,7605700
2011-04-11,59.42186737060547,59.593608284482684,59.21710265295943,59.335999433413825,5734000
2011-04-12,60.06258773803711,60.267352452643124,59.818187404205446,59.851216246977835,7686500
2011-04-13,60.43904113769531,60.43904113769531,59.7388746234909,59.8049272124648,7959300
2011-04-14,60.392860412597656,60.617440433449524,60.25414833392546,60.46551984040131,7609600
2011-04-15,61.21189498901367,61.23831704457755,60.815574234539156,60.941077738594615,10222900
2011-04-18,61.3505973815918,61.49591614466184,60.4060304611275,60.762720596074615,12036700
2011-04-19,61.61479187011719,61.61479187011719,61.27131539761527,61.337367983924565,5295100
2011-04-20,61.2184944152832,61.60160661574025,61.172257083468814,61.47610312674782,6754100
2011-04-21,61.16562271118164,61.58176354923015,61.13920067071119,61.357178724975746,3365600
2011-04-25,61.396827697753906,61.410041241700405,61.09958847233332,61.18545635002383,3626900
2011-04-26,61.991310119628906,62.00452366334767,61.54875215536719,61.608197983630546,7506300
2011-04-27,61.35722732543945,61.806392290238534,61.26475263028901,61.72052437031111,8869300
2011-04-28,61.8261604309082,61.8261604309082,61.41002462005538,61.575158598257325,8110200
2011-04-29,62.017723083496094,62.037538356681424,61.66103304769126,61.74029917992221,5900000
2011-05-02,62.11723327636719,62.14376837052862,61.80545224628507,61.904957584127494,5285100
2011-05-03,62.468841552734375,62.468841552734375,62.077460131209214,62.32953604366335,6486600
2011-05-04,62.747474670410156,62.83371505953299,62.53519881119778,62.56173392623129,7406300
2011-05-05,63.34446334838867,63.437333663654925,62.893376790930034,62.96634704736103,9600000
2011-05-06,63.06586837768555,63.34447939405874,62.58824660044357,62.69438702252129,9451500
2011-05-09,62.9995002746582,63.1520707254745,62.91325996145214,62.953065129490035,3731200
2011-05-10,62.54845428466797,62.94647079506184,62.54845428466796,62.820430293366215,5458300
2011-05-11,62.90666580200195,63.07913640451256,62.47547917361716,62.56834951683184,6078700
2011-05-12,62.508636474609375,63.09239352069793,62.296360725026894,62.98625311538015,8015800
2011-05-13,63.072540283203125,63.3445164168943,62.70768869538428,62.78729405846935,8380000
2011-05-16,63.42399215698242,63.543397427046685,62.86013590541927,63.03924127999242,6053600
2011-05-17,64.07415771484375,64.08079275448155,63.66951139588063,63.7026764719649,9826900
2011-05-18,63.22505569458008,63.94148815358526,63.20515563644979,63.861882860011654,7707600
2011-05-19,63.19853591918945,63.23170606481698,62.66121397518822,62.66121397518822,8052400
2011-05-20,63.231689453125,63.29139468735858,62.833673115426315,63.0326787537495,5602300
2011-05-23,63.53683853149414,63.80881949629652,63.41079807843425,63.50367345404066,6300000
2011-05-24,63.77565383911133,63.775653839111335,63.32456725341649,63.443972674954914,5549100
2011-05-25,63.47710037231445,63.868481455019655,63.377595077390396,63.78224623197856,5664500
2011-05-26,64.02110290527344,64.04763800705146,63.609816419293985,63.66288662285001,8307900
2011-05-27,63.994537353515625,64.02107244266767,63.603151114836386,63.76899162624861,5390600
2011-05-31,64.14043426513672,64.18686937436296,63.7424132591434,63.80211843446133,7003900
2011-06-01,65.00739288330078,65.06065702192497,64.50805301268169,64.5280257947788,12746400
2011-06-02,63.76896286010742,64.52130406205141,63.76896286010742,64.24167016670047,15738700
2011-06-03,64.13514709472656,64.31490702505975,63.62914846633524,64.30159354410796,10644100
2011-06-06,63.64911651611328,63.908772551564645,63.389460480661924,63.562566197476876,8776900
2011-06-07,63.94210433959961,63.955417827992,63.3295822826425,63.40281916766404,7399200
2011-06-08,64.44142150878906,64.47470775794235,64.02863239884816,64.08855577459384,7401800
2011-06-09,64.18177032470703,64.80095149736164,63.868850097300175,64.64781848496578,9963000
2011-06-10,64.67443084716797,64.84087729367181,64.44806611810313,64.52130296092821,7710800
2011-06-13,64.34822845458984,64.77433115801162,64.34156917122687,64.40814676622186,5540000
2011-06-14,63.37619400024414,63.84890162250976,63.33624337163367,63.74237338560972,8672400
2011-06-15,64.52801513671875,64.5413337089489,63.49604928895061,63.50270349551868,12979100
2011-06-16,64.8208999633789,64.93408231993274,64.4480615749465,64.64779424894583,10961200
2011-06-17,64.51467895507812,64.68112549258888,64.34157313379427,64.48804689953097,9622900
2011-06-20,64.59456634521484,64.82093626463708,64.30827811389975,64.80096349400614,6613800
2011-06-21,64.30830383300781,64.60125146487472,64.09525239516286,64.38154074097453,7894900
2011-06-22,64.34822845458984,64.62119811793275,64.1884412106929,64.55462052293775,5503700
2011-06-23,64.84090423583984,65.07392834186102,64.68111700307455,64.74103531053233,8586800
2011-06-24,64.56793975830078,65.04064729106868,64.56793975830078,64.8209366537196,7960900
2011-06-27,63.68242263793945,64.49468225232742,63.615845063548036,64.48136368972314,9331300
2011-06-28,63.169769287109375,63.702400080442416,63.06324617616899,63.56924492188101,12634300
2011-06-29,62.75031280517578,63.382807295002415,62.59717983335803,63.21636084193829,11084900
2011-06-30,62.650474548339844,62.79028902772634,62.01132046562512,62.73702999715895,11555600
2011-07-01,62.55022430419922,62.95106289716865,62.36985101486253,62.88425306709079,6637200
2011-07-05,62.690528869628906,62.91098912244342,62.59032429732731,62.824143460823535,4615600
2011-07-06,63.01124954223633,63.09809527380363,62.69057936197006,62.92440381066902,5652700
2011-07-07,62.82416915893555,62.89097393342148,62.49682219614015,62.683877603451805,6823700
2011-07-08,63.712730407714844,63.873062993983154,63.35197826595037,63.358655180087496,12129300
2011-07-11,64.66800689697266,64.66800689697266,63.96654406172244,64.16028146476181,9760800
2011-07-12,64.88844299316406,65.00869358383048,64.50765030553305,65.00201667653708,9083900
2011-07-13,65.06886291503906,65.08890384344878,64.20706731526772,64.60790117409928,13112200
2011-07-14,64.1402359008789,65.40286483544095,64.1402359008789,64.54775159900495,11471500
2011-07-15,64.24710845947266,64.26714937518268,63.62581458808246,63.65921951218307,7086200
2011-07-18,63.625831604003906,64.2471256415513,63.599108676951886,64.17363886637753,8206500
2011-07-19,64.9486083984375,64.98200824484788,63.57908727364383,63.67929700663242,15249400
2011-07-20,64.18030548095703,64.69470768693493,64.04669597461564,64.61454402188048,9673300
2011-07-21,63.68598175048828,64.04005173829653,63.398716555249315,63.625853869360654,11099200
2011-07-22,64.1669692993164,64.19368713254833,63.819576304768205,63.926468025206965,4974500
2011-07-25,63.4654655456543,64.16692799306658,63.35189698845405,63.445424635192424,10869400
2011-07-26,63.899715423583984,64.04668892250199,63.62580933980491,63.66589626479416,7682800
2011-07-27,63.90645217895508,64.02669776631683,63.53233610749276,63.692668654188175,11224200
2011-07-28,64.14691925048828,64.34065665895801,63.939822926241554,64.20704711367834,7081600
2011-07-29,65.41624450683594,65.82376033426915,64.65465872042468,64.7281455153309,19582400
2011-08-01,66.07646179199219,66.31776394388051,65.25201192073197,65.2788238391474,14348200
2011-08-02,68.06050109863281,68.08060875997695,66.28425104803941,66.5054455505265,20850600
2011-08-03,68.19457244873047,69.32064778714953,67.93986681896203,68.0806255970329,21179700
2011-08-04,70.62097930908203,70.74833464702333,68.54980329375856,68.62353479321398,34076600
2011-08-05,68.58330535888672,70.71480391852027,68.55649344516087,69.33402360166163,41677700
2011-08-08,70.7483139038086,70.90918025824995,69.00557546093862,69.15974267292144,38259500
2011-08-09,70.96279907226562,73.30878745716673,69.03908675566113,70.38635580286773,39881400
2011-08-10,73.07420349121094,73.10771966523262,71.68001963290205,72.14251112853016,46221000
2011-08-11,69.38762664794922,72.26313854419028,69.17313650042266,71.94810502135628,37790100
2011-08-12,70.76177978515625,70.82210791749719,69.75635523287278,70.00436179675671,15590800
2011-08-15,70.04452514648438,70.70140428311953,70.02441748858175,70.3394510993226,10051700
2011-08-16,71.2041244506836,71.4789376636666,70.13166817546552,70.15178094955253,15993200
2011-08-17,72.45083618164062,72.45754043881568,70.89578091726882,71.26443835414894,15906600
2011-08-18,73.93889617919922,75.1655149661521,73.24850569336242,73.7914331406997,27274600
2011-08-19,74.53539276123047,74.67615655017079,73.88522319928602,74.16674054947,15708400
2011-08-22,74.34776306152344,74.57566186081112,73.99251401431337,74.03943360330618,13157700
2011-08-23,73.32225036621094,74.51535318068545,73.29543843496,73.57025689489221,16017800
2011-08-24,71.23764038085938,73.33562838230038,71.15050547593037,73.25519262200763,14621600
2011-08-25,72.0083999633789,72.32343334127638,71.29119838312457,71.512392684267,10565900
2011-08-26,72.71895599365234,73.24177559014653,71.94143085661874,72.85301557855487,11504800
2011-08-29,71.7135238647461,71.98834214677609,71.45211409658813,71.5191413243992,6764300
2011-08-30,72.866455078125,73.16138119716655,72.55812555087829,72.67877668013594,9508700
2011-08-31,71.74034881591797,73.03399449177797,71.74034881591797,72.9334510748649,12186000
2011-09-01,73.26103973388672,73.26776421669479,71.31807967383197,72.25258274233121,10686600
2011-09-02,75.64103698730469,75.68809813213417,74.39727376314252,74.88805354075285,16557100
2011-09-06,76.42764282226562,77.26802418461052,76.23267373068792,76.92514715257519,14016200
2011-09-07,74.96878051757812,75.54696360220997,74.83431635296408,75.4864534458128,11524300
2011-09-08,75.64103698730469,75.72171030456661,74.85443623904033,75.49985355281623,11480900
2011-09-09,76.44778442382812,76.7637685262689,75.43932714162769,75.66118897473874,11492700
2011-09-12,76.52851867675781,76.81088569071991,76.03773351786707,76.35371785080297,7602200
2011-09-13,75.43936920166016,76.36714857201291,75.37213970455318,76.2394140662942,9282400
2011-09-14,76.07806396484375,76.20579847344607,75.17717226957068,75.27801908214869,11948500
2011-09-15,74.91499328613281,75.62763539120223,74.91499328613281,75.28476331948957,8884000
2011-09-16,75.45956420898438,75.69487009666841,74.7939832325971,74.83431991926189,10053500
2011-09-19,76.89826965332031,77.44284037252139,76.72347398821152,76.7772545078625,13033500
2011-09-20,77.22099304199219,77.22771753170274,76.67642734894132,76.891564856134,6360600
2011-09-21,79.7757568359375,79.86315468658601,76.77727040317725,77.06636191443965,18687100
2011-09-22,82.77422332763672,83.27845225966092,81.50356682927824,81.62458197813534,25041400
2011-09-23,81.23463439941406,82.9355656478842,81.23463439941406,82.77421384432122,15173800
2011-09-26,79.93035888671875,81.05983174408163,79.72194593155339,80.7572964782428,15110100
2011-09-27,78.70682525634766,78.86145781865855,78.1622593003513,78.49168764527506,13589600
2011-09-28,78.67990112304688,78.73368678674593,77.8260755112778,78.5925032664983,12642600
2011-09-29,79.22447967529297,79.88334133895495,78.72025053745342,79.06985227875458,12341800
2011-09-30,81.21446228027344,81.2884162553936,79.99758649920255,80.69005996689025,13546400
2011-10-03,83.44945526123047,83.44945526123047,81.62962423804379,82.14861140938638,15882000
2011-10-04,82.39130401611328,84.27179990660429,82.35086490308392,83.82695423635616,17301400
2011-10-05,81.79814147949219,82.08122544020193,81.32633487830927,82.00034724703131,14275000
2011-10-06,80.28833770751953,81.5622203952653,80.28833770751953,81.3128340219835,9681600
2011-10-07,79.6952133178711,80.24116678041838,78.75833662748606,79.36494872903538,11564600
2011-10-10,78.5696792602539,78.79884630775108,78.05069161818835,78.73818247605975,3567600
2011-10-11,78.3067626953125,79.10209755187196,78.11804004160459,79.05491688844499,7520200
2011-10-12,77.16770935058594,77.5923406248757,76.48696025456496,77.30925139457966,14033400
2011-10-13,77.93607330322266,78.55616878918605,77.48448610571104,77.53166678093899,11263300
2011-10-14,76.80371856689453,77.248569263475,76.57455679639456,76.75653789989119,8411000
2011-10-17,78.13150787353516,78.16521054687736,76.985688972184,77.03961119260913,9664000
2011-10-18,77.646240234375,78.73814236782705,77.03963308032017,78.27981364860973,12495600
2011-10-19,77.61933898925781,78.01026261828575,76.94532599411237,77.20144908103566,6629300
2011-10-20,77.06661987304688,77.96305811711896,76.88463868252184,77.14750325900772,7832100
2011-10-21,76.25106048583984,76.97225392198135,76.25106048583984,76.74309205550142,9906300
2011-10-24,76.37909698486328,76.89134792934065,76.19711587083316,76.79024502496512,6344500
2011-10-25,78.32028198242188,78.42138492659718,76.39934661232837,76.41956617270156,11791200
2011-10-26,76.95203399658203,78.32702061585499,76.88463375042642,77.77433036968432,12747000
2011-10-27,74.34356689453125,76.06229536251013,74.02003869245998,75.83987004498027,19471400
2011-10-28,75.12544250488281,75.46244879916757,74.65363574980732,74.74799710082243,10127900
2011-10-31,78.1045913696289,78.1045913696289,76.4734818375207,76.5745847729822,15242100
2011-11-01,80.71907806396484,80.74610893132001,79.17835471399646,80.21901990692143,24400600
2011-11-02,79.712158203125,79.98246157002751,78.67149359169544,78.81340169930749,13181100
2011-11-03,78.61747741699219,79.29999265367482,78.38096376733313,78.61747741699219,8386700
2011-11-04,78.71206665039062,79.09724739109014,78.07009531215176,78.19849061092144,7583700
2011-11-07,79.212158203125,79.97576100362583,78.60397647211865,78.82021829251961,9279700
2011-11-08,78.19851684570312,79.42839305805684,78.04984964053763,78.8945449829677,7539400
2011-11-09,79.82035064697266,80.50286092306976,79.11080433963375,79.91495613386952,13004500
2011-11-10,78.63099670410156,79.47569200630649,77.85387599495083,78.91481308829577,11644600
2011-11-11,78.15126037597656,78.50265157797169,78.04989584375792,78.27289678351609,2483900
2011-11-14,79.4081039428711,79.46891951962014,78.52961891535524,78.65125522446344,9252600
2011-11-15,79.29998779296875,80.05007757563268,78.87426324967728,79.53650142813068,7587500
2011-11-16,80.02307891845703,80.0298379266423,79.18514234992591,79.71223156489891,7470000
2011-11-17,80.66499328613281,81.19884112965124,79.76623659430018,79.76623659430018,9907900
2011-11-18,80.64476776123047,80.78668114473827,79.95549848922188,80.53664941619152,6792600
2011-11-21,81.12456512451172,81.58407972375865,81.02995963251495,81.34756083815405,7345600
2011-11-22,82.03001403808594,82.04353204417411,80.9893492604721,81.32722723415418,7866300
2011-11-23,82.83419036865234,83.15179658506341,81.78676627056613,81.87461786993703,10129300
2011-11-25,81.63131713867188,82.35437576631988,81.59076827768767,82.30707305817873,4311900
2011-11-28,81.59078979492188,81.86785226967906,80.13115930476775,80.16494401628773,7661900
2011-11-29,80.92181396484375,81.71244756957527,80.4690584977525,81.1110248970245,8952800
2011-11-30,79.65814208984375,80.1176565298923,79.2391765291833,79.96898933522793,11806800
2011-12-01,79.25846099853516,79.42104100986258,78.44555577357264,78.77749147079437,9647200
2011-12-02,80.36941528320312,80.3965128068736,78.96037506228382,79.00102393195161,7764900
2011-12-05,80.20689392089844,80.49818605281322,79.17720794227165,79.25850057268786,7862800
2011-12-06,79.44136047363281,80.13233454554181,79.10264911204119,79.80716936435077,8506300
2011-12-07,79.72586822509766,80.0984475577353,79.15683054802157,79.48199567325423,6588300
2011-12-08,80.72171020507812,80.83687085048989,79.53622020409212,79.74621963611666,8800500
2011-12-09,79.06198120117188,80.701342449059,79.0077861595086,80.66069875197334,9855100
2011-12-12,79.94266510009766,80.26782514586934,79.67169494973743,79.87492385458904,5734600
2011-12-13,80.68783569335938,81.04009329962115,79.36686320947003,79.44815064335481,8901800
2011-12-14,82.21199035644531,82.23231220336238,80.94520849260759,81.1484372984248,11247700
2011-12-15,81.90715789794922,82.18489843861576,81.5413491235426,81.73780227100117,5438700
2011-12-16,82.86233520507812,83.06556405971615,82.16459072891843,82.22555628431516,9321900
2011-12-19,83.91239166259766,84.01400098131663,82.82174018284245,82.86238391033004,7845100
2011-12-20,81.8191146850586,83.09944320285324,81.70395406391467,83.09267269689782,13945400
2011-12-21,80.68102264404297,81.85296590015777,80.66070079498542,81.71747829256786,11600100
2011-12-22,81.01972961425781,81.57521585511095,80.85037398999376,81.290699646745,5247400
2011-12-23,80.11876678466797,80.41683437567418,79.75973364186004,80.31521995434714,5409700
2011-12-27,80.49935150146484,80.49935150146484,79.93528230176014,80.15275607616026,4270300
2011-12-28,81.98771667480469,82.26635779097448,80.49937698157228,80.696463462159,8302300
2011-12-29,82.13722229003906,82.29352884392979,81.59353514654161,81.87897374861946,4305000
2011-12-30,82.40225219726562,82.74885281294239,82.15759354913895,82.3071077435479,5948800
2012-01-03,81.16537475585938,81.68866928768172,80.82557163039483,81.15857724155451,9076900
2012-01-04,80.20030975341797,81.06340713767314,79.97603851716099,81.04981729834661,8417100
2012-01-05,80.05765533447266,80.9411407569155,79.901343543317,80.30910644482806,6465800
2012-01-06,80.68964385986328,80.84595037733743,79.99644265415806,80.02362752349784,7348500
2012-01-09,80.54695129394531,81.24015275176305,80.39744223567662,80.51297408365106,5582400
2012-01-10,80.41102600097656,80.7848115808412,79.97607833621689,80.01006072892645,8932500
2012-01-11,81.45760345458984,81.59352262711681,80.85955183649351,80.90032655125478,8634500
2012-01-12,81.34207153320312,81.6818746490608,81.03624561794079,81.51876542026059,7205400
2012-01-13,82.15078735351562,82.66728946553003,82.10321513168425,82.30030153212374,9819000
2012-01-17,82.53141021728516,82.66053191898193,82.11684986160655,82.19839931847066,5449900
2012-01-18,81.53242492675781,82.6469796133953,81.49165017980391,82.59260982746466,5804000
2012-01-19,80.41102600097656,81.25373645332529,80.13918241425547,81.09742989082565,8625700
2012-01-20,79.5003890991211,80.16640072007402,79.49359158074765,79.99649905564907,6548200
2012-01-23,78.99745178222656,79.26929539745502,78.52852686056781,78.92269465841409,7274800
2012-01-24,79.14012908935547,79.31682812897789,78.68479424204301,79.31682812897789,5776500
2012-01-25,78.94989013671875,80.55376197838719,78.75960113601002,78.87513300287083,12867600
2012-01-26,79.99644470214844,79.99644470214844,79.2352838960991,79.27606379364461,7638500
2012-01-27,80.24787902832031,80.417780531081,79.52070080390389,80.07797752555963,5165300
2012-01-30,81.19261169433594,81.81784860173903,81.1042595066678,81.44406285003743,8388400
2012-01-31,82.13043212890625,82.1712120385602,81.00228820486363,81.04986044530546,7998300
2012-02-01,81.18963623046875,81.68012655640175,80.93757725813826,81.57794020559676,7925200
2012-02-02,81.15552520751953,81.39396161993902,80.82172150650722,81.03971650271679,5596900
2012-02-03,79.41159057617188,79.56827696597863,79.00285047753613,79.33665428505722,12467400
2012-02-06,80.20185852050781,80.24954479809799,79.25493638422103,79.49337296958635,6180600
2012-02-07,79.20724487304688,79.62279892062416,78.86662714207625,79.4456814426576,8794800
2012-02-08,79.26854705810547,79.56147847136634,79.00967949187556,79.15954690553708,7613400
2012-02-09,78.67584228515625,79.05052367884278,78.08317105912124,78.9279011497646,11477700
2012-02-10,79.6977310180664,79.92935376551976,79.37754953631804,79.56829982139121,7193100
2012-02-13,79.79988098144531,79.95656734480767,79.31620467332625,79.43201339553544,6422900
2012-02-14,80.22223663330078,80.57647655340827,79.8611829077843,80.0042416369091,8271200
2012-02-15,80.07920837402344,80.56969340447448,80.03833072342634,80.15414466980332,6846100
2012-02-16,79.43881225585938,80.11323343776535,79.11181717521407,79.88842464465986,9036200
2012-02-17,79.4184341430664,79.43887037604412,78.85982125288044,78.92794376194423,6338000
2012-02-21,78.53960418701172,78.96878047749162,78.30798152415689,78.86659416145014,8338300
2012-02-22,79.52742004394531,79.54104766265172,78.89387090685332,78.94837098685157,7736800
2012-02-23,79.52742004394531,79.85441532652112,78.9756210268507,79.11867983878584,5163900
2012-02-24,80.04515838623047,80.09965846485142,79.67047684247844,79.86122711765174,5676900
2012-02-27,80.75364685058594,80.96482816641081,80.46752922319473,80.72639681025147,8180700
2012-02-28,80.48796844482422,81.16239007656725,80.3449096258129,80.9784587942424,6615700
2012-02-29,79.9974594116211,80.6718808858498,79.67727799734111,80.63782224018107,14235000
2012-03-01,79.24433898925781,79.66766923962778,78.8892916764606,79.31944605318243,12265600
2012-03-02,79.98858642578125,80.21390763483093,79.57891481521818,79.6130510773651,6669600
2012-03-05,79.3536376953125,80.18664005152199,79.3536376953125,79.85889945542348,6921900
2012-03-06,80.31634521484375,80.64408572508712,80.18661904578087,80.19344317465982,6299700
2012-03-07,79.82470703125,80.30265630475867,79.756424098529,80.20023711493356,5567500
2012-03-08,79.02582550048828,79.5925403879658,78.95754779086269,79.42184350927415,7982100
2012-03-09,79.18290710449219,79.19656056929914,78.45232431976099,78.85516664728908,6975600
2012-03-12,79.16927337646484,79.55846236181846,79.11465429076887,79.42190683368926,5280000
2012-03-13,77.77637481689453,78.80055670149356,77.76271614124848,78.70496159974655,14413600
2012-03-14,75.81676483154297,76.98433145060527,75.75531121514075,76.9501899737976,24515300
2012-03-15,75.93283081054688,76.29470751200766,75.70750958573855,75.72116825895831,14154000
2012-03-16,76.0830078125,76.08983714577542,75.2431769342923,75.44801525851514,13427200
2012-03-19,75.1749496459961,76.11720031824332,74.89500930501924,76.03526389175185,14011400
2012-03-20,75.47534942626953,75.7006706068727,75.00422426850956,75.40024236606848,9443800
2012-03-21,76.32884216308594,76.3971198953091,75.65970788508193,75.69384935582204,10242000
2012-03-22,76.57465362548828,76.72486777656557,76.38347387293813,76.67024350176337,8009800
2012-03-23,77.2983627319336,77.42126467517056,76.92283277872674,76.94331556772381,8465300
2012-03-26,76.90245819091797,77.16192112553102,76.33574775898694,77.03901900104648,8118600
2012-03-27,77.45543670654297,77.63295775410008,76.95017006863128,77.00479433369037,6972300
2012-03-28,77.34622192382812,77.79686449330335,77.05262288260428,77.10041783307055,7886000
2012-03-29,77.92655181884766,77.96752261972121,77.55102174075824,77.85144476137852,7692900
2012-03-30,76.60881042480469,78.02218135629718,76.60198629556842,77.98121574384373,9467500
2012-04-02,77.0332260131836,77.56033801704965,76.80732086866956,77.35496875426284,8944000
2012-04-03,75.6983413696289,77.65617550722013,75.6914943348101,77.36181568309956,14774300
2012-04-04,76.73887634277344,76.7525704142418,76.26653533227515,76.51297116836757,10095600
2012-04-05,77.29338836669922,77.40291484878816,76.89634377076365,77.35499603360691,6364100
2012-04-09,79.10061645507812,79.25121470889974,78.88840009136968,79.09376941811749,14374600
2012-04-10,79.99734497070312,80.2917047394092,79.25802203217305,79.37439548839825,14421300
2012-04-11,79.03897094726562,79.44970420848595,78.9636692400536,79.21011024133716,8713000
2012-04-12,78.71036529541016,79.2374718816211,78.60083366968793,79.18270606876,9008500
2012-04-13,79.9836654663086,80.02474245221005,79.49078864030652,79.51132452187862,8607700
2012-04-16,79.86727905273438,80.50391739213886,79.7988243843293,79.88781493098026,7735000
2012-04-17,79.81935119628906,79.97680161621751,79.57975727270734,79.77143241157272,5398600
2012-04-18,80.05210876464844,80.17532925128064,79.90835240070356,80.12741046329901,4074400
2012-04-19,80.12741088867188,80.41492361808795,80.10686978849398,80.26432021998728,5374300
2012-04-20,80.14109802246094,80.18216977642783,79.63452724009689,79.79197244547404,5043300
2012-04-23,80.7229995727539,81.05843642680354,80.63400899952575,80.85306713749797,5170100
2012-04-24,80.1548080444336,80.61346538352524,80.14796623213546,80.51078074872092,4336600
2012-04-25,79.74407196044922,80.31225572692446,79.19642929842794,79.6893113501772,8859500
2012-04-26,80.22325897216797,80.40808711592675,79.81252047891397,80.38070420152603,5133000
2012-04-27,80.29170227050781,80.33962105823039,79.94942372313048,80.10686893018061,3112900
2012-04-30,80.312255859375,80.60661568394642,80.22326529762357,80.48339517080588,4198400
2012-05-01,79.89570617675781,80.71230056960341,79.6486693055673,80.58191854442373,7214300
2012-05-02,80.45838928222656,80.50642393208416,80.14959585248256,80.43780375162818,3565700
2012-05-03,80.43782043457031,80.54075334429484,79.98491772593653,80.03981597584097,3522900
2012-05-04,81.06916809082031,81.10348082003101,80.56137215790416,80.6162704304863,6367300
2012-05-07,81.08287048339844,81.2887310895529,80.98679591806336,81.19266175960365,3228200
2012-05-08,81.51518249511719,82.00925632666853,81.42597675595935,81.44656229304303,6051600
2012-05-09,81.57013702392578,82.05048400520897,81.2750652395977,81.96813656467924,5828900
2012-05-10,81.32987976074219,81.39850517927609,80.58877445318936,80.98677360961027,6300000
2012-05-11,82.00239562988281,82.07101583437873,81.63184024314161,81.99553203881742,5234300
2012-05-14,83.14836883544922,83.23757981267009,82.75722791296396,82.94250822304886,8789400
2012-05-15,83.48461151123047,83.53264617465638,82.90819031473387,83.09346537783792,6766400
2012-05-16,83.72478485107422,83.84143971437084,82.83957013736884,83.01798684530733,6462300
2012-05-17,85.2070083618164,85.28249215874195,83.73165037925263,83.73851397044207,14863400
2012-05-18,85.22761535644531,85.39231017413798,84.47964602546062,84.58943733520165,10137700
2012-05-21,85.04914093017578,85.39910537935361,84.82955323769059,85.0216918141922,9583500
2012-05-22,84.1021957397461,84.32178351313765,83.7590895166102,84.23257777986109,12475500
2012-05-23,84.68548583984375,85.44717688661278,84.65117312121536,84.78155516954023,11744900
2012-05-24,84.36296081542969,84.9462403545661,84.23257877377623,84.56196305544292,10256200
2012-05-25,84.67861938476562,84.77468871121255,84.50020267762751,84.69920492109202,4723600
2012-05-29,84.41786193847656,84.95997045772612,84.40413999164129,84.67176245571072,5874100
2012-05-30,86.5588150024414,86.6823334200051,85.98239921073362,85.99612115251442,17170800
2012-05-31,87.56071472167969,88.57631153416611,86.92253688166124,87.16957380266102,31174500
2012-06-01,89.63937377929688,89.65312930589947,88.38101065116966,88.614802141451,23526000
2012-06-04,88.93116760253906,89.51564666542308,88.66299238723968,88.91741206800104,11681200
2012-06-05,87.74158477783203,88.4567205896657,87.7347070090662,88.38108087184287,12482800
2012-06-06,85.98809051513672,87.74154298886918,85.98809051513672,87.71403717310659,20806700
2012-06-07,86.1187515258789,86.46256641327437,85.5342672665464,85.71305247692771,18898200
2012-06-08,86.09812927246094,87.29460369226798,85.65804660664227,87.15707982652435,11239600
2012-06-11,86.49007415771484,86.78575517730009,85.79556660079156,85.80932213446471,10693800
2012-06-12,85.69931030273438,86.38694018471597,85.60992030670864,85.93310719063194,10921700
2012-06-13,86.5450668334961,86.83387002295301,85.52737265886981,85.85055942877541,11100000
2012-06-14,86.43505859375,86.83388511299277,86.08437119398018,86.60696603347202,7688200
2012-06-15,86.91644287109375,87.22587430758033,86.73765758195425,87.04021649492861,6421400
2012-06-18,87.38397216796875,87.56275208944987,86.82011609716444,87.43210603085944,6698400
2012-06-19,86.24256896972656,86.8958207358287,86.18068477668822,86.83393129658886,8227900
2012-06-20,86.66887664794922,86.99206355310328,85.32799514228023,85.65805981564182,13720300
2012-06-21,87.12957000732422,87.50089072323783,86.56571378972184,86.6069698983126,9776600
2012-06-22,85.96749877929688,86.79265791250067,85.96062625668218,86.57261652621976,7830400
2012-06-25,87.21894073486328,87.34271427950736,86.82699205118996,86.88888144661091,6113800
2012-06-26,86.8751220703125,87.29457655047194,86.60007442434356,86.71697019850012,5359700
2012-06-27,87.0126724243164,87.18457986819735,86.66197976986363,87.0264227114994,5860700
2012-06-28,87.22586059570312,87.6590708341252,87.18460447631067,87.53529722974751,5257800
2012-06-29,86.09124755859375,86.3869285779668,85.69929878837357,85.97435175345065,8881900
2012-07-02,86.97949981689453,87.66171751755752,86.39375713420432,86.44888196055008,7818500
2012-07-03,86.31105041503906,86.82788305225488,86.28348537682167,86.79342544010977,5773100
2012-07-05,86.75210571289062,87.0484233879406,86.31107548828064,86.37998547509564,5974700
2012-07-06,87.55834197998047,87.66170956342755,87.24824448713291,87.28958941751426,5818300
2012-07-09,88.33019256591797,88.38532267628209,87.59284968415896,87.77890723476696,5647000
2012-07-10,88.50932312011719,88.71605830028169,88.0131628937176,88.10963790912929,4288000
2012-07-11,88.61958312988281,89.21910568782212,88.38527765144586,88.6126852977303,5960900
2012-07-12,89.24668884277344,89.28114646759545,88.82633105592267,88.92970393038874,6421000
2012-07-13,89.01239776611328,89.06064054600208,88.61961026769437,89.05374271173724,4175300
2012-07-16,89.42585754394531,90.00470774334832,89.3155973588238,89.79108520654411,5283500
2012-07-17,88.72299194335938,89.46034535078459,88.6471893548857,89.07443457264996,5590900
2012-07-18,88.77119445800781,89.12952424549584,88.7505114750866,89.07439415934643,4011000
2012-07-19,88.5438003540039,88.96415812464517,88.28193503344333,88.52312788290601,5246300
2012-07-20,89.62570190429688,89.79109219485125,89.18467164447605,89.30871699113953,6365900
2012-07-23,90.1287612915039,90.57668944350529,89.93581118494681,90.48710171010659,6141100
2012-07-24,90.83860778808594,90.99020251880117,89.77737106809101,89.82561388036275,6748800
2012-07-25,91.07284545898438,91.107303086701,90.60424485501994,90.70761773816982,5328000
2012-07-26,90.2390365600586,90.81099965530832,90.20457892492423,90.63872199463047,6606200
2012-07-27,88.5368881225586,89.59122603705794,87.48944278313607,89.50853616611326,14685100
2012-07-30,89.198486328125,89.22604612817946,88.37844295283026,88.47491802551232,6025300
2012-07-31,89.37759399414062,89.50163930231568,88.60579390767376,89.45339653941772,7448600
2012-08-01,88.93080139160156,89.5937472466628,88.49574284493116,88.75816044922973,7972000
2012-08-02,89.4349594116211,90.24983058921285,89.17255219949216,89.49020580816739,7972000
2012-08-03,87.99163055419922,88.41287485741074,87.5427630691364,88.28166606076292,9084800
2012-08-06,88.02616119384766,88.48883763735886,87.95710587324025,88.16427183506248,3673600
2012-08-07,86.89364624023438,87.10081222390434,86.6174196600906,86.98341763963298,6613600
2012-08-08,86.43096923828125,87.28035977662886,86.34809968415163,87.12153305027678,7250700
2012-08-09,86.36882781982422,86.52765983694623,85.45728367140593,86.16165653985367,7553500
2012-08-10,86.80388641357422,87.23203795929439,86.7348310722864,87.14916838859811,4670500
2012-08-13,86.65882873535156,87.27342994656395,86.65882873535156,87.08698008403377,3543700
2012-08-14,85.48490905761719,85.9130605885571,85.45728586833867,85.60230366061236,7994000
2012-08-15,84.28333282470703,85.07747715817888,84.17974717772836,84.95317543552143,11191000
2012-08-16,83.56510162353516,84.59403989893968,83.22672167056031,84.39377582531644,13240000
2012-08-17,83.97257995605469,84.3316761805173,83.77922288222949,83.8344692657753,6341100
2012-08-20,84.14520263671875,84.3799970813865,83.90350634704897,83.93803664639493,4427100
2012-08-21,84.51810455322266,84.55953669600763,83.32343210852991,83.88278711046213,9532700
2012-08-22,85.91305541992188,85.98211075467137,85.08437559717494,85.29844871547367,11384400
2012-08-23,86.27215576171875,86.41717356113593,86.07879869582919,86.14094692332873,7139100
2012-08-24,86.18928527832031,86.70720824301225,86.09260674639793,86.64506001616994,5001400
2012-08-27,86.69342041015625,86.87296855687751,86.50696514701869,86.55530442476064,3906100
2012-08-28,86.90055084228516,87.25964698844096,86.72790988279056,86.83840262578741,3412600
2012-08-29,86.5207748413086,86.75556410128583,86.2859803127455,86.74175513776369,3762700
2012-08-30,86.96961975097656,87.31490170295778,86.82460196337459,87.19750183515997,3886400
2012-08-31,88.19882202148438,88.19882202148438,86.82460133770559,86.85912637150423,9192600
2012-09-04,88.11026000976562,88.32479005654191,87.72272049821365,87.83344381015856,6009300
2012-09-05,87.69505310058594,88.02031179384554,87.5774079119097,87.76425584217014,3466700
2012-09-06,86.23479461669922,86.87146785928122,86.19327405560867,86.87146785928122,6505100
2012-09-07,85.83343505859375,87.32131716908046,85.75731048923197,87.29363502750994,7335300
2012-09-10,86.04103088378906,86.04103088378906,85.47356029722107,85.59812726889831,4912100
2012-09-11,85.50126647949219,85.88188407567536,85.32133518539285,85.82651978828648,3523300
2012-09-12,84.43553161621094,84.71234778614404,84.20715788002893,84.58085891746423,7040900
2012-09-13,84.10334014892578,85.18291726255819,83.23137117569958,84.69849298844842,12280200
2012-09-14,81.86808013916016,82.94073564363931,81.69507067587354,82.87845477117443,16871600
2012-09-17,82.85074615478516,82.97531313974876,82.21407280045032,82.26251522350127,5573300
2012-09-18,83.2659912109375,83.66737441813015,83.01685717059928,83.5358855413323,5366200
2012-09-19,83.81269073486328,83.9995386006938,83.46667186642766,83.97185645763948,5903300
2012-09-20,84.02030181884766,84.65005339628308,83.72272538911939,84.5254863959357,4604200
2012-09-21,84.1172103881836,84.17949126599886,83.50821364600624,83.56357794617333,4144300
2012-09-24,84.77458190917969,84.91298727791718,84.55313015130386,84.60157255834463,3627400
2012-09-25,85.61200714111328,85.63276743313814,84.51858600260967,84.98225540376204,5893500
2012-09-26,86.53240203857422,86.56700075863462,86.12409701516044,86.20022159105405,7193400
2012-09-27,85.91651153564453,86.3663372538079,85.65353373865308,86.19332776834742,5147700
2012-09-28,85.96498107910156,86.67085767916826,85.68124289918501,86.3317604591247,7173400
2012-10-01,86.2839584350586,86.3186350248592,85.56272875262493,85.97189029047215,4842600
2012-10-02,86.16604614257812,86.3532859269226,85.86090915530201,85.93026231852186,3540100
2012-10-03,86.19379425048828,86.20073062562678,85.72915764338482,85.89559361038081,3800900
2012-10-04,85.11885833740234,85.85396044758349,85.00096644957509,85.61817138102654,6214800
2012-10-05,84.01622772216797,84.38377619573828,83.85672285902632,84.3074919513101,8340700
2012-10-08,84.72360229492188,84.79295017966048,84.39073033181484,84.59184290118988,1568400
2012-10-09,84.57105255126953,84.7305574833972,84.17576370049862,84.23818051425488,4752700
2012-10-10,85.16739654541016,85.27142097087153,84.09249159138146,84.23118729806193,5429800
2012-10-11,85.75688171386719,85.75688171386719,84.52940279965637,84.57794683468202,5194100
2012-10-12,85.97183227539062,86.5335566729481,85.84006767215075,86.04118011729012,4934900
2012-10-15,85.77767181396484,86.08973980476216,85.59736315948753,85.84008329576345,3036100
2012-10-16,84.59182739257812,85.25757648764181,84.56408718558754,85.22983628065123,5398700
2012-10-17,83.80816650390625,84.0924996078792,83.61399037968208,84.0300828302914,6932500
2012-10-18,83.29500579833984,84.27975940016222,83.12856983669894,83.99543151948002,8558600
2012-10-19,84.42537689208984,84.4739209262739,83.41288325703457,83.45449091750578,7616700
2012-10-22,83.88441467285156,84.49468298531355,83.87054722318437,84.21035529448363,6910600
2012-10-23,85.08422088623047,85.11196109867366,84.61957894143771,84.67505936632409,5760600
2012-10-24,84.24510192871094,84.80682669822086,84.24510192871094,84.50862601878498,6824500
2012-10-25,83.81511688232422,84.28668981605331,83.44756840135514,83.60706797680417,5292500
2012-10-26,85.04954528808594,85.05648166400361,84.09946284173796,84.2173600687202,5889400
2012-10-31,85.54881286621094,85.7845966124941,85.04256351257095,85.07724008274283,5025600
2012-11-01,84.84840393066406,85.21595236604924,84.66116417164055,85.13966812954634,3659700
2012-11-02,84.78600311279297,84.82067440317455,84.0786410654443,84.10638127229166,3527800
2012-11-05,85.2645034790039,85.47255237599643,85.15354794727027,85.17435177878887,2935700
2012-11-06,84.4600601196289,85.20209343823869,84.45312374536994,84.98711345434063,4484600
2012-11-07,85.9926528930664,86.36020128872629,85.82621698182278,85.9579763198938,10071000
2012-11-08,87.26872253417969,87.28259528810288,85.5974154680006,85.84707212956431,8579500
2012-11-09,87.36576080322266,87.36576080322266,86.8109673963381,87.12303538089688,5036900
2012-11-12,87.51142120361328,87.64318057994089,87.2340244103964,87.26869570273367,2072200
2012-11-13,87.80271911621094,87.94835129802696,87.3727536573452,87.93448383395649,2863800
2012-11-14,87.88592529296875,87.92753296923054,87.10227878400559,87.1854994274341,4694600
2012-11-15,87.7125015258789,88.08698097462009,87.37962443811784,87.4489722882217,5549600
2012-11-16,87.63623809814453,88.20489906937304,87.5738213146093,87.62930172421771,4591100
2012-11-19,87.14386749267578,87.24788665437414,86.89421092279285,87.00516645890558,3621600
2012-11-20,86.27009582519531,87.15082517206935,86.25622307213301,87.01906576340784,4659300
2012-11-21,86.2215805053711,86.28399204223545,86.00659508850015,86.12449236519976,2422800
2012-11-23,86.1382827758789,86.30471868286999,86.06893492220779,86.20069954781437,987200
2012-11-26,86.5474624633789,87.046770290253,86.51278588373756,86.79711902226755,2799000
2012-11-27,86.88727569580078,86.95662356814996,86.47811425440463,86.64455549712689,2544400
2012-11-28,86.76242065429688,87.51832122434199,86.74854790956286,87.35882169621406,3569700
2012-11-29,86.77628326416016,86.99126846832148,86.45034785373147,86.58904354791808,2761000
2012-11-30,86.5405044555664,87.06062127474658,86.48502405837074,87.01901362230078,3702300
2012-12-03,86.62042999267578,86.71075902891945,85.89778179879372,85.96726608062045,5427800
2012-12-04,87.1207046508789,87.1415547029327,86.74548323356005,86.870557039333,2586300
2012-12-05,87.07902526855469,87.41950193999284,86.97479620141345,87.13461481120476,1978200
2012-12-06,87.26665496826172,87.60713702536327,87.21107071315149,87.45426839585839,2301200
2012-12-07,86.46060180664062,86.82887323075383,86.39806224899878,86.5092413286686,4020900
2012-12-10,86.84278869628906,86.91227298277327,86.53705147418509,86.82888865820549,2134300
2012-12-11,86.18272399902344,86.37728223294832,86.04375534659545,86.34254272049847,3777900
2012-12-12,85.18208312988281,86.39807668507,85.16818839325761,86.0437052373595,7119700
2012-12-13,85.2446517944336,85.59207864307389,84.86248014040409,84.97365927659921,6381500
2012-12-14,85.88391876220703,85.9603530955392,85.52259716025664,85.59903149358881,3832800
2012-12-17,84.5984115600586,85.8282998924615,84.57061678457966,85.81440515537771,6870000
2012-12-18,83.73677825927734,84.6192396766314,83.31291729386727,84.35519731347034,12024200
2012-12-19,84.0147476196289,84.52893777661046,83.88272374502486,84.05643713737248,4880500
2012-12-20,84.02861022949219,84.52195543896785,83.81320740176183,84.27875784293197,4567900
2012-12-21,84.9458236694336,85.07089748688885,84.73736553990467,84.98751317481519,6087700
2012-12-24,84.79301452636719,84.82775933941706,84.6818406669731,84.77216975906293,1071100
2012-12-26,85.0979995727539,85.10496489031466,84.82641063067125,84.92390382459935,2247800
2012-12-27,85.38348388671875,85.85702433864694,84.84030622688493,84.87512217434855,4262700
2012-12-28,85.87100982666016,85.89190047237253,85.50192758445596,85.75262595896864,3928200
2012-12-31,84.38766479492188,85.63419059836895,84.19964378358782,85.56455338354073,6423000
2013-01-02,83.25952911376953,83.49630203774942,83.15507594008066,83.39880886698691,7472700
2013-01-03,82.13143920898438,83.21083001931846,82.10358324244265,83.13422743957433,10004300
2013-01-04,82.4517593383789,82.47961529967849,81.72752028353386,81.93643733679005,9574600
2013-01-07,82.48653411865234,82.68152575038752,82.17316400821926,82.43082753684956,4193100
2013-01-08,83.02972412109375,83.07150538921185,82.74420462100896,82.89740968808087,4380900
2013-01-09,82.95320129394531,83.24568107776237,82.77910542553263,83.04372923284556,3870300
2013-01-10,82.7232894897461,83.07844610251338,82.42384475995752,82.61186572378867,5602800
2013-01-11,83.46145629882812,83.46842161269147,82.41688236439228,82.53526613518035,4770700
2013-01-14,83.23168182373047,83.76093431506878,83.12722863917281,83.59380390679664,3064600
2013-01-15,83.61469268798828,84.0534119923333,83.54505546216872,83.99074008298962,5357800
2013-01-16,83.78878021240234,84.03947845121206,83.57290323958591,84.00465718521878,4286100
2013-01-17,82.95320129394531,83.25264640013448,82.69553749602021,83.09944118585383,7019200
2013-01-18,83.59375762939453,83.71214138167603,83.18985449610557,83.26645699769406,4660000
2013-01-22,83.75395202636719,83.7748479720242,83.1341717963458,83.25256090315368,3874100
2013-01-23,83.62860107421875,83.96983244370514,83.53110791521655,83.80269676000535,2848800
2013-01-24,83.33614349365234,83.54506049668035,83.05062925669283,83.47542326666438,4178900
2013-01-25,82.1940689086914,82.59100693020169,82.01300787571034,82.4656578016732,8750700
2013-01-28,81.8946304321289,81.97819829530654,81.4768017422008,81.49072706290706,6059900
2013-01-29,81.44194030761719,82.22885602044153,81.38623373928401,81.90852067237171,5553900
2013-01-30,81.30271911621094,81.44895891560745,80.89185567690375,81.2470071984463,9586800
2013-01-31,81.69961547851562,81.71354079434956,81.16340315476936,81.49766386456548,6789200
2013-02-01,80.6388168334961,82.25103310956703,80.61787978961709,82.167284934051,10928600
2013-02-04,81.67176055908203,81.85322383736117,81.25300365325421,81.37165046702854,9291900
2013-02-05,80.9458999633789,81.25996624120214,80.86214647106122,81.14829491811189,6676500
2013-02-06,81.60889434814453,81.63681216633131,80.99471832237344,81.32274070531456,5892000
2013-02-07,81.42743682861328,82.06953071701598,81.39254354704906,81.49722871652145,5951700
2013-02-08,81.74153137207031,81.76944920006562,81.12037434232295,81.51819407288903,5603400
2013-02-11,81.67867279052734,81.92294700349075,81.60190013434192,81.69263435971295,3679900
2013-02-12,81.47628784179688,81.67170724863946,81.28086843495427,81.44139456187753,4513700
2013-02-13,80.81328582763672,81.1482891234218,80.64578417974418,80.82026661602681,6586400
2013-02-14,81.54610443115234,81.68569356745724,80.95286524500457,81.16224628707135,7096000
2013-02-15,81.30879211425781,81.47629371437029,81.00868219646722,81.42046339751937,5861800
2013-02-19,80.90399169921875,81.58796499724286,80.84815605758824,81.5600471764276,7383600
2013-02-20,81.14823913574219,81.21803632708496,80.65969074501137,80.74344417975585,9603900
2013-02-21,81.62284088134766,81.8740958903488,81.47627634689344,81.58794760635116,8297400
2013-02-22,81.67867279052734,81.895029189898,81.57398232074918,81.64377951712028,5316900
2013-02-25,83.28396606445312,83.2979223178428,81.16225878883321,81.20413287378418,15948700
2013-02-26,82.80236053466797,83.52122711181201,82.76746192761483,82.86517696240766,9822100
2013-02-27,82.55811309814453,83.43052531028388,82.35571282595441,83.39562669188568,7459600
2013-02-28,82.71161651611328,82.8163069933868,82.34171477788853,82.65578088493022,6023400
2013-03-01,83.16206359863281,83.37888476223543,82.91026886970603,83.12009425300045,7786800
2013-03-04,82.72138977050781,83.21099282412574,82.71439932898413,83.08509550590568,4511400
2013-03-05,82.48363494873047,82.67247836844082,82.30877775646539,82.58155454950148,6539300
2013-03-06,81.73524475097656,82.18287872736006,81.72824896928428,81.91010193975818,6514900
2013-03-07,81.10569763183594,81.49038529624305,81.07072942175327,81.42044353986374,8526700
2013-03-08,80.25940704345703,80.68605878448503,80.16848327459773,80.34334037055298,15423600
2013-03-11,80.3364028930664,80.59519350392311,80.25246950505962,80.51825589897163,5815800
2013-03-12,80.9168701171875,80.98681188719024,80.59513370620289,80.60911992571744,9264200
2013-03-13,80.83296203613281,80.95186361589275,80.45526995670424,80.6021493204459,7371500
2013-03-14,80.5881576538086,80.88191636145208,80.42029629747178,80.49722852795492,9352100
2013-03-15,80.96586608886719,81.04979411590789,80.64412953403728,80.66511154079745,9673400
2013-03-18,81.58136749267578,81.74922889548866,81.23864890553597,81.71426066035394,9152200
2013-03-19,82.13388061523438,82.45561705216709,81.62329551422708,81.6792510692281,11986200
2013-03-20,81.21764373779297,81.82614315055615,81.18966595593247,81.63030401374886,8543900
2013-03-21,82.00101470947266,82.00801049022245,81.50442100058156,81.73523373936983,6119400
2013-03-22,82.0639419555664,82.1828435122967,81.67225839190245,82.0429599556982,6323800
2013-03-25,81.98702239990234,82.3787007133488,81.60233453046972,81.67227632412562,5839800
2013-03-26,82.0849380493164,82.46962590033618,81.67926819482585,81.74221954145479,5093200
2013-03-27,82.78438568115234,83.07114868829142,82.65848829513041,82.74242166455096,7742900
2013-03-28,82.3647232055664,82.84732536821647,82.30876763023332,82.61651795834791,5826400
2013-04-01,82.98504638671875,83.00607392370945,82.35419353801345,82.37522107500415,6113800
2013-04-02,82.64862060546875,82.80983533734788,82.5364665765107,82.76076928662835,5438000
2013-04-03,83.39160919189453,83.6159118666739,82.88692683669159,82.92898191702596,9527400
2013-04-04,84.386962890625,84.4009848177483,83.74209328570907,83.82620345725567,9365700
2013-04-05,86.09027099609375,86.5178488985806,85.95708941564084,86.13232608558467,18626200
2013-04-08,85.43136596679688,86.1253069210273,85.36127237940536,85.98511439844634,8020300
2013-04-09,85.22110748291016,85.68372955887001,85.08091492368041,85.53653138252828,7176100
2013-04-10,84.05049133300781,84.5762011701736,84.0434803711291,84.52712978481966,10765200
2013-04-11,84.21172332763672,84.45705356583814,84.03648667923598,84.23275086979712,7501800
2013-04-12,85.4664077758789,85.4734187383292,84.7444337296252,85.04584094141822,9253000
2013-04-15,86.20940399169922,86.23744249195641,85.42434737568647,85.6065896056625,12948400
2013-04-16,85.50145721435547,85.87996362179688,85.43135828546879,85.45939678746397,6553500
2013-04-17,86.06924438476562,86.58794343604099,85.72578200533454,85.72578200533454,9020900
2013-04-18,86.27947998046875,86.37060642467786,85.93601778097755,86.08321586647378,7009500
2013-04-19,86.09727478027344,86.20241784303118,85.95708224733033,86.17437933644257,5474300
2013-04-22,86.1603012084961,86.41965321442161,85.98506466746947,86.10422423189681,4519400
2013-04-23,85.85892486572266,86.77015734423263,85.7818203322581,86.39865659997443,8042900
2013-04-24,86.07625579833984,86.09027237912906,85.72578245282185,85.84494210682624,3673600
2013-04-25,85.70472717285156,85.77482610188358,85.58556754997308,85.69071059572363,4297800
2013-04-26,86.48974609375,86.57386155799972,86.22338847865142,86.35656461230332,4898800
2013-04-29,86.17432403564453,86.72807215286582,86.04815351086253,86.62292915758167,4916000
2013-04-30,86.22341918945312,86.70006296104816,85.98509462975726,86.39865579154252,4477400
2013-05-01,87.10924530029297,87.28485461365423,86.7018304070938,86.72290266722979,10724600
2013-05-02,86.9968032836914,87.08109763545986,86.75797732576596,86.81416820111038,4171800
2013-05-03,84.94567108154297,85.83074283178007,84.87542848276756,85.80967058806412,11283600
2013-05-06,84.73495483398438,85.17046760796055,84.5172011265802,85.100224995169,5121900
2013-05-07,84.40483093261719,84.64365693580261,84.32756243531158,84.42590318476074,5049200
2013-05-08,84.53826141357422,84.87543341010375,84.41182258477153,84.48206518762478,5732900
2013-05-09,84.32051849365234,85.21963678687449,84.27837399839747,84.65066466426279,7527000
2013-05-10,83.41442108154297,84.14495644401023,82.7822265025645,84.12388418457274,11689000
2013-05-13,82.7751693725586,83.02102659761198,82.6276582530278,82.80326749425522,8050800
2013-05-14,81.87604522705078,83.19663005920862,81.86199884676263,83.133407949991,9236100
2013-05-15,82.4239501953125,82.6908796695961,81.77770947924354,82.5574149324543,14608600
2013-05-16,83.2809066772461,83.54783609554981,82.83837341519121,82.86647153075832,8458400
2013-05-17,82.2273178100586,82.99297733937235,82.17112689275075,82.852486648173,7435500
2013-05-20,82.12892150878906,82.65574918665634,82.03760664059264,82.62765106740324,5839800
2013-05-21,82.7751693725586,82.79624698320762,81.7777101685873,82.1359545212585,7781800
2013-05-22,81.54592895507812,83.27392911914183,81.34222689069347,82.9016329152287,18361500
2013-05-23,81.93224334716797,82.35370443467534,81.32112128682279,82.29048768317504,9207100
2013-05-24,82.04462432861328,82.48013173568656,81.98140222680628,82.17106317305952,5357600
2013-05-28,79.9654312133789,81.67235345953983,79.95138483041102,81.54591457615126,13567500
2013-05-29,80.86453247070312,80.90667696696192,80.4009215751847,80.51331404409869,11298600
2013-05-30,80.6678695678711,81.04016571215743,80.45011579374678,80.95587133547892,10011800
2013-05-31,80.3938980102539,80.79428681369177,79.49477966984382,80.75916818552552,18158800
2013-06-03,80.81993103027344,81.31986200822173,80.05947037138944,80.11580198436121,15564500
2013-06-04,80.07355499267578,80.61573198775946,80.0313089694968,80.2425444574699,7504300
2013-06-05,81.17902374267578,81.20014675072031,80.36223161777187,80.47489482344578,8056100
2013-06-06,81.12973022460938,82.23521234875746,80.55938755219934,80.89032361248563,8925200
2013-06-07,79.6792221069336,80.8551159803457,79.6792221069336,80.42559695821225,10459300
2013-06-10,79.29900360107422,79.6510680730469,79.13000878663152,79.35532983381094,7892600
2013-06-11,80.24251556396484,80.24251556396484,78.94692118026022,79.0525362001781,12841200
2013-06-12,79.09477996826172,80.15097304240437,79.05252859228447,79.56654491874725,10193200
2013-06-13,80.33401489257812,80.39034645970648,79.4890628739486,79.61580621395042,12506300
2013-06-14,80.14395904541016,80.73543017291486,80.14395904541016,80.34111429721915,6679100
2013-06-17,79.72144317626953,80.32699421893426,79.5665340204146,80.28474284874426,5982100
2013-06-18,79.76375579833984,80.04540855586971,79.36944516104576,79.46098002410916,5192700
2013-06-19,78.93986511230469,80.1228014851278,78.59484357041993,80.08759290302562,17138200
2013-06-20,77.6443099975586,78.30619304082427,76.94722372412507,77.98229431405639,27898500
2013-06-21,76.32756042480469,77.74286076933919,76.30643742104803,77.55978578332112,19781000
2013-06-24,76.64437103271484,77.02460099236454,75.87687369769695,75.92616246809193,24588900
2013-06-25,75.96145629882812,76.76416315850713,75.94737607851775,76.67967109248586,11078000
2013-06-26,76.454345703125,76.7852872688144,76.07411531097627,76.75007866188095,13582200
2013-06-27,77.23588562011719,77.43304081393804,76.71482646836077,77.13026523140569,12026000
2013-06-28,77.76399230957031,77.79215810836314,76.55288982186282,76.7570878340532,12017000
2013-07-01,77.920654296875,77.9841682294913,77.22902763033586,77.44075150778059,5500400
2013-07-02,77.87125396728516,78.19589870927439,77.80068113029884,77.98417481395312,5333900
2013-07-03,77.6383285522461,78.09000096313497,77.6383285522461,77.85004696614783,3839000
2013-07-05,74.9917984008789,75.86691291196378,74.92827911578352,75.71164953101858,14511900
2013-07-08,75.71873474121094,75.90928189400162,75.4787806915312,75.56347130630542,8044200
2013-07-09,75.79639434814453,75.95165784017968,75.56349911009183,75.85990829432454,4700400
2013-07-10,75.20355987548828,75.78932464490059,75.02007157865923,75.78932464490059,10792200
2013-07-11,76.08578491210938,76.12813294967802,75.47179490320563,75.83171822416097,10035500
2013-07-12,76.02228546142578,76.55159026508291,75.75410091491135,76.45984065312085,4730800
2013-07-15,76.42449951171875,76.44567082646935,76.00811057895967,76.07868880727884,4574800
2013-07-16,76.68563079833984,76.75620364767173,76.41038753252796,76.52330839894958,3650200
2013-07-17,76.82675170898438,77.1796212261543,76.68560605586102,77.05964688256329,5932000
2013-07-18,75.86695861816406,76.69267213134268,75.85284620428479,76.65032950534247,9066400
2013-07-19,77.06669616699219,77.07375506456944,76.39624627490609,76.43858889164717,8523800
2013-07-22,77.17961883544922,77.41251400181402,77.01729649346007,77.17961883544922,3972600
2013-07-23,76.85498046875,76.92555329398229,76.44565054429675,76.69265812479046,5015500
2013-07-24,75.88109588623047,76.14222139560678,75.36590915327494,75.9728454517659,8853100
2013-07-25,75.85287475585938,75.93756003973596,75.38002525530256,75.49294614629058,6443400
2013-07-26,76.31863403320312,76.41743708705697,75.96576444533576,76.24806119250216,6795500
2013-07-29,75.7610855102539,76.0927837233675,75.56347943887431,75.97280937779584,6397800
2013-07-30,75.73285675048828,76.05044255787418,75.54936847176225,76.01515345115517,3635400
2013-07-31,76.00811004638672,76.16337353262041,74.70249359707317,74.85069818365184,10483100
2013-08-01,74.54354858398438,75.34303609985342,74.2888435457104,75.34303609985342,13568600
2013-08-02,75.36428833007812,75.4279673120073,74.98223603008803,75.00346055809902,9568400
2013-08-05,74.78412628173828,75.17326061348419,74.67092700207338,75.13081155834686,6611800
2013-08-06,75.0034408569336,75.0034408569336,74.52940313165361,74.66383230427425,4589000
2013-08-07,75.56239318847656,75.66144458009155,75.1166565283131,75.1166565283131,7183400
2013-08-08,75.76754760742188,76.12838066800772,75.55529699370254,75.68972616091767,5510900
2013-08-09,75.88785552978516,75.89492677419828,75.33599618335786,75.4208942994873,3623400
2013-08-12,75.37133026123047,76.149593184631,75.3288812247576,76.13544530510462,7562800
2013-08-13,74.28179931640625,74.54358110826597,74.14737549714562,74.52235657879832,11485600
2013-08-14,74.39497375488281,74.54355079864108,74.19687102987179,74.24639671112455,6431600
2013-08-15,73.39032745361328,74.02708484907929,73.36202628525321,73.65210381462613,11846300
2013-08-16,73.13567352294922,73.56018054966533,72.640410826864,73.55310390314848,10175900
2013-08-19,72.49884033203125,72.88089790681009,72.3148854853834,72.82429558508852,9022000
2013-08-20,73.05776977539062,73.12851997245716,72.76768695015559,72.795988108561,10050100
2013-08-21,72.2582778930664,73.0153163477161,72.24413001261523,72.71108563802169,13248800
2013-08-22,72.99412536621094,73.03657982285895,72.3361379660808,72.4917917120315,8751200
2013-08-23,73.7864990234375,73.85724921279704,72.6898521957374,72.88088364469098,17441200
2013-08-26,74.15444946289062,74.21105180881251,73.81484618315292,73.97757118030734,5879100
2013-08-27,75.08834075927734,75.17324424896542,74.31715430338342,74.4940325251457,11573300
2013-08-28,74.47989654541016,74.69215261998751,74.2464213408505,74.57895333867015,7497900
2013-08-29,75.0741958618164,75.21569628569478,74.14027902969168,74.20395260106841,6672400
2013-08-30,74.98925018310547,75.47743554727607,74.81237205381375,75.01047469495772,8987600
2013-09-03,73.9316177368164,74.2508367156161,73.42795835961526,74.19408499116298,12084300
2013-09-04,73.76847076416016,74.23666445444502,73.74009489697835,74.094785118536,4579600
2013-09-05,72.73983001708984,73.4917711282876,72.73273470128414,73.39955367137435,12290600
2013-09-06,73.10165405273438,73.64787459185398,72.93139885610694,73.24352797111418,9478400
2013-09-09,73.1370849609375,73.64074416687141,73.122899740719,73.63365426283242,6874900
2013-09-10,72.62633514404297,73.3073394136007,72.61214992290547,72.87462251714639,8069000
2013-09-11,73.27188110351562,73.28606632609521,72.49156397024574,73.00940848259171,8962400
2013-09-12,73.17253875732422,73.77551059805354,73.10869175114813,73.6691025291862,6254400
2013-09-13,73.45636749267578,73.65499320608355,73.22936590418908,73.42799161759685,6106200
2013-09-16,72.96685791015625,74.0663995372884,72.95976259177402,74.00964781451492,8231600
2013-09-17,73.56982421875,73.59110476005876,73.04488435528098,73.32863753439511,8795300
2013-09-18,74.47787475585938,74.87513160986695,73.05202351111188,73.51311661521169,19749200
2013-09-19,74.03797912597656,74.54872808718504,73.88901000244006,74.52035765501144,11627800
2013-09-20,74.42815399169922,74.61259432120029,74.09474450026508,74.26499961002314,8421000
2013-09-23,74.97438049316406,75.00275634510413,74.56293875824373,74.6338756820237,10242100
2013-09-24,75.7830810546875,75.79017095928984,75.08079082491022,75.18719892749534,11446600
2013-09-25,75.93920135498047,76.10235587498482,75.47100752440471,75.5774157051851,8130900
2013-09-26,75.40711975097656,75.63412120549333,75.32908749359815,75.53480840740109,5117100
2013-09-27,75.59158325195312,75.77602369467878,75.37167703202799,75.40005290107376,6460000
2013-09-30,75.47806549072266,75.83275564301726,75.32200095777027,75.66250588531567,8438800
2013-10-01,75.2490234375,75.41260522760302,75.05698603446987,75.32014619086297,7592500
2013-10-02,75.36283874511719,75.73268584280358,75.2205932006653,75.34150245608137,5967200
2013-10-03,75.24190521240234,75.68287494003289,75.17789093962985,75.21345502742767,6648900
2013-10-04,75.18498229980469,75.23476875200345,74.92893613812066,75.15653212336021,5545300
2013-10-07,75.49085998535156,75.64733333606016,75.37706463794866,75.53353256233771,5761100
2013-10-08,75.51221466064453,75.75403865052775,75.2703960970822,75.37708299184477,5904000
2013-10-09,74.90766906738281,75.34863907019718,74.89344667917908,75.29885257200212,8439000
2013-10-10,75.02857208251953,75.05702228286825,74.331561166099,74.53782104888654,9944100
2013-10-11,75.00718688964844,75.55484339326782,74.97162823213483,75.5050569316949,6500800
2013-10-14,74.40264892578125,75.13522360432901,74.20350304341702,74.95741400560117,4205600
2013-10-15,74.35284423828125,74.89338680534671,74.34573033670596,74.78669998698528,8291000
2013-10-16,75.2845687866211,75.29168268859475,74.1608110327454,74.30306194063192,14460200
2013-10-17,75.96739959716797,76.18788727183701,75.59755788126172,75.76113973444936,11303400
2013-10-18,76.1309585571289,76.44390518778309,76.08828598979181,76.18074502779494,9487800
2013-10-21,75.88912963867188,76.04560294360276,75.71843395434637,76.03849446706442,6161600
2013-10-22,76.73551940917969,76.89910664766333,76.50080940774102,76.52925959818683,9708500
2013-10-23,77.03426361083984,77.33298799563072,76.84223154505784,76.86356783833132,9163100
2013-10-24,76.73551940917969,77.29028455707545,76.72129702711628,77.24761198456623,7631400
2013-10-25,77.02002716064453,77.13382251276487,76.87066770868174,76.90622638220444,4429500
2013-10-28,76.75684356689453,77.08401256584604,76.74973509014555,76.82085784186229,6466400
2013-10-29,76.85643005371094,76.86354395803217,76.46525213714838,76.5434888057247,5270500
2013-10-30,76.39412689208984,76.9631144139725,76.25187594187999,76.76396850999762,10199300
2013-10-31,76.55772399902344,76.82088423975483,76.20210469192045,76.74976146359823,11452100
2013-11-01,75.72907257080078,76.30671983030399,75.69341304873402,76.28532629341561,11349500
2013-11-04,75.80036163330078,76.07135541428339,75.75044158309669,75.92872825395095,4733200
2013-11-05,74.89468383789062,75.47233651738573,74.8732903017758,75.44380998893963,8753400
2013-11-06,74.93036651611328,74.98028659610215,74.65937257344244,74.8376593506713,5643000
2013-11-07,75.56504821777344,75.62923427087327,74.85903427895113,74.91608733928891,7893700
2013-11-08,73.74647521972656,74.24567554628396,73.73220924418179,74.14583548097248,16889900
2013-11-11,73.46833038330078,73.8676960162665,73.4255433458266,73.83203652445499,4927200
2013-11-12,73.8106460571289,73.87482661599347,73.5824394463747,73.60383296599623,4839500
2013-11-13,74.08159637451172,74.1957023335821,73.98175638076093,74.07446883272353,5782900
2013-11-14,74.53807067871094,74.96596293653634,74.27420995271149,74.38831056482248,8895500
2013-11-15,74.68785858154297,74.69498613133031,74.38833282326601,74.6379385286431,6344800
2013-11-18,75.13719177246094,75.17285130992649,74.63085789756295,74.63085789756295,5451300
2013-11-19,74.56661224365234,74.98023860790917,74.45964459848004,74.84473900285468,7251100
2013-11-20,73.2972412109375,74.76632215800404,73.20453406797482,74.46680175069754,14190900
2013-11-21,73.4184799194336,73.58963911324375,72.8550985893342,73.10469894587438,8903000
2013-11-22,74.10302734375,74.25991494395836,73.79637424732748,73.80350179219562,7950700
2013-11-25,74.31703186035156,74.46679204448465,74.05316556971025,74.05316556971025,3755500
2013-11-26,74.59513092041016,74.83047059680212,74.50955681326879,74.51668436161283,6659200
2013-11-27,74.46678924560547,74.66646948361115,74.13874236304208,74.65220894127292,6063000
2013-11-29,74.48815155029297,74.59512461605553,74.13157829166855,74.22429082107162,5084400
2013-12-02,73.90877532958984,74.32363281785602,73.83009527295069,74.24495276121687,7527800
2013-12-03,74.18062591552734,74.35944335495067,74.001808476104,74.17347168996936,5076900
2013-12-04,73.47245025634766,73.70849039291828,73.2292559000738,73.49390745838667,8502700
2013-12-05,73.26505279541016,73.56546466624951,73.11484685999048,73.30081845211282,7445700
2013-12-06,73.61553192138672,73.66560056558123,73.21498276783072,73.35803447779416,7352000
2013-12-09,73.78724670410156,73.83731537963325,73.55120632356228,73.60127499909399,5678800
2013-12-10,74.31645965576172,74.35221983607421,73.99458529052875,74.2735397994886,7040400
2013-12-11,73.74430847167969,74.22353788368173,73.68708558327124,74.06618312617098,8190900
2013-12-12,73.46539306640625,73.78726789332134,73.4081701473443,73.69427928557617,6208600
2013-12-13,73.82295989990234,73.8873369886211,73.52254803807581,73.77289125626459,6471300
2013-12-16,73.55119323730469,74.16632568843593,73.47966735028194,74.08764557558831,6376400
2013-12-17,73.88018035888672,73.95886043305002,73.37948848175002,73.39379692636481,6014400
2013-12-18,73.50822448730469,74.18773360512073,73.28649274777015,73.55114435665493,12973200
2013-12-19,73.43668365478516,73.67987800787948,73.27932356579542,73.57258654201642,6708400
2013-12-20,74.56682586669922,74.59543729406263,73.88732220230142,74.1877340040096,12425700
2013-12-23,74.14482116699219,74.68127316304368,74.14482116699219,74.4237757683732,6378600
2013-12-24,73.55119323730469,73.92313112406816,73.5297360169054,73.83730224247103,4897000
2013-12-26,73.26769256591797,73.45427196717668,73.20311054716015,73.44709436234525,4645300
2013-12-27,73.05960083007812,73.4184044966239,72.9734914540492,73.24618026965658,4755000
2013-12-30,73.56192779541016,73.61216008873815,73.25335642927841,73.30358872260639,4491700
2013-12-31,73.09547424316406,73.59062499302972,72.60032349329842,73.40404557679054,7218600
2014-01-02,73.31794738769531,73.47582189306692,72.97349889862092,72.99502624482432,8580800
2014-01-03,73.31794738769531,73.51887658547372,73.02373119806552,73.0596082834345,4083800
2014-01-06,73.62649536132812,73.91353932748449,73.46144877635132,73.46862090619672,7796200
2014-01-07,73.81307220458984,73.90635916352433,73.59778786870031,73.78436726147737,4428100
2014-01-08,73.6121597290039,73.69109697169205,73.26770580864576,73.51886727405831,8513000
2014-01-09,74.042724609375,74.06425195331303,73.56192901172743,73.89202772689931,6991100
2014-01-10,74.9253921508789,75.01867914301809,74.40871394076339,74.46611837251287,13197400
2014-01-13,75.29854583740234,75.44924273668747,74.9684470854097,74.9971520388321,9667400
2014-01-14,74.9540786743164,75.22677294636188,74.91102398921831,75.09760341615852,10343100
2014-01-15,74.8751449584961,74.9971423635301,74.58092880496548,74.65986604796599,7507500
2014-01-16,75.3774185180664,75.39894584596419,75.14778456231448,75.24107147483998,7137700
2014-01-17,75.6932144165039,75.72191388831021,75.19806366675907,75.24829595478327,7588600
2014-01-21,75.7506332397461,75.87980278707244,75.63581890596147,75.67169598999611,6436000
2014-01-22,75.56401062011719,75.88693154310405,75.520950482121,75.6142428853575,4646700
2014-01-23,76.6333236694336,76.84860268529856,75.98029806234553,75.98029806234553,12960600
2014-01-24,77.12848663330078,77.1356587691663,76.77685487902701,76.92037972003045,11122200
2014-01-27,76.59024047851562,77.21455541475419,76.56870765751603,76.94186657276919,9218200
2014-01-28,76.77680969238281,76.77680969238281,76.46106617783042,76.71940526467944,5661500
2014-01-29,77.40830993652344,77.60923912663924,76.77681193911968,77.04950624705668,11709400
2014-01-30,77.18584442138672,77.26478166747793,76.86292330549325,77.12126238817186,5956900
2014-01-31,77.7025375366211,77.79583001353802,77.39396609932562,77.64512762388924,14690900
2014-02-03,78.64933776855469,78.663724182195,77.41909356846276,77.54859324683574,20780300
2014-02-04,77.81476593017578,78.18167700480083,77.67807034027568,78.07375972271659,9573500
2014-02-05,77.09532165527344,77.54137168654243,76.98740437745325,77.47662461319076,10312200
2014-02-06,76.76436614990234,76.99458709126993,76.6348665273268,76.95861832821575,5708700
2014-02-07,76.82915496826172,77.13851501882378,76.57735155243279,76.59173796666468,7039200
2014-02-10,77.04493713378906,77.066524975327,76.67083021395665,76.69960851377445,4370500
2014-02-11,76.598876953125,76.75715483648149,76.37585202052198,76.69959824455209,5904900
2014-02-12,76.20320892333984,76.41184752545388,75.9873798613913,76.38306921941394,6723300
2014-02-13,76.6348648071289,76.78595227082579,76.47659237322279,76.68522546539451,6874600
2014-02-14,76.67801666259766,76.72118136252756,76.45498623886266,76.67082071630975,4989100
2014-02-18,76.85073852539062,77.12412431125676,76.7068524252301,76.73563074304279,4855800
2014-02-19,76.52699279785156,77.10973864472777,76.47663211341661,77.10973864472777,5522500
2014-02-20,76.33987426757812,76.71398112011715,76.03771040719295,76.49095619777073,5103200
2014-02-21,76.7427749633789,76.74997091072177,76.22477653268366,76.22477653268366,5250700
2014-02-24,76.5485610961914,76.79316852166379,76.38308716979981,76.76439020886082,3816700
2014-02-25,77.23193359375,77.23912953536274,76.90099163520175,76.91538351842722,6225400
2014-02-26,77.64205932617188,77.64205932617188,77.15283930270948,77.20319994532039,7203900
2014-02-27,78.06655883789062,78.10252760118166,77.77158533884278,77.90108496227107,5394700
2014-02-28,78.1097183227539,78.23202198978004,77.54135920734441,77.90107974958588,8462600
2014-03-03,78.63114929199219,78.73932862343734,78.34988633157238,78.52296996054702,11089400
2014-03-04,77.44837951660156,78.14071934202664,77.42674475678012,78.14071934202664,8068100
2014-03-05,77.61428833007812,77.72967559915337,77.31138505651649,77.41235098029364,4798500
2014-03-06,76.84981536865234,77.14550518148526,76.82096717943234,76.99405631475237,7418200
2014-03-07,76.36659240722656,76.56852415504349,76.15744723920832,76.1862954177861,8270300
2014-03-10,76.47479248046875,76.52527543113982,76.28728201987809,76.4026747655428,3744300
2014-03-11,76.67669677734375,76.69111811426407,76.28725465377127,76.4314955341094,3815700
2014-03-12,77.21038055419922,77.35462144626034,77.00844880754109,77.10941468087015,6430500
2014-03-13,78.2489242553711,78.2705590222739,76.91472710814479,76.95078321890627,11815500
2014-03-14,78.2633285522461,78.59507991326059,78.11909313615769,78.58786649178765,9232800
2014-03-17,77.67913818359375,78.10464185171345,77.65029001099019,78.01809733390274,7381900
2014-03-18,77.96043395996094,77.99649556652327,77.5998399032523,77.65753627286055,4819500
2014-03-19,77.35464477539062,77.8739011389566,77.03010679704735,77.83062610717337,11557600
2014-03-20,77.21759033203125,77.62145380629742,77.15989397792832,77.2320116694434,5224400
2014-03-21,78.0541763305664,78.11908060672774,77.4339542368518,77.46280241588825,8986200
2014-03-24,78.60951232910156,78.67441662481704,77.85226253237909,77.92438575281301,7536400
2014-03-25,78.31379699707031,78.47967264686308,78.01089937803386,78.1839884479639,5032000
2014-03-26,78.92681884765625,78.95566702878871,78.23447900716094,78.28496194858576,7147200
2014-03-27,79.32347106933594,79.61194738611016,78.91239410615678,79.07105635549402,9772200
2014-03-28,78.87640380859375,79.25141948169978,78.62398338194039,79.22978470278268,6027000
2014-03-31,78.68164825439453,80.10239019092955,78.13354356519366,78.42202000699572,7488400
2014-04-01,78.00916290283203,78.34899423101608,77.97300852121853,78.2766909841732,9067300
2014-04-02,77.5609130859375,77.76337000220164,77.48860980260805,77.64768033576499,6887200
2014-04-03,77.90071868896484,78.04533072393707,77.68380891108413,77.74164820868793,4937400
2014-04-04,78.42134094238281,78.58764346703924,77.98028372088879,77.99474768810441,8977500
2014-04-07,78.89131164550781,79.02145975376986,78.52255775270089,78.5370217182781,7562500
2014-04-08,79.079345703125,79.15164901944776,78.60936587244292,78.8335078079603,4213800
2014-04-09,78.6888656616211,79.06484604664642,78.55148556113735,78.72501454527311,5771500
2014-04-10,79.41913604736328,79.69389624850085,78.73947856058292,78.75393701077529,12706400
2014-04-11,80.06266021728516,80.10604108969491,79.62882942763711,79.92528009947077,10267000
2014-04-14,79.85295867919922,80.0409460945581,79.75173298896401,79.8818810930359,4142600
2014-04-15,80.35185241699219,80.62661258090957,79.78787915730987,79.97587208266604,7752000
2014-04-16,80.45304870605469,80.45304870605469,79.8095404252606,79.8456948072134,5523000
2014-04-17,79.57095336914062,80.58321003397549,79.3178836865468,80.52537073626,8622500
2014-04-21,79.50588989257812,79.98310141427025,79.41912265689245,79.80234047721463,4316300
2014-04-22,79.77339935302734,79.88908345708641,79.2528070937997,79.28896147928458,5748700
2014-04-23,80.22894287109375,80.29401968444155,79.91803380293274,79.96864665047585,5748600
2014-04-24,80.38077545166016,80.40969786473762,79.86018304903811,79.86018304903811,6337800
2014-04-25,80.49649810791016,80.97370432837964,80.48926612257908,80.61218229126486,5976500
2014-04-28,80.10604858398438,80.46033861338061,79.93251956172331,80.33742245246185,7606000
2014-04-29,79.99758911132812,80.06266594098274,79.56376380705346,79.6577575427901,5235200
2014-04-30,80.33023071289062,80.4459204632838,79.80963786890317,80.0554758302932,7721400
2014-05-01,81.1919174194336,81.23540908533147,80.3366550537507,80.3656476544249,11556500
2014-05-02,81.69206237792969,81.97473343396116,80.67009906684096,80.84404920983525,12702100
2014-05-05,81.1991958618164,81.76453795181212,81.0977244882159,81.72830133539773,8043000
2014-05-06,81.52535247802734,81.68480353189534,81.2064393107419,81.25717499373961,6522600
2014-05-07,81.23542022705078,81.59056995691674,81.13394887566051,81.40212079157455,8199200
2014-05-08,80.88755798339844,81.72832738091401,80.78608657746061,81.42390763332365,10878800
2014-05-09,80.62659454345703,81.03972952338367,80.43815088929715,80.83678680058104,6000600
2014-05-12,80.30045318603516,80.54688210370459,80.11925350076919,80.45990979383328,4563800
2014-05-13,80.99622344970703,80.99622344970703,80.69180944039731,80.77153770899363,5501000
2014-05-14,81.87328338623047,82.06898218663642,81.58336271919224,81.63409842119067,8851400
2014-05-15,82.52555847167969,82.9241998625468,82.33710931147216,82.46757326395833,12627900
2014-05-16,82.29364013671875,82.62704685519303,82.20666230720484,82.34437582149147,5019200
2014-05-19,81.68476867675781,82.59801611080587,81.62678901362533,82.57627304590964,7403300
2014-05-20,81.86602020263672,82.25016820205049,81.60509219877403,81.61234173493017,6549800
2014-05-21,81.36590576171875,81.46737714001972,81.08323470362672,81.33691314937913,8224600
2014-05-22,81.24994659423828,81.46738845209039,81.02526072962695,81.36591705969971,6495700
2014-05-23,81.68476867675781,81.83698119057611,81.50356909625944,81.5543047576081,3835000
2014-05-27,82.16316986083984,82.192162468456,81.46736386737574,81.79352102595206,6658300
2014-05-28,83.17788696289062,83.23586664692267,82.69226770948005,82.69951724364944,10361000
2014-05-29,82.73577117919922,83.48956247681669,82.72127210879351,83.2576271183017,10692000
2014-05-30,82.69954681396484,82.91698867860084,82.48935448609039,82.5980754184084,6518900
2014-06-02,82.08477783203125,82.60798198145773,81.7868455238675,82.14291285842559,11728200
2014-06-03,81.07467651367188,81.77954821217041,81.03107803139255,81.6850829858788,12694100
2014-06-04,81.05286407470703,81.25633101762575,80.85665984827942,81.21273254244556,7882000
2014-06-05,81.08924865722656,81.36538730266606,80.67504623312944,80.75498052059223,6915600
2014-06-06,81.08924865722656,81.68512445251721,81.01658263518642,81.48165182911787,7832800
2014-06-09,80.97296142578125,81.12556169249473,80.80582463229854,80.98749240848991,5162800
2014-06-10,80.6750259399414,80.85669372137568,80.53696219601265,80.68956246713014,5986000
2014-06-11,80.8203353881836,81.05286984579872,80.55146516929223,80.84940288839283,5569700
2014-06-12,81.53974914550781,81.64148263811629,80.66047793421478,80.87848144355269,9775900
2014-06-13,81.49616241455078,81.83769870787503,81.04562435083744,81.07469185921188,5412500
2014-06-16,81.69963836669922,81.84497038040978,81.45983555442193,81.53976982518103,5184600
2014-06-17,81.05286407470703,81.45252969999497,81.00926559952684,81.43799872295438,6668800
2014-06-18,81.6778335571289,81.93943559924267,81.06742694417662,81.24183200162616,11256500
2014-06-19,80.63141632080078,81.79408885273988,80.47154780814792,81.75775862790238,14215500
2014-06-20,81.24180603027344,81.24180603027344,80.5878011340611,80.63866787354101,7319100
2014-06-23,80.98750305175781,81.51797546733724,80.95844108252119,81.44530945612313,5821700
2014-06-24,81.80865478515625,81.85952155346148,81.25638305494113,81.49618591012081,9698300
2014-06-25,82.0193862915039,82.37545365300437,81.88858524425004,82.18651757495728,5699300
2014-06-26,82.41178894042969,82.69519028377469,82.2664513643158,82.2664513643158,6628900
2014-06-27,82.2882080078125,82.70967844422276,82.23734126852565,82.60794496564908,7216500
2014-06-30,82.4917221069336,82.69519472441928,82.17925323158657,82.52078962371726,5593100
2014-07-01,81.80104064941406,82.1361707190323,81.74275570903927,81.9613214562658,8019200
2014-07-02,80.92679595947266,81.35663492657972,80.84665554893434,81.32749245380593,9382500
2014-07-03,80.63538360595703,80.76652196534462,80.387675345621,80.41681782085811,6173900
2014-07-07,81.22553253173828,81.4586668587642,81.03611471240278,81.06525163971531,5928900
2014-07-08,82.13614654541016,82.22357393024144,81.77187411281415,81.77187411281415,6352100
2014-07-09,82.2017593383789,82.42760658018932,81.87391065104616,82.07790798373183,6395200
2014-07-10,82.2236099243164,82.8064482949549,82.19446744994862,82.71902087185154,7196900
2014-07-11,82.7481689453125,82.82102235698223,82.52960315194431,82.58060109594902,4676500
2014-07-14,82.39115142822266,82.62429116437643,82.274587118503,82.52957675697465,4743300
2014-07-15,82.2236099243164,82.66802293129757,81.96133321336495,82.20175445813022,7720000
2014-07-16,82.66073608398438,82.7481635072579,82.28189503318313,82.32560596564056,4615800
2014-07-17,83.7025375366211,83.81910740871488,83.01042198572588,83.22170071012779,10901000
2014-07-18,83.43301391601562,83.75357565975499,83.1343132025531,83.6952906957369,6677900
2014-07-21,83.84825134277344,84.2416663565122,83.78997196020163,83.78997196020163,5724100
2014-07-22,84.02310180664062,84.11781066196973,83.52769095115457,83.84824699292253,5753200
2014-07-23,83.9138412475586,84.24168438331681,83.90655423879356,84.1542625115728,3489600
2014-07-24,83.28731536865234,83.47673874141789,83.2363174096417,83.43302223486545,6609000
2014-07-25,84.27079772949219,84.27808473573826,83.89924378629983,84.03037654858619,7041800
2014-07-28,84.15422058105469,84.43835263936981,83.87008852273956,84.2124999470595,5138300
2014-07-29,84.46019744873047,84.56219327432594,84.0886380507152,84.4164865401483,6579300
2014-07-30,83.28731536865234,84.05957176463095,83.1780324398122,83.89200942432194,12251200
2014-07-31,83.03958892822266,83.47671496069478,82.66802929935976,82.71174023509926,18254000
2014-08-01,83.68242645263672,83.90887536060302,82.57942359862955,82.96657081243613,14951200
2014-08-04,83.46326446533203,83.8650184696484,83.46326446533203,83.66048834773784,5183800
2014-08-05,83.7335205078125,83.85770426723688,83.03957833862498,83.32446033002002,8032000
2014-08-06,83.78465270996094,84.34711602530382,83.7116070460666,84.34711602530382,7289200
2014-08-07,84.56626892089844,84.56626892089844,83.68970964326297,83.88693353017116,9745500
2014-08-08,84.38362121582031,85.04104322119036,84.28135618976563,84.68311562999898,9536700
2014-08-11,84.3763198852539,84.60276307358235,84.21561611043015,84.47858491050069,6668800
2014-08-12,83.82845306396484,84.32517119401717,83.8065399303342,84.30325806038653,8122400
2014-08-13,84.3763198852539,84.3836205491816,83.84307604815923,83.90882103468981,8210500
2014-08-14,85.05567169189453,85.0994979761531,84.28867827920767,84.68313155661575,9028200
2014-08-15,85.9833755493164,86.45818079731549,85.23830074596957,85.25290765178791,17606700
2014-08-18,85.12869262695312,85.68384954940662,85.01912137510995,85.61810456909056,7595300
2014-08-19,84.86576080322266,85.57431555755896,84.71966945250556,85.5231830275052,5936900
2014-08-20,84.7269515991211,84.81460973420754,84.42015648585846,84.76347721533043,7275600
2014-08-21,85.20175170898438,85.2894098388899,84.74885973067853,84.78538534472906,6790700
2014-08-22,85.67655944824219,85.77882448308152,84.88765297403039,85.27479997349737,10149900
2014-08-25,85.9979476928711,86.03446772680199,85.61810144341857,85.79341209615234,5760700
2014-08-26,85.72037506103516,86.18787389727585,85.61811003892161,86.15135385967857,5487600
2014-08-27,86.4508285522461,86.49466039243116,85.75688664809304,85.97602355691909,7265800
2014-08-28,86.9037857055664,87.19597404321627,86.68464305907175,87.02065769680895,9463600
2014-08-29,86.96219635009766,87.2397721158863,86.74305377450908,86.86723196659658,8512900
2014-09-02,85.46208953857422,85.93797264474543,85.44012080463634,85.8647602888533,10506000
2014-09-03,85.93793487548828,85.93793487548828,85.15455128167143,85.22044628303514,6553900
2014-09-04,84.8909912109375,85.57187650469122,84.87635097897996,85.38152556052903,12528900
2014-09-05,84.72990417480469,85.36685743475142,84.51758455957533,85.24971885247326,6886000
2014-09-08,84.76647186279297,85.38878463269849,84.52486630724196,85.22771984807018,9326400
2014-09-09,84.70059204101562,84.84701662019297,84.52487584311521,84.55416187609862,5353100
2014-09-10,84.16616821289062,84.28331239562397,84.04170670804301,84.17349112074697,8729400
2014-09-11,83.88793182373047,84.59077993389047,83.8806089182602,84.38578326664467,9274800
2014-09-12,83.00939178466797,83.40474500963674,82.89225319157087,83.23635723473305,11114900
2014-09-15,83.13388061523438,83.51458812455343,82.99477326291426,83.3535176293919,5510700
2014-09-16,82.79703521728516,83.36078155143414,82.7897178986781,83.17774804294878,9304700
2014-09-17,82.58477020263672,83.33886781075644,82.53352101332011,83.11922523611803,12917000
2014-09-18,82.84834289550781,83.08262571262769,82.62137740167017,82.86298312781526,7031200
2014-09-19,83.90258026123047,83.96115233924517,82.87759123893632,83.15580581663578,13236900
2014-09-22,84.00509643554688,84.22473898185227,83.78545947498347,83.94652993084183,6617200
2014-09-23,84.52488708496094,84.53953289627036,84.02703562950798,84.12953955145277,6362400
2014-09-24,84.05632781982422,84.59811116312692,83.93186634328474,84.4077547023519,5223300
2014-09-25,85.05205535888672,85.05937826719169,84.42241930247631,84.42241930247631,8947800
2014-09-26,84.92755889892578,85.13987846646191,84.6493499409854,84.94219912376892,7799600
2014-09-29,85.60846710205078,85.78417777656934,85.41079329143513,85.6597162815246,6791800
2014-09-30,85.1252670288086,85.68901366335767,85.02276865629828,85.4108045930786,7277500
2014-10-01,86.7759017944336,86.79791964990434,85.7483589417538,85.7923946526953,17194900
2014-10-02,86.02000427246094,86.75396337239546,85.9759685183572,86.48240208920436,8251800
2014-10-03,86.38693237304688,86.43830925545727,85.74839192018342,85.87316354894293,8561500
2014-10-06,86.43832397460938,86.7465909212252,86.13740378343778,86.32823463616926,4485500
2014-10-07,87.60530090332031,87.65667778248299,86.73922951196369,86.83464211622015,8837700
2014-10-08,87.62730407714844,87.72271666541116,86.98142261884769,87.67133979486063,9391300
2014-10-09,87.24568176269531,87.83284542399275,87.17962256099847,87.53926079351349,10291700
2014-10-10,88.11174774169922,88.13376560764485,87.56861424995718,87.72274491123726,8774400
2014-10-13,88.6475601196289,88.93380365903855,88.11177322777489,88.19250915936863,6450700
2014-10-14,89.22737884521484,89.38150953464832,88.57415590442749,89.0365479727279,11285400
2014-10-15,89.93195343017578,93.71184163718466,89.425520164482,91.43657091829374,37407500
2014-10-16,89.35943603515625,91.10625502760512,89.13191072092042,91.09891947529047,18096600
2014-10-17,88.86039733886719,89.33013055274465,88.42736430718644,88.94847441634231,8524300
2014-10-20,89.18331146240234,89.43285469970868,88.76495528247249,89.38147782145975,7742500
2014-10-21,88.4714126586914,88.9851816847192,88.46407150127317,88.69159698427656,9754700
2014-10-22,88.5667495727539,88.69886229499994,88.23647056696764,88.41996014788393,9260200
2014-10-23,87.78145599365234,88.2071533670514,87.38511763907324,88.10439960101166,10936300
2014-10-24,87.86956024169922,88.37599367365596,87.68607051703802,88.02369093845518,5704900
2014-10-27,88.03102111816406,88.27322326877189,87.82551354811557,87.99432093794341,3391900
2014-10-28,87.48052978515625,87.8181500786883,87.3997938889138,87.69337845709904,5141300
2014-10-29,87.6786880493164,87.94291357630857,86.9153704824123,87.31170877290054,9105100
2014-10-30,87.75206756591797,88.4126312688375,87.7153730044359,88.30987753723429,7024400
2014-10-31,87.5245590209961,87.8621792894953,87.21629776710456,87.59061260411879,6664200
2014-11-03,87.52456665039062,87.67171959356875,86.97275574342197,87.4804235740926,9726600
2014-11-04,87.79679107666016,88.2235261709685,87.61285411669732,87.86300568785772,3664800
2014-11-05,87.6717300415039,87.82623644027052,87.42157281494498,87.48779305059438,4799600
2014-11-06,87.1052017211914,87.50250629859772,87.04634053639532,87.25970812129749,5901900
2014-11-07,88.10577392578125,88.10577392578125,87.31852422880557,87.34795480601039,8550500
2014-11-10,87.29649353027344,87.98073933372775,87.23027329726237,87.98073933372775,4787300
2014-11-11,87.3553466796875,87.414202242905,87.06839984743998,87.17140971301978,2416500
2014-11-12,87.28179931640625,87.94397376119204,87.1493644274491,87.70117552921846,4040800
2014-11-13,87.48776245117188,87.68641186201816,87.14196013107878,87.33325049313534,4475900
2014-11-14,87.91451263427734,87.98808629963592,87.31855864756866,87.43627538948024,5191200
2014-11-17,87.69378662109375,88.13523420130018,87.46570097422718,88.12787515119209,4726200
2014-11-18,87.93659973144531,87.98074842912052,87.67173561195335,87.78945237469291,4471200
2014-11-19,87.37741088867188,87.98072386420594,87.37741088867188,87.46569703274838,5792500
2014-11-20,87.83358764648438,88.25296375056935,87.59814852863512,88.21617972130902,5683600
2014-11-21,88.36331176757812,88.40746045368343,87.93657668619264,87.97336632239532,3640100
2014-11-24,88.43692016601562,88.48842230894397,87.9586883873864,88.04697456765636,4033900
2014-11-25,89.17269897460938,89.22420113526982,88.51788338336313,88.56203210201103,6770000
2014-11-26,89.41545867919922,89.66561593249402,89.37131559292276,89.49639141291411,4339100
2014-11-28,90.12175750732422,90.25419235210508,89.8568878177625,89.8568878177625,4562200
2014-12-01,89.59598541259766,90.56199794058371,89.56648811676162,90.46613594864202,7728600
2014-12-02,88.7258071899414,89.11663639225249,88.70368563147582,89.10926066408658,5757200
2014-12-03,89.07239532470703,89.07977105304265,88.58569852313757,88.71106340071388,4868600
2014-12-04,89.81720733642578,89.81720733642578,88.94705684864638,89.04291883527085,4250500
2014-12-05,89.29364776611328,89.66973127829255,88.87332112051324,89.64760971158216,8030700
2014-12-08,90.38504791259766,90.58414768889331,89.33054316902131,89.53701867807924,6021800
2014-12-09,90.84957885742188,91.41739188992447,90.67260072925437,91.14454615505657,6639700
2014-12-10,91.51323699951172,91.7344638384614,90.76107587394083,90.83481627824663,6439200
2014-12-11,91.88929748535156,91.88929748535156,90.91590976330544,91.24774431303652,7863500
2014-12-12,93.13555908203125,93.17242647317009,92.1916627271499,92.50875154631309,9317400
2014-12-15,92.94384002685547,93.43053127754914,92.4940161714685,92.64887273423618,9387400
2014-12-16,94.09420013427734,94.18269200409381,93.17980665030508,93.91722202067722,7426400
2014-12-17,93.24618530273438,93.79187680930563,92.69312369209885,93.58540137483375,11558800
2014-12-18,91.58699798583984,92.250673025802,91.58699798583984,92.12531374770734,12758200
2014-12-19,92.81851196289062,92.87750094042092,91.76400733480918,91.86724507803099,7894500
2014-12-22,92.94384002685547,93.05445346484186,92.41290002534737,92.50876200438455,4118800
2014-12-23,91.10030364990234,92.61937764792074,91.06343062768444,92.50876420730032,7406100
2014-12-24,91.59614562988281,91.67743350542301,90.84239199244372,90.93845691901672,4871400
2014-12-26,91.93607330322266,92.06908366691987,91.64786726804813,92.03952956694951,2921300
2014-12-29,92.62332153320312,92.85979945046898,92.23166484913332,92.30556701725084,4070700
2014-12-30,92.87456512451172,93.26622176060494,92.76371752385776,93.09626032581961,4372600
2014-12-31,93.05194091796875,93.23668508543832,92.85241969779722,92.88936514852439,4993300
2015-01-02,94.08647918701172,94.33773410586306,93.22187811384828,93.32533436339213,9432000
2015-01-05,95.5644760131836,95.79355699504671,94.55946157269487,94.59640702638036,9789500
2015-01-06,97.28623962402344,97.90698837655127,96.20734038260426,96.58421429144765,18331300
2015-01-07,97.09410858154297,97.52271624592777,96.1925564729896,96.58421306225958,9762900
2015-01-08,95.8083267211914,96.34039085879452,95.63836523375674,96.33300515095469,8055300
2015-01-09,96.85765075683594,96.88720485406955,95.35751815788039,95.47575709858687,9398800
2015-01-12,97.41192626953125,97.77401768154529,96.74684039027039,96.80595988681965,6658100
2015-01-13,97.41192626953125,97.99571297463224,96.90941618680809,97.09416038506538,8260800
2015-01-14,98.15090942382812,99.11157029631471,98.06222453531099,98.81598407030218,12324500
2015-01-15,99.69532012939453,99.78399369916134,98.04739445198615,98.17303037700417,11454200
2015-01-16,98.42430877685547,99.525376846639,98.30606979828191,99.26674176638518,9390500
2015-01-20,99.7322998046875,99.84314179867738,99.07461099660532,99.11894779420128,7758700
2015-01-21,98.5794906616211,100.19785149444887,98.25435037418075,99.9096510225679,9803900
2015-01-22,98.22478485107422,99.15589146446877,97.75184019850859,99.02288106650809,10200000
2015-01-23,99.59190368652344,99.85053879369985,99.13373041582985,99.24458369824042,7334600
2015-01-26,99.28890991210938,99.90226192651927,99.05982893913848,99.64361557103561,5966500
2015-01-27,99.4441146850586,100.59691670394716,99.13373450222744,100.30131921455826,8079600
2015-01-28,101.06981658935547,101.5427610867484,99.54012985935705,99.57708093863026,12230300
2015-01-29,100.40475463867188,100.9959382186275,100.1017827793988,100.58949880266495,8881400
2015-01-30,102.1856689453125,102.3482446764724,101.372790289513,101.76445820613384,14871200
2015-02-02,101.79993438720703,102.12574338529673,101.19275413514907,101.22236799920766,13689900
2015-02-03,99.6451416015625,100.54850540709427,99.49703843141364,100.4448399672014,14008700
2015-02-04,99.8154525756836,99.9561438164113,98.57145592491581,98.84543776690151,11360400
2015-02-05,98.71959686279297,99.39341687022166,98.5640929849614,99.2231117077894,8334600
2015-02-06,96.97200775146484,98.00126114698446,96.6980260226328,97.77911776908984,13685600
2015-02-09,96.81649780273438,97.7272731652786,96.81649780273438,97.71987252933886,8025500
2015-02-10,96.04643249511719,96.60918600154865,95.84650229863266,96.36482938333047,8290700
2015-02-11,96.22417449951172,96.46113056976859,95.49111566686507,96.03905680663128,6506400
2015-02-12,95.90579986572266,96.66107209382318,95.85396147625245,96.00946534597311,12548300
2015-02-13,94.92094421386719,95.91317227544195,94.84689262176123,95.89835969728344,8325200
2015-02-17,93.49181365966797,94.72839812807754,93.24005073383914,94.63213898989292,14968800
2015-02-18,94.04713439941406,94.58767455486755,93.64727975943119,93.90644323460342,14009200
2015-02-19,93.4251708984375,94.37297232857999,93.4251708984375,93.8768584001995,8584800
2015-02-20,93.69916534423828,94.78765255437305,93.29931047855187,94.0768069922771,12502500
2015-02-23,94.77283477783203,94.90611971780477,94.1582484456702,94.18046166077521,7500500
2015-02-24,96.01686096191406,96.10571385499493,94.17308998900539,94.52111221849124,11958300
2015-02-25,96.43152618408203,96.55000424473198,95.57998913287628,95.86137170224745,8019800
2015-02-26,95.11345672607422,96.48333200556223,95.07643093228262,96.03904507743478,11020500
2015-02-27,95.91316223144531,95.97980187815021,94.9801732815203,95.53552626809874,9225100
2015-03-02,94.12665557861328,95.75887019725893,94.05245963112696,95.70693076987608,11324000
2015-03-03,93.78533172607422,94.49756833698875,93.76306955605993,94.14144720135477,8599000
2015-03-04,93.81504821777344,94.25278053865432,93.59989808113473,94.17859025081103,6478900
2015-03-05,93.69630432128906,94.13403079228989,93.40695836173,93.87436206708993,6045000
2015-03-06,91.6263656616211,92.61311249646192,91.23315220451933,92.4944035567726,20022900
2015-03-09,92.4721908569336,92.64283362349529,92.09381300784909,92.50186810591634,8889100
2015-03-10,93.68892669677734,93.80763568882271,93.30313379334245,93.4589351001348,9277900
2015-03-11,94.3714599609375,94.56435918874972,93.57019713070734,93.67406463944745,6663100
2015-03-12,94.30473327636719,95.1134171991381,94.01538713332462,95.1134171991381,10295900
2015-03-13,94.01537322998047,94.66083499499567,93.84473046452942,94.04505047877007,7247200
2015-03-16,94.92052459716797,95.07632027245778,94.42343767636156,94.92052459716797,6374600
2015-03-17,95.7069320678711,95.78854308292802,95.17275293671902,95.37307294107913,6314000
2015-03-18,97.5543212890625,97.58399288174493,95.41760435306263,96.38209526560226,13981900
2015-03-19,97.05723571777344,97.65075811072882,96.64918058208113,97.33915545821304,9543800
2015-03-20,97.56913757324219,97.71010309007868,97.2946329272214,97.35398742487428,5953800
2015-03-23,97.45045471191406,97.7472159245757,97.18336509223275,97.71011794281434,5555500
2015-03-24,98.39262390136719,98.40746535008637,97.54684245570847,97.80651686510627,6713000
2015-03-25,97.56172180175781,98.49652966143591,97.53205021350209,98.46685807318019,5635800
2015-03-26,96.04076385498047,97.29460031087729,95.84044390764493,97.22783076866847,9536300
2015-03-27,97.23522186279297,97.28716126329073,96.43395359168778,96.47105154622814,7907900
2015-03-30,96.75300598144531,97.19073251779957,96.5155880711256,97.11653659064741,7010600
2015-03-31,96.96077728271484,97.16109730443344,96.38208506060626,96.6269181269927,6844300
2015-04-01,98.23432159423828,98.49452829919073,97.61724247683458,97.63954558456167,9273900
2015-04-02,97.19346618652344,98.1153696203928,97.10425375061685,98.08562457881763,6663400
2015-04-06,96.65074920654297,97.75107763645937,96.44257926965096,97.71390200249779,5923800
2015-04-07,97.46109008789062,97.55774443184984,96.53919823255005,96.82170798931253,4764900
2015-04-08,97.4908447265625,97.6618389836078,96.66559578947229,97.40906289155689,5378900
2015-04-09,96.2269058227539,97.3346754772361,96.00387485052562,97.29749986706358,6484200
2015-04-10,96.36820983886719,96.98528894421207,96.3161730366571,96.88864592741947,4843000
2015-04-13,96.50203704833984,96.63585568823422,96.19721279825829,96.30129774409001,4010600
2015-04-14,97.18604278564453,98.03359502266542,97.00760655622581,97.6246857538373,6075500
2015-04-15,97.1042709350586,97.59496210820082,96.88867039532659,97.43139838382007,4425200
2015-04-16,96.62100219726562,97.29011813876598,96.21209296883355,97.26781503034324,7085500
2015-04-17,97.7287368774414,97.91460363123815,96.42766960086428,96.47971773724241,7268800
2015-04-20,96.86629486083984,97.40159192230816,96.59864633010568,97.34955513976767,4949400
2015-04-21,96.42770385742188,96.9853043169032,96.32361889209511,96.82174060790251,4563800
2015-04-22,94.95559692382812,96.3161427629972,94.82177264993933,96.27896714772712,9707600
2015-04-23,95.36451721191406,95.79572944203973,94.87382625924627,95.01508680723303,6843400
2015-04-24,95.9593276977539,96.22696502909923,95.60245523380588,95.63963086685177,4773000
2015-04-27,95.9593276977539,96.27901318424557,95.43889152393233,95.9593276977539,4334900
2015-04-28,94.63599395751953,95.71402540901326,94.61369083648997,95.29024342062043,7464300
2015-04-29,93.47611236572266,94.0039732774202,93.14154879822762,93.5355854173678,11554800
2015-04-30,93.6396713256836,93.80323498187292,92.56908264625014,92.96311926950442,12876000
2015-05-01,92.37915802001953,93.15395164031361,92.14821194380056,92.92300556409464,12378500
2015-05-04,91.50753784179688,92.77402430889127,91.42558811563623,92.6026790151724,9144700
2015-05-05,91.3808822631836,91.6565261506141,90.65823784203722,91.52987865185695,13935500
2015-05-06,89.81636047363281,90.93385005092789,89.67481565885731,90.88170076467462,14355000
2015-05-07,91.02326965332031,91.31381654741044,90.40492393149893,90.46452475178589,11933700
2015-05-08,91.26911926269531,92.04391287903226,91.12011721118027,91.91725971428271,11716400
2015-05-11,89.0490493774414,90.62843723980782,89.02670048757149,90.6060883499379,13738600
2015-05-12,89.27996826171875,89.8685134788443,88.52007781860435,88.75847537760555,15861700
2015-05-13,88.56480407714844,89.9355947452909,88.38600727133786,89.88344544010248,15760000
2015-05-14,88.80316162109375,89.27251083974154,88.42321929075891,88.59456449451493,9128400
2015-05-15,90.58368682861328,90.82209002059413,89.61519943849326,89.68224607335418,12630600
2015-05-18,89.0639419555664,89.71953394468198,89.00434113368847,89.63758423556163,10208300
2015-05-19,88.27427673339844,89.28001680465107,88.00607862321785,88.11037725674927,8435300
2015-05-20,88.4232177734375,88.98940834047995,88.04326976577707,88.48281289154781,7789700
2015-05-21,89.65990447998047,89.85360424728066,88.9894096576686,89.08626238324139,11760700
2015-05-22,89.6971664428711,89.95791287966614,89.25017173924445,89.8834147097027,5417900
2015-05-26,91.23187255859375,91.29892490658098,89.950483261346,90.02498144945048,10469700
2015-05-27,91.4404296875,91.52983088435613,90.59858973152315,91.02323546986119,6490300
2015-05-28,91.21698760986328,91.65653095819822,91.05308816341697,91.2616853920402,6237600
2015-05-29,91.41810607910156,92.05880062405947,91.26910972700058,91.80550568871851,7912000
2015-06-01,90.43560028076172,91.36884970628964,90.10710035632555,91.16727033666069,13108100
2015-06-02,89.17381286621094,89.78602400018573,88.92743375597595,89.718827108258,10076200
2015-06-03,87.74036407470703,88.54669284057566,87.50145248068318,88.38990764100704,14810900
2015-06-04,88.88265228271484,89.06183452653846,88.20324416006154,88.29283813002377,10859300
2015-06-05,87.80011749267578,88.52432006283581,87.63586465868858,87.97929981334217,11200200
2015-06-08,87.70299530029297,88.21815049095434,87.62833653112006,88.06882725650954,5334000
2015-06-09,87.0086669921875,87.44915776348367,86.68762912479725,87.39689605000616,12393900
2015-06-10,86.24716186523438,86.70258796381228,86.05305011863837,86.54580277028404,12183600
2015-06-11,88.0614013671875,88.07633654575315,86.78471701270338,87.02362860483898,13849300
2015-06-12,88.0614013671875,88.8975947877129,87.76276614909425,87.79262511402224,7863100
2015-06-15,88.2032470703125,88.89011710771685,87.904606190019,88.76319658482494,8194200
2015-06-16,88.8975830078125,88.9050505961058,88.05392780589945,88.55414799563283,7046400
2015-06-17,88.21076965332031,88.56913437621243,87.53882867776686,88.47207845045094,13626100
2015-06-18,87.7777328491211,87.90465344023494,87.16552127869093,87.62841517676411,10123300
2015-06-19,88.90505981445312,88.98718620589212,88.46456319708935,88.47949837522454,10439200
2015-06-22,87.09078979492188,88.20322090551767,87.0459899737017,87.9792388877148,9769000
2015-06-23,86.56822967529297,87.3222969387942,86.37411786180034,86.4039825322077,8945100
2015-06-24,87.3147964477539,87.47904922505369,86.72498794177929,86.98629658925563,8600400
2015-06-25,87.0086669921875,87.41183122305662,86.7473584248,87.04599353261455,8287800
2015-06-26,86.03067779541016,86.50850110250104,85.76936336825781,86.35917775897069,11673000
2015-06-29,88.30778503417969,88.59895837388184,86.94897421686895,87.32227395454885,17132900
2015-06-30,87.69556427001953,88.62134592508906,87.59850839924736,87.65077012906336,13469000
2015-07-01,86.51189422607422,87.06559268133431,86.36972616930932,86.66154060577365,12451500
2015-07-02,86.79617309570312,87.29001613105005,86.70638189601094,87.03561058624223,6682100
2015-07-06,88.40491485595703,88.77903636977095,87.58932698734922,88.33009169492249,10605800
2015-07-07,89.23546600341797,90.15580174015378,89.00350678055956,89.53476435931695,16160100
2015-07-08,90.0061264038086,90.21563347281264,89.4150139113246,89.8040976525265,9951800
2015-07-09,88.2327880859375,89.13068285565316,88.18041131918538,88.81641654650099,11108900
2015-07-10,86.8336181640625,87.33493969480706,86.61662696971588,86.82613413428722,13636600
2015-07-13,86.56421661376953,87.14036109294382,86.33974147668664,86.33974147668664,8006700
2015-07-14,86.8485336303711,86.99817989323877,86.54175707890064,86.81111921033467,4227800
2015-07-15,87.7688980102539,87.95595874283447,86.82611031962854,86.87848709640548,8720400
2015-07-16,88.37495422363281,88.41236864567415,87.44713478512855,87.4620971287615,7306500
2015-07-17,88.83138275146484,88.95858265255443,88.56201489701671,88.56949892315119,7404900
2015-07-20,88.45728302001953,88.77902771889345,88.21784550285574,88.50965979850409,5941000
2015-07-21,88.93619537353516,88.98857217399794,88.03830573456086,88.05326808813176,5627500
2015-07-22,89.48983764648438,89.71431276970995,89.00347868525532,89.04837713508414,6228900
2015-07-23,90.60472869873047,90.68703587322065,89.37761081732803,89.48984839241831,9087700
2015-07-24,90.8292007446289,90.9489223429375,90.47752568539741,90.91150791630606,7307900
2015-07-27,91.31558227539062,91.50264303741609,90.89656799521883,91.42781987433419,8172000
2015-07-28,90.6496353149414,90.96389598657419,90.46257457583036,90.65711934292524,9128200
2015-07-29,90.31291198730469,90.6645870490488,90.10340489740778,90.55234947699259,6706400
2015-07-30,91.00879669189453,91.2407559105425,90.64964323824802,90.69453599279353,6146600
2015-07-31,91.68221282958984,91.95906479153892,91.33053771022347,91.61487370050656,9178400
2015-08-03,92.64730834960938,92.79728146555509,91.72495709533104,91.72495709533104,11753700
2015-08-04,91.91239929199219,92.47480689287843,91.82991238617372,92.35482957966447,6448800
2015-08-05,91.22250366210938,91.41747321021411,90.87756105921967,91.31248520653824,7574400
2015-08-06,92.03240203857422,92.13738435553716,91.4849893391756,91.4849893391756,6118100
2015-08-07,93.23968505859375,93.3596681010796,92.41482166537577,92.45981816686114,8317000
2015-08-10,92.08489990234375,92.66230268768429,91.87492953202141,92.54232534003627,7461700
2015-08-11,93.54714965820312,93.8321008400484,93.10472500314545,93.20970731862039,11145700
2015-08-12,93.0372543334961,94.26705235636065,92.98476316378024,93.68214911635293,8455200
2015-08-13,92.73726654052734,93.29967416513473,92.3998242542054,92.8572495799079,7691400
2015-08-14,92.95475769042969,93.26221002461045,92.38484953506281,92.58731954076912,4324700
2015-08-17,93.37467956542969,93.80960958937865,93.27719761707176,93.51715802319751,7880300
2015-08-18,92.63984680175781,93.20225480391436,92.5198636818316,92.83481651108289,5024300
2015-08-19,93.55462646484375,93.68210414136719,92.22734139177648,92.27983253629233,10736000
2015-08-20,94.4994888305664,94.55948035843154,93.8695949513034,94.01207339970637,9078300
2015-08-21,94.7844467163086,95.03940213073504,94.17704250227392,94.60447785194245,10718300
2015-08-24,94.75445556640625,96.67413880274843,94.3495213110327,96.21671338766575,16663400
2015-08-25,93.23221588134766,93.57715864107715,92.65480734356618,93.39718974928522,15354800
2015-08-26,91.4324951171875,92.61730205019398,91.00506549212908,92.23486321058161,16429900
2015-08-27,91.4849624633789,92.13735728808459,91.22250674807393,91.34998442106412,9127000
2015-08-28,91.75492858886719,92.5872923207107,91.65744666140219,92.34733196601475,9946200
2015-08-31,91.050048828125,92.58729871097084,90.99005730503393,92.50481179699727,8617600
2015-09-01,91.70616912841797,91.75125760101267,90.91709219036552,91.41308258949434,15298200
2015-09-02,90.91705322265625,91.66855802262239,90.82687058259073,91.24771143584326,9515200
2015-09-03,91.36045837402344,91.4356077238247,90.7141636453824,91.21767059593152,7042500
2015-09-04,92.1945571899414,92.38243328417151,91.54826296710795,92.02170866049941,7951300
2015-09-08,90.83438110351562,91.3529154816866,90.75171512241822,91.21764439748412,7049500
2015-09-09,91.2702865600586,91.46567947958329,89.84994246597795,89.90254759044284,7441900
2015-09-10,90.65398406982422,91.07483048072365,90.51871303302158,90.94707036064256,6789700
2015-09-11,91.2251968383789,91.74373715350156,91.18010837046509,91.28531861794963,5890900
2015-09-14,91.36793518066406,91.79629259459195,91.14248149605976,91.64598822701394,4221700
2015-09-15,89.6169204711914,90.96963099812878,89.51922694061672,90.84938751416772,11895000
2015-09-16,89.2788314819336,89.75979441281896,89.09095515788368,89.39906934788974,6949800
2015-09-17,90.36846923828125,90.45865189535408,89.22618424966389,89.33890540409531,19843600
2015-09-18,91.75872039794922,91.83386971933962,91.02975994005837,91.08988169058097,14963300
2015-09-21,90.26322174072266,91.01472637216084,90.01522383630197,90.93957705572208,10085600
2015-09-22,91.51823425292969,91.97665254256819,91.03727174142787,91.26272542711172,9968200
2015-09-23,91.5107421875,91.73619593375693,90.92456932746433,91.39802104789848,6769900
2015-09-24,92.13447570800781,92.9461021656453,92.05180973175626,92.56283316061773,9605800
2015-09-25,91.337890625,91.63097702723134,91.13498112590052,91.42055660855513,8383700
2015-09-28,92.90103149414062,93.01375263466502,91.83389025111813,91.83389025111813,9833400
2015-09-29,93.16399383544922,93.40447499461993,92.62290979393435,92.84084674029579,9006100
2015-09-30,92.84093475341797,93.03632767220245,92.52530400782432,92.74324116078999,9832600
2015-10-01,93.23700714111328,93.77168278132426,93.12405194950188,93.44033797687763,9069400
2015-10-02,93.80177307128906,95.04433145063527,93.51561044418996,94.57742908969787,13000400
2015-10-05,92.52913665771484,93.25207866546964,92.46135779222689,93.16924102178012,11362700
2015-10-06,92.92821502685547,93.07882571714033,92.1826823427152,92.2881109750005,5687800
2015-10-07,92.61946868896484,92.87551379303072,92.25800068319349,92.48391675044299,6712800
2015-10-08,91.84381866455078,92.90564321055977,91.6179025824045,92.84539662381513,12882300
2015-10-09,92.0848388671875,92.35594287869593,91.79867607523225,91.85139042494593,9038100
2015-10-12,92.78516387939453,92.95083914494349,92.55924776354453,92.6496119117119,4241000
2015-10-13,92.94334411621094,93.07889613819424,92.47644717582817,93.02618178216929,6147200
2015-10-14,93.75660705566406,93.79426260968206,92.85293121354087,93.15415266396134,9738100
2015-10-15,93.29727935791016,93.72652644019226,93.21444169769488,93.61356547213202,6924300
2015-10-16,93.327392578125,93.73404857192688,93.28221049395798,93.56837326940393,8048300
2015-10-19,93.0713119506836,93.35748036268299,92.55923320380192,93.22192841632292,6238400
2015-10-20,92.49901580810547,92.60444449460853,92.28815843509936,92.47642476748803,6431300
2015-10-21,93.41777038574219,93.54579013198841,92.98099105044327,93.08641975269701,6603800
2015-10-22,93.57593536376953,93.96752695739924,93.01113614989309,93.45544210700056,6934100
2015-10-23,92.77763366699219,92.97343223473047,92.51406198663204,92.70232829337954,7058200
2015-10-26,93.39515686035156,93.53070884544947,93.2370138353094,93.28220166063026,5859800
2015-10-27,93.62860870361328,94.05785568826623,93.50058898346448,93.76416068536854,7156800
2015-10-28,93.2520751953125,93.63613435220039,92.85295151535126,93.58342001230801,8468700
2015-10-29,91.76850891113281,92.7926778550446,91.64801574341121,92.7625545631142,12108000
2015-10-30,92.46134185791016,92.48393289403546,91.8890107125331,92.05468597136051,11861400
2015-11-02,92.03646850585938,92.21005355913039,91.83270025528027,91.9081697644594,8751000
2015-11-03,91.28172302246094,91.87794167957686,91.16097301079108,91.81002087762857,8921600
2015-11-04,91.38739776611328,91.72701911037615,91.09306272252397,91.39494644255105,5980800
2015-11-05,91.14591217041016,91.36477777205553,90.7912049104549,91.35723485189675,7268400
2015-11-06,89.81006622314453,90.2100597144625,89.61384093681666,90.17987076595412,10604700
2015-11-09,89.30440521240234,89.73458760849665,89.05535073099179,89.13082021561398,9159500
2015-11-10,89.5685806274414,89.9685742091218,89.34216634145596,89.43273320744103,6712500
2015-11-11,89.37991333007812,89.4931204849197,89.25915749612575,89.31953541310195,2857900
2015-11-12,89.81006622314453,90.14213889878353,89.58365198830828,89.62138961343204,6805700
2015-11-13,90.32323455810547,90.48927083659785,89.97607041123555,90.05153987656361,7906600
2015-11-16,90.240234375,90.56475832264088,89.90816175193892,90.40627068653053,5485300
2015-11-17,90.39115905761719,90.66285375030475,89.55344047277381,89.81003781700575,5122900
2015-11-18,90.57986450195312,90.70816897294861,90.08176124510229,90.2477975833703,5233900
2015-11-19,91.18363189697266,91.4326864042084,91.07797345595503,91.22891244085072,6643000
2015-11-20,90.90438842773438,91.34966822163126,90.77608971479668,91.26665005256494,5971000
2015-11-23,91.18363189697266,91.41004613226937,90.80627867678025,90.96476633830667,5436300
2015-11-24,91.17610168457031,91.47043679529044,91.00252239258376,91.24402827209653,3371500
2015-11-25,91.38739776611328,91.6364522669821,91.28173932779677,91.44777566170931,3280900
2015-11-27,91.29684448242188,91.56099060078573,91.28929580533905,91.50816137711296,2570600
2015-11-30,91.65911102294922,91.71948893072147,91.36477592000226,91.39496487388838,5179800
2015-12-01,92.89716339111328,92.91228698787728,91.70976197452217,91.70976197452217,12766600
2015-12-02,92.92745208740234,93.05602290490444,92.41316304722896,92.76862829457653,7345800
2015-12-03,90.40135192871094,91.81564773836419,89.99294555955711,91.78539477359395,16612200
2015-12-04,91.19549560546875,91.4602018902916,90.35599440919896,90.40137098083595,11843800
2015-12-07,92.08036041259766,92.61733759198867,91.36187120204316,91.36943011614255,9016700
2015-12-08,92.12567901611328,92.59459105260889,91.85340825558806,92.48114394069675,7257500
2015-12-09,92.02741241455078,92.38287753671145,91.14253483608466,91.7778297836512,8993900
2015-12-10,92.14847564697266,92.29217587572377,91.88376925466792,92.11066374531003,5606900
2015-12-11,93.60052490234375,93.85766642740938,92.92741235712772,93.04841843652255,12300000
2015-12-14,92.39045715332031,93.13919939687386,92.08036854296306,93.08625814268652,10661100
2015-12-15,91.84590148925781,91.96690757921148,91.38455387034806,91.52824824153286,8795500
2015-12-16,91.64927673339844,92.39801900071637,91.13498777489949,91.56608250701153,10988600
2015-12-17,92.6854019165039,92.8593492515932,91.99715994940681,92.10304244124282,9923000
2015-12-18,93.19971466064453,93.41903861410411,92.88962601926283,93.08626745598868,10171700
2015-12-21,93.17694854736328,93.61560765538471,92.9651836731902,93.35090156266835,7494900
2015-12-22,92.50392150878906,92.87451615013725,92.26190346248279,92.7610689287075,5445800
2015-12-23,91.80809020996094,91.97447864408376,91.41481317762256,91.68708411161201,7287100
2015-12-24,92.33406066894531,92.364377068072,92.00816660616081,92.06121885906704,3364600
2015-12-28,92.60691833496094,92.97070362224461,92.34923178939401,92.45533631337366,7586600
2015-12-29,91.06838989257812,92.2658559678074,90.95470483076976,92.22796480204623,7787500
2015-12-30,90.97747802734375,91.3564245340643,90.6970555307552,90.88652878411548,5508900
2015-12-31,91.38670349121094,91.59891252283258,91.13659751154437,91.37912294514946,7897700
2016-01-04,92.04607391357422,92.80396667789269,91.94754993582745,92.40986498464277,10591900
2016-01-05,91.6746597290039,92.08392229976293,91.4472954889777,91.61402695209297,6242600
2016-01-06,92.91006469726562,92.93280633570377,92.50080772157892,92.69028089939268,8916900
2016-01-07,93.0767822265625,93.16773141418768,92.30373436966289,92.9782582766645,10202200
2016-01-08,93.49365234375,93.57702101082948,92.63723559733515,92.78881183806351,9577200
2016-01-11,92.47047424316406,93.06162952361507,92.356789201017,92.4932100951412,10040300
2016-01-12,93.80440521240234,94.2212486359659,92.57662236893175,92.72061809340121,12897700
2016-01-13,94.72900390625,95.11553078984774,93.42542757902797,93.62248129372165,15577600
2016-01-14,93.8422622680664,94.71383992164571,93.47847127289653,94.33489361854704,12873800
2016-01-15,95.30501556396484,95.46417235135318,94.79722879721207,95.03975425165092,13976300
2016-01-19,95.00942993164062,95.54753305815069,94.69869114720191,94.8351120653497,8926600
2016-01-20,96.00984191894531,96.94962719360227,95.81278820929944,96.23721202871072,17283300
2016-01-21,95.35809326171875,96.47219685286996,95.24440815975677,96.20693546980169,11001600
2016-01-22,94.99423217773438,95.13823358638788,94.37276063096797,94.6683439914305,10164300
2016-01-25,95.50963592529297,95.69910910111722,95.22921932572103,95.45658366735267,5738200
2016-01-26,95.55509948730469,95.84309659095251,95.30499354393964,95.48688614717713,5692600
2016-01-27,95.53239440917969,95.7142870710115,94.8806061068303,95.30502424519233,7957800
2016-01-28,95.66878509521484,95.80520599401054,95.0852045572649,95.1458373527878,10575400
2016-01-29,96.47975158691406,96.90416968626349,96.19174863470158,96.56312025389526,13170700
2016-02-01,96.18433380126953,96.48806697283585,95.89579047455715,96.27545549070796,9948400
2016-02-02,97.96879577636719,97.9839740396856,97.19427564808754,97.27021331052183,10400000
2016-02-03,97.15628051757812,98.66735153388755,97.133501542306,97.40686083202888,13309000
2016-02-04,97.62712860107422,97.64230686892195,96.82223432627981,97.3613582897067,9953500
2016-02-05,97.74099731445312,97.95360887190938,96.88295036627976,97.11075177397173,9200800
2016-02-08,99.84430694580078,99.95061268348675,98.46990989838413,98.50028958712666,14452200
2016-02-09,99.95064544677734,100.27715189581976,99.44189556491065,100.26196204646935,15232100
2016-02-10,100.8314437866211,100.86941261075992,99.55577471805685,100.00377671810323,12797100
2016-02-11,101.53763580322266,102.69941008839646,100.99850626035419,102.08435447700555,21620200
2016-02-12,99.85197448730469,101.08968708025355,99.41915048125551,100.71761091293753,13888400
2016-02-16,98.79644012451172,99.28241092677528,98.56863877641301,99.25963195061121,11766000
2016-02-17,98.18898010253906,98.58383502579251,97.73338896320843,98.4395604430773,13157300
2016-02-18,99.39634704589844,99.47228472225622,98.2269833006422,98.2649521388211,10196700
2016-02-19,99.47985076904297,100.0949179972921,99.26723922833708,99.42670367709648,8188700
2016-02-22,99.42669677734375,99.5557815190673,99.24445336090271,99.54819238830444,5054300
2016-02-23,99.82913970947266,100.03416210231806,98.5458698512084,98.62180750380567,8320700
2016-02-24,99.63172149658203,101.28705578531255,99.4342882275507,100.53531470972442,9091200
2016-02-25,99.98863220214844,100.65684673326768,99.71528435192363,99.83676842320233,6097200
2016-02-26,99.0242919921875,99.3280195536343,98.74333183206224,98.9483543085939,9245000
2016-02-29,99.45709228515625,99.60136691460926,99.03186911611311,99.06983795330534,8016100
2016-03-01,97.70578002929688,99.54685542540837,97.62210639245927,99.52403323200899,13729100
2016-03-02,98.10900115966797,98.11660468813965,97.53842309640055,97.62210834335072,7047700
2016-03-03,98.46654510498047,98.85454558734696,97.96444527061601,98.1926787999305,6394800
2016-03-04,97.83512115478516,98.23832871562041,97.19607071925336,97.9492321216479,8687000
2016-03-07,97.80467224121094,97.88835747647911,97.4166833913887,97.72098700594275,5493300
2016-03-08,98.88496398925781,99.65334976080364,98.8621417988593,99.16645701823737,7175400
2016-03-09,98.28394317626953,98.66432842791022,97.99484667032289,98.20025795657112,7194700
2016-03-10,97.88078308105469,98.77848713707745,97.31780845729047,98.51982782687858,10091600
2016-03-11,96.89175415039062,98.04812883293643,96.77763738768655,98.00248444954266,8927000
2016-03-14,97.19606018066406,97.67534360218102,97.11998427626415,97.24170456246011,5177000
2016-03-15,97.28736114501953,97.88076720388432,97.08195559695801,97.75904109820328,6413200
2016-03-16,97.57640838623047,97.77421612178033,96.89932899142131,97.18841965704722,9728900
2016-03-17,97.97967529296875,98.39810159338518,97.7514533185982,97.76666037792808,7805500
2016-03-18,98.1850814819336,98.5274260338132,97.91120351874157,98.16986281496692,8198600
2016-03-21,97.43194580078125,97.85036055654811,97.18849351307892,97.56887900628081,5514800
2016-03-22,97.4090576171875,98.1546211257655,97.31776886447898,98.01007286168533,4997900
2016-03-23,98.51225280761719,98.76330866080079,97.59931821115113,97.6906186358651,10628200
2016-03-24,98.55022430419922,99.38707665757246,98.13941326336797,99.34143227619552,6343300
2016-03-28,98.67957305908203,99.02191755397043,98.35243562018712,98.4285173339133,5058700
2016-03-29,99.71422576904297,99.72943282566003,98.91541417592104,99.18929210475027,9396700
2016-03-30,98.664306640625,98.95340308273269,98.12415459486077,98.92296576859816,8478700
2016-03-31,99.36425018310547,99.51640198394864,98.74041270867862,98.88496098243304,7832300
2016-04-01,99.62342071533203,99.96648589700325,99.02879146141,99.85212695895193,9341400
2016-04-04,99.68447875976562,99.84457673076093,99.31093621492792,99.70734823669484,5145100
2016-04-05,100.7745590209961,100.90415649579329,100.46199424693627,100.63733063842878,6482800
2016-04-06,100.042724609375,100.37815891941226,99.66918228159321,100.27143087826259,6393700
2016-04-07,101.27776336669922,101.3844914389979,100.63738330041966,100.77461175479651,5963300
2016-04-08,100.63736724853516,100.93468194769396,100.35530273798301,100.75934549241713,5584800
2016-04-11,100.50782775878906,100.7670229523307,99.95131769442203,100.11141568601676,4805500
2016-04-12,99.81404876708984,100.28671163553643,99.50911473727518,99.92840775263603,4276000
2016-04-13,100.16471099853516,100.30955870171563,99.50147323395619,99.63107074930582,5207900
2016-04-14,99.68447875976562,100.10377189095256,99.4786534674027,99.7988377769025,6967000
2016-04-15,100.53828430175781,100.7517404424526,100.05800216895094,100.08849091798423,5831100
2016-04-18,100.10372924804688,100.20283802751494,99.60820861567827,100.11897943700023,4486600
2016-04-19,99.79118347167969,100.10374842643417,99.32615149563874,99.92841193357916,5212200
2016-04-20,98.69341278076172,100.36294234811547,98.54856504086854,99.98939989522036,10920700
2016-04-21,98.10639190673828,98.39608735512131,97.80144626831228,97.91580524490453,11154200
2016-04-22,97.85482788085938,98.27412091379637,97.76334999457788,98.22838197065562,5826400
2016-04-25,97.45077514648438,97.97679620417688,97.45077514648438,97.62611162155291,5539500
2016-04-26,97.00860595703125,97.39740435601612,96.9095029917478,97.39740435601612,7840000
2016-04-27,97.9767837524414,98.20549004834872,97.29067068096215,97.51937116062676,8380100
2016-04-28,98.3808364868164,98.44944489280675,97.610858933525,97.74046809926668,7974600
2016-04-29,98.63240814208984,98.88398391933382,97.73283309323385,97.92341974576843,7416300
2016-05-02,97.639404296875,98.46439248922317,97.62412922003567,98.2810682553209,11035200
2016-05-03,98.86921691894531,99.31991604463362,98.80811663144284,98.9608906620218,10736700
2016-05-04,99.41156005859375,99.43447557621894,98.6858748033411,99.06016936182539,7211200
2016-05-05,100.07613372802734,100.12197641934571,99.07545060189854,99.35044847026221,7870400
2016-05-06,99.64838409423828,99.96157844730621,99.52616020193197,99.95394382500403,7232500
2016-05-09,99.9615249633789,99.98444047393652,99.54903411743624,99.65597705200697,4950800
2016-05-10,99.96919250488281,100.1601629263598,99.8011376015103,99.9539232634195,4331900
2016-05-11,100.53446960449219,100.83238299711091,99.80878433077066,99.93864281925475,9256000
2016-05-12,100.07613372802734,100.19835759305771,99.75530482425462,99.8087821361714,6087400
2016-05-13,101.04630279541016,101.07686460053479,100.24422442163389,100.4351949079657,8707300
2016-05-16,100.1754150390625,100.57263666525058,100.05319120701907,100.55735577226861,5137000
2016-05-17,100.34349060058594,100.70251589635906,100.22891301934285,100.22891301934285,4449100
2016-05-18,98.9150619506836,99.95394170139141,98.47200909242024,99.9233799010082,12681000
2016-05-19,99.34278869628906,99.55667457798211,99.03722911108017,99.06014462298255,6209400
2016-05-20,99.41922760009766,99.61019808081694,98.96090543991923,99.03728663865907,5348900
2016-05-23,99.64069366455078,99.86221414636246,99.24347206498962,99.57958175262557,6979700
2016-05-24,99.19767761230469,99.44975997095688,98.7240746901816,99.28170506518875,5968200
2016-05-25,98.82335662841797,99.4955761511145,98.7775255983992,99.17474728507514,6367400
2016-05-26,99.33519744873047,99.64839182609961,99.15187325195853,99.15950787485309,5419300
2016-05-27,99.19003295898438,99.50321556450326,99.07544372250902,99.35808784775476,5267600
2016-05-31,99.42683410644531,99.64072002681934,98.5254477369475,98.55600952894862,8344300
2016-06-01,99.8302230834961,100.48086179019487,99.59293489254193,99.9909731018118,9874900
2016-06-02,100.5497055053711,100.80230589190128,100.17463008054821,100.19759269024527,5835400
2016-06-03,101.9811782836914,101.9811782836914,101.49895141117992,101.69796474905196,11077200
2016-06-06,101.22335815429688,101.72089719126663,101.11619536110946,101.63669701948592,7573700
2016-06-07,101.46827697753906,101.78976529468969,101.45296467295107,101.52951451602483,4680200
2016-06-08,102.01177215576172,102.13423557606528,101.58312098502823,101.70558440533179,5313200
2016-06-09,102.67009735107422,102.98392384588786,102.51699758204609,102.81553512372744,6820300
2016-06-10,103.16757202148438,103.58857276319812,102.76953389478547,103.17522233320092,6984600
2016-06-13,103.62687683105469,103.6345271449232,103.15995072796814,103.40488925031418,7283300
2016-06-14,103.55032348632812,104.26985008127109,103.50439824492634,104.24688746057019,9012500
2016-06-15,103.94833374023438,104.27747233495835,103.57325823660165,103.73400821811995,7953200
2016-06-16,104.45352935791016,105.29551910098557,104.23919216672736,104.66785486922859,10372700
2016-06-17,103.80286407470703,104.3080647982407,103.53495141468912,104.25447759429255,8489900
2016-06-20,102.69300842285156,102.99153413478388,102.57818365372887,102.75424596374366,7365900
2016-06-21,102.21842956542969,103.01450598853357,102.15720369891496,102.7925184229138,6005800
2016-06-22,102.3868408203125,102.56290316489414,101.99646456033159,102.18782753324028,5773700
2016-06-23,101.21566772460938,102.0500188941642,101.10085464983197,101.50654308719905,9029100
2016-06-24,103.93303680419922,104.56836315292587,103.56562323766012,104.56836315292587,17155000
2016-06-27,106.52791595458984,106.84940427988373,105.9385148516178,105.9691394615695,16577100
2016-06-28,106.74995422363281,107.08674333407461,106.30599060729838,106.73464191138072,14006400
2016-06-29,105.93087768554688,107.2627680669434,105.83136521065366,106.91830540150316,12999800
2016-06-30,106.3212890625,107.11736576509881,105.70127474751489,106.25240117858428,14698500
2016-07-01,107.79745483398438,107.98916972552834,106.73918488823026,107.98149364100362,15430200
2016-07-05,109.14716339111328,109.59194350638661,108.66403794323226,108.77907394105532,8840800
2016-07-06,109.3235092163086,109.66092933262492,108.86340044970873,109.49988365843774,14352800
2016-07-07,109.31584167480469,109.80663136581141,108.725356488307,108.96308109938614,9676400
2016-07-08,110.12101745605469,110.13634621949431,109.1701075622216,109.59954696545392,10355300
2016-07-11,109.15480041503906,110.02135556907051,109.07812147039759,109.69927591833707,8099000
2016-07-12,107.36034393310547,108.0198436567485,107.08427400922353,107.68242356074293,15810600
2016-07-13,108.62567138671875,108.71770250726617,108.08887193915204,108.41095160769207,8181700
2016-07-14,107.04598999023438,107.23770499990297,106.66255997089718,106.8082652504622,10817000
2016-07-15,106.1257095336914,106.67784943360645,105.96466385398703,106.50913936966853,9958600
2016-07-18,106.02601623535156,106.79287592324276,105.61958153687725,106.64718241167762,5955900
2016-07-19,106.6241683959961,106.83122379303764,106.13337865210724,106.54748944619033,8073900
2016-07-20,106.04134368896484,106.21771811915188,105.75760938370541,106.0029983690071,6942500
2016-07-21,106.2560806274414,106.30209033829385,105.05211695518314,105.09045057999306,10398400
2016-07-22,106.44013214111328,106.77755229223698,105.72694651235624,105.7729562236275,5811400
2016-07-25,106.36341094970703,106.79285040007535,106.27905593614558,106.5474614432995,4243800
2016-07-26,106.53213500976562,106.99225545368239,106.17938614393188,106.99225545368239,5243400
2016-07-27,107.85883331298828,107.85883331298828,106.90025849967928,107.01529449808798,8508100
2016-07-28,107.65938568115234,108.00447005480267,107.13792693009766,107.20694146455868,7336100
2016-07-29,108.5566177368164,108.64863712288214,107.52902892126195,107.70540331166998,8766700
2016-08-01,107.3796615600586,107.94048785874446,107.25673719459759,107.38733993688264,9809300
2016-08-02,106.27336120605469,106.98783706988786,105.6357042753399,105.88923137232618,10051200
2016-08-03,106.33489990234375,106.61915243257657,105.95076979220399,106.48087121983217,4930600
2016-08-04,107.13387298583984,107.67934283716421,106.99559178908451,107.14156308969467,5646000
2016-08-05,106.01984405517578,106.92638492091909,105.88156292896272,106.82651912622522,7778600
2016-08-08,106.2196273803711,106.43473925065547,105.49747280025511,105.71258467053948,5185200
2016-08-09,107.26447296142578,107.34130366162404,106.49621285031924,106.56536516958526,5503200
2016-08-10,107.6792984008789,107.94818230229303,107.14919725330306,107.47954334659558,5843500
2016-08-11,106.71903228759766,107.61789535776086,106.43476802858405,107.60252687066586,7624600
2016-08-12,107.61781311035156,108.21705469915389,107.45647342596082,107.87134020141593,7989600
2016-08-15,106.60377502441406,107.27216933157109,106.59609664303328,107.0493673216122,5108600
2016-08-16,106.31946563720703,106.90333882320586,106.19654126456095,106.77273607328692,6182700
2016-08-17,106.95713806152344,107.12615616761543,106.40399002753422,106.50386756005632,5002000
2016-08-18,107.12616729736328,107.37200438094662,106.62679130558574,106.94178069263855,3805200
2016-08-19,106.56537628173828,106.82658193329928,106.09673709618696,106.51159244144738,5516300
2016-08-22,107.46417999267578,107.66392331198101,107.07236000884704,107.2874718058569,5549700
2016-08-23,107.57942962646484,108.00965328190227,107.30285560186715,107.76381621710178,6841400
2016-08-24,107.32591247558594,107.70236407058036,107.087753767153,107.63322348865786,6027800
2016-08-25,106.91873931884766,107.38737837252748,106.75741128881184,106.98787990314872,5855500
2016-08-26,106.29647827148438,108.08652588578522,106.18892231590372,107.34899095986077,12962500
2016-08-29,107.71768951416016,107.8252453950831,106.94942987250715,107.08003260486275,7310400
2016-08-30,107.30286407470703,107.75613462442577,107.30286407470703,107.68699404349572,5161800
2016-08-31,107.45655822753906,107.68703864882343,107.04938122978251,107.29523013854482,7349700
2016-09-01,107.57501220703125,107.8290005444348,106.65142572631603,106.68989919898141,9149100
2016-09-02,106.6976089477539,107.02086364594699,106.3435613769482,106.95159729862844,8397000
2016-09-06,107.4749984741211,107.81364973397102,106.60528153351055,106.75922246547451,8542600
2016-09-07,107.39803314208984,108.07533569416678,107.39803314208984,108.03685045933608,5421800
2016-09-08,106.05109405517578,107.19019552815317,105.64317654932597,106.87463315750239,14301500
2016-09-09,104.30404663085938,104.76583434539212,104.21938378825449,104.72736084388379,13347700
2016-09-12,104.35790252685547,104.54262463422324,104.02695529654049,104.15010336811902,9096600
2016-09-13,103.17256164550781,104.67339100597705,102.64149623856372,104.5733318005997,15645400
2016-09-14,103.32650756835938,103.83448427888517,103.17257843475643,103.17257843475643,7037700
2016-09-15,102.880126953125,103.17260059060607,102.38754657339211,102.83394937753171,9874500
2016-09-16,103.71133422851562,103.75751179328157,103.3034167476966,103.58049388033216,7507900
2016-09-19,103.37269592285156,103.80370223953916,103.32651835235522,103.53432916363008,7105900
2016-09-20,103.73443603515625,104.35016437876897,103.64977324110899,104.01920554966007,6054800
2016-09-21,104.57337188720703,104.58876832717588,103.27264869484189,103.59591521397444,10698100
2016-09-22,105.40463256835938,105.66631339982003,105.05828890977371,105.18912932550403,12426200
2016-09-23,105.3045883178711,105.70480192760125,105.21992548811157,105.46620988301888,5928800
2016-09-26,105.97410583496094,106.08185737735595,105.45843690035362,105.49692211064554,8661300
2016-09-27,106.75147247314453,106.828442906032,106.17422945860622,106.66680969458402,9450400
2016-09-28,106.5206298828125,107.0978732060446,106.38209712237862,106.59760035686163,7958700
2016-09-29,106.78998565673828,107.03628171124907,105.7894284873622,105.87409128809499,8319800
2016-09-30,105.83562469482422,106.7053416423783,105.343044243122,106.63607526886805,11747100
2016-10-03,105.48634338378906,106.2265495067105,105.44778889813678,106.15714672646551,7588800
2016-10-04,104.2526626586914,105.50945394611507,104.21410818026554,105.33982365318121,12048700
2016-10-05,103.7668685913086,104.15238972067212,103.41218397561882,104.10612906757589,8917700
2016-10-06,103.18860626220703,103.85170319975958,103.07294284258923,103.29655172807962,7839900
2016-10-07,103.25801849365234,103.54330047674281,102.61805175535616,103.26572468380924,9953200
2016-10-10,102.64891052246094,102.67204086046804,102.1708560849009,102.43301952427655,6089100
2016-10-11,102.41758728027344,102.97273887890893,102.21712044500131,102.4407176164519,9670400
2016-10-12,102.51783752441406,102.5640982017094,101.96268586651539,102.29422856391683,7582400
2016-10-13,102.90331268310547,103.2656917477132,102.83390993312588,103.04209465272051,7080600
2016-10-14,101.46149444580078,102.51011286827685,101.41523377152893,101.9858095396271,11415100
2016-10-17,102.10914611816406,102.34817916067237,101.84699450851843,101.85471246273832,10595900
2016-10-18,102.44071197509766,102.46384231000236,101.6465391029019,101.66966943780659,7151000
2016-10-19,102.52552032470703,102.75683542358725,102.02434741477876,102.06289012694658,6941300
2016-10-20,102.63346099853516,103.12692769596872,102.47153690734525,103.04211255585479,6082300
2016-10-21,102.78768157958984,103.1038118521813,102.44842097146007,102.94960569353387,9222700
2016-10-24,102.3404769897461,102.89562858118602,102.00121637662437,102.86479205507311,6507500
2016-10-25,102.6103515625,102.98044871965068,102.15543924796306,102.18627577556875,5134700
2016-10-26,101.91639709472656,102.39445146893033,101.76990889515451,102.13229982947452,5842500
2016-10-27,100.80610656738281,101.06055201905039,100.2817915188987,101.06055201905039,10044700
2016-10-28,100.5824966430664,100.95259376674085,100.48997530344165,100.53623597325402,7541000
2016-10-31,101.1993637084961,101.23020024266182,100.78300578877419,100.92178784028849,7047500
2016-11-01,101.20706939697266,101.66286168087406,100.3341364674897,100.55043947547043,12622400
2016-11-02,101.64740753173828,102.05683906510826,101.22252241570439,101.4311045249628,8666200
2016-11-03,100.86713409423828,101.23793742347547,100.76670352663487,101.00618092234274,6085400
2016-11-04,101.77099609375,101.80961236269513,101.29976209386608,101.4079135796938,7622600
2016-11-07,100.9057846069336,101.19934372719126,100.76673773163006,101.00621520862792,5386700
2016-11-08,100.49633026123047,101.3615538434327,100.2027829952861,101.21477431664721,7576500
2016-11-09,96.2320785522461,98.3951203302295,95.96169980345184,98.27924203965634,31233500
2016-11-10,94.81063079833984,96.53333344498355,94.80290400929557,95.76854635636904,22961200
2016-11-11,94.277587890625,95.05782850398009,93.97630797044276,94.98829919496194,10040200
2016-11-14,93.71366119384766,94.75655969471839,93.265607602201,93.69048671939515,21174400
2016-11-15,94.17720031738281,94.87245831859289,94.07676970854774,94.41667781140784,11963700
2016-11-16,95.02696990966797,95.12739463021393,94.37805494066563,94.47848555502699,9149500
2016-11-17,93.62869262695312,94.33168318235244,93.4664653973565,94.20807811571846,11221600
2016-11-18,93.35833740234375,94.22355540505103,92.96435352057881,93.96089751926925,13577700
2016-11-21,93.59009552001953,93.84502661784202,93.38924017987311,93.63644448550887,6488100
2016-11-22,93.55919647216797,94.06133188757904,93.38151561053672,93.98408164531942,9989900
2016-11-23,93.19609069824219,93.40467278372371,92.12229668428688,92.69395540757337,13563500
2016-11-25,93.33515167236328,93.69823423593989,93.01069717062813,93.62098400607172,3126300
2016-11-28,94.02268981933594,94.03814340177621,93.54372895853962,93.79093912706531,8555000
2016-11-29,94.41666412353516,94.55571688238128,93.63642331590889,93.81410413314002,8363000
2016-11-30,92.88711547851562,93.48195477530325,92.30000886862123,92.67853921596667,21163500
2016-12-01,91.9062728881836,92.10752889272406,91.0625248949712,91.73597480299875,21715700
2016-12-02,92.57978057861328,93.05196890118577,92.22370520361187,92.24692661197611,12487500
2016-12-05,92.47911071777344,93.19900358051002,91.68954775567673,92.0611078388541,12100100
2016-12-06,92.40953826904297,92.84302647511498,92.20828200432557,92.37857440391258,11526600
2016-12-07,93.1990737915039,93.36937204518063,92.7501067419474,92.7501067419474,10392200
2016-12-08,92.09983825683594,92.35527960614753,91.94501905418633,92.23143014977657,12041100
2016-12-09,90.95417785644531,92.00692455771161,90.7838797274541,91.83662642872041,14646400
2016-12-12,91.12450408935547,91.1864317745874,90.47427520591837,90.77616528923767,9496300
2016-12-13,91.44964599609375,91.72057232691233,90.90779333445658,91.65090808716658,12189200
2016-12-14,90.42787170410156,92.27791928794508,90.41239272893938,92.17729118501173,16618400
2016-12-15,90.88455963134766,91.56574658611392,90.59040602130632,91.00066668189,12400500
2016-12-16,90.67554473876953,91.27932495540635,90.41236091336357,91.03936253744803,14924600
2016-12-19,91.65092468261719,91.79025909308936,91.14002987563514,91.32581302676614,10868300
2016-12-20,91.19419860839844,91.26386875387199,90.86134457186076,91.0548642232024,7030600
2016-12-21,91.5967025756836,91.65088782987092,91.13225669611369,91.27932758276513,4624700
2016-12-22,91.43293762207031,91.58039948212593,91.19234694194743,91.21562914696425,5177800
2016-12-23,91.61921691894531,91.88308983235125,91.54160166562592,91.76667287358467,4461600
2016-12-27,91.32429504394531,91.34757725193458,90.98281279141504,91.1302687490846,5276600
2016-12-28,91.99174499511719,92.26338062079519,91.34757628192895,91.47175595150321,7578600
2016-12-29,92.31770324707031,92.56605665290343,92.09263796905688,92.2012922140331,8581400
2016-12-30,92.45738983154297,92.86096776188334,92.13918984917022,92.18575425605125,10613900
2017-01-03,92.85319519042969,93.1248307370672,91.72008268073405,91.89858942350203,13217300
2017-01-04,93.21022033691406,93.31887457606442,92.70575084302345,92.94634744789518,6699600
2017-01-05,94.6693344116211,94.70813612689003,93.26457968369222,93.48188823708303,13265800
2017-01-06,93.80007934570312,94.3278311433076,93.71470729600145,94.00962515419896,8369300
2017-01-09,94.5528793334961,94.68481577044611,94.26571833435939,94.59168103313408,8839100
2017-01-10,94.4908447265625,94.61502444887921,94.12607419377602,94.3356259948817,8417900
2017-01-11,94.80903625488281,95.22037115972113,94.22695721870465,94.63829212354295,9402500
2017-01-12,94.59944915771484,95.56958052238188,94.55288474699866,95.30570763337418,9977600
2017-01-13,94.14927673339844,94.49076475955488,93.61376841744679,94.16480214615649,9820000
2017-01-17,95.13494873046875,95.41434699362048,94.67704371872134,95.3134495578534,7853300
2017-01-18,93.91648864746094,94.65378619336353,93.83887931439949,94.50632431569798,9064700
2017-01-19,93.2723388671875,93.58278218366637,92.78339464055259,93.51292962488209,11795600
2017-01-20,93.08605194091797,93.37320705176789,92.58158241808968,93.00843669031956,16953200
2017-01-23,94.01737213134766,94.58393146444786,93.1481322803977,93.39648567763882,13118400
2017-01-24,93.37319946289062,94.00960538607288,92.97739013882695,93.73020708602098,8395000
2017-01-25,92.2012939453125,92.82217451094755,92.01502444653084,92.57382110045106,11115100
2017-01-26,92.51168823242188,92.55825854605963,91.83648085737532,92.28662305487944,7827900
2017-01-27,92.8454360961914,93.00066064403269,92.55051833710955,92.66693526768775,7197800
2017-01-30,92.56603240966797,93.03945689073592,92.51170530140824,92.69797474790792,6569500
2017-01-31,93.21022033691406,93.44305423292879,92.55053219315492,92.61262202158711,13298500
2017-02-01,92.6338882446289,92.96833493417664,92.2294439831803,92.6338882446289,10975500
2017-02-02,92.59498596191406,93.44276582767047,92.55609447298605,93.27943225538735,6978600
2017-02-03,92.5561294555664,93.23280245421637,92.14390562676057,92.89835569865517,10275600
2017-02-06,93.11612701416016,93.43501477116241,92.64945867507814,93.14723902796695,8433800
2017-02-07,93.80057525634766,94.11946895327686,92.92168310253521,93.16279379649924,8418400
2017-02-08,95.07613372802734,95.09946625422131,94.43057874529188,94.43835229801674,15734200
2017-02-09,93.97946166992188,94.57057210228291,93.84724006799978,94.43057694778393,16890600
2017-02-10,93.92497253417969,94.0727471050985,93.41941295828236,93.41941295828236,7978500
2017-02-13,93.62942504882812,93.65276350087711,93.24053392411858,93.52831549264639,11536800
2017-02-14,92.9527816772461,93.56723052096824,92.42388937720736,93.5205595391351,13210500
2017-02-15,92.52503967285156,92.72726485908973,92.2839289076522,92.36948548898327,8481000
2017-02-16,93.03054809570312,93.49721632260086,92.64943640270428,92.72721345151916,10005800
2017-02-17,93.5827865600586,93.8783417624374,93.43500599186451,93.80834418845663,7886400
2017-02-21,93.4194107055664,93.80830176472404,93.02274016370377,93.08496415733059,8703800
2017-02-22,93.57498931884766,93.97165996483542,93.01498509721978,93.95610692934942,8101500
2017-02-23,93.85501098632812,93.90945552288615,93.59056778990609,93.77723392467514,5330800
2017-02-24,94.89727020263672,94.99837981879287,94.31393316955881,94.3839307652028,11336000
2017-02-27,94.33723449707031,94.81168226842591,94.29056944874327,94.74167876192615,11039800
2017-02-28,94.68724822998047,94.95169738896216,94.3605809753649,94.50058207505873,8410500
2017-03-01,93.10060119628906,93.1629450356788,92.69537218569153,93.07722374287685,10717100
2017-03-02,92.76548767089844,92.89796383793545,92.43819151277135,92.74211022323712,8201200
2017-03-03,93.00709533691406,93.00709533691406,92.38367471296684,92.91358551331199,9515200
2017-03-06,92.56294250488281,92.82790098272996,92.3603278977572,92.82790098272996,4489200
2017-03-07,92.28236389160156,92.4849784171818,92.14988767871448,92.32912474854244,7080100
2017-03-08,91.7836685180664,91.91614479374029,91.35506775345578,91.41740568319462,11336300
2017-03-09,91.05110931396484,91.54985418626067,90.99655992963456,91.44074947216312,10575400
2017-03-10,91.37063598632812,91.42518538193526,90.92644635197331,91.28491465816857,9218500
2017-03-13,90.7939224243164,91.2459003454095,90.77833349350642,91.0432918083604,6993100
2017-03-14,91.23035430908203,91.44855186531294,90.94981289523157,90.99656781572747,9869200
2017-03-15,92.34471130371094,92.6018752177906,91.51088165887042,91.61218595285487,14600500
2017-03-16,91.87715148925781,92.07197157047106,91.66674247210275,91.9472838646848,8018200
2017-03-17,92.45379638671875,92.53951767872968,91.97843502027105,92.04077885908549,7266800
2017-03-20,92.85124206542969,92.91358591172266,92.34470871881305,92.38367510910527,5497800
2017-03-21,93.62272644042969,93.7474141311508,92.74993044169078,92.77331384277824,12540700
2017-03-22,93.9968032836914,94.42540393321573,93.84873810626137,94.07473013401969,11661400
2017-03-23,93.86431121826172,94.30850075836013,93.56039237216474,94.16044154195195,6746500
2017-03-24,94.19942474365234,94.37086740500258,93.82537343292309,93.9266777576126,5819600
2017-03-27,94.62798309326172,95.04879506210341,94.44095753336609,94.939696323378,6878500
2017-03-28,93.9968032836914,94.93193737850594,93.89549302737082,94.90855991795121,6811200
2017-03-29,94.55784606933594,94.58901798731205,94.19937793076373,94.24613878044563,6291000
2017-03-30,93.79419708251953,94.36306849155065,93.7630251505203,94.34748549827009,7042400
2017-03-31,94.06694793701172,94.14487479750608,93.6773076891016,93.73185708599148,5144800
2017-04-03,95.01577758789062,95.17196720530892,94.02399883888951,94.06304177472556,12996500
2017-04-04,94.50032806396484,94.95326287401781,94.453468218908,94.78146330221689,6976700
2017-04-05,94.78924560546875,94.8985752877087,93.99269992657474,94.14888348462586,8555200
2017-04-06,94.64871215820312,94.81271269873609,94.11767952806571,94.6799500726845,6497000
2017-04-07,94.26604461669922,95.46867734069808,94.250428640709,95.14849323168846,10270000
2017-04-10,94.70340728759766,94.97673763716422,94.4925587449869,94.60188850160357,5314500
2017-04-11,95.60147094726562,95.78108750971089,95.05482220595299,95.11729805010998,11297400
2017-04-12,96.12466430664062,96.20276206775084,95.49992392391752,95.67172946552374,11532500
2017-04-13,96.42141723632812,96.63226569114411,95.98409839195575,96.40579530158773,8396700
2017-04-17,96.12466430664062,96.48389732528418,95.94505375534152,96.41361053188952,8015000
2017-04-18,97.38198852539062,97.60065397483358,96.48392360821029,96.72601005113464,11529700
2017-04-19,96.85090637207031,96.96804702786613,96.60100908678245,96.91338218289758,7344000
2017-04-20,96.47611999511719,96.77287133352486,96.16374671583164,96.46049805423931,7932900
2017-04-21,96.47611999511719,97.02276876534835,96.43707110094722,96.69477950320966,9798500
2017-04-24,95.99972534179688,96.17934186370772,95.63268728773522,95.7029740860562,8066400
2017-04-25,94.84396362304688,95.63270473687882,94.78929875127778,95.43747220084288,8122300
2017-04-26,95.3671646118164,95.38278058879075,94.82832105685272,94.89860189027102,5766200
2017-04-27,95.3359146118164,95.5467630433595,94.94544969871889,95.07820633924683,4978300
2017-04-28,95.54676055908203,95.61704733978338,94.92202028918268,94.96106320466426,8166300
2017-05-01,94.7524642944336,95.5819768423685,94.46291464540671,95.22982686610392,8795900
2017-05-02,95.2376937866211,95.30030011430733,94.64295158500595,94.66642746527128,6727800
2017-05-03,95.30027770996094,95.77764039802521,95.12029202326126,95.64460646081821,8932900
2017-05-04,94.83077239990234,94.86207556632097,94.43166449115058,94.6977384204746,9707200
2017-05-05,94.91683959960938,95.05770084097541,94.60381395541064,94.98726723505861,5605400
2017-05-08,94.40033721923828,94.7994450260763,94.32208230840868,94.77596914987413,8057800
2017-05-09,94.39249420166016,94.40031551161769,94.01686235740192,94.20467529429823,5536700
2017-05-10,94.282958984375,94.73683986089104,94.03253968439589,94.61946047845322,6517000
2017-05-11,94.282958984375,94.35338661383769,93.83689941971011,93.9073270491728,7479800
2017-05-12,94.99507904052734,95.07333394621008,94.67423213608811,94.69770801074627,7463900
2017-05-15,94.73685455322266,94.85423992433233,94.4942624979392,94.73685455322266,5173200
2017-05-16,95.08902740478516,95.38639855620275,94.77600168354773,94.77600168354773,6722700
2017-05-17,96.47413635253906,96.67760392060383,95.77765741580306,95.96547041761102,11236400
2017-05-18,96.58367156982422,96.99060660961835,96.4036858937534,96.8419181177167,8350500
2017-05-19,96.81063079833984,96.86540983529544,96.26284042878397,96.53673561356192,11277400
2017-05-22,96.54451751708984,96.6931999929596,96.45843536083999,96.57582066213202,4062900
2017-05-23,95.89503479003906,96.74020218344955,95.84808303611644,96.65411998761327,7901300
2017-05-24,96.43498229980469,96.45845817152183,95.89501336844712,96.09848087410539,7355200
2017-05-25,96.46632385253906,96.47415113686698,96.06722190884466,96.27068353762152,6464800
2017-05-26,96.63062286376953,96.83408439967582,96.45063122919687,96.68540188812366,2963800
2017-05-30,97.1080093383789,97.14713978370364,96.83411413250894,97.0610575803634,4819400
2017-05-31,97.3505630493164,97.5462032459708,97.06101340890052,97.07666796809326,8000200
2017-06-01,97.36079406738281,97.39216354665223,96.97652841678611,97.00789191293913,9037300
2017-06-02,98.51358795166016,98.63121600921828,98.06658338359178,98.19989917090153,13245000
2017-06-05,97.90190124511719,98.15285707956453,97.85485001771652,97.94895845563427,6775500
2017-06-06,98.43518829345703,98.70966979142418,98.34108582157572,98.56851010048472,12841500
2017-06-07,97.96466064453125,98.43519096606563,97.86271430285272,98.21561054822409,12852400
2017-06-08,97.70587158203125,97.93329587807459,97.47845326910587,97.93329587807459,8758600
2017-06-09,97.55682373046875,97.7450345745545,97.22745325753999,97.30587394398282,5130500
2017-06-12,97.52548217773438,98.0195380285601,97.35295302830161,97.4078481228378,4335800
2017-06-13,97.54112243652344,97.65091257889588,97.23527761375534,97.25096533873085,4742600
2017-06-14,99.0468978881836,99.368424683161,98.59989313596348,98.74889073129131,20212300
2017-06-15,98.8900146484375,99.0703876509084,98.67827815112624,98.88217078316934,5863700
2017-06-16,99.08610534667969,99.15668819346826,98.81947366198983,98.87436877255058,6672500
2017-06-19,98.94490814208984,99.18802009654988,98.83511796257217,99.06254218674908,5641300
2017-06-20,99.8310775756836,99.9094982762972,99.43112422450349,99.43112422450349,8405700
2017-06-21,100.03495788574219,100.09769683175591,99.52522040294758,99.68206178486666,5914800
2017-06-22,100.25453186035156,100.27806345095186,99.83889683980192,100.15258556687621,6608100
2017-06-23,100.20752716064453,100.30163561738541,99.90952602230816,99.96442112629427,4329900
2017-06-26,100.58393096923828,100.82704892619056,100.50551624403731,100.59178081812152,5541600
2017-06-27,99.50953674316406,99.98006689127332,99.2978002706053,99.93301567139703,8354200
2017-06-28,99.18017578125,99.3683866619809,98.79591015468225,99.33701718467309,7357900
2017-06-29,98.3488998413086,98.59200579737993,97.94894650783988,98.03521106962951,9115800
2017-06-30,98.12145233154297,98.333188761856,97.90970991811568,98.17634740481776,10189800
2017-07-03,97.8055648803711,98.26135314274647,97.45979364746862,98.2299188492573,11021100
2017-07-05,97.82914733886719,97.95488452341101,97.53839059169778,97.60125318849073,11394500
2017-07-06,97.01973724365234,97.16118858369312,96.60324329672093,97.06688569183954,10853100
2017-07-07,96.4382095336914,96.68181782258664,96.33604657733251,96.53250642204897,9401800
2017-07-10,96.57965087890625,96.7368163402428,96.40676527414922,96.55607665925356,3859200
2017-07-11,96.7446517944336,96.91753735519838,96.4303149562682,96.54819202001478,4425600
2017-07-12,97.41266632080078,97.47553492140696,97.04332078658919,97.35765779414032,7839900
2017-07-13,96.79969024658203,97.16903569606136,96.50892753209274,97.12974133082716,7449300
2017-07-14,96.91757202148438,97.56982014477072,96.75254647140204,97.52266570511958,6566800
2017-07-17,97.18475341796875,97.43622177646935,96.87041647097335,96.91757091008375,4737300
2017-07-18,98.03348541259766,98.04919956583494,97.62485147814755,97.78201699244065,9163000
2017-07-19,98.0727767944336,98.23780237804661,97.9077452153407,98.05705664619623,5140900
2017-07-20,98.35567474365234,98.80360301904184,98.20636332002931,98.61499722220867,12239100
2017-07-21,98.77215576171875,99.03933827896154,98.6778528756737,98.8035900570671,6201500
2017-07-24,98.3870849609375,98.74857634067422,98.35565666272242,98.5835447999134,5378500
2017-07-25,97.10619354248047,97.59341622480751,97.02761078609997,97.55412184887726,9743300
2017-07-26,97.26335906982422,97.51482748756749,96.72113385388154,96.87043929238286,8459500
2017-07-27,96.78400421142578,96.95688388043028,96.51681564027318,96.74470983477742,6390800
2017-07-28,97.35763549804688,97.4362182330683,96.86255887148131,96.87041294814858,5491800
2017-07-31,97.47554779052734,97.48340786551078,96.97261091023766,97.01975936917717,5464600
2017-08-01,98.159912109375,98.2150401896484,96.99434526687749,97.01009357187984,9676800
2017-08-02,98.21503448486328,98.57730556397608,98.19140902447698,98.2622854056359,5745600
2017-08-03,99.23094940185547,99.24669770246126,98.6481661433063,98.6717915984692,10324500
2017-08-04,98.38829040527344,98.58517724223199,98.0023938872173,98.56155178315848,8485500
2017-08-07,98.49851989746094,98.5221453501409,98.13624893651667,98.3173814127349,4684600
2017-08-08,98.14412689208984,98.42764434358133,97.77397877439219,98.34101367737517,6197400
2017-08-09,98.6796875,99.19158848180197,98.60092795648316,99.17584017820435,9221800
2017-08-10,99.52234649658203,99.57747456282827,98.85292653836667,98.93168606886866,10378200
2017-08-11,99.56962585449219,99.593251316989,98.87658625104119,99.04984164552121,5717800
2017-08-14,99.05769348144531,99.45146711176336,99.01831972351877,99.22307768515785,5111000
2017-08-15,98.64027404785156,98.86866342734653,98.21499789380998,98.23075220053792,7473200
2017-08-16,99.00259399414062,99.24673179269402,98.29380005324796,98.30955436777364,5283800
2017-08-17,99.74284362792969,99.76646908009225,98.84504039470663,98.9946702612387,9364700
2017-08-18,99.71929931640625,100.13669866693233,99.43578164274464,100.00281699006784,8382500
2017-08-21,99.96336364746094,100.03424000947048,99.62471812022972,99.83735321476647,7669800
2017-08-22,99.5775146484375,99.86890339796447,99.4436269977919,99.85315509062964,6140700
2017-08-23,100.2547836303711,100.26265477802474,99.82950732519784,100.05001962969294,7446400
2017-08-24,99.88463592529297,100.2626553039791,99.79800523257121,99.9240096892967,5569400
2017-08-25,100.27052307128906,100.37290205832404,99.91612918589101,100.03425647535094,7303300
2017-08-28,100.20751953125,100.32565283120746,99.80587472330754,99.95550462864504,4448500
2017-08-29,100.53042602539062,101.21559442109502,100.2626567870599,101.16834350018775,7659400
2017-08-30,100.49893951416016,100.60131852870268,100.28629831898085,100.38080618445062,4735200
2017-08-31,100.79818725585938,100.8296898720093,100.46741879904974,100.52254687518467,7978400
2017-09-01,100.02717590332031,100.49278274728482,99.77464205114524,100.46910863940622,14128600
2017-09-05,101.61334991455078,101.64492340358586,100.76894573010878,100.76894573010878,15215700
2017-09-06,100.98997497558594,101.80281821973563,100.8084634256957,101.58185182570068,9066400
2017-09-07,102.02377319335938,102.25263895984006,101.27406500882181,101.27406500882181,13618900
2017-09-08,101.80279541015625,101.92906533324614,101.46345853883513,101.88960447706022,9808500
2017-09-11,100.58747100830078,101.05308380745628,100.42963963078974,100.91103315934389,17856700
2017-09-12,100.05874633789062,100.29549344453963,99.85356069542244,100.2639319803588,7557400
2017-09-13,99.6641845703125,100.16135902662941,99.65629119202329,100.1534716692237,6740000
2017-09-14,100.07454681396484,100.09033357005201,99.69574896023951,99.72731645153051,6674500
2017-09-15,100.11397552490234,100.23235207399809,99.86144169657604,100.22445869849001,9769200
2017-09-18,99.53788757324219,99.88512387307856,99.30902783206658,99.82988228182113,6863000
2017-09-19,99.29325103759766,99.67994219173185,99.22222871211433,99.6562680832374,5554900
2017-09-20,99.36428833007812,99.47477152692079,98.90656878836839,99.41163655132993,8037000
2017-09-21,99.30902099609375,99.8772236218474,99.29324026577014,99.56156084832335,6147800
2017-09-22,99.5931167602539,100.01138135154494,99.48263359149963,99.829869848088,5660700
2017-09-25,100.21654510498047,100.43751140757736,99.5931010250077,99.68780344935502,9679000
2017-09-26,100.0350341796875,100.13762395145916,99.77460704263652,100.04292153229157,7251900
2017-09-27,98.52774047851562,98.88287011232755,98.33834161967796,98.54352722893277,12145700
2017-09-28,98.23575592041016,98.36991320014242,97.83327806033198,98.02267692706465,8883700
2017-09-29,98.45673370361328,98.66980670082461,98.07003652881617,98.45673370361328,11285500
2017-10-02,98.27645111083984,98.8458039066331,98.24481972962143,98.69555635411291,7860700
2017-10-03,98.37133026123047,98.45831503805606,97.99175977753083,97.99175977753083,6219800
2017-10-04,98.37921142578125,98.52154352918564,97.9601003334025,98.4740994947175,7447000
2017-10-05,98.0075454711914,98.29222172981393,97.80985396009609,98.26849368070694,8180300
2017-10-06,97.73080444335938,98.13409694694815,97.2879772444811,97.49357817241805,10375000
2017-10-09,98.03923797607422,98.10249471394256,97.77037421612164,97.88108104872862,3590900
2017-10-10,98.19737243652344,98.74300318667939,98.07084691582163,98.16574105634798,6666800
2017-10-11,98.38713836669922,98.57692661627496,98.26061890004995,98.50575451441708,4385900
2017-10-12,98.80624389648438,98.82997195257107,98.24480056379069,98.4899422121433,7141600
2017-10-13,99.5179214477539,99.58909354036312,98.98020020996742,99.30441723606044,7746900
2017-10-16,99.44676971435547,99.5574765116362,99.14627466482098,99.26489081421259,5737300
2017-10-17,99.57329559326172,99.70772442246162,99.15419040042183,99.15419040042183,4969600
2017-10-18,98.91698455810547,98.98815668459643,98.59277341073769,98.88535920529836,5943800
2017-10-19,99.0909194946289,99.64445950420426,99.05928811981879,99.4309492325029,8966500
2017-10-20,98.03923797607422,98.27646431748778,97.77037421612164,98.05505065227383,12326900
2017-10-23,98.21316528320312,98.44248821837868,98.0708271176827,98.18153994248095,6871100
2017-10-24,97.6042709350586,97.8098718334268,97.38285736746232,97.55682689430718,6842800
2017-10-25,97.13774108886719,97.24845393461663,96.80562065082526,96.89260543694131,9961400
2017-10-26,96.81350708007812,97.31168761917947,96.81350708007812,97.31168761917947,8179400
2017-10-27,97.45404815673828,97.52522026899197,97.06657431512656,97.21682185971976,10480900
2017-10-30,98.38713836669922,98.41876974162851,97.7070788883892,97.94431118382494,9051600
2017-10-31,98.41876220703125,98.57691906956975,98.3713181648034,98.47411560065287,4424300
2017-11-01,98.85700988769531,99.16606137882694,98.50041387357258,98.54003229411693,8940400
2017-11-02,99.2928237915039,99.46715566991608,98.99169245112056,99.05508915918472,7222700
2017-11-03,99.5622787475586,99.60982326906371,99.1660582794305,99.42756523939774,10984100
2017-11-06,99.9346923828125,100.02186133931238,99.62564100825558,99.79205282179835,6246700
2017-11-07,100.35468292236328,100.46562412913212,99.95053650008116,100.02978540135233,6422700
2017-11-08,100.13282012939453,100.48149601661368,100.0139528000386,100.31507812800925,3356200
2017-11-09,99.8475341796875,100.03771826624131,99.49093826166872,99.7445190590215,6280400
2017-11-10,98.3419189453125,98.92832354509743,98.23097769794357,98.82530839992474,11981000
2017-11-13,98.5479507446289,98.90454673106309,98.50832628131654,98.89662667507604,5880800
2017-11-14,99.21357727050781,99.24527562530254,98.87282751376831,98.87282751376831,6195900
2017-11-15,100.29129791259766,100.37846687748507,99.56225388430569,99.89507754341597,9568200
2017-11-16,99.41960906982422,100.10903465236882,99.41168297002227,99.85545387129082,5894900
2017-11-17,100.1565933227539,100.1962177815243,99.81584353319676,99.90301250581675,6938800
2017-11-20,100.11695861816406,100.14865697276768,99.77621490932168,99.77621490932168,4232300
2017-11-21,100.43392181396484,100.86976657038547,100.0931721078111,100.71127481994066,5818400
2017-11-22,100.75882720947266,100.79844561342635,100.25166569046449,100.33883464334173,4140700
2017-11-24,100.48149871826172,100.66375672177682,100.39432974411322,100.5845138486901,3141400
2017-11-27,100.33883666992188,100.67958638918543,100.18034491337933,100.5290207319306,6079900
2017-11-28,100.47356414794922,100.78261555902705,100.21998334794065,100.4577119471619,5983000
2017-11-29,99.48304748535156,99.59398874572074,99.13437149799402,99.49889364575634,14547100
2017-11-30,99.15020751953125,99.46717904264813,98.61134746605059,99.30076717925849,9630000
2017-12-01,100.4881820678711,101.3934089620767,99.33679273177434,99.94822163464404,24583100
2017-12-04,100.53585052490234,100.58349214526064,99.90060064856348,99.98794765801487,9609200
2017-12-05,101.03610229492188,101.24255940647579,100.40879472926346,100.42467930764002,10958900
2017-12-06,101.38546752929688,101.82219640540899,101.36958901268144,101.53634069899955,11834200
2017-12-07,100.59141540527344,101.71898402537602,100.28967510309988,101.58398936291223,13056800
2017-12-08,100.59934997558594,100.6390492959315,100.24201974333474,100.51993921851444,4786100
2017-12-11,100.39291381835938,100.91698978666489,100.37703529855256,100.73435954702488,3863800
2017-12-12,100.35316467285156,100.37699152945935,99.78938356357692,100.18641302572995,7502400
2017-12-13,101.10752868652344,101.15517028543496,100.5199206950656,100.69461463532662,8532900
2017-12-14,101.53632354736328,101.623670519469,100.67873839842855,100.88519542869562,6885000
2017-12-15,101.91749572753906,102.10806216714514,101.29018222015318,101.48869700566348,7239400
2017-12-18,100.98844146728516,101.63956971846646,100.77404816551406,101.61574891362417,7239700
2017-12-19,99.67825317382812,100.35320230092701,99.31298665867098,100.30556068622553,11045800
2017-12-20,98.57447814941406,99.02709151125453,98.42360500940421,98.70946671774442,10005800
2017-12-21,99.1490249633789,99.35591869220187,98.67158303386735,98.6954542196924,7026900
2017-12-22,99.28427124023438,99.33997268188419,99.09329573614956,99.22856979858456,3974300
2017-12-26,99.57875061035156,99.8890882493911,99.44347647456615,99.45143556226091,3168400
2017-12-27,100.87574005126953,101.04285043415244,100.0243003263484,100.03225940910505,9059700
2017-12-28,100.78826141357422,100.92353552849686,100.55749647405693,100.6848115025123,5297100
2017-12-29,100.94737243652344,101.15426611738478,100.64499403449693,100.66090613102375,7580500
2018-01-02,99.85723876953125,100.66889557019233,99.52303000267266,100.65297739786348,16238200
2018-01-03,100.33464050292969,100.4221722026305,99.85719873156248,100.26302696917529,8605100
2018-01-04,100.31875610351562,100.39037572804395,99.76174156164285,99.98454737839197,9217900
2018-01-05,100.03231048583984,100.40630864334922,99.75380315716406,100.1596315909513,10915400
2018-01-08,99.96862030029297,100.2869168977168,99.6025813381065,100.25508663087415,8850600
2018-01-09,98.63175201416016,99.3320055479223,98.52034914669818,99.31608738342719,16226400
2018-01-10,98.51245880126953,98.61590265228674,97.6053171200269,97.72467307466029,14302600
2018-01-11,98.91827392578125,99.14107978607674,98.12253524129487,98.28168662079477,12511000
2018-01-12,99.08536529541016,99.30021811173974,98.59997034700666,98.75115654890142,9987100
2018-01-16,99.4991683959961,99.69014398530383,99.11721114637608,99.60261224207851,9125900
2018-01-17,99.36383056640625,99.97654630513836,99.14897785405817,99.53093485878773,8327000
2018-01-18,98.44084930419922,98.88646110344112,98.30557516100156,98.61591281704581,10843900
2018-01-19,97.923583984375,98.32145325922912,97.85992951436087,98.19413824819753,11374300
2018-01-22,98.01907348632812,98.44081394067834,97.86788122118249,98.23392022063744,8984700
2018-01-23,98.44084930419922,98.83075962853589,98.06685108511886,98.52042197249163,12325700
2018-01-24,97.90766143798828,97.97927498573934,97.50979220558635,97.75646918695469,9038900
2018-01-25,98.71134185791016,98.79091447638174,97.71666894951123,98.00313523281025,12173300
2018-01-26,98.34532165527344,98.5999638121216,97.95541147685523,98.5760865566647,6462900
2018-01-29,97.66098022460938,97.85195574800586,97.318812456731,97.85195574800586,12223000
2018-01-30,97.08807373046875,97.37454012821375,96.8413906223525,97.30292049327547,12064400
2018-01-31,97.66098022460938,97.82012548227272,97.03234613613502,97.7723831191742,18045100
2018-02-01,96.24562072753906,97.70485574506701,96.18980329382376,97.66498962592408,18632800
2018-02-02,95.35250091552734,95.89472978932716,95.08138343680675,95.80701584770945,23944400
2018-02-05,96.25362396240234,97.13873358179725,94.60301528259889,95.02563398519099,28606200
2018-02-06,95.655517578125,96.3811500552957,95.46414445331901,96.02231860218728,10935400
2018-02-07,94.7464828491211,95.95055111936136,94.53915842558663,95.79106845370345,16271100
2018-02-08,94.64282989501953,95.03355180516994,93.97301482254822,94.100600963454,15155100
2018-02-09,94.04479217529297,94.96179179169928,93.92518167813137,94.18034789970959,15661600
2018-02-12,94.4594497680664,95.12926500667845,94.24415570643897,94.53918808408977,10944600
2018-02-13,94.88207244873047,94.89802376281567,94.4036364481192,94.57906440119355,8157600
2018-02-14,93.82951354980469,94.52324972528744,93.67003690616554,94.45945663437418,12043300
2018-02-15,94.14849853515625,94.7306000017317,94.08470542688717,94.24418819755986,8222400
2018-02-16,94.65882110595703,95.05751886451147,94.36378257451456,94.92196308667776,8454100
2018-02-20,94.24415588378906,94.49932214573012,93.91722087874143,94.31591854325207,8268800
2018-02-21,93.08792877197266,94.32389396229884,92.90453125360027,94.28402176249081,12054300
2018-02-22,93.36705017089844,93.82157151433185,93.29528748529049,93.48666073055745,9317900
2018-02-23,94.19631958007812,94.3398510002514,93.86939061857716,93.99697072337324,9072900
2018-02-26,94.22818756103516,94.81826437821822,94.12452837708582,94.63486080884674,8771600
2018-02-27,94.0926513671875,94.61893521871228,93.5025805111864,94.50729427268034,12525700
2018-02-28,94.69071960449219,94.75451270724794,94.29202183773643,94.46744982849218,9311600
2018-03-01,95.33711242675781,95.5768159529643,94.40227964719757,94.62599968716954,12287700
2018-03-02,94.5620346069336,95.02545796077733,94.37826727083387,94.96153623695521,10064300
2018-03-05,94.30636596679688,94.92160197006484,93.98676340238991,94.88164936354703,5658200
2018-03-06,94.39427185058594,94.82573446683105,94.37829446298258,94.57005359378722,5452000
2018-03-07,94.29036712646484,94.82569779488551,94.25041452903801,94.73780695727488,4461800
2018-03-08,94.83373260498047,95.0734300106753,94.4901608371626,94.53010735682179,7086700
2018-03-09,94.21051788330078,94.49815357252953,93.95483087791749,94.27443353873288,6570400
2018-03-12,94.75381469726562,94.80975078994898,94.43421819909618,94.53009471018203,5801300
2018-03-13,95.23320007324219,95.3770209032189,94.43419681690733,94.53007330628444,7455300
2018-03-14,96.07220458984375,96.20004810975725,95.37707526203637,95.40104439804152,10175000
2018-03-15,96.07220458984375,96.27195551777268,95.82451538990452,96.01627457386023,6757900
2018-03-16,95.72860717773438,95.88841153493729,95.52087065723997,95.72062153180892,6084300
2018-03-19,95.42498779296875,95.8564504124171,95.24121430664499,95.24920604846243,8491200
2018-03-20,95.04141998291016,95.25715424196446,94.94554350858391,95.00946522207481,5446000
2018-03-21,95.14537811279297,95.41703649059065,94.37034341767593,94.80979796519038,9742400
2018-03-22,96.08814239501953,96.53558231016326,95.61672725935455,96.128088904065,12136600
2018-03-23,96.01625061035156,96.12811061440085,95.5768023361331,95.62474059617907,7250400
2018-03-26,95.64868927001953,96.23995003581592,95.61672840485328,95.88040097054107,8237900
2018-03-27,96.67141723632812,96.77529157710858,95.72859300412107,95.7445764854313,9168500
2018-03-28,96.92709350585938,97.19076607184302,96.6394518149521,97.03895348611091,7412500
2018-03-29,97.39847564697266,97.71008635722308,97.08686493672222,97.11083405352461,9694300
2018-04-02,97.59066772460938,97.97501174470156,97.01416085788253,97.16629181444861,12036500
2018-04-03,96.83800506591797,97.27038980494402,96.74992635376779,97.17430227106898,9855000
2018-04-04,96.6378173828125,97.25436219574476,96.56575021255576,97.16628349262008,6654300
2018-04-05,95.917236328125,96.30157444719154,95.90121867627974,96.16545495122816,7603700
2018-04-06,96.96612548828125,97.00616349201898,96.26150182866573,96.61381671294433,8831200
2018-04-09,97.12625122070312,97.12625122070312,96.36557207027482,96.59777900405143,6307500
2018-04-10,96.95011138916016,97.19032107841123,96.70989559096755,97.04619282128398,6046000
2018-04-11,97.2944107055664,97.59867873446154,97.10223563674107,97.566649556324,5901300
2018-04-12,96.5818099975586,96.9421276792446,96.41366133884226,96.91810731499129,6622800
2018-04-13,96.80596923828125,96.9901293627153,96.48568358963955,96.50169512304835,4964000
2018-04-16,96.83800506591797,96.86202542215146,96.22946290259156,96.26950090227476,4491300
2018-04-17,97.10224914550781,97.35047378337136,96.7419315319802,96.8220014339928,5590400
2018-04-18,96.3255615234375,97.15829581043704,96.30954387814418,97.11826391508727,8138400
2018-04-19,95.54088592529297,95.70903458960183,95.13252139257528,95.6209558451148,9875800
2018-04-20,94.85222625732422,95.38870117209673,94.82820590426579,95.19653223868902,7579400
2018-04-23,94.87625122070312,94.98034756760168,94.54796286471827,94.74814062851945,7073200
2018-04-24,94.44390869140625,94.844264397786,94.29177767706337,94.65209536922784,8190800
2018-04-25,93.81134033203125,94.20368716476628,93.63518286579931,94.01151816021438,6603800
2018-04-26,94.46792602539062,94.5880278385299,94.15564298440044,94.26774819156824,6528600
2018-04-27,95.19654083251953,95.24458154297326,94.83622328623501,94.86024364146188,5401800
2018-04-30,95.36473083496094,95.7330573625603,95.23662018181237,95.34871929417116,8321100
2018-05-01,95.02124786376953,95.36630689055251,94.87680184498156,95.31013377893551,7979200
2018-05-02,94.91693878173828,95.39040319686973,94.90089194232871,95.20583087039891,4644000
2018-05-03,95.34220123291016,95.74343935761381,95.23788152455406,95.36627454080711,6345300
2018-05-04,95.48670196533203,95.67930078378093,95.08546361051394,95.67930078378093,4283500
2018-05-07,95.3342514038086,95.51079116645407,95.28609862998488,95.47067099774883,3647800
2018-05-08,95.24594116210938,95.49470692686529,94.93297580567128,95.13359493787057,6091200
2018-05-09,94.67617797851562,95.02926346712691,94.67617797851562,94.78852419612963,7832500
2018-05-10,95.43851470947266,95.47864097684389,94.97307694656513,95.13357589364125,7101500
2018-05-11,95.67927551269531,95.78359525332668,95.35025720988827,95.75149545873015,4273400
2018-05-14,95.17371368408203,95.48667903589413,95.16568720463789,95.33421266091513,4996200
2018-05-15,94.09033966064453,94.35515829068777,93.64897527723912,94.33910533725056,12901000
2018-05-16,93.729248046875,94.31505240331279,93.72122156842252,94.22677950756312,6518000
2018-05-17,93.25579071044922,93.74530185149003,93.15949132908705,93.59282936160234,7330300
2018-05-18,94.05828094482422,94.12248054178879,93.49654977741048,93.49654977741048,9606500
2018-05-21,94.10643005371094,94.19470297125372,93.8496377815167,93.99408381727663,4448500
2018-05-22,93.96199035644531,94.17063600493131,93.76939766991038,94.12248936390036,4700700
2018-05-23,94.64408111572266,94.78050065242037,94.41938867353585,94.49160862034881,9634000
2018-05-24,95.39839935302734,95.54284536071205,95.20580671691756,95.24593298887812,8204100
2018-05-25,95.99227142333984,96.1688111662207,95.87189868587564,95.9441186549071,8482800
2018-05-29,98.09468841552734,98.31938077066354,96.64220846096295,96.93110038111163,21668100
2018-05-30,97.43668365478516,97.4848364023377,96.89099945432602,97.0996450339628,11616300
2018-05-31,97.27620697021484,97.88609085370992,97.0595348762843,97.5490460545302,10769900
2018-06-01,96.76223754882812,97.09201421138201,96.40028036898823,96.65766927755553,8718800
2018-06-04,96.06244659423828,96.63352797211513,96.01418809760034,96.60939872379616,7156500
2018-06-05,96.28765106201172,96.6496081589892,96.21526332459676,96.48873629256558,5635900
2018-06-06,95.5074691772461,95.79703249049786,95.2500802473152,95.78094836715549,7813300
2018-06-07,96.43246459960938,96.91506808538851,95.45921249790786,95.46725762805112,13238300
2018-06-08,96.14288330078125,96.40027218750396,96.0704955529382,96.16701255006227,6790600
2018-06-11,95.96591186523438,96.0302606107306,95.66830965642413,95.77287176537988,6844200
2018-06-12,95.99005889892578,96.08658203505718,95.62810787754478,95.66028225625524,6048200
2018-06-13,95.9417953491211,96.23135860563835,95.41897246170743,96.07853184896676,8834700
2018-06-14,96.73809051513672,96.7622259001957,96.10266651785275,96.34396513872854,10078800
2018-06-15,96.82655334472656,97.39763463560479,96.76221073788956,97.18851042427514,7992800
2018-06-18,96.73809051513672,96.9713501442944,96.55309551946212,96.90700752737513,4893700
2018-06-19,97.3011474609375,97.51027787295894,97.08397191935944,97.3011474609375,6133300
2018-06-20,96.44854736328125,97.1563653449653,96.44050223376331,97.14027508592942,6879100
2018-06-21,96.95529174804688,97.12420266846522,96.69790280217562,96.81051008245451,7235800
2018-06-22,96.94722747802734,97.01962136484963,96.56918619602342,96.59331544608574,4082500
2018-06-25,97.16439056396484,97.41373429820442,97.03569306459309,97.05178332033182,8363700
2018-06-26,97.3011474609375,97.34940596500559,97.05180367440458,97.14027555298415,5450000
2018-06-27,98.21812438964844,98.27442803962893,97.76769518980453,97.92856100785232,8173400
2018-06-28,98.2422103881836,98.33068839014028,97.9928666390156,98.23416525983255,7109500
2018-06-29,97.90441131591797,98.5317964666602,97.84810767768818,98.26636239930423,11164700
2018-07-02,97.82781219482422,98.15027840531758,97.77944441593621,98.14221505865912,9662000
2018-07-03,98.35181427001953,98.37599815829604,97.97291695227138,97.97291695227138,3808800
2018-07-05,98.63398742675781,98.7790969327565,98.35989511016706,98.40019954761924,3860400
2018-07-06,98.95643615722656,99.09348229125574,98.73877501203498,98.95643615722656,4679900
2018-07-09,98.319580078125,98.52112070787284,98.27121229515573,98.4082584472566,5952700
2018-07-10,98.31150817871094,98.45661766552766,98.19864592791254,98.2470198572057,5759700
2018-07-11,98.69037628173828,98.79518130538746,98.42434127628513,98.71456016395592,6869100
2018-07-12,98.68235778808594,98.73072557148951,98.4646904617059,98.48887435340768,4824700
2018-07-13,98.9322509765625,99.05317656699198,98.73071037602372,98.84357262028296,4079000
2018-07-16,98.52112579345703,98.58562027443315,98.06161337993353,98.52112579345703,5517100
2018-07-17,98.33573150634766,98.66625502399128,98.27123701247893,98.58563998192211,3764300
2018-07-18,97.94068908691406,98.3840809614408,97.86007405987256,98.36795426571311,6330000
2018-07-19,98.56143188476562,98.71459858193029,98.16640781970928,98.19059786187081,6166700
2018-07-20,97.3521728515625,98.02128296713423,97.30379892534779,98.01322577154093,10469500
2018-07-23,96.15100860595703,97.04584956548125,96.07845692571408,97.04584956548125,11571800
2018-07-24,96.4815444946289,96.59440677159367,96.04621593325074,96.1590782102155,9053500
2018-07-25,96.32836151123047,96.94911011989122,96.14294756877078,96.75562667923916,7357900
2018-07-26,96.14295196533203,96.64276883354245,96.06233693663994,96.50572266971265,6821100
2018-07-27,96.30416107177734,96.63469061320048,96.25579329519097,96.61856392065096,4542000
2018-07-30,95.9736328125,96.2638517583587,95.90913834663567,95.92525888783635,7111200
2018-07-31,96.49763488769531,96.62662382136756,96.38477264599754,96.57019270051867,6797400
2018-08-01,95.71147918701172,96.01850349473352,95.39637350784768,95.57412669389514,13312600
2018-08-02,95.8488540649414,95.93773067872162,95.58223038788243,95.84077885589353,4451100
2018-08-03,96.3255386352539,96.3820959095301,95.99427019715013,96.01043294081795,6162400
2018-08-06,96.3821029663086,96.82647982121996,96.36594022145741,96.58409412698131,4200200
2018-08-07,95.88114166259766,96.22856662941044,95.80034644888578,96.17200936338416,5346900
2018-08-08,95.9781265258789,96.17203632600756,95.83269263471206,95.87309333503451,5640900
2018-08-09,96.78607940673828,96.81839873019585,96.24474460845543,96.3336212068936,7144100
2018-08-10,97.48904418945312,97.80414999566351,97.18201359366051,97.25473363739978,8457900
2018-08-13,97.28703308105469,97.52133742092047,97.12543644149717,97.15775576940867,7923200
2018-08-14,97.06888580322266,97.40822952309975,96.98000918645266,97.3920729401788,4251200
2018-08-15,97.63444519042969,97.86875567826732,97.41629744756352,97.48901747137296,7649800
2018-08-16,97.6263656616211,97.70716089005947,97.1819826587888,97.61020291736494,5400400
2018-08-17,97.74755859375,98.07882086948958,97.56172402617858,97.83642902731478,3537600
2018-08-20,98.40199279785156,98.49895075266001,98.20000168187707,98.28079689541093,5603700
2018-08-21,98.0707778930664,98.19197386160296,97.82031074523177,98.06270268230486,4695000
2018-08-22,98.45860290527344,98.61211820837333,98.23237372025233,98.571717497784,5309600
2018-08-23,98.6120834350586,98.67671591921417,98.39392953765599,98.57168273871565,5328700
2018-08-24,98.80599212646484,98.83831145032661,98.15961797779073,98.26465732141169,6092200
2018-08-27,98.24043273925781,98.4666680512745,98.18387545232413,98.39394801705579,6407400
2018-08-28,97.650634765625,97.83646323388705,97.50520084232816,97.76374935438001,4929300
2018-08-29,97.77986907958984,97.88490841832495,97.45668818456609,97.71523659915336,5613300
2018-08-30,97.98995208740234,98.13538597145103,97.8283616225843,98.01419004069693,5302900
2018-08-31,97.76374053955078,98.50706667414278,97.67486391864499,98.4828287164925,9677500
2018-09-04,97.19849395751953,97.2551786612069,96.97175514277004,97.14180925383216,18343600
2018-09-05,96.93937683105469,97.09323798222974,96.80981442335745,96.97986855868082,9422600
2018-09-06,97.29564666748047,97.49809287104237,96.92314639430673,96.97983108417735,9566000
2018-09-07,96.46964263916016,96.68828795332016,96.35627328299073,96.63160327523543,11212600
2018-09-10,96.82598114013672,96.85027369885412,96.5020659415114,96.5020659415114,6386400
2018-09-11,96.08909606933594,96.5020819925602,96.04050476565047,96.42920430428636,5440000
2018-09-12,96.31581115722656,96.5020582112531,96.28341902214193,96.40488798416727,3347200
2018-09-13,96.46158599853516,96.82598675677127,96.3482165991653,96.63973349885285,4833000
2018-09-14,96.00001525878906,96.29153835619324,95.79756900660112,95.88664585181736,5579500
2018-09-17,96.00001525878906,96.21865449275754,95.65180745789904,95.70039258140996,5433000
2018-09-18,94.99592590332031,95.61136455409391,94.87446303252567,95.60326496998344,10182300
2018-09-19,94.42903137207031,94.83392388076518,94.08892314752728,94.83392388076518,13379600
2018-09-20,94.86631774902344,94.98778673947602,94.31566368005197,94.40474052783922,8657300
2018-09-21,94.82583618164062,94.97159775016034,94.61529032085211,94.63958906408052,6173800
2018-09-24,94.58289337158203,94.96348714359048,94.51810908683484,94.53430206893692,5505500
2018-09-25,94.4856948852539,94.5342799983866,94.25895611974401,94.32374038936626,6650900
2018-09-26,95.14974975585938,95.2145340469646,94.46953323376464,94.68817249353222,9512700
2018-09-27,95.21450805664062,95.27119275134218,94.82580859428104,94.93917798368417,5758500
2018-09-28,94.96351623535156,95.48178449392937,94.92303067860904,95.43319317639846,12807700
2018-10-01,94.26632690429688,94.81820921355745,94.24198015699788,94.6802401842298,22442400
2018-10-02,94.84258270263672,95.06170968206267,94.63156717996424,94.68837833699702,8266900
2018-10-03,93.19499206542969,94.4367252520796,92.7161501759154,94.36367884536318,20829200
2018-10-04,92.53764343261719,92.83793446261502,92.28605209437208,92.62691897688815,16207400
2018-10-05,91.74229431152344,92.29417672150308,91.40142740322895,92.02635006843552,18096500
2018-10-08,91.43386840820312,91.79908197479479,91.41763311656155,91.7016888007939,5855900
2018-10-09,92.35908508300781,92.39966092961575,91.76662075659434,91.82343189540525,11530800
2018-10-10,92.10748291015625,92.18052933745916,91.53937155090877,91.82342723053252,15290100
2018-10-11,93.22747802734375,93.45472255960141,92.35095809553641,92.52139149472966,16086800
2018-10-12,92.9028549194336,93.34111495417294,92.74865059463175,92.83792613089071,6794100
2018-10-15,92.86225891113281,93.18689661306817,92.7567542895822,93.05704524746352,7146300
2018-10-16,93.07329559326172,93.10575999006124,92.65127081876894,92.83793336042804,4762300
2018-10-17,92.52139282226562,93.16255058573452,92.50516372342112,93.05704596337225,5880700
2018-10-18,92.48894500732422,92.83792951853903,92.15619578981259,92.21300693387312,5728800
2018-10-19,92.28605651855469,92.48083671905151,92.04258281592139,92.39967881817374,10892400
2018-10-22,92.1643295288086,92.58636057982856,92.1399827743174,92.48084972109767,3244200
2018-10-23,92.45647430419922,93.3492234465088,92.39154551771674,93.13821417836556,10330700
2018-10-24,93.1543960571289,93.18686043391328,92.71613625845987,92.81352938881302,16008000
2018-10-25,92.76486206054688,93.12195792191042,92.70805093315164,92.95964218419503,12613200
2018-10-26,93.32488250732422,93.59270912426935,93.16256672296672,93.27618901040702,18582500
2018-10-29,93.11385345458984,93.34920943434851,92.73240463119988,93.20312278266616,7679900
2018-10-30,92.65127563476562,92.95967813246604,92.5376471440856,92.73243353500774,9939500
2018-10-31,92.1805191040039,92.48892149450806,91.88022816633891,92.31037046086665,8706400
2018-11-01,92.2659683227539,92.38799752348355,91.80223253206654,91.81036988110807,6100200
2018-11-02,91.11883544921875,92.14392408597632,91.03748058753472,92.07070036557603,11314800
2018-11-05,91.47681427001953,91.69647304123119,91.40359054162981,91.50935745963955,4760200
2018-11-06,91.41987609863281,91.7127586330223,91.38733290514737,91.60699170244973,3159900
2018-11-07,91.5418930053711,92.257830751816,91.45240699404414,92.08698366422674,9313100
2018-11-08,91.53377532958984,91.90801274893461,91.45242044833743,91.89987539871551,6905100
2018-11-09,92.21714782714844,92.33918323140503,91.70460657764497,91.72901241710059,6465300
2018-11-12,92.81919860839844,92.99818307376783,92.67276354434674,92.70530053170512,6840000
2018-11-13,92.76225280761719,92.76225280761719,92.32293518616983,92.51005080141965,6525800
2018-11-14,92.81919860839844,93.1690301888078,92.17649069290601,92.32293196393738,8690800
2018-11-15,92.77851104736328,93.1852916081425,92.48562854704393,93.10393673738241,7879600
2018-11-16,93.31544494628906,93.4049371535465,92.68086835444753,92.90866444311085,9236700
2018-11-19,93.57579040527344,93.57579040527344,93.07952386901316,93.07952386901316,7027200
2018-11-20,93.60832977294922,93.93375542511897,93.50256907395972,93.75477100607671,6332600
2018-11-21,93.57579040527344,93.63273943120352,93.18528457231808,93.4700297019685,4951100
2018-11-23,93.67343139648438,94.17784154982337,93.63275085572288,94.10461781784848,3027900
2018-11-26,93.46189880371094,93.60834005292045,93.3805439334787,93.44563031245599,6599000
2018-11-27,93.56767272949219,93.76292567406969,93.36428243518834,93.4049567698616,5967200
2018-11-28,93.11207580566406,93.57580543614785,93.03885827784103,93.4375015233848,7814000
2018-11-29,93.4781494140625,93.76289448999025,93.22594131226037,93.49441790112532,7295600
2018-11-30,93.82801818847656,93.90123571985983,93.54327299924229,93.81174348796054,9127800
2018-12-03,94.49420928955078,94.49420928955078,93.49936693123666,93.51567317062043,9763800
2018-12-04,96.07620239257812,96.76933280884504,95.1058160769751,95.2525971480631,18100500
2018-12-06,96.37793731689453,97.20153648145585,96.3290061372079,96.66334327596941,15319400
2018-12-07,96.55731201171875,96.65516190287507,95.83155673114653,96.06803767041045,8608400
2018-12-10,96.9568862915039,97.26675466844173,96.58178050214272,96.93242381719067,8777700
2018-12-11,96.9405517578125,97.34827616056111,96.72038331773574,97.01394538542519,8071900
2018-12-12,96.50837707519531,96.81009541103293,96.41867719755119,96.69593306155522,6182200
2018-12-13,96.280029296875,96.69590988249924,96.20664189896598,96.59805379724061,5564200
2018-12-14,96.61441802978516,96.85089280846879,96.40239950879702,96.67149922143005,8169200
2018-12-17,97.17704772949219,97.28306007233226,96.69593584589425,96.70408585581917,9726800
2018-12-18,97.75899505615234,97.91429980504086,97.21952557686792,97.32578311044934,10018800
2018-12-19,99.05047607421875,99.4428226735071,98.02057170770729,98.17587647936233,23046300
2018-12-20,98.69087219238281,99.74529755046515,98.63365560253992,99.72895262599886,18543700
2018-12-21,98.67449188232422,99.07500786759569,98.40475395430659,99.01779129827119,9945100
2018-12-24,99.16496276855469,99.24669986868719,98.82983878716914,99.00965791300423,8377500
2018-12-26,98.102294921875,99.22211176280251,98.06142951772063,98.8951573488837,11700400
2018-12-27,98.11868286132812,99.21397338707007,98.0696418635006,99.11589139141503,12146500
2018-12-28,98.94426727294922,98.94426727294922,98.32305411640723,98.41296679312282,9879100
2018-12-31,99.32023620605469,99.36110162512345,98.4619813358034,98.61728614222616,17409000
2019-01-02,99.8433609008789,99.85153647914304,99.18127625654294,99.4428448718829,19841500
2019-01-03,100.97953033447266,101.24109273248996,99.90876024198616,99.9578012428208,21187000
2019-01-04,99.81067657470703,100.17849657008912,99.4346810000983,99.99867124394152,12970200
2019-01-07,99.51640319824219,100.2520493151079,99.41014562874892,100.22752881723551,8498100
2019-01-08,99.2548599243164,99.67172717676999,99.22216384214946,99.46738134033157,7737100
2019-01-09,99.09951782226562,99.25482259511435,98.7398735259695,99.11586897526954,9349200
2019-01-10,98.46198272705078,99.23850053399755,98.36389449484953,99.13223672341144,8222900
2019-01-11,98.84614562988281,99.12405291049105,98.6417998402102,98.76440856124148,5786900
2019-01-14,98.47834014892578,98.91155228879836,98.28216367204273,98.82163962926184,6730500
2019-01-15,98.11868286132812,98.55189497184216,98.04511512844775,98.5437193934912,8997400
2019-01-16,98.21678161621094,98.40477628545119,97.68548121697847,97.75086714237436,6048400
2019-01-17,98.24127197265625,98.5191792196979,97.99605456021187,98.26579246667312,8153400
2019-01-18,97.72631072998047,98.18404945638788,97.58735711488245,97.95517697511544,14106400
2019-01-22,98.388427734375,98.6745106353674,98.14321025573035,98.33938049696235,8881100
2019-01-23,98.3475112915039,98.59272865848422,97.94699541249697,97.9878608162359,5776800
2019-01-24,98.9932861328125,99.1158948678208,98.66633158483683,98.82981197689432,7121900
2019-01-25,98.51920318603516,98.69902850075465,98.34755345002274,98.56824418599888,6460800
2019-01-28,98.4211196899414,98.85433181274044,98.4211196899414,98.52737726696066,6435800
2019-01-29,98.91970825195312,98.93605940755153,98.40475910109966,98.51919224573376,5750100
2019-01-30,98.84614562988281,98.88701728227278,98.35571698189626,98.7725779028086,10571300
2019-01-31,99.69619750976562,99.86784717765873,99.31202653280333,99.35289817397941,11843400
2019-02-01,99.09407806396484,99.59380895482761,98.99576819601101,99.52008124153475,12024600
2019-02-04,98.65170288085938,98.758206810998,98.32400953853318,98.66809098560253,8966200
2019-02-05,99.10228729248047,99.31528891388542,98.84832790749479,98.90567377669255,6983300
2019-02-06,99.15142059326172,99.4627320395416,98.90565530697897,99.42176803337958,5184000
2019-02-07,99.80680847167969,99.87234838228834,99.3152716425746,99.5036910727871,8781000
2019-02-08,100.23281860351562,100.33112848238844,100.00343513637642,100.15909088203405,5885400
2019-02-11,99.83961486816406,100.0935743016797,99.74130496636825,99.8314208137897,4352800
2019-02-12,99.58565521240234,99.74131100377629,99.29073173939516,99.66758326064077,7939600
2019-02-13,99.20877838134766,99.44635589514994,99.05312888972108,99.24974239243551,4757700
2019-02-14,99.77403259277344,100.10991367679914,99.60199502531205,100.06076187187575,5868900
2019-02-15,99.92971801757812,99.96248173044796,99.56925467369616,99.58563653013108,5527200
2019-02-19,100.18366241455078,100.38846996558628,99.90512089502268,100.29016009100629,5872800
2019-02-20,99.89693450927734,100.01162623946465,99.61019893357856,99.90512231126893,4455800
2019-02-21,99.00395202636719,99.25791759647093,98.88106626666917,99.18418364056036,7382500
2019-02-22,99.59381103515625,99.9051162481676,99.47092526020461,99.51188926859854,6374600
2019-02-25,99.29889678955078,99.37263076138153,99.06131926956618,99.26612682987387,6293500
2019-02-26,99.79041290283203,99.79860695360253,99.42176187114228,99.72487924735634,6028900
2019-02-27,98.65992736816406,99.23338620646436,98.5370415456047,99.22519840179763,7737300
2019-02-28,98.32401275634766,98.81555591103883,98.07005337659318,98.7663978454312,9533400
2019-03-01,97.41520690917969,98.12943876267035,97.39878418643649,97.9652491158396,13541100
2019-03-04,98.17865753173828,98.32643066376122,97.74354949395719,97.93237315398751,9808500
2019-03-05,98.38394165039062,98.40857573627218,97.91599423358488,97.9242055955454,5595200
2019-03-06,98.74512481689453,98.94215357690636,98.42495073308854,98.4495785451611,7766700
2019-03-07,99.38553619384766,99.54973215114585,99.01610625093858,99.04073407867448,8187200
2019-03-08,99.80420684814453,99.90272440158932,99.21311405434376,99.43477698373606,7517600
2019-03-11,99.50867462158203,99.68107566708535,99.31985711321717,99.66465920422381,5157800
2019-03-12,100.20647430419922,100.34604240188601,99.5497094153089,99.5825485992685,6422300
2019-03-13,100.01761627197266,100.12433887899353,99.84521532366291,99.87805449430734,4386300
2019-03-14,99.29521179199219,99.96019433621107,99.2705839687682,99.90272732754369,8188400
2019-03-15,99.95199584960938,100.11618553454275,99.66466076925849,99.9437844863322,4302000
2019-03-18,99.8945083618164,100.05049291494116,99.76315163004111,99.80420217457932,3893300
2019-03-19,99.67284393310547,99.84524493254034,99.2459408515621,99.41013049004295,5220200
2019-03-20,100.71546173095703,100.8550235506192,99.93555154961368,99.94375664717033,10123700
2019-03-21,100.93712615966797,101.05206016866326,100.76472514617502,100.94533752129155,7182600
2019-03-22,102.50521850585938,102.85002071528874,101.84844702400027,101.97159245977848,13077000
2019-03-25,102.66935729980469,103.39180682405578,102.21783261058168,102.46411709649406,9736300
2019-03-26,102.5954818725586,102.85818910284488,102.30814681809463,102.37381892809037,7502000
2019-03-27,103.53961181640625,103.72021798949648,102.87462909433876,102.9649353126018,14207200
2019-03-28,103.90081024169922,104.00753916805955,103.44928550153546,103.64631436518083,9143200
2019-03-29,103.80229949951172,103.82692732467042,103.14552826591758,103.17836745394075,10841400
2019-04-01,102.32788848876953,103.14242888251985,102.17978966470258,103.08483524411803,16501500
2019-04-02,102.51715850830078,102.632345826081,102.22919021385022,102.41843010862517,9725000
2019-04-03,101.62853240966797,101.91650688830649,101.50512194994974,101.7025849627349,10407000
2019-04-04,101.91648864746094,101.9329412800667,101.56269741270567,101.69433730525641,7503400
2019-04-05,102.04812622070312,102.16331347803018,101.67788236175684,101.71079390345524,6321800
2019-04-08,101.68612670898438,101.98232436869979,101.6285330683306,101.88359600028535,4446400
2019-04-09,102.00701141357422,102.30320279220783,101.83422421662033,102.20447442507528,7020300
2019-04-10,102.25382232666016,102.45128530671899,102.10572352230729,102.24559287163083,7519900
2019-04-11,101.6531982421875,102.03989472563345,101.53801098716367,101.96584846621867,8679300
2019-04-12,100.92919158935547,101.25007137826154,100.89628003700142,101.11020198868438,7005500
2019-04-15,101.18424224853516,101.1924654276963,100.9703203228614,101.01968450677226,3070000
2019-04-16,100.55070495605469,100.89626679456278,100.49311131630333,100.79753842769529,8927300
2019-04-17,100.59188842773438,100.8469451861351,100.46847163981066,100.4849242821558,6118500
2019-04-18,101.118408203125,101.28295964983491,101.01967356875787,101.04435565804081,27589400
2019-04-22,100.63294982910156,100.84687168710998,100.57535620701091,100.76459598087105,6241200
2019-04-23,100.84689331054688,100.9538511238678,100.69879449666807,100.87980485554608,6239700
2019-04-24,101.669677734375,101.68613037062451,101.27474541478787,101.29120432827365,7302000
2019-04-25,101.52159881591797,101.71083869471228,101.28299474145449,101.60387456777909,5380900
2019-04-26,101.86711120605469,102.03989208411764,101.72724186818009,102.00698682116375,5950700
2019-04-29,101.21713256835938,101.48864809423421,101.07726321644873,101.38991974099615,10246000
2019-04-30,101.73548126220703,101.80952752693936,101.14308603540812,101.1595386684925,7957400
2019-05-01,102.1551742553711,102.60864380758449,101.90782265204557,101.98203064920826,14371900
2019-05-02,101.6686782836914,102.08092660214336,101.4460669595078,101.9737443038935,6612800
2019-05-03,101.95728302001953,102.13866704223685,101.71817817977322,101.95728302001953,6191700
2019-05-06,102.2376480102539,102.55095466702656,102.17993346057435,102.49324011734701,4482500
2019-05-07,103.02086639404297,103.177522789471,102.55915022698476,102.67457926874931,8984900
2019-05-08,102.57567596435547,103.30947779952781,102.48498079008357,103.18580199002858,6907600
2019-05-09,102.99614715576172,103.30945999120647,102.49320356346432,103.15280357348409,9411900
2019-05-10,102.85600280761719,103.43314820299773,102.72408026557991,102.9714318866933,6037800
2019-05-13,103.66400146484375,103.82889833418277,103.26824017185282,103.39191596906326,10501600
2019-05-14,103.35890197753906,103.5980067641971,103.22697949231659,103.48257773483257,5690400
2019-05-15,103.99378967285156,104.10921873333253,103.69697029149711,104.05975093324412,9566300
2019-05-16,103.64747619628906,103.74641806177657,103.49906654326301,103.72992460565676,7666400
2019-05-17,103.87837219238281,104.13397053229419,103.63102687395555,104.1174770701514,4747100
2019-05-20,103.66400146484375,104.19991943540172,103.5980402009432,103.98555476334347,6043100
2019-05-21,103.49907684326172,103.65573323993777,103.30944611188539,103.55679136460378,4021800
2019-05-22,104.09273529052734,104.15869655328166,103.65575293300138,103.69697400441366,5675300
2019-05-23,105.26354217529297,105.60982944406709,104.61218871807674,104.62043545030858,9743700
2019-05-24,105.35416412353516,105.35416412353516,105.03261098456488,105.17277388300644,4981900
2019-05-28,106.11273193359375,106.27762877166357,105.60978839994631,105.75820436078477,8098600
2019-05-29,106.43428802490234,107.10212841452616,106.36008633290473,106.9124976747025,13260600
2019-05-30,107.34947204589844,107.37420594140552,106.26938333934987,106.63216391454945,13024800
2019-05-31,108.69344329833984,108.75115154752022,107.85245281807816,107.92665453023552,18933600
2019-06-03,109.42047119140625,109.53613714504151,108.68516349901564,108.98259203788395,17822400
2019-06-04,108.17292785644531,108.85866629082929,107.85898458534568,108.55298037195912,14250000
2019-06-05,107.56155395507812,108.18945309187542,107.50371467064771,107.834197853155,8815200
2019-06-06,107.90852355957031,108.71818508287825,107.6689343458612,108.20595204255052,9621100
2019-06-07,108.84213256835938,109.11477642402795,108.59427337169318,108.88343192893505,11378500
2019-06-10,107.8176498413086,107.98288509751478,107.66894189271562,107.96635778990156,8288700
2019-06-11,107.88375091552734,108.0324588702548,107.6689463342624,107.75155766245238,5115100
2019-06-12,107.96634674072266,108.02418600812868,107.65240356805216,107.72675753473933,5278700
2019-06-13,108.33815002441406,108.43728865420115,108.05723622894791,108.06550618585793,5560400
2019-06-14,108.61076354980469,108.81731070864176,108.3050651822119,108.31333513681378,5838800
2019-06-17,108.80082702636719,108.85865369857353,108.33816322214366,108.55296781506368,6046400
2019-06-18,109.34614562988281,109.76749758336369,109.01566238599383,109.66835891352035,10320700
2019-06-19,109.50306701660156,109.6517875682936,108.70993276304955,108.94126463755569,11962500
2019-06-20,109.79222869873047,110.30446171860396,109.54436953837083,109.80875600452526,10721500
2019-06-21,108.58602905273438,109.49484211954469,108.54472968240741,109.47831480742666,14495000
2019-06-24,109.39566040039062,109.49479902078555,109.12301658766414,109.18911320347424,6378800
2019-06-25,109.73441314697266,109.95747506790067,109.65178921627512,109.70961588244992,9604600
2019-06-26,109.03215789794922,109.63527230799426,108.95780391725388,109.61874499895872,12766800
2019-06-27,109.80050659179688,109.9574845096163,109.04868422711674,109.3130581360945,9724200
2019-06-28,109.72615051269531,109.94922505515247,109.42872199163334,109.53613058737987,8149200
2019-07-01,109.46955108642578,109.89172945455023,108.93146724285297,109.74272978275548,14131200
2019-07-02,110.31389617919922,110.42151546282925,109.651658643735,109.74271819956704,10494300
2019-07-03,111.100341796875,111.16655545512194,110.52086492054218,110.52915110135295,5380300
2019-07-05,109.62673950195312,109.7260851710035,108.99760921099407,109.7177989969543,12180100
2019-07-08,109.77581024169922,110.28077450488502,109.77581024169922,110.14004841598008,6490000
2019-07-09,109.73443603515625,109.85861505112797,109.40331725530854,109.8337691428362,6215700
2019-07-10,109.13013458251953,109.635098913692,108.86522946324222,109.5605990856595,9470000
2019-07-11,107.67322540283203,108.782487489433,107.41659375768556,108.69970145791801,14126800
2019-07-12,107.79734802246094,107.98774065994209,107.35032384409847,107.54900266018954,6992000
2019-07-15,108.41824340820312,108.48446970362609,107.98777880364096,107.98777880364096,6055500
2019-07-16,108.09536743164062,108.11192715863976,107.5821295770041,107.75596250069744,6172700
2019-07-17,109.26261138916016,109.28744467068188,108.48446821781563,108.49274176786483,9662200
2019-07-18,109.2708740234375,109.53577917503814,108.64174323544528,108.8321359185502,5724900
2019-07-19,109.01423645019531,109.21290264862245,108.86522417000427,108.93145044660355,5804800
2019-07-22,109.22114562988281,109.67644320682199,109.05558631955013,109.659883486379,5204100
2019-07-23,108.62516021728516,109.05562468066172,108.41820784873087,108.93973185952612,8108900
2019-07-24,109.09700012207031,109.18805966537643,108.83210767059678,108.939726939423,6389700
2019-07-25,108.5754623413086,108.78241465014852,108.03737875950488,108.64996214096301,8893100
2019-07-26,108.83213806152344,109.0887570375815,108.65001892405517,109.0225307483773,6188400
2019-07-29,108.8652114868164,109.22944964999203,108.7741519460225,109.12184301550413,6231800
2019-07-30,109.13013458251953,109.35364669798834,108.79900318342288,109.27086069037135,5678500
2019-07-31,110.0075912475586,110.37182940652059,108.98938921691052,109.02249603528476,15798700
2019-08-01,112.19242095947266,112.30025448846595,110.53350589935408,110.6413394283474,26664800
2019-08-02,113.22923278808594,113.22923278808594,112.3085345054549,112.52420154423466,15143100
2019-08-05,115.18672180175781,115.20331449022778,114.18308563830166,114.58122156599013,18543000
2019-08-06,116.1074447631836,116.1074447631836,114.5397707637988,114.63101158520281,12747400
2019-08-07,116.14892578125,118.66218084374924,115.94156141862453,118.11473588885413,32582000
2019-08-08,116.39772033691406,116.48065845583994,114.44849102274098,115.41066432916307,14746000
2019-08-09,116.16548919677734,117.40967505895665,116.01618031192902,116.67974863639394,10626000
2019-08-12,118.58747863769531,118.96902180330243,117.37646574328859,117.55065729733393,14094300
2019-08-13,118.18109893798828,119.36722972311784,117.7414874833889,119.28427891199777,15974900
2019-08-14,120.84371185302734,120.87688459696653,120.030846733037,120.40410022083202,15068900
2019-08-15,122.18730926513672,123.25731588821294,120.75235219167602,121.0592472331507,23588700
2019-08-16,121.20857238769531,121.5237574852867,120.13856562061623,121.1505043144612,17150500
2019-08-19,119.47503662109375,119.98930880818077,119.03542521789241,119.08520329265463,13614700
2019-08-20,120.71092987060547,120.78557799623489,120.13860226108318,120.50356552840262,7451500
2019-08-21,119.90636444091797,120.92659353927066,119.68240739027411,120.0390806677081,9372000
2019-08-22,119.11011505126953,120.02251080685382,119.01057153398298,119.44189302484229,13878800
2019-08-23,121.06756591796875,121.32469559824501,118.96902777573767,119.04368853493976,16191800
2019-08-26,120.57817840576172,121.34127744321188,120.51182031687327,120.99290696893102,12174500
2019-08-27,122.43619537353516,122.52743618489295,121.49890455290645,121.62333074467485,11332300
2019-08-28,122.59381103515625,123.50620661685043,122.4776875008855,123.4066757750515,10095900
2019-08-29,122.1292724609375,122.2122105800873,121.20857453974837,122.13756247589907,8884900
2019-08-30,122.16249084472656,122.32837980155105,121.399391518121,121.60675587828065,13550800
2019-09-03,122.32034301757812,123.5334851101195,121.78855209778692,122.22062350337653,15660800
2019-09-04,122.5031509399414,122.66102856942577,121.713775471417,121.7553242179493,7962200
2019-09-05,120.28453826904297,121.14870621853731,119.56163853888113,121.03237738059298,19382900
2019-09-06,121.14043426513672,121.33986063873459,120.55048517978422,120.70004545080975,9466400
2019-09-09,118.98836517333984,119.65310719352823,118.98006049418855,119.51185157455936,15862700
2019-09-10,116.9026870727539,119.06308163412069,116.87776036973413,118.68916840993151,13851400
2019-09-11,116.69495391845703,117.28490278411165,116.65340518790147,116.6617098624556,10941700
2019-09-12,115.93055725097656,117.82506356491885,115.54832650954344,117.5757837491058,19163300
2019-09-13,113.45438385009766,115.25750050818999,113.45438385009766,114.90019651180637,18922200
2019-09-16,114.90019989013672,115.14117501362189,114.04434895961496,114.56783527438166,10971600
2019-09-17,115.52339935302734,115.99703226914644,114.68417041120168,114.96668161788777,9081200
2019-09-18,116.01364135742188,116.87780968974384,115.93886121680691,116.27122584991656,10984600
2019-09-19,116.36261749267578,117.15200561292713,116.3044593926502,116.96088392123633,13176200
2019-09-20,117.89978790283203,117.97456800851234,116.69495082204493,116.96915722176482,11519800
2019-09-23,117.87487030029297,118.95507395499925,117.74191942733675,118.19062545384068,15246700
2019-09-24,119.29582214355469,119.52847996114455,118.33194679702521,118.34025147661765,12421600
2019-09-25,117.55084228515625,119.27916606465278,117.27663579005907,119.0381909573417,14147100
2019-09-26,118.30699157714844,118.8138558459783,117.90813883259908,118.21558940805134,9636500
2019-09-27,118.59786224365234,118.8055933895112,118.10761978236212,118.25719280041004,10386900
2019-09-30,118.88864135742188,118.89694603538913,117.85829073908677,117.89153480875115,8006900
2019-10-01,119.24654388427734,119.78759755055958,117.48190546134282,117.58178682080298,16613700
2019-10-02,119.53785705566406,120.08722982275643,119.229881126121,119.41300538181845,12891500
2019-10-03,120.6282730102539,121.25255679372607,119.795894632291,119.845835302795,13470500
2019-10-04,121.5189437866211,121.55223333869007,120.86135764819323,120.98622204590028,11516200
2019-10-07,120.51179504394531,121.13607910973495,120.45353513570603,120.82810303496144,11013900
2019-10-08,120.83638000488281,121.46898306466088,120.37856930980581,121.37743362673287,14529700
2019-10-09,120.15386962890625,120.37028351707883,119.69605880672299,120.36196430252674,8608800
2019-10-10,118.3642349243164,119.17996239976411,117.97301596442945,119.13002171570866,15054200
2019-10-11,116.89920806884766,117.44858078375711,116.2915754787061,117.34868675308336,26294000
2019-10-14,117.748291015625,117.78989978781755,117.43198305998301,117.76492944406586,5936900
2019-10-15,116.32488250732422,117.32373405661524,116.1584093659568,117.09066911848355,11832300
2019-10-16,116.4664077758789,116.58294026742084,115.99195859641857,116.23334279279506,7729500
2019-10-17,116.18340301513672,116.84930841531158,115.95033803023887,116.13346233281419,6219300
2019-10-18,116.18340301513672,116.72444400841617,116.07518973604517,116.37484653106942,6456100
2019-10-21,115.30937194824219,115.6922715781809,115.05965590272442,115.34267419489026,8038000
2019-10-22,115.98368072509766,116.14183475897327,115.40101799589398,116.01698299596353,6683300
2019-10-23,116.10018157958984,116.79105744887994,116.00030019644623,116.55799242081719,5995400
2019-10-24,115.86711120605469,116.73279215699978,115.72560835276556,116.26664942128811,6161700
2019-10-25,115.30104064941406,116.15838924497837,115.12623562555179,116.14173812339997,5669800
2019-10-28,114.25226593017578,114.51863314108532,114.0275328846945,114.51863314108532,11402100
2019-10-29,114.32722473144531,114.6518519311839,114.1773899540551,114.55195784589324,5296600
2019-10-30,116.00029754638672,116.07520858203307,114.6768184456032,114.6768184456032,10914100
2019-10-31,117.56513977050781,117.93137562869124,116.89090254034767,116.93252400409892,15834100
2019-11-01,117.20326232910156,117.79528783127981,116.56120901160524,117.3450120469191,11425500
2019-11-04,115.66065216064453,116.01919322399947,115.51055603131883,115.87744354384199,11124300
2019-11-05,114.35991668701172,114.60173480229956,114.00970919341508,114.41829096423685,13493000
2019-11-06,115.0519790649414,115.4105329525907,114.51832782085233,115.08533942452469,9351900
2019-11-07,112.96743774414062,113.70121320877517,112.10859269951305,113.69287947786006,19209800
2019-11-08,112.49213409423828,113.35931266532313,112.38373200163382,112.69224537504616,10222900
2019-11-11,112.56719207763672,112.89238567915314,112.26701238983294,112.88405194899964,4577000
2019-11-12,113.08413696289062,113.35930267299662,112.39205582351781,112.800637524569,5772900
2019-11-13,113.81788635253906,114.20145405862215,113.54272070489722,114.07637182428697,6672400
2019-11-14,114.99368286132812,115.43561245254675,114.79355875986333,114.90196090523048,10213300
2019-11-15,114.8685302734375,115.20207023855342,114.59336457343514,114.63505865948072,4657600
2019-11-18,115.0770263671875,115.57733012012564,115.01031835191222,115.2438027670022,5943900
2019-11-19,116.03593444824219,116.10264246045625,115.37720077966105,115.37720077966105,7893100
2019-11-20,117.23664855957031,117.23664855957031,116.54456727402956,116.66130310994897,7905500
2019-11-21,116.50289154052734,116.80307126924107,116.00258775158652,116.43618352045165,5980900
2019-11-22,116.65299224853516,116.96985220981529,116.4695483470841,116.81976868494938,4664800
2019-11-25,116.99478912353516,117.17823290424175,116.88638705586833,116.98645539650208,4157300
2019-11-26,117.67853546142578,117.82861888626027,117.52010558638008,117.57013339465824,4281100
2019-11-27,117.33668518066406,117.495115087269,117.08653336619572,117.23662954417665,4095700
2019-11-29,117.0865478515625,117.30333933185553,116.55289651885928,117.25331150742264,6251100
2019-12-02,115.52542114257812,115.82611684684079,115.22472543831545,115.3834277190546,17702200
2019-12-03,117.94769287109375,118.41543890118506,116.87854270144064,116.97042229628882,13062400
2019-12-04,116.77005004882812,117.3547330023042,116.2772467555506,117.22108754290039,8586300
2019-12-05,116.20197296142578,116.46926367262084,115.76764467341772,115.81775849548615,7273800
2019-12-06,115.55886840820312,116.20201300654955,115.14958414506059,115.29157760489527,7931100
2019-12-09,115.80941009521484,116.19363734741776,115.74260015538509,116.09340969254916,4016900
2019-12-10,115.81777954101562,116.39411408977482,115.60896341437098,116.25210790794654,4947600
2019-12-11,116.7281723022461,117.05392483142428,116.29383134830172,116.3523059601359,6256700
2019-12-12,114.80706024169922,116.33559523715235,114.10544138169058,116.26042451896288,14857000
2019-12-13,116.1352310180664,116.61133814893994,114.62340352411049,115.36678880686186,11335100
2019-12-16,115.0910873413086,115.65072575983363,114.79039161805055,115.60059918502017,9156600
2019-12-17,114.93240356445312,115.55049115513943,114.60665091000017,115.44191543373856,6179700
2019-12-18,113.988525390625,114.80708087440955,113.82982312695688,114.68179632157806,6244700
2019-12-19,114.17089080810547,114.4971645483597,113.57689873455915,113.7776874845282,6591100
2019-12-20,114.3215103149414,114.354981500344,113.71915663286414,113.88648702884322,5455700
2019-12-23,114.15416717529297,114.58920312969383,113.77769939950038,114.45534394902985,5175000
2019-12-24,114.48048400878906,114.6645372600507,113.68571556862415,113.71081257874901,4667400
2019-12-26,114.75650024414062,114.79833282632224,114.20434079657176,114.5389886885128,5290200
2019-12-27,114.88202667236328,115.14137087492111,114.85691690437591,114.98241468225277,7300500
2019-12-30,114.4637222290039,114.53063905622031,113.49326228267695,113.68567688333184,7979700
2019-12-31,113.34271240234375,114.16259066391316,113.2590599524315,113.95344039085313,10707400
2020-01-02,114.62265014648438,115.05768605763458,114.33820898998773,114.43859698274824,11034100
2020-01-03,116.38785552978516,116.42132669791165,115.35047909705014,115.67675277597654,12366000
2020-01-06,115.72700500488281,116.8815183415851,115.57641020354406,116.86478274909929,11369800
2020-01-07,115.15812683105469,115.84414580404346,115.14976541632996,115.63499554625693,8381200
2020-01-08,114.39675903320312,115.71021520387718,114.04538834871369,115.39230292316782,10621700
2020-01-09,114.79837036132812,114.98242357069664,113.70242528359852,113.77771629683582,7411500
2020-01-10,115.8189926147461,115.84408961226534,115.14134815070155,115.17480655888971,8776000
2020-01-13,115.46764373779297,115.5261991545828,114.9405811591101,115.35052013869843,5966900
2020-01-14,116.0616455078125,116.1369492946442,115.5680540140619,115.60151243502916,13920300
2020-01-15,116.831298828125,116.9233254284898,116.30424899468599,116.72254940261413,6290500
2020-01-16,116.46321868896484,116.73092434299494,116.07001523870328,116.5050385221918,6798600
2020-01-17,115.46764373779297,115.56803174686975,114.9154841568409,115.09953735049159,9693100
2020-01-21,116.68067169189453,116.83125365307586,116.09505390033857,116.12851230320872,6794900
2020-01-22,117.09069061279297,117.24127267696474,116.78113953835233,116.88990176171141,6317000
2020-01-23,117.91053771972656,118.27864417329195,117.77667850651784,117.8352466993656,9747400
2020-01-24,118.86422729492188,119.25743063956271,118.21167977945696,118.31206777706282,8585000
2020-01-27,120.71312713623047,120.71312713623047,120.0522181028742,120.42868592012856,10935200
2020-01-28,119.76778411865234,120.54581680358986,119.48334288537515,120.41195760010075,10612900
2020-01-29,120.9389877319336,121.05611131212947,119.99362491395144,120.00199909036654,9566800
2020-01-30,120.9557113647461,121.86760291796789,120.71309005191841,121.22341690780142,14711800
2020-01-31,122.0600814819336,122.13538527415196,121.38243671059612,121.44936632283564,14538100
2020-02-03,121.96114349365234,122.14550244435122,120.77119840341877,121.46673211983332,15309000
2020-02-04,120.31874084472656,120.78801372581624,119.88298197511743,120.66232019935545,11388300
2020-02-05,119.0030517578125,119.58126737237427,118.91087227162551,119.2460762153614,10782600
2020-02-06,119.5393295288086,119.73207653383038,118.99464086488938,119.14547300441684,6683100
2020-02-07,121.03097534179688,121.29076316675736,120.56170265507886,120.85500447763847,11374800
2020-02-10,121.36622619628906,121.7181808474649,121.24051988654483,121.59248732444732,6699300
2020-02-11,120.75447845458984,121.27402865479307,120.62039685881973,121.16508575988927,7784100
2020-02-12,120.14266967773438,120.29351458642518,119.82424204688526,120.14266967773438,5595500
2020-02-13,120.6036148071289,120.83825117006955,120.0589259903144,120.20138286876247,7883400
2020-02-14,121.13159942626953,121.5757336253343,121.04779521308734,121.3075703725334,7137400
2020-02-18,121.96114349365234,122.38852687332769,121.44159342534907,121.79354793485014,6909200
2020-02-19,121.95278930664062,122.02820540315135,121.49189185009112,121.60921004023793,5707700
2020-02-20,122.90807342529297,123.13433445589955,122.34662128667162,122.4136620656188,9332900
2020-02-21,124.0561294555664,124.76005131525237,123.72931361549604,123.85501988427539,13860300
2020-02-24,125.90813446044922,126.50311363380969,125.69863673256161,126.39417072355563,15929300
2020-02-25,126.5785140991211,127.17348041220397,125.815939395067,125.87460488925193,20802900
2020-02-26,125.90813446044922,127.13998212336644,125.34668208411762,125.65673462963878,22589500
2020-02-27,127.2740478515625,128.27963426255943,126.39415494691832,127.96119366416583,30687900
2020-02-28,130.14833068847656,130.7097829106342,129.1846465195105,129.42765819096977,44935200
2020-03-02,129.1907958984375,131.3392181203916,129.0397281579779,130.33214680455143,28152400
2020-03-03,131.196533203125,134.0247278625498,127.8647965507369,129.0816747605259,38608000
2020-03-04,129.8035125732422,132.0526523401633,129.40068634842604,131.26377524592115,23463700
2020-03-05,133.03445434570312,133.28622536019319,131.5993685270338,131.86792769065138,17786200
2020-03-06,139.95806884765625,142.10649065839226,137.72571910766166,140.4028587003975,76288300
2020-03-09,143.7514190673828,150.8093325951778,142.95415469250847,150.30580326633483,41552800
2020-03-10,136.38294982910156,145.1277048320612,135.98012393875678,142.3666501003668,37728300
2020-03-11,131.36444091796875,140.17634049246172,130.60914036239953,138.83356972077073,29519300
2020-03-12,132.17843627929688,139.6139983498358,130.63425952563327,137.22219295206347,24361800
2020-03-13,129.1907958984375,132.76590355163236,127.72214649453537,130.08037577418975,19812900
2020-03-16,137.5579071044922,139.43777021040924,132.43860959868528,134.59543237255036,30496700
2020-03-17,128.38514709472656,139.00139321517966,128.15856466432854,137.21383276394647,18570900
2020-03-18,121.142578125,129.35861537031943,116.66109045831247,128.26761630830777,47061000
2020-03-19,124.44071960449219,128.7795265763957,121.89785993629341,123.32454489249963,21175300
2020-03-20,133.79820251464844,133.79820251464844,127.65505614464449,128.6537401750201,20863100
2020-03-23,139.31192016601562,139.89098983488034,131.3980021731569,132.17847847076783,19971800
2020-03-24,136.7186737060547,138.8503077708517,134.62060313591306,135.32555177413508,11948600
2020-03-25,136.40814208984375,139.88254622619,135.6360537046119,137.28933423574725,10750600
2020-03-26,137.07952880859375,139.04331969021186,136.18156130861524,137.63342248462118,10576200
2020-03-27,140.73851013183594,141.20008801782868,138.1285109644235,138.9089995363023,12550000
2020-03-30,139.58047485351562,142.76114488282136,139.26156396093594,141.24214351445482,13473200
2020-03-31,138.44744873046875,140.0839408230835,138.1033621658257,139.06008160501614,11464800
2020-04-01,140.3871612548828,142.00081813661632,139.8492799023393,141.59739750413144,11334700
2020-04-02,141.27809143066406,142.21938094180467,140.5721114732008,141.8916095710248,5771200
2020-04-03,141.61422729492188,143.1522349818839,141.31166819545223,141.65625188564633,6570800
2020-04-06,141.24449157714844,141.4209898037274,139.95861806272035,140.35362630039276,9434800
2020-04-07,139.76522827148438,139.8660770065259,137.588490912827,138.63904131651512,13811400
2020-04-08,138.7483367919922,139.67282658973534,137.94152099042176,138.76514919488915,10147100
2020-04-09,139.00047302246094,139.33664413935196,137.6473631171995,138.0675834253663,14259100
2020-04-13,137.73141479492188,139.26942268947067,137.73141479492188,138.4625940406181,8750300
2020-04-14,137.6978759765625,138.45428071173492,137.3953166473164,137.6978759765625,9019100
2020-04-15,141.34530639648438,141.69830276477535,140.13508259818505,140.18550698676748,10027800
2020-04-16,142.9505157470703,143.14382628755487,142.05125111721756,142.2529486215788,8265400
2020-04-17,141.03433227539062,143.58086621764977,140.58050000287454,142.72362605577433,8612100
2020-04-20,142.16897583007812,142.27822441908185,141.1604493850706,141.56385739825168,6462600
2020-04-21,143.95913696289062,144.68191675450961,143.53051665850847,144.49701870380855,7850700
2020-04-22,142.48829650878906,143.20267616260685,141.79074208216062,142.84969264249528,6230200
2020-04-23,143.24464416503906,143.65645169708554,142.54707718989994,142.76558704722865,5968600
2020-04-24,143.5808563232422,143.5808563232422,142.51350608902965,142.54711806744933,6211800
2020-04-27,140.90830993652344,142.66482815979154,140.72341193153636,142.5891915643266,9039500
2020-04-28,142.53038024902344,142.74890310746582,141.5722780614008,141.65632728758808,9905400
2020-04-29,141.79080200195312,143.09347524901793,141.16047127307218,142.47995693032502,8619600
2020-04-30,140.13514709472656,142.2278371286901,140.10993488883156,141.8160292163296,11606100
2020-05-01,141.33509826660156,141.4697462792134,140.0643913545231,140.95641196677937,10209400
2020-05-04,140.67031860351562,141.10790545815226,140.09807087251963,141.006925851812,8300900
2020-05-05,139.76988220214844,139.92136446095444,139.07983345195976,139.332295322807,7831800
2020-05-06,137.51455688476562,137.70810538148632,136.3700744350729,137.36307465721876,14721500
2020-05-07,139.8119354248047,140.0054839256161,137.45564646790217,137.64078428284935,9164800
2020-05-08,137.99424743652344,139.18921989530085,137.74178557267044,138.42343645729665,8129800
2020-05-11,136.91705322265625,138.1961835839027,136.4121424669009,137.7249284089015,8713500
2020-05-12,138.32247924804688,138.79373466557192,137.27898877802627,137.3042336867689,10057300
2020-05-13,139.2902069091797,139.9381764975299,138.70954849720243,138.92834192227278,13305600
2020-05-14,140.65345764160156,141.50339912840462,140.57772295124843,140.80493986304882,10080000
2020-05-15,140.29159545898438,141.78951915045906,139.9718096684201,141.6296262551769,7225600
2020-05-18,137.21168518066406,138.90315852212294,136.68151633659903,138.79375534077644,10073100
2020-05-19,137.7249755859375,137.75863117822024,136.73196226354116,136.76563069656876,8639100
2020-05-20,138.13726806640625,138.60011254903182,137.06853325467293,137.31257152328993,10927300
2020-05-21,138.48228454589844,139.1555116478353,138.25506767033772,138.73474631421715,8920000
2020-05-22,139.31539916992188,139.4247894207521,138.52435831863136,138.61692720209595,4956700
2020-05-26,137.44728088378906,137.83437801243332,137.1527398522478,137.7670668219486,8098900
2020-05-27,137.1947784423828,137.9353297263776,136.82450280038543,136.99280640836363,8047400
2020-05-28,136.68992614746094,136.80775285938284,136.04195627638393,136.29441824054004,10272600
2020-05-29,137.6660614013672,138.0868269264089,136.6225711173404,136.92552280900023,14632700
2020-06-01,136.7391815185547,136.8740026299756,136.22518728135523,136.5875174111428,13341400
2020-06-02,136.2419891357422,136.5790289234615,135.8712376549047,136.22513328918308,11517100
2020-06-03,134.43040466308594,135.0960757979134,133.92484483204043,134.96967619721633,12255700
2020-06-04,132.4839630126953,133.98381227076985,132.45026416906018,133.90798022965575,14038600
2020-06-05,131.5402374267578,131.58237062305895,129.05453313194752,130.2763186812021,17778500
2020-06-08,132.04580688476562,132.1637721172173,130.64706708766306,130.66392293722643,10346700
2020-06-09,133.545654296875,134.5146534893827,133.38555587125725,134.01751522043511,9095300
2020-06-10,135.5258331298828,135.5763878382844,134.01756194781677,134.17766042925544,13135500
2020-06-11,138.08734130859375,138.38224797072863,137.03407567829814,137.5564913166059,17086400
2020-06-12,136.7560272216797,137.90198086920628,136.54537407218766,136.8487151217461,9716100
2020-06-15,136.8318634033203,138.37384604705363,136.62121024746463,138.09578233845434,7759800
2020-06-16,134.7337188720703,135.85439491737816,133.72258655410116,134.32084702086138,13698900
2020-06-17,135.28985595703125,135.4668102326984,134.2618677163358,135.04550399822472,7113900
2020-06-18,136.72235107421875,136.9077269225611,136.1746578860035,136.5369752258764,7691400
2020-06-19,136.8318634033203,136.92455130618674,135.58480032068425,135.6606323710527,8565500
2020-06-22,136.84866333007812,137.69969710333496,136.56217824093142,137.50589987917607,9319700
2020-06-23,135.9134063720703,136.55378727903775,135.76172942787582,136.06507045901768,9088600
2020-06-24,137.37115478515625,137.4217094926949,136.09881416884977,136.1072356676895,11436500
2020-06-25,137.76712036132812,138.48334600763334,137.68285398273545,138.3653807919501,10968000
2020-06-26,139.24169921875,139.30068825827786,138.34009777850355,138.3990868180314,12119300
2020-06-29,138.80360412597656,139.2586222419119,138.5086973578158,138.90472640576834,7274400
2020-06-30,138.1294708251953,139.27542442138284,137.7502977445463,139.22486972492928,14841700
2020-07-01,137.8612060546875,137.97930962169343,136.78982970749732,137.34660918294955,13181000
2020-07-02,138.00460815429688,138.13115595768645,136.86575515772628,137.25380419454675,7599800
2020-07-06,137.43942260742188,137.52378782519062,136.45241134668743,136.94170129063122,7972700
2020-07-07,139.3712615966797,139.4809209221345,137.67561614257605,137.86120930543638,12791900
2020-07-08,138.81451416015625,139.1266423368896,138.20712055460774,138.62048958048362,7253900
2020-07-09,141.024658203125,141.26086525331428,138.8566121626765,138.90722612024294,13373100
2020-07-10,140.31607055664062,141.9020435914482,140.1726600185198,141.68269922652775,8478000
2020-07-13,140.78005981445312,140.84754940117176,139.38811122398593,139.615886970121,8054000
2020-07-14,140.9825439453125,141.84302025795117,140.8644403629758,141.66585844828364,11344600
2020-07-15,140.32449340820312,140.83909018895812,139.89426181996052,139.97018276982902,7840300
2020-07-16,140.99098205566406,141.53088596175698,140.9150482134963,141.21874496519385,9107400
2020-07-17,140.69569396972656,141.21872217400164,140.43417986758902,141.10906285936738,8549900
2020-07-20,141.0415496826172,141.4042916675371,140.71254604909808,141.31149511078453,6907200
2020-07-21,141.1259002685547,141.48865512135131,140.9487513993099,141.13434451054167,8454400
2020-07-22,141.54769897460938,142.11292254438544,141.46334666186186,141.9441921742505,6592100
2020-07-23,143.20115661621094,143.3108287787117,142.12978058838215,142.50096679470516,10471800
2020-07-24,143.19281005859375,143.34465202984973,142.4588685805417,142.57697218229427,7520700
2020-07-27,142.66122436523438,143.6651106207835,142.55999646461328,143.62292803808572,6146400
2020-07-28,143.6482696533203,143.69888361583617,142.9312041914921,143.02400074687787,8520700
2020-07-29,143.4037322998047,143.74116753599162,142.55168708908963,143.45434629799982,6733700
2020-07-30,144.34848022460938,144.47501514906298,144.0447835335988,144.29786625482794,9376100
2020-07-31,144.25572204589844,144.64378403803218,143.36150734892865,143.5386562903074,8886000
2020-08-03,143.52935791015625,143.56314667665623,142.70171354384763,142.92974261448728,9066200
2020-08-04,144.89752197265625,144.90596272110903,144.17965886836495,144.272558647901,9878900
2020-08-05,143.63079833984375,144.0446143303837,143.3098692968565,143.62234469977793,6954100
2020-08-06,144.4330291748047,145.47180829047767,144.09520592284315,144.73706365825038,9481800
2020-08-07,143.47021484375,144.83836318863052,143.21685069816286,144.65256367430902,8176900
2020-08-10,142.82838439941406,143.78271727805281,142.78616777266646,143.75738214734898,6408500
2020-08-11,141.1309356689453,141.451864664662,140.09215613892096,141.18160595529122,19234200
2020-08-12,139.84719848632812,140.25258645157496,139.34048285973168,139.94009828420033,11744800
2020-08-13,138.352294921875,139.83867795315356,137.80333719796081,139.61064896363123,12744700
2020-08-14,137.8118438720703,138.63104759056085,137.7949623733882,138.34390747328217,6398100
2020-08-17,138.15817260742188,138.89293051673897,138.02304323482952,138.47910164566719,6901500
2020-08-18,139.14617919921875,139.23907896342314,138.58033986693263,138.80836890391373,8140600
2020-08-19,138.2763671875,139.86410463496608,137.91322160223285,139.66141063529727,12497700
2020-08-20,139.5262908935547,139.89787722087445,139.28980812287165,139.6783017247343,10319900
2020-08-21,140.36233520507812,140.47212936437228,139.35733204838405,139.99918973454882,6836000
2020-08-24,140.13421630859375,141.01254324663947,140.07510533607672,140.46359857533352,6490600
2020-08-25,139.061767578125,139.42491309136386,138.36079879911054,138.79996260129886,10518300
2020-08-26,138.52972412109375,138.7830883855867,137.89631990318227,138.54661850849777,8276600
2020-08-27,136.17349243164062,139.19694402949517,136.1059277556018,139.14626085748284,19860100
2020-08-28,136.0720672607422,136.8574949299389,135.66669230479673,136.6210251317509,8415400
2020-08-31,136.97572326660156,137.87093215780104,136.44365980285073,136.47744856476592,11388100
2020-09-01,138.5424346923828,138.71999383636262,136.27650754196623,136.7668948573638,10587000
2020-09-02,139.8614501953125,139.97981869899664,138.22965490158137,138.2465554726796,15167700
2020-09-03,140.2587890625,141.4002094133515,139.8783199126146,140.14042059584241,16416600
2020-09-04,137.5955047607422,139.2526634462846,137.35030462078564,139.00747620752452,13780300
2020-09-08,138.4410400390625,139.7261802176456,138.4410400390625,138.97369190078035,13790400
2020-09-09,138.06900024414062,138.8722159601698,137.61242683001137,138.61011521189488,9558900
2020-09-10,138.77076721191406,138.9567766999801,136.92758580322294,137.35879548064838,8847700
2020-09-11,139.06668090820312,139.14278508086025,138.72848887870086,138.9229486506047,5458200
2020-09-14,139.05819702148438,139.57394812763087,138.85527411209702,139.3287479994717,4274900
2020-09-15,138.72003173828125,139.05822375107115,138.48328184789034,138.80457329087957,6928500
2020-09-16,138.3057403564453,139.41333407314895,137.79843941845644,139.32032933122426,8815200
2020-09-17,138.7284393310547,139.47247701166117,138.49170241471523,139.42173661427898,7813900
2020-09-18,138.2972869873047,138.86376571141415,138.10281432139962,138.80457501278258,7246300
2020-09-21,138.9990234375,139.84451631218357,138.77919993451334,139.41331959052602,11086900
2020-09-22,138.88909912109375,139.4048502200864,138.550894276806,139.03283134196766,10524100
2020-09-23,139.07516479492188,139.10897884242547,138.22120850634593,138.91451904157785,6224800
2020-09-24,139.60781860351562,139.60781860351562,139.18507204727803,139.4725495104324,8278100
2020-09-25,139.60781860351562,139.8614691174984,139.2611762323136,139.59936831682325,5140300
2020-09-28,139.21041870117188,139.42179195331528,138.9736816908672,139.39642819515404,4470100
2020-09-29,139.37107849121094,139.70928346946476,139.13434145703363,139.33726444398593,10297600
2020-09-30,138.03515625,138.66082559528766,137.43486355898335,138.66082559528766,12971000
2020-10-01,138.2628631591797,138.58448756488377,137.19644269254718,137.5434442247052,11523900
2020-10-02,137.74656677246094,138.52522477067393,137.26413020136238,138.47444469257243,8828800
2020-10-05,135.05514526367188,136.22312602810314,135.01282421893407,136.22312602810314,14726000
2020-10-06,135.78294372558594,136.6123944684777,134.30179828914632,134.85194577141903,22419400
2020-10-07,134.79278564453125,135.77457724547764,134.45424305123973,135.04669904678596,9429200
2020-10-08,135.52064514160156,135.63067728079452,135.1313225044994,135.39369491527918,8431500
2020-10-09,135.4952392578125,135.64759242616057,134.4118877379306,135.01281553960936,8441500
2020-10-12,135.92681884765625,135.99451697907216,135.51209353400503,135.78292480335327,3962000
2020-10-13,136.90017700195312,136.96788806737425,136.41774050378956,136.44314345356705,7914300
2020-10-14,137.2133026123047,137.74651907687524,137.08635246100823,137.39104573868244,6954800
2020-10-15,136.9763641357422,138.1189675205974,136.8070929084291,137.99200441418748,9458800
2020-10-16,136.5955047607422,137.3826347175831,136.35006341092904,136.82402802751113,8416300
2020-10-19,136.07925415039062,136.24852542639374,135.4614081814225,135.84227178107216,9286600
2020-10-20,134.78428649902344,135.42752240073182,134.53037317231255,135.3005721946605,11189000
2020-10-21,134.3187713623047,134.88583710016403,134.0394680141828,134.39494148054683,10453700
2020-10-22,132.9222412109375,134.25950565168992,132.85453014772114,133.97173040437917,12664900
2020-10-23,133.7347869873047,133.90407115180116,132.66836648964693,132.71914657316847,8783800
2020-10-26,134.97889709472656,135.43594349407442,134.58110271233852,134.75038680961606,7227300
2020-10-27,135.884521484375,136.01147164608122,135.33437398299924,135.6136772533167,6062300
2020-10-28,136.01148986816406,136.65473854582459,135.58830538636232,136.58702747898846,11765800
2020-10-29,134.6912078857422,136.12157404783775,134.12414201290954,136.03693195326613,11932400
2020-10-30,133.3623504638672,134.8688860353316,133.3623504638672,134.5980417950591,13095400
2020-11-02,134.36131286621094,134.87815283285028,134.14949341969373,134.46298206344065,10810500
2020-11-03,133.58181762695312,133.85293979321864,133.05649661308317,133.7428024733762,16228700
2020-11-04,136.4794921875,137.40302176901548,136.02195499386906,136.9539656265013,21570800
2020-11-05,136.71670532226562,137.03867492680195,136.05582987074422,136.953942000841,18537500
2020-11-06,135.06460571289062,135.49671289185753,134.666383969584,135.24252687487316,12408400
2020-11-09,132.2261505126953,132.3024023998264,131.01454965573058,132.14989862556422,23245000
2020-11-10,131.4636688232422,132.01439439895586,131.1416990186135,131.29421579444087,12561000
2020-11-11,131.9381103515625,132.1245125163908,131.302651951948,131.3450184309425,5888200
2020-11-12,134.183349609375,134.208766903145,132.77687861652424,132.9717488449043,15999700
2020-11-13,134.0054168701172,134.29348812668266,133.7935974882139,134.174869789954,7344600
2020-11-16,133.68345642089844,134.1070952136959,133.5394207827589,133.6410899559327,6310400
2020-11-17,134.55621337890625,134.8527658420545,134.36981118980208,134.5223279483582,7444600
2020-11-18,134.94598388671875,135.20016989728242,134.16648960184435,135.09001960940273,10333300
2020-11-19,135.6407012939453,136.1744904505328,135.4288818417672,135.53903209399851,10637200
2020-11-20,136.84384155273438,136.86925885408104,135.89489449330176,136.01351287573084,7246800
2020-11-23,136.2168731689453,136.40327534336302,135.80170233893588,136.25923965011933,11300000
2020-11-24,134.8612060546875,135.58139735702255,134.7256385036825,135.55598005726327,10891700
2020-11-25,134.4459991455078,135.48815986929057,134.39516455965105,134.92895356800662,9145800
2020-11-27,135.7508544921875,135.79322096922922,135.20859719998106,135.23401450051935,4708200
2020-11-30,135.58143615722656,136.0135433052265,135.36113559169027,135.58990428342528,13071600
2020-12-01,133.58233642578125,134.63403693979814,132.8868539225724,134.47288792360987,13662800
2020-12-02,132.52212524414062,133.09885532122848,131.86905258728564,133.0564585944414,12114300
2020-12-03,133.59078979492188,133.85372458360237,132.80202425372497,133.10735577261744,9626500
2020-12-04,131.6315460205078,132.13194635317586,131.2668514212582,132.04713997599762,12734500
2020-12-07,132.81903076171875,133.05650946562182,132.4627997642454,132.6069952802611,9316100
2020-12-08,133.44662475585938,134.06577757413564,133.32788542414906,133.64170668351073,7397200
2020-12-09,133.00552368164062,133.4295943278263,132.31851836386824,132.77652190904985,7750100
2020-12-10,134.18455505371094,134.25239502687486,133.01411492151976,133.36185625668094,10025100
2020-12-11,134.65943908691406,135.1852827127278,134.27777797328753,134.55765329943068,8135900
2020-12-14,134.28622436523438,134.591555775417,133.2514908608161,133.5737887220117,7535900
2020-12-15,133.8367462158203,134.3371466506456,133.42115217548658,133.81977976027653,6847500
2020-12-16,133.48057556152344,133.9131232689426,132.64091042658455,132.80205945727548,9954200
2020-12-17,133.1273651123047,134.53675228904123,132.81321648054916,134.25657197401887,9422700
2020-12-18,132.7283172607422,133.6197976966541,132.600955509831,133.3990425104547,6505000
2020-12-21,133.2547149658203,133.5858348034434,132.83020168911804,133.46697160417145,8988200
2020-12-22,133.9423370361328,134.0017750745583,133.36500557484368,133.77253442723062,7370800
2020-12-23,133.01698303222656,133.0339671900207,131.98966820022085,132.97452911529948,9266600
2020-12-24,133.54331970214844,133.66218284696347,133.16975907209482,133.21220001622714,3117100
2020-12-28,133.60284423828125,133.67925353331543,132.53307524244394,132.77080168596336,7791100
2020-12-29,133.4329833984375,133.5433480137348,132.7537597318779,132.7792294858014,9030900
2020-12-30,133.7216796875,133.7471494472216,133.02547170813122,133.14434786032118,9097300
2020-12-31,133.9169158935547,134.21408028331157,133.6791895637945,133.6876881181445,7742100
2021-01-04,133.755615234375,134.29899161980225,132.90658882245026,133.01696640163726,13152900
2021-01-05,132.76226806640625,133.25470498511166,132.15946651350413,133.25470498511166,10458100
2021-01-06,130.03689575195312,130.62272608230285,129.29823392210903,130.5972563249064,22827300
2021-01-07,128.89068603515625,129.1963360344152,128.42371895918924,128.87370188099914,14651900
2021-01-08,128.47471618652344,129.0180927128572,127.91435550011474,128.61055060176815,13622500
2021-01-11,128.26242065429688,128.3812838285595,127.76998380231909,128.20298258960838,8370700
2021-01-12,128.16058349609375,128.33888481130705,127.29457259599465,128.0247361087998,12186300
2021-01-13,129.60389709472656,129.9604996446317,128.68695982533816,128.76336910526769,12533300
2021-01-14,128.38978576660156,129.5954018175747,128.02469764233388,129.54446230142477,14835500
2021-01-15,128.89918518066406,129.35765370409723,128.60202077956455,129.2133207808847,11624700
2021-01-19,129.3152313232422,129.35768524162296,128.63600749450066,128.7294009328916,9575600
2021-01-20,129.4425811767578,129.45955237845612,128.8737220419698,129.0435376998792,5368900
2021-01-21,128.5341339111328,128.8397839992864,128.28792190225903,128.5765878313159,8162700
2021-01-22,128.95013427734375,129.06049890029342,128.55957643157979,128.92466452165422,9507200
2021-01-25,130.4698944091797,130.48687856579326,129.59539819275685,129.69727722220708,8712600
2021-01-26,130.22369384765625,130.4104807214267,129.8331359420135,129.98596745469695,7690300
2021-01-27,130.55477905273438,131.1745646303522,130.35100807490468,130.80948953624318,7895200
2021-01-28,129.8331298828125,130.2916114443491,129.18787441133884,130.24065897242133,10667800
2021-01-29,129.05198669433594,129.46801421001987,128.45767092558182,128.5595499273362,14965900
2021-02-01,129.20156860351562,129.50757283743434,128.76806800968419,128.912568207628,8165500
2021-02-02,128.36856079101562,128.4280547683154,127.94355563554159,128.1305589415604,9177500
2021-02-03,127.2295913696289,128.0031041952597,127.14459808436852,127.86709937468282,9633100
2021-02-04,126.88957214355469,127.06808006348895,126.48157071673117,126.78757502938168,8262600
2021-02-05,125.8270492553711,127.13607264680194,125.81855381988979,126.73656668696152,10258900
2021-02-08,126.37954711914062,126.87255473514722,125.83554095150063,126.05655196875227,11574800
2021-02-09,126.4730224609375,127.22103564953714,126.36252994544158,126.83853362177683,5218300
2021-02-10,127.31462097167969,127.31462097167969,126.77061455974707,126.88961555704059,8079800
2021-02-11,126.61764526367188,127.32314298550406,126.43913724540559,127.22964125596242,11962700
2021-02-12,125.04513549804688,125.86964731622953,124.97713305251075,125.546638942468,14088400
2021-02-16,123.1410140991211,123.81252964165948,122.96251916157689,123.43852295520225,17789100
2021-02-17,123.92304992675781,124.42456607957911,123.2345433589774,124.05905474684947,11199100
2021-02-18,123.42147827148438,123.76149013307948,122.6734781162278,122.91997536702371,10755300
2021-02-19,121.78103637695312,122.673550204194,121.42403344008358,122.4525391217505,12741700
2021-02-22,120.85452270507812,122.18055037543064,120.4635250217497,121.57703703359576,13203900
2021-02-23,120.5059814453125,121.12648542321263,119.97047072773678,120.29347883930687,12658500
2021-02-24,119.71546936035156,120.00446980219854,118.28745802172163,118.44896208338031,17363100
2021-02-25,117.76042175292969,118.93344012232907,116.11990809265643,118.59344118894302,52621700
2021-02-26,121.65348815917969,121.80649678050389,118.72945021514187,119.65597143785057,45423300
2021-03-01,120.04679870605469,120.3446656632491,119.2212950671651,119.70639045704019,22048000
2021-03-02,120.0553207397461,120.10638067996443,119.39150255967974,119.48511677866091,12482200
2021-03-03,118.753173828125,119.27230462934125,118.08936893289592,118.61701837747205,19763700
2021-03-04,117.98726654052734,119.09361252470585,117.4085700789274,118.82979425628595,22366600
2021-03-05,118.21707916259766,118.5830173733245,117.43412981769517,117.58730963081558,20598000
2021-03-08,117.29792785644531,118.20852678578133,117.29792785644531,118.14896120403407,15236600
2021-03-09,118.92339324951172,118.9914774690709,118.26809399877456,118.52340657568722,14463400
2021-03-10,119.1617202758789,119.27234580611747,118.53195077946151,118.97449185763972,12387600
2021-03-11,118.30219268798828,118.61708399454957,117.83413453079851,118.4383611997043,14150700
2021-03-12,115.79158782958984,116.13200893841382,115.44266106269683,116.0809360327871,20402700
2021-03-15,116.4724349975586,116.66816904918831,116.08947255367801,116.15755678592737,11366500
2021-03-16,116.00434875488281,116.6936836603238,115.52777217757735,116.60858812051228,15567900
2021-03-17,115.13626098632812,115.34051360271083,114.16608378354553,115.01711687320515,27107500
2021-03-18,113.97039031982422,114.43846128266021,113.34913957955409,113.45125943117685,21615100
2021-03-19,114.67674255371094,114.74482677919282,113.86826347793817,114.10655177425566,18685000
2021-03-22,115.96184539794922,116.08950824231563,115.20442593671841,115.47676294943862,17047500
2021-03-23,117.00859069824219,117.05113198105332,115.8681960354855,116.24265282154833,16768400
2021-03-24,117.63834381103516,117.68089807838737,116.54902209266204,116.64263628654125,13863000
2021-03-25,116.71073913574219,118.00431375232333,116.66818486160139,117.77453106055599,20782000
2021-03-26,116.30224609375,116.79584710269576,115.92778926036073,116.09799337033552,8433300
2021-03-29,115.31503295898438,116.46393331560235,114.8639862674505,116.44690901052373,13968100
2021-03-30,115.91929626464844,116.17459596463283,114.89804552174037,115.14485254604878,15020800
2021-03-31,115.27246856689453,116.24264609934397,114.87248183998007,116.02988775463366,19271300
2021-04-01,117.1856689453125,117.27941118677408,116.15451729273649,116.36756665937632,14885900
2021-04-05,116.6742935180664,116.72542325712486,115.84766139397043,116.36750208022157,8243000
2021-04-06,117.4668960571289,117.58620318270066,116.75957059713159,116.88740801963795,9282400
2021-04-07,116.64875030517578,117.68843187070208,116.64875030517578,117.13449591990718,11052700
2021-04-08,117.61173248291016,117.66287523854024,117.05780949681034,117.08337437287663,7847900
2021-04-09,117.1856689453125,117.76516998439357,116.82774756977776,117.17715165190741,8717800
2021-04-12,117.13451385498047,117.20269119798635,116.83625260826558,117.14304415004281,7659000
2021-04-13,118.01227569580078,118.03784057392141,116.92146421765867,117.0066891470598,13232800
2021-04-14,117.63731384277344,117.80776371176285,117.23679306044639,117.62879655072369,7293200
2021-04-15,119.60591888427734,120.14279444246797,118.84746366392747,118.87302854748411,23896700
2021-04-16,118.67700958251953,119.07754341544627,118.39578286981559,118.54066787619406,15238400
2021-04-19,118.33612060546875,118.71960679951468,118.07194151631485,118.23386108798961,13886800
2021-04-20,118.88150787353516,119.10307446143116,117.96965063956489,117.98669822432524,11476500
2021-04-21,119.12014770507812,119.2309375246392,118.51509485247517,118.91561565438842,11902200
2021-04-22,119.6399917602539,119.6399917602539,118.62587477967485,119.30763529635406,14156400
2021-04-23,119.35871887207031,119.70812278964327,118.87297330672092,119.63142817461367,12302200
2021-04-26,119.18831634521484,119.74223939554052,119.17979905337101,119.43544784367579,9103500
2021-04-27,118.14869689941406,119.15429701780862,118.05495462569513,118.95828217052893,14137300
2021-04-28,118.22533416748047,118.36168886367791,117.56915157359191,118.15715681938174,15263700
2021-04-29,117.87598419189453,117.9100663760642,116.86186691641808,117.1345634002876,17178200
2021-04-30,118.14869689941406,118.22539157695523,117.58624325710045,118.03790702951736,15692000
2021-05-03,118.2194595336914,119.18384560437022,118.01462760464264,118.37307371355404,16447700
2021-05-04,119.02174377441406,119.61915416739858,118.76570702811503,119.04734614678698,18639700
2021-05-05,119.21800231933594,119.35455695193006,118.56084454472246,118.6547242268101,11127900
2021-05-06,119.41433715820312,119.64477156106007,118.79985409896561,118.84252906580157,21907600
2021-05-07,118.82542419433594,119.99465545966346,118.55232792140411,119.56793195237101,18346900
2021-05-10,117.62207794189453,118.8425009648842,117.5111256588706,118.58646424698118,15146200
2021-05-11,116.95637512207031,117.33189389843429,116.72595380049367,117.11853214118824,15158600
2021-05-12,115.7274398803711,116.75157386586895,115.52260787424346,116.64062156806187,20859400
2021-05-13,115.90666961669922,116.38459799588264,115.75305536163525,116.0090791200752,13073900
2021-05-14,116.99057006835938,116.99057006835938,116.25660479027187,116.52117139820334,17566700
2021-05-17,116.7430191040039,117.06733315818327,116.55527272916035,116.77716427948008,6113800
2021-05-18,116.44429779052734,116.5552500553878,116.12852660292916,116.41015262169353,11423100
2021-05-19,116.1626968383789,117.17830107185279,115.74450302972184,116.52967287699117,14296000
2021-05-20,117.11852264404297,117.34042718802827,116.64059443017793,116.71740153114185,13310500
2021-05-21,117.49404907226562,117.5196514409276,116.97344587185877,117.4855192902343,10171600
2021-05-24,117.92933654785156,118.27072326658694,117.6818425715187,117.76719250684549,6868700
2021-05-25,119.02174377441406,119.05587593005467,118.30483828026279,118.31338108610034,12346900
2021-05-26,118.81690979003906,119.40579038992863,118.52674089294177,119.132681059082,9793700
2021-05-27,118.33899688720703,118.36459926248521,117.76718880170847,118.2024422040091,10695200
2021-05-28,118.15117645263672,118.88514121766934,118.06582656406087,118.27065848310414,10258000
2021-06-01,118.1247329711914,118.16745632268126,117.30423856979192,117.79140997341075,11778500
2021-06-02,118.39823150634766,118.62044250816672,118.21875690061763,118.41532867304669,7347900
2021-06-03,117.95378112792969,118.38111895063386,117.81704293606406,118.38111895063386,10994000
2021-06-04,119.56909942626953,119.56909942626953,118.38965608273251,118.38965608273251,15773700
2021-06-07,119.20157623291016,119.40670301888072,119.07338014249814,119.30413310523977,7799800
2021-06-08,120.03916931152344,120.2186569016282,119.83405554147566,120.2186569016282,11230900
2021-06-09,121.0989990234375,121.49214253257344,120.72293963813118,121.15881953947301,12768300
2021-06-10,121.82550048828125,121.84259765833349,120.23580274773398,120.3640119611463,19698300
2021-06-11,121.62890625,121.70582393907264,121.22720759641982,121.62890624999999,8646700
2021-06-14,120.69729614257812,121.44941488659187,120.51780851818741,121.44941488659187,9401300
2021-06-15,120.55198669433594,120.58616797752227,120.06481538006324,120.33831781080869,18207300
2021-06-16,120.44943237304688,121.0818970451313,119.83407790674373,120.8511309694455,19676300
2021-06-17,122.25277709960938,123.86811326394272,121.05623662281175,121.24426627506755,35225800
2021-06-18,124.55184936523438,124.81679666746133,123.17582137252546,123.31257257409821,26616900
2021-06-21,122.46644592285156,123.49206694975531,122.23569292898,123.4065941837423,16485000
2021-06-22,122.76560974121094,122.79979102900342,121.46649910273399,121.50923549346119,14530200
2021-06-23,122.4493408203125,122.64591249888304,121.97072471180465,122.31258963465001,12040900
2021-06-24,122.64596557617188,122.98783064696562,122.50067226901871,122.57758995374982,8788400
2021-06-25,121.37252044677734,122.56051943182759,120.82552838980426,122.44086532690596,15562200
2021-06-28,122.62028503417969,122.90232949114933,121.96218130125052,121.97927846142473,11460700
2021-06-29,122.82544708251953,122.8339891444021,122.25280290349157,122.3040943987345,11217900
2021-06-30,123.37245178222656,123.8681522491172,123.13314361154929,123.2869789892773,15708900
2021-07-01,123.3792724609375,123.49908256747268,122.83156725130202,123.21667023242783,10810000
2021-07-02,124.12379455566406,124.12379455566406,123.32791600374482,123.43060664055477,9650200
2021-07-06,125.57862854003906,125.79257603874262,124.70571908899919,124.70571908899919,20037200
2021-07-07,126.69115447998047,127.13616896660818,125.98941342252905,126.28894516625002,20964400
2021-07-08,127.18753814697266,127.88929239442525,126.8024351601542,127.41005196120028,17487800
2021-07-09,125.39896392822266,125.79263325054248,125.36473805852417,125.68992952479712,14483600
2021-07-12,125.23634338378906,125.99799619206178,125.09086060673955,125.87818607811965,10610400
2021-07-13,124.2778549194336,126.19482968432906,123.78149503231809,125.64712447411925,23340200
2021-07-14,125.6898422241211,125.7326343252657,124.7827071364451,124.95386248270768,16038600
2021-07-15,127.07628631591797,127.17042375641125,125.8268269292181,126.61415231410669,18462400
2021-07-16,126.83667755126953,126.94792140310406,126.07502475798952,126.09213116084236,12787900
2021-07-19,129.61793518066406,130.03726384581037,128.8990617892537,129.18147400403694,40203900
2021-07-20,128.3685302734375,130.68772746603935,128.16313592400402,130.5336784393837,25674800
2021-07-21,126.7425537109375,127.0848646212678,125.51876674277449,126.81100544634421,19988900
2021-07-22,127.9405746459961,128.20586739372413,126.70823524903855,126.7510273505499,18136900
2021-07-23,127.08486938476562,127.22179897735992,126.56283673903393,126.60562886901023,12639300
2021-07-26,126.70829010009766,127.56408026752592,126.55425413795497,127.51273494681169,10737700
2021-07-27,128.0603790283203,128.10317112793805,127.50412090823613,127.795086292332,13036500
2021-07-28,128.06900024414062,128.08611970474317,126.88801862901126,127.23032949112827,14346700
2021-07-29,127.35863494873047,127.70094562025926,127.11044861230427,127.32439604658855,11532000
2021-07-30,127.95775604248047,128.12891147306607,127.56408679964349,127.62399838242573,14342100
2021-08-02,129.09902954101562,129.57885394028804,127.82234363462454,128.053692210786,21232700
2021-08-03,129.16758728027344,129.57886349938494,128.859126847381,129.16758728027344,13361900
2021-08-04,129.43321228027344,130.0844138354109,128.2850590083279,129.81022095446122,18267900
2021-08-05,128.7734832763672,129.3132924909862,128.52500734815962,129.1761960119973,15345400
2021-08-06,126.62278747558594,127.46248020640321,126.54567563866324,127.08548464559175,21144300
2021-08-09,126.16866302490234,127.29111219660801,126.151522703604,126.939807518281,12942400
2021-08-10,125.58605194091797,126.44288516507902,125.57747524116441,126.37433693823765,13716900
2021-08-11,125.50895690917969,126.15158198036671,124.84920458288087,125.44898536780731,17227600
2021-08-12,125.3033218383789,125.47468590450961,124.60927579805328,125.17478898310074,14709400
2021-08-13,127.28255462646484,127.2911182504041,125.79166038422885,125.80880070634238,18653800
2021-08-16,127.59100341796875,128.54208855789446,127.50531488945033,127.83091560873976,19170900
2021-08-17,127.53963470458984,128.07086713671842,127.38539792072932,127.56533865619362,14126900
2021-08-18,127.968017578125,128.07083335742195,127.19686001069458,127.4196449648172,13144000
2021-08-19,128.9105987548828,128.9191754574836,128.36222583234482,128.7906425866477,15474300
2021-08-20,128.99623107910156,129.21900298745933,128.61922240785302,129.03049865183505,12388400
2021-08-23,128.9105987548828,128.95344304516146,128.4564780412611,128.69639037773138,10615000
2021-08-24,127.90803527832031,128.58494070209002,127.90803527832031,128.31931147709815,13835900
2021-08-25,126.8455810546875,127.98517077851204,126.45144510463514,127.84808740306259,16743800
2021-08-26,127.19691467285156,127.29974357057306,126.3914891909399,126.78563830468562,16657400
2021-08-27,128.0623016357422,128.0880055869696,127.0940758920512,127.29972057610806,15384700
2021-08-30,128.39646911621094,128.43930031977905,127.60817101244581,127.65959199035585,10596300
2021-08-31,127.52247619628906,128.60208123242845,127.2397196947258,128.24221288704865,15262400
2021-09-01,127.73607635498047,128.16503759105615,127.39291260246314,128.06209108347255,10807100
2021-09-02,128.29373168945312,128.30231929305768,127.61597863851065,128.03636539849975,9765900
2021-09-03,127.1269302368164,127.4100461892264,126.92103724659563,127.20415319900563,12928000
2021-09-07,126.05457305908203,126.56075738921726,125.82294336095669,126.33768911431865,15547800
2021-09-08,126.91249084472656,127.13555911102293,126.44921837547993,126.68086115553359,14533700
2021-09-09,128.44818115234375,128.5940264330158,126.84386997409028,127.11839841686685,20324600
2021-09-10,127.31572723388672,127.97633139799434,127.10983415790858,127.74468859665704,14894600
2021-09-13,128.08786010742188,128.25086751289712,127.78758192987682,127.8647918300931,15036100
2021-09-14,129.640625,130.0352749745157,128.3280050728203,128.45668816730696,19918400
2021-09-15,129.1859588623047,129.76076530963292,128.62830143786468,129.72645417299927,11940300
2021-09-16,128.59402465820312,129.07445924457693,128.25943535048845,128.4052806291476,13328900
2021-09-17,127.97630310058594,128.13931047693328,127.57307846147167,127.9848776132351,13782900
2021-09-20,129.56344604492188,129.86371103395695,128.88568001003057,129.17738357852988,14660400
2021-09-21,129.45193481445312,129.51199567738612,128.8599661523281,129.29751503695584,10035800
2021-09-22,130.2240753173828,130.2240753173828,129.0658875763105,129.36615265398362,22277800
2021-09-23,127.28137969970703,129.07443454171067,127.26421758466091,129.04869791457057,23853300
2021-09-24,126.03740692138672,126.84385622545936,125.89156165652287,126.83526862167598,20203900
2021-09-27,125.57408905029297,126.00305022143243,125.15371548072417,125.30813521872348,13464300
2021-09-28,123.61804962158203,124.45882309522081,123.23198711557075,123.82395573385531,26613500
2021-09-29,123.83258056640625,124.76771332761928,123.27493595232679,124.22723083591781,23569400
2021-09-30,123.81542205810547,123.97841639019784,123.24060227478074,123.62667799898509,22567600
2021-10-01,124.85738372802734,124.90032383663643,123.86951218787439,124.42787778208638,26151800
2021-10-04,124.53950500488281,124.95184003313426,123.78358366804355,124.27321349131054,28027600
2021-10-05,123.3368911743164,124.29898000369852,123.23381397330468,124.21308670534782,22659200
2021-10-06,124.03273010253906,124.31620560788963,123.7234852882913,123.89528505009969,18696500
2021-10-07,122.73561096191406,123.13074905224784,122.486490198135,123.00190252441725,14856000
2021-10-08,121.87659454345703,122.28033112535157,121.57593517992557,122.20301010409983,17257800
2021-10-11,121.56733703613281,121.89375256255518,121.50719992673935,121.63605954366334,7213400
2021-10-12,123.64618682861328,123.70631085148291,122.3920235671715,122.52088322900521,17968700
2021-10-13,124.84872436523438,125.0119386423333,124.19588036431351,124.22164965991072,23584600
2021-10-14,125.3126449584961,125.38136747505372,124.51375717255851,124.8745405538762,12946400
2021-10-15,124.58248901367188,124.67698084257601,124.10144446924382,124.55671970646901,11811500
2021-10-18,125.16658782958984,125.41569542993477,124.1443619134783,124.55668381740097,12115900
2021-10-19,123.43999481201172,124.3247759301253,123.39704159989863,124.264651919151,12156300
2021-10-20,122.60670471191406,123.4227629953648,122.4177211379602,123.05339435102998,12782500
2021-10-21,122.46076965332031,122.96758367456096,122.17729407174035,122.83873709542695,13660000
2021-10-22,123.80939483642578,124.04131862233265,123.01910542624813,123.2252599026098,13740000
2021-10-25,123.62036895751953,123.95538297471563,123.37984674555709,123.41420144406138,8137900
2021-10-26,124.64256286621094,124.64256286621092,123.47430680526426,124.23022794530685,13671000
2021-10-27,126.9103775024414,127.28833159318202,125.35555550841529,125.75929200583137,22092300
2021-10-28,126.48087310791016,127.4171926091155,126.13726060232321,126.95331900344233,17497600
2021-10-29,126.86741638183594,127.13370786191813,125.69057476696587,125.81942125491665,19087300
2021-11-01,125.95398712158203,126.22921435332336,125.31750364164506,125.40351953391689,18035500
2021-11-02,126.51306915283203,126.92592974579817,126.00560943868527,126.00560943868527,9836700
2021-11-03,125.20575714111328,127.27860462038122,125.17134551847799,127.14099750240601,20639400
2021-11-04,126.52169799804688,126.74532101035253,125.44656464702399,125.46375733122613,15922400
2021-11-05,128.41390991210938,128.65473869499738,127.40758682843072,127.74302785632361,21513000
2021-11-08,128.173095703125,128.3967187057525,127.73443291541321,128.1214914043791,12083800
2021-11-09,129.84170532226562,130.538389607091,129.56646489536942,129.70408510881754,23430200
2021-11-10,127.46778869628906,129.81587591427498,126.46146560286651,129.7298731333733,28170600
2021-11-11,127.27854919433594,127.86342840674044,127.20114276339771,127.73440456432715,5552500
2021-11-12,126.71954345703125,127.73446323779055,126.22927625419098,127.29581347013527,12712000
2021-11-15,125.1282958984375,126.40126302841348,124.90467292250435,126.34104927094054,15232700
2021-11-16,124.81005859375,125.90239755724977,124.58643562155126,125.30892195405552,12998700
2021-11-17,125.79920959472656,125.82501174750988,124.25102793097679,124.34564019924484,14239900
2021-11-18,126.27224731445312,126.34965375832275,125.53255511660024,125.56696672999904,11054600
2021-11-19,127.60542297363281,127.81185329410464,126.93454083733178,126.93454083733178,14022100
2021-11-22,126.10881805419922,126.98613040922605,125.68737424453504,126.77970011269491,15266000
2021-11-23,124.28541564941406,125.67018793352031,124.28541564941406,125.51536190605829,15318500
2021-11-24,126.28086853027344,126.28086853027344,124.53483990290765,124.66386377888111,13769700
2021-11-26,129.4718475341797,129.6008582765843,127.87204870743552,128.00966891545738,20064800
2021-11-29,128.43116760253906,128.70639498380652,127.44203680076592,127.56245124085599,23234200
2021-11-30,130.38352966308594,130.7963901960133,129.23099020474098,129.729853505558,31481100
2021-12-01,131.1879425048828,131.2482294751159,128.9920014402704,129.59481858203432,30826500
2021-12-02,131.3515167236328,131.74765243498845,129.8272739670885,131.69597227600872,17754200
2021-12-03,132.91885375976562,133.58193152496014,130.33539703471783,130.6195657111495,34427100
2021-12-06,131.09310913085938,132.91875952418835,130.8347610134879,132.66041140681688,30924200
2021-12-07,130.033935546875,131.35149688895373,129.91337480773495,130.65396595963384,22115900
2021-12-08,127.78629302978516,129.586096827638,127.76045953145282,129.57749004157102,33633900
2021-12-09,128.50106811523438,129.03497800756168,127.86381107526104,128.60440212274722,17544900
2021-12-10,128.19110107421875,129.3794951672605,128.14804084154628,129.10392019026722,14298700
2021-12-13,130.08563232421875,130.30092034624087,129.4397682581524,129.50866200201605,17860500
2021-12-14,129.7755584716797,129.97361968330486,128.5785581351178,129.49137683406155,14015500
2021-12-15,128.52696228027344,129.85313084977872,128.42362822398817,128.8369775892686,25383900
2021-12-16,128.57696533203125,129.21494079823387,128.223491905286,128.24073804084472,18677900
2021-12-17,130.03395080566406,130.1632639311684,129.45633025350025,129.61150600410548,18093500
2021-12-20,129.0596923828125,130.19770001594313,128.973488054659,129.9649233355408,17147300
2021-12-21,128.5683135986328,128.62865532412695,127.2665003972155,127.71480771422338,16598200
2021-12-22,129.1631622314453,129.1976413333837,128.47346179820323,129.08556123093615,12253900
2021-12-23,128.0424346923828,128.97352855140792,127.61998994048078,128.96489890742427,11642500
2021-12-27,128.35276794433594,128.46483489423014,127.86998157726029,127.9906781690292,7821800
2021-12-28,127.84410095214844,129.1286678232236,127.60270777777666,128.97349213467376,9174600
2021-12-29,126.44746398925781,126.99922168194217,126.22331694861577,126.65437805711734,11771200
2021-12-30,127.50787353515625,127.56822840609199,126.25779892303538,126.94749934332525,10355000
2021-12-31,127.75788879394531,128.48206827269243,127.10266751370122,127.43027815382327,13402300
2022-01-03,124.40426635742188,126.6802689929551,124.38702022584262,126.22334516818493,33860400
2022-01-04,123.8869857788086,124.25770524997236,123.05935564471835,123.8093979202896,21996400
2022-01-05,123.21450805664062,124.28354436216264,123.03346975433836,124.26629823410579,20911700
2022-01-06,123.5334701538086,123.66279636201607,122.67134805218265,122.9299873136583,18996400
2022-01-07,122.64555358886719,123.49044318947524,122.04207041339473,123.39560917940481,18756800
2022-01-10,122.94728088378906,123.11970273966308,121.86962784089593,122.11963755867161,13775800
2022-01-11,123.76628875732422,123.82664363926722,123.02486297240942,123.18005184387444,24388700
2022-01-12,123.29214477539062,124.15426735081313,123.28352828541716,124.0594333413188,14440600
2022-01-13,124.38699340820312,124.50768999334788,123.30934062836012,123.61970515515254,15166000
2022-01-14,122.50762176513672,123.680108979894,122.24035271979542,123.64561671051935,22997500
2022-01-18,120.78335571289062,121.8265164692169,120.71438434103486,121.52478151666001,21171700
2022-01-19,121.61959075927734,122.17134846689794,120.96436943745569,121.15403738272602,17930500
2022-01-20,122.36968994140625,122.41279870450673,121.63688043354078,121.8782737209664,13959000
2022-01-21,123.82661437988281,124.23181286164548,122.99897128917122,123.62831680459256,28916600
2022-01-24,122.80934143066406,124.46461497034639,122.79209529813083,124.40427323889718,25001600
2022-01-25,122.611083984375,123.8956514649786,122.24899405100535,123.37837261448044,15599000
2022-01-26,121.12818908691406,122.91278864975581,121.11957259927098,122.64551967350448,23655500
2022-01-27,123.35248565673828,123.60249538703229,122.70589379862668,122.77486517541865,21501800
2022-01-28,123.39563751220703,123.68013960774269,122.29212140798064,122.49902245567958,12826500
2022-01-31,122.75760650634766,123.24039293964378,122.38690019326087,122.57655501638976,13998400
2022-02-01,122.35013580322266,122.90266199263131,121.78033946541461,122.8335945722973,20806100
2022-02-02,122.76449584960938,123.94725700801301,122.5313950120758,122.54866515607165,18404600
2022-02-03,121.80620574951172,122.1429011009237,121.0205788717971,121.2450512215784,17234100
2022-02-04,120.0105209350586,120.98608010349535,119.81196034110472,120.73572223922858,23609800
2022-02-07,120.08820343017578,120.26949383613919,119.61337326864755,119.92416999498784,12962400
2022-02-08,119.28529357910156,119.63925904086138,118.98313854388068,119.31983386346086,16269200
2022-02-09,119.50977325439453,120.32129882381467,119.302584205699,119.76014425258295,14349100
2022-02-10,117.6104736328125,118.99179552631252,117.27377823259538,118.84503221578319,30896200
2022-02-11,119.35437774658203,119.57883693342421,116.8593753679962,118.16298806068451,43210300
2022-02-14,117.86946105957031,118.91408744583828,117.38600239835094,118.38746000988279,23157400
2022-02-15,116.53133392333984,117.27379222435687,116.49680679985082,117.06660313689576,18198500
2022-02-16,117.22196197509766,117.47233294969564,116.1255383937673,117.36872526184901,16473700
2022-02-17,118.09391784667969,118.76732173771062,117.32556109572288,117.80039126165354,24508200
2022-02-18,119.33711242675781,119.4579770973687,118.413363838502,118.72416058768157,17522600
2022-02-22,119.64795684814453,119.71702428362138,118.68103909800136,118.87097125224611,19534000
2022-02-23,117.99893188476562,119.00903096408723,117.90397904087625,118.86225452310283,17757800
2022-02-24,118.07665252685547,120.32128370295904,117.62772102233103,120.08819605246885,28150400
2022-02-25,118.16300201416016,118.5428662007966,117.56730710086778,118.1543735274683,15025400
2022-02-28,120.7529525756836,120.89971586694851,119.41481281025048,119.50976566936883,25817700
2022-03-01,122.14912414550781,123.03952362211625,121.02531501083611,121.33652349134962,35664400
2022-03-02,117.97368621826172,121.38832457370069,117.92182036431515,120.88693266770807,30397400
2022-03-03,119.17530822753906,119.90145665373167,118.44915980134644,118.85545996162955,20649100
2022-03-04,121.2327651977539,121.73415726167498,120.4288046362342,121.33649693832047,25853100
2022-03-07,120.30776977539062,121.57853625348746,119.96198854205765,120.26454382354687,23710900
2022-03-08,119.09754180908203,119.51248199530507,118.64801557942583,118.87277209889858,28331300
2022-03-09,117.93047332763672,118.72578062114597,117.67978394224964,118.4923842525567,18819200
2022-03-10,116.23616027832031,116.84992404782774,115.59645038083906,116.55600863170558,26868900
2022-03-11,116.6251220703125,117.09192794980915,116.01999845218513,116.12373016080538,15583800
2022-03-14,113.90206909179688,114.87892018167376,113.86749624548371,114.71466948259271,24385000
2022-03-15,113.70323944091797,115.10367047879677,113.40932409555953,114.85298108203988,17518800
2022-03-16,114.81843566894531,115.08641814730824,112.65726962961757,113.96260916871567,25857700
2022-03-17,113.96260070800781,115.2679401501961,113.30561102948366,114.81842714469995,19330600
2022-03-18,115.35440063476562,115.44083936191915,114.6023190740477,114.6023190740477,55891700
2022-03-21,112.68318939208984,113.82427806827103,112.16450432701076,113.48713673318235,26122000
2022-03-22,111.23949432373047,111.81004513041135,110.94557900781834,111.48155697350624,21830900
2022-03-23,113.67727661132812,113.76372848579327,111.39508694691138,111.83595984899385,21266100
2022-03-24,112.78692626953125,113.40068999411676,112.03484476252574,112.07805752766096,17141600
2022-03-25,111.22222900390625,111.96567049392225,110.3491162595193,111.94837747581732,25684500
2022-03-28,112.17314147949219,112.86471715233276,111.55072469300654,111.8532931719708,17657800
2022-03-29,113.02031707763672,113.72053259743157,112.15585086737987,112.86470630062256,19319700
2022-03-30,113.90206909179688,114.1181856557018,112.37197331665993,112.4411321999945,16310200
2022-03-31,114.17869567871094,114.68872756379325,113.81562146268418,114.09224378363957,19901000
2022-04-01,114.61334228515625,115.1155023239592,112.30168340352253,112.56140996590884,23489700
2022-04-04,113.81680297851562,114.26700443977755,113.16746022882533,114.22371228094912,13609900
2022-04-05,111.24537658691406,113.22803013665575,111.07220799525768,113.21071063530836,25196900
2022-04-06,110.344970703125,111.08089773989063,109.43589485460895,109.4618675066443,22952000
2022-04-07,109.51383209228516,109.66967463739145,108.57878342710426,109.18483409948604,23458800
2022-04-08,108.32769012451172,108.94240047555941,107.58310990088636,108.61339591763522,26859200
2022-04-11,106.61341857910156,107.52250104963306,106.11125861241833,107.28873396614513,30020700
2022-04-12,106.46623992919922,107.49653255492427,106.20650018315649,107.40129508840569,23124200
2022-04-13,106.68270874023438,107.61776408546974,106.39699628383622,106.53552593740773,17189500
2022-04-14,104.54417419433594,106.43159723075833,104.22382941925474,106.37099217660301,34274500
2022-04-18,104.02471160888672,104.82989689655606,103.62644884155489,104.64808171617346,18784300
2022-04-19,103.2455062866211,103.65242883577685,102.74334626402647,103.15892856680121,26012300
2022-04-20,105.32341003417969,105.60046271519928,103.82558964258634,104.08532942092963,31423200
2022-04-21,104.54417419433594,104.68270380695121,103.17622399430985,104.61343900064358,23323200
2022-04-22,103.88619995117188,105.14160013588982,103.73035739739507,103.95546477628541,19773400
2022-04-25,104.92514038085938,105.7909307783106,104.87318846530187,105.08963606466467,25418900
2022-04-26,105.98140716552734,106.5181929917631,105.41864207843086,106.00737982093145,26931300
2022-04-27,104.62211608886719,105.9034888769634,104.56151102084313,105.79093849504929,14560500
2022-04-28,104.77796173095703,104.82125389744884,103.90351809584563,104.23251610262898,16892500
2022-04-29,103.41864776611328,104.73465270937618,103.12428223736978,103.29743765363588,26153400
2022-05-02,101.62604522705078,102.57136027094313,101.40922912156695,102.21578529863491,29233900
2022-05-03,102.31118774414062,103.47331892565941,102.2418050004582,103.23916043660951,21256700
2022-05-04,102.87488555908203,103.17842671687465,101.77345627933327,102.31116248506662,25575700
2022-05-05,100.05628967285156,101.01027912718236,98.88547751598456,100.9062050239692,48384500
2022-05-06,98.58193969726562,99.77009427036508,98.2697239936293,98.98955501127428,32790500
2022-05-09,99.44917297363281,99.48386433171169,97.6712855348156,97.87942706658883,26773000
2022-05-10,100.35116577148438,101.43524630218062,100.15169865918965,100.50727363257273,33640800
2022-05-11,102.2851333618164,102.2851333618164,99.24970891416801,99.50988418251775,34173600
2022-05-12,102.09435272216797,103.10905034794055,102.04231898239544,102.35452803773198,26405700
2022-05-13,100.58531951904297,101.60001719324359,100.51593678490062,101.45258384571736,20782700
2022-05-16,100.48121643066406,101.41786322127373,100.47254193722328,100.78475753409317,11050600
2022-05-17,99.26705932617188,100.03892393318874,99.18033422969708,99.4838753757092,15040800
2022-05-18,101.38320922851562,101.46993434478611,99.3971729674211,99.4925725803293,21337300
2022-05-19,101.62604522705078,102.9616332308355,101.33984637980355,102.89225048907208,21937500
2022-05-20,102.77946472167969,103.22176462446207,101.52192787544648,101.54794473835136,22780900
2022-05-23,101.08831787109375,102.55399655656146,101.07097549761235,102.08567307215105,15925200
2022-05-24,103.08302307128906,103.75948808684481,102.21575887356104,102.25045023547425,23388200
2022-05-25,103.4906234741211,103.74213084942879,102.84884329573603,103.73345635601824,14410800
2022-05-26,103.02232360839844,103.282498919835,102.16373383226555,103.22179068549634,14912900
2022-05-27,103.27381896972656,103.84620988134272,102.97894571119056,103.51665187869709,11190400
2022-05-31,101.08831787109375,101.66938994158694,100.54194378096547,101.62602408283186,28393700
2022-06-01,100.97277069091797,101.94583048230416,100.51230394985518,101.6765023798273,15544800
2022-06-02,101.02487182617188,101.3984590825499,100.31245038708715,101.32895293520724,9832000
2022-06-03,100.80770111083984,100.83376426699657,99.79988817809901,99.99102019940602,15330400
2022-06-06,98.94844055175781,100.35591044659412,98.87893439259925,100.04313935885273,20815400
2022-06-07,100.01708984375,100.59049916381292,99.54793314816774,99.57399630428792,14278700
2022-06-08,99.13092041015625,100.02579094809228,99.11354717914139,99.6348302797525,11476100
2022-06-09,99.46106719970703,99.66088917596157,98.7660186763176,98.9050244039111,15527300
2022-06-10,98.84420013427734,99.57400168746199,98.14915829576287,99.35679987008744,21917100
2022-06-13,95.74254608154297,97.0196936633092,94.90849200596499,96.86330810985879,36968300
2022-06-14,94.5349349975586,96.42025217146916,94.34379630106746,96.02928484815327,21865900
2022-06-15,96.298583984375,96.42890638616939,94.72604512054819,95.6469786038758,25202800
2022-06-16,97.06316375732422,97.06316375732422,93.9354584440255,94.22215984829268,26067300
2022-06-17,97.37588500976562,98.02749022536341,96.40281883489004,97.31506878811534,21614300
2022-06-21,95.72515106201172,96.45494572631922,95.40369010074994,95.64695498885244,17663800
2022-06-22,98.35765838623047,98.44453777706421,97.63654684821245,97.90588157681145,23703800
2022-06-23,99.16564178466797,100.06051203639905,98.60091584442374,98.9571299368064,20669200
2022-06-24,97.79293060302734,99.19171064366284,97.74080429518112,98.5748583630833,18161300
2022-06-27,96.95890045166016,97.4975634033406,96.57662971904018,96.62875603974423,12053000
2022-06-28,97.41065979003906,97.46278609779182,96.3246508553732,96.68954826658754,13706600
2022-06-29,98.93107604980469,98.95713920466932,97.45409986557216,97.63654857809735,12925400
2022-06-30,99.7999038696289,100.5818251911644,99.69564460013625,99.79121394005266,25802100
2022-07-01,100.8244857788086,102.36531639388036,100.30217065378073,100.89412956657155,21858800
2022-07-05,101.61669921875,102.50463453188179,101.12919920065491,101.75598019420636,16689700
2022-07-06,99.91043853759766,102.32180343876854,99.91043853759766,102.19122298507664,20205400
2022-07-07,99.03121185302734,100.25865219414563,98.81357997452571,100.19771553382908,13088000
2022-07-08,97.93431854248047,98.80484581841363,97.54258392494896,98.80484581841363,15320000
2022-07-11,99.62315368652344,99.92783693568072,98.97895865505181,99.0573095714618,13639900
2022-07-12,100.2151107788086,101.18139666724625,100.08453034817713,100.55461591349246,18547300
2022-07-13,101.36421203613281,101.54702199215795,98.76133034218235,99.03989884302021,20594800
2022-07-14,100.53721618652344,101.12047464214636,99.64928108469358,100.18030337555177,15665000
2022-07-15,101.10305786132812,101.69501679503925,100.6329722397107,100.84189696878597,16022600
2022-07-18,100.04972076416016,100.38922594060591,99.39682517228796,100.32828928436173,15838300
2022-07-19,99.5099868774414,100.24123336109825,98.94414936986537,100.03230864073792,9276800
2022-07-20,99.7711410522461,100.58943889424548,99.28364785697667,100.5285022448368,9117300
2022-07-21,101.49479675292969,101.6079695771204,100.11936836794578,100.2760635816272,14754900
2022-07-22,103.2010269165039,103.82780107157421,102.69611942567775,102.97468793068579,17715300
2022-07-25,102.19121551513672,102.3217959592835,101.39033186537914,101.59925659105562,24868100
2022-07-26,102.26956939697266,103.80169295172165,102.19992560586658,103.47089490636397,13536000
2022-07-27,101.69502258300781,103.14880191829401,101.59926402639876,102.73095243636155,15725600
2022-07-28,102.50458526611328,103.52310057031585,102.13025827718465,102.7657461017736,16637900
2022-07-29,102.22603607177734,103.86262524441891,102.13898465735122,102.46107555488759,16655900
2022-08-01,104.6880111694336,104.74033560325813,102.9786775766111,103.12693457489165,17974600
2022-08-02,102.47284698486328,105.2548778960085,102.28970482273454,104.78393805610621,17896300
2022-08-03,104.08625793457031,104.20835272106325,101.45249041407969,102.18505913303729,16731200
2022-08-04,104.05137634277344,104.26068740139853,103.3798549939357,103.7635852810813,11003000
2022-08-05,101.57456970214844,102.13271911342896,101.0687447189049,102.0978339435157,19492300
2022-08-08,103.21414184570312,103.37112179728923,102.5251746500567,102.59494499602083,17476300
2022-08-09,102.81298828125,103.22288081027284,102.43798093061926,102.67345422134906,8223200
2022-08-10,102.1414566040039,103.7025332480172,101.80133446603267,102.67344387696747,14665300
2022-08-11,99.76058197021484,102.08911219676101,99.4989465195995,101.92341595479279,20663800
2022-08-12,100.77222442626953,100.789663683298,99.79545969104016,100.37977127964223,12178400
2022-08-15,100.68502807617188,101.81877296335472,100.68502807617188,101.45248861038797,9031800
2022-08-16,101.1036376953125,101.18212434342814,99.62977075758852,100.51060306832886,11066000
2022-08-17,100.04838562011719,100.37978477754402,99.69081759313066,100.34489960513072,14131300
2022-08-18,100.19666290283203,100.85074504728624,99.93502738358329,100.26643326178738,10738200
2022-08-19,98.583251953125,98.8448807930763,98.3216164595067,98.74895487599439,16330900
2022-08-22,98.25184631347656,98.51347513625902,97.78962275126112,98.42626552866487,10457200
2022-08-23,97.71112823486328,98.96696777485799,97.4494927794757,97.84194596255706,17813200
2022-08-24,96.9959945678711,97.56286692699064,96.68203469677921,97.23146114435714,13971600
2022-08-25,98.34776306152344,98.62683777202416,96.795409568509,97.08320723505642,21429700
2022-08-26,99.08905792236328,99.41173409479532,97.68496146154916,97.93787394897728,18764400
2022-08-29,98.2693099975586,98.55710776244896,97.78964705607466,98.49606035659357,14278300
2022-08-30,98.51342010498047,98.99308265930043,97.8593384329057,98.21690627406474,14346600
2022-08-31,97.57159423828125,98.8448731241911,97.30996541862844,98.27800735477676,13623500
2022-09-01,95.78520202636719,96.35327254042343,95.20839678722187,96.02117295835366,22490400
2022-09-02,96.32707977294922,96.62422052780116,95.67161516553146,95.85514445548074,13024400
2022-09-06,93.94120788574219,95.23466128409002,93.88003144129054,95.17348483963838,24648500
2022-09-07,95.42691802978516,95.68036516758004,94.57044126524619,94.6665766164005,17050100
2022-09-08,94.44812774658203,95.7153572958229,94.43065161533218,95.12106881731526,14671400
2022-09-09,94.65782165527344,95.08606331003791,94.0635335095458,94.67530444446773,12529800
2022-09-12,93.87999725341797,95.16470878678706,93.44302090425732,94.93747921825914,14806900
2022-09-13,94.0985107421875,94.15968718081835,92.84875778067287,93.1284224526613,22158900
2022-09-14,94.4218521118164,94.57042247308459,93.61781721441562,93.81008121078794,13077800
2022-09-15,94.3607177734375,94.55298852329277,94.01987659605153,94.25584100049834,10260200
2022-09-16,93.57412719726562,94.43060388575752,93.31193868690076,93.53916828470159,18903800
2022-09-19,93.79261016845703,94.22958654953774,93.33815766593446,93.47798664066048,11084400
2022-09-20,92.85749053955078,93.37311952180065,92.1146319487806,92.36807907602804,20133800
2022-09-21,94.41311645507812,94.42185784972219,92.61277588676961,93.25075767344592,23132900
2022-09-22,92.00099182128906,92.60402127880607,91.5290632615352,92.45545092970839,29030600
2022-09-23,92.37682342529297,93.01481200760435,91.38051760350508,92.06219983233555,23042200
2022-09-26,90.61144256591797,92.12338411061536,90.20942500707939,92.07968379580886,25104600
2022-09-27,88.22554779052734,89.99967788304141,88.18185414358963,89.76370685219668,34609500
2022-09-28,91.17948913574219,91.28435919509153,89.56267793271532,90.1307418681379,39283100
2022-09-29,90.70755004882812,91.09209136420924,89.84233875695045,89.9297326919744,19127100
2022-09-30,89.53645324707031,91.64268249690366,89.34418925010009,91.1270469263228,26485700
2022-10-03,90.95915222167969,91.70378420889257,90.36344529517963,90.97667006496701,27192200
2022-10-04,90.7051010131836,91.67750507534673,90.49485347326012,91.23948546837771,13788700
2022-10-05,89.83782958984375,90.09187509590433,88.98807043066083,89.99551692539984,20522100
2022-10-06,89.3385009765625,90.09188871180466,88.94427923626755,89.87287886174641,13965700
2022-10-07,88.47119140625,89.02310034528537,88.01565399153104,88.31350409276108,14814800
2022-10-10,87.09578704833984,88.05067293815036,86.5526472003003,88.04191067760719,15652600
2022-10-11,87.48127746582031,88.39235906105239,86.7191209346308,87.3761503527997,33246700
2022-10-12,87.9105453491211,88.07699496043818,86.89434320273962,86.97318353421635,21447600
2022-10-13,87.06952667236328,87.93680352048088,86.14968293272632,86.16720745778211,30292500
2022-10-14,86.35118865966797,87.77037465167757,86.07085636683695,87.77037465167757,18728200
2022-10-17,85.9306869506836,87.30607499150878,85.79928640990966,86.98193806241858,18969900
2022-10-18,86.13217163085938,86.25481658096966,84.86191749743922,85.80803472919733,16931500
2022-10-19,84.56409454345703,85.34376918845444,84.38012704466955,85.14228383991868,25431600
2022-10-20,83.11858367919922,84.38884432749596,82.99593874538404,84.03842736646074,25434900
2022-10-21,81.62055206298828,82.28634357471182,80.8233600481228,81.48914487619918,46280300
2022-10-24,80.94598388671875,81.95342981146177,80.46415988855826,81.31391856696199,31332600
2022-10-25,83.30257415771484,83.42522580915654,82.7331539573864,82.85579892517865,31213100
2022-10-26,84.50273132324219,84.70422325833316,83.89826220161726,83.89826220161726,24843900
2022-10-27,85.38755798339844,85.76425517772736,84.2925087770527,84.95830056593289,20270000
2022-10-28,84.80060577392578,85.52771330358148,84.45895098620883,84.85316599245166,22244100
2022-10-31,84.19612884521484,84.6429107128738,83.25000489616605,84.41513864729195,23956700
2022-11-01,84.98297882080078,85.55380725754242,84.49119146611885,85.51867863219368,17585100
2022-11-02,84.61415100097656,85.73824038040277,84.2716552275608,85.10594512955143,25010500
2022-11-03,84.15748596191406,84.64048952188745,83.50761639379607,83.57787364982516,29097500
2022-11-04,82.74358367919922,84.00818738292502,82.74358367919922,83.51639333142045,23561400
2022-11-07,81.91808319091797,83.30563382483658,81.88295456346553,83.25294423370822,14522800
2022-11-08,82.8138656616211,83.39347139886004,82.34841626492194,82.37476776670285,20360600
2022-11-09,83.08607482910156,83.44613149154759,82.27813659620334,82.39229959647163,15637500
2022-11-10,86.28272247314453,86.44079795789327,84.86882694292002,84.94786803534494,45380900
2022-11-11,85.96656036376953,86.38809716850882,85.65919326661599,85.68553806064341,15943100
2022-11-14,85.75582885742188,86.05441223999941,85.26403460949588,85.98416166181241,13741100
2022-11-15,87.14335632324219,87.20482975005085,86.15977479420268,86.28272164782,26608200
2022-11-16,89.04905700683594,89.09296277753727,87.5912487374642,87.8371424937191,28507700
2022-11-17,88.10936737060547,88.32013244148266,87.62635710390693,87.99519765296719,24528900
2022-11-18,87.50342559814453,88.60117030576889,87.42439119524452,88.3464927295878,14941300
2022-11-21,87.87225341796875,88.5396839790572,87.64392737609984,88.42552095812275,15534000
2022-11-22,89.11930847167969,89.242255341794,88.28501848150174,88.39040438450054,18103100
2022-11-23,90.67371368408203,90.67371368408203,89.64622623631595,89.69891583873411,23234600
2022-11-25,90.36632537841797,90.39267017346847,89.95357238902534,90.11164785942888,9486100
2022-11-28,90.62100219726562,91.16547915770417,90.18190441621498,90.98984272532407,14563200
2022-11-29,89.55841064453125,90.41903877659398,89.49693720652677,89.70770232252752,16576400
2022-11-30,90.217041015625,90.217041015625,89.02269440960904,89.24224331953695,21581700
2022-12-01,93.09908294677734,93.14309323308164,90.7575181153162,90.80153511767213,53156800
2022-12-02,94.26985931396484,94.2786640577087,92.08675298910617,92.69415270245031,24479500
2022-12-05,92.94943237304688,93.30154825587938,92.34203935911397,93.1695039603107,20159700
2022-12-06,94.14664459228516,94.53397282653334,93.47763164446994,93.75051832802474,21754500
2022-12-07,96.36495971679688,96.54981906721355,95.24699215316161,95.39664595535362,30546700
2022-12-08,96.10088348388672,96.34736264955637,95.48468556971258,95.68714772034684,13377300
2022-12-09,93.60088348388672,95.22060773732295,93.54806171662818,95.01814556367059,25872200
2022-12-12,93.900146484375,95.16776101992366,93.53923256114645,94.94768942506046,16897100
2022-12-13,94.80686950683594,96.02166938196014,94.59560259135726,95.98645711003799,23854700
2022-12-14,95.2117919921875,95.35263434121339,94.09382436529566,94.77164873789533,19517500
2022-12-15,95.58329772949219,96.28923319936021,95.44211467489833,95.64506657818318,20246200
2022-12-16,94.51554107666016,95.15088142361964,93.80960586175024,94.06550720884766,20838300
2022-12-19,92.92720794677734,93.39488725469734,92.63601584242046,93.386067943743,26126800
2022-12-20,91.2770767211914,91.60356620205853,90.97705190028155,91.22412720438548,28869000
2022-12-21,91.50654602050781,92.12424132410604,90.85355999766442,92.02717501543061,15894100
2022-12-22,91.48888397216797,91.87714913604526,91.2241565000154,91.4800579278164,11322500
2022-12-23,90.14761352539062,90.72117848695756,90.02406910300324,90.5182265956552,15408900
2022-12-27,88.3651123046875,89.18575921812004,88.25040068128432,88.67395646946365,26475700
2022-12-28,87.84449768066406,88.92986537049583,87.66801047707055,88.81515373738388,17302900
2022-12-29,88.84160614013672,89.11515283184819,88.0562567658773,88.11802559085399,16593000
2022-12-30,87.85331726074219,88.7269137735347,87.68566283218782,88.1268707440755,20810200
2023-01-03,89.52991485595703,90.30643841088425,88.98281458380215,90.18290072560717,25313200
2023-01-04,90.75647735595703,91.31240370237795,90.19173169746225,91.08297367477091,21678200
2023-01-05,91.13587951660156,91.14470555739535,89.81225615398873,89.8916770565397,14771100
2023-01-06,92.81251525878906,92.91840760254192,90.57117780826883,90.62412061399534,27473700
2023-01-09,93.30663299560547,93.4742941307173,92.00948085663957,92.13302524671495,21472200
2023-01-10,91.76243591308594,92.4948427925406,91.33005396775111,92.23894135035886,20545200
2023-01-11,93.25372314453125,93.28902059240542,92.38895250236348,92.62720859243922,18794000
2023-01-12,95.08914947509766,95.13326623545335,92.2654142526427,93.37726029102245,32029600
2023-01-13,94.1978988647461,95.1244382678108,93.87140255278157,94.50674308833462,17750800
2023-01-17,93.58902740478516,94.11848232612756,93.22724038965342,93.24488574529197,13911700
2023-01-18,95.85680389404297,95.98034153905928,94.52436118961033,95.70679485827984,35497200
2023-01-19,95.25676727294922,95.6273869646286,94.80674013611247,95.38913096767064,17194700
2023-01-20,93.71253967285156,94.63025276001537,93.63312549556966,94.38317745429765,22754100
2023-01-23,93.27134704589844,93.71255494437914,93.08604053641234,93.15663541592083,12961500
2023-01-24,94.61260986328125,94.81556169868632,92.99778756035784,93.64195396608538,16417200
2023-01-25,94.84203338623047,95.22147237046771,94.10080076786839,94.74496712986999,11906500
2023-01-26,94.40084838867188,94.992065378601,93.96845978502355,94.54203142057654,15549400
2023-01-27,94.16258239746094,94.38318633150024,93.63313430222617,93.70372917687021,11845500
2023-01-30,93.8184585571289,94.55969141659817,93.70374691334277,93.9419962449906,11459700
2023-01-31,94.56849670410156,94.66556297764093,93.42136023946054,94.40084228532288,13705300
2023-02-01,95.70536041259766,96.06807827142569,94.14831069638666,95.14801049554067,25305800
2023-02-02,95.82917785644531,96.74040326718429,95.62569712655917,96.3599880544894,19548400
2023-02-03,94.39599609375,94.758720603533,93.8474950784354,94.45792384546677,20619500
2023-02-06,93.6971206665039,94.05098975430349,93.49363986636097,93.55556763168791,15182400
2023-02-07,92.94510650634766,93.9801942282857,92.89202750764973,93.18397549972504,18290300
2023-02-08,93.3874740600586,93.40517156402547,92.35239281546073,92.92744020122181,13530700
2023-02-09,92.50274658203125,94.32520394920328,92.35235161351046,94.19249972713673,20469900
2023-02-10,91.46766662597656,92.39658943922166,91.22880442379143,92.36120119637624,16598300
2023-02-13,92.23737335205078,92.3789196162172,91.63578654270033,91.75079330418674,13134300
2023-02-14,92.02503204345703,92.74163227212044,91.24651081621816,92.18427578875797,15440300
2023-02-15,91.16690826416016,91.96312038031007,90.68032819351787,91.60925132851878,15246900
2023-02-16,89.87525177001953,90.43260829625454,89.64523825881727,90.29990404002626,19267300
2023-02-17,90.57414245605469,90.57414245605469,89.32673881319785,89.44174555343862,19560900
2023-02-21,88.8136215209961,89.53021497691053,88.71630552703017,89.36212923702057,22728000
2023-02-22,89.6275405883789,89.96372560346946,89.30905307388198,89.3444413254504,15165400
2023-02-23,90.50337982177734,90.75993282019088,89.76908882737035,89.83101657692164,15829100
2023-02-24,89.3267593383789,90.06105044382295,88.96403478642962,89.74256289807902,21403600
2023-02-27,89.57445526123047,89.97256125143304,89.27366526856513,89.60984351030022,14209200
2023-02-28,89.98141479492188,89.99026354506533,88.71631350915723,88.97287326636754,14955700
2023-03-01,89.01472473144531,89.60005265381561,88.65110649768181,89.41381164368646,19000000
2023-03-02,88.22540283203125,88.37616837716392,87.69327799891872,87.85291409560281,23763600
2023-03-03,90.3627700805664,90.37164063451598,89.19210731047774,89.51137959016103,30877300
2023-03-06,89.66216278076172,90.76187486767692,89.56460696691222,90.65545526438765,16631900
2023-03-07,90.21199035644531,90.78845448032037,89.46701956518778,89.98140335364546,23096500
2023-03-08,90.30068969726562,91.3205868810313,89.94594196818407,90.81507356612138,20252400
2023-03-09,90.52239990234375,90.92148684096827,89.86612104713355,90.06123262290542,21550400
2023-03-10,93.6441650390625,93.73285704007898,92.23405153739638,92.26065643120145,43921500
2023-03-13,93.85701751708984,96.75706596175546,93.15639266133736,95.95888531809759,51502500
2023-03-14,92.3138656616211,93.66190558043864,92.01233451198406,93.24507753667598,38417800
2023-03-15,94.09648132324219,95.52433612570296,93.43133182270148,94.69955047438246,45164100
2023-03-16,93.36035919189453,95.80811067879308,93.15638384829825,95.23164655922925,43089300
2023-03-17,94.76161193847656,95.54205819397407,94.41573480842627,94.58424148018128,38129000
2023-03-20,93.92799377441406,94.85919913825813,93.75948704684878,94.78824822494101,24242800
2023-03-21,93.12092590332031,93.49340798303352,92.7129683732177,93.19187680409911,18934900
2023-03-22,94.362548828125,94.40688807075922,92.62429218659058,92.8194037996839,26388500
2023-03-23,94.362548828125,94.49558008852962,92.96129884886479,93.44020732657084,25475100
2023-03-24,94.76161193847656,95.27599574028187,94.23836435013098,94.97445784168076,23652700
2023-03-27,92.53558349609375,93.79493819926711,92.52671970891453,93.1652642308053,22224500
2023-03-28,92.7040786743164,92.83710989424118,92.25177523307171,92.44688678679488,17794300
2023-03-29,92.5178451538086,92.63313527839955,91.87930065953681,91.96798589124134,16804400
2023-03-30,92.94354248046875,93.16525893985322,92.47349790292421,92.6420045772562,14315800
2023-03-31,94.3359375,94.50443743652781,93.191879564493,93.4313304039012,25396700
2023-04-03,94.77957916259766,95.2241362944892,93.97937496851216,94.13941580732926,18234800
2023-04-04,95.25082397460938,95.84653578265387,94.02384853504299,94.05052088190676,18052400
2023-04-05,96.24664306640625,96.35333924670435,95.49979015453515,95.81986512861906,23047700
2023-04-06,96.49559783935547,96.7979003037428,96.37112234913877,96.397794699413,16447300
2023-04-10,94.93963623046875,95.81097134262042,94.74402997365482,95.70427517070246,19134400
2023-04-11,95.1352310180664,95.21524804980477,94.69956690621525,95.17968944685695,13971200
2023-04-12,95.0374526977539,95.28640368376573,94.13944511243504,95.17971428027815,20563000
2023-04-13,94.29058074951172,95.48199073787599,94.13942615267098,95.179695111003,22079400
2023-04-14,93.42813110351562,93.84601590463376,93.15250106124834,93.7037543623792,19801900
2023-04-17,92.31673431396484,92.9924562607082,92.21003816181428,92.84130846604745,19528800
2023-04-18,92.64570617675781,92.99246020670688,92.29006588797166,92.29895214680874,15922600
2023-04-19,92.5567855834961,92.68126102710268,92.00553912849635,92.38785850054597,16093900
2023-04-20,93.34811401367188,93.60595799002705,93.13472846832435,93.20585924457492,16450100
2023-04-21,92.82352447509766,93.7659833628907,92.70793528692474,93.62372861728187,15244700
2023-04-24,93.72151947021484,93.79264344201954,93.21471792691753,93.32141405972783,17034300
2023-04-25,95.09968566894531,95.25083350523342,94.49508754038763,94.53954597854543,21899900
2023-04-26,94.08609008789062,95.34863096894642,93.95272156475828,94.94853218295427,19610400
2023-04-27,93.15250396728516,93.59706112559375,93.01024920399644,93.5348233947667,20247600
2023-04-28,94.6551284790039,94.92186554130367,94.12166113780962,94.43284985488918,26954100
2023-05-01,91.92576599121094,93.9669770247296,91.66727130481532,93.83327193859074,32487300
2023-05-02,94.216552734375,94.216552734375,92.6031966761734,92.70124661567411,30057800
2023-05-03,94.74246978759766,95.01878867061883,93.84219604544883,94.48397507745497,23656200
2023-05-04,93.80654907226562,94.88509183926483,93.7263300865375,93.78872489783417,25110500
2023-05-05,93.49458312988281,93.50349861813449,92.79932465780225,93.01324877216743,15096500
2023-05-08,92.18424987792969,92.58536508935435,92.09511543112055,92.27338432473881,20587000
2023-05-09,91.8544921875,92.38039041558845,91.80992154421014,92.25560077500728,19182500
2023-05-10,92.7458267211914,92.91518016084483,92.38036658197224,92.40710624083732,22886800
2023-05-11,93.726318359375,94.056116549025,93.34303405207412,93.8600234527169,19147200
2023-05-12,92.94193267822266,93.81546685830274,92.92410850335449,93.63719790752292,14198500
2023-05-15,91.97927856445312,92.22885783675984,91.91688374637644,92.15754753023646,20085300
2023-05-16,91.70292663574219,91.72075760754294,91.01658383292354,91.27507851984888,29251700
2023-05-17,91.43553924560547,91.95252870982156,91.23052383720102,91.8812184112005,21340900
2023-05-18,90.75810241699219,91.15030224767933,90.69570760761233,91.09681612497933,25536600
2023-05-19,90.1163330078125,90.79376729692108,89.96480371172339,90.2589536162669,29038000
2023-05-22,89.7954330444336,90.66005168165506,89.73303823558896,90.25002768060116,20131100
2023-05-23,90.05390930175781,90.25000917520981,89.38539071527478,89.51909579267594,21749500
2023-05-24,89.6082534790039,90.34808253867065,89.6082534790039,90.27677223882999,18473400
2023-05-25,89.38541412353516,89.84892427317354,89.16257453635022,89.75978299787995,22492800
2023-05-26,90.10742950439453,90.17873981810637,89.13585198204265,89.2428174526104,17030300
2023-05-30,91.0076904296875,91.13248006047971,90.25003715687059,90.38374227572648,23125200
2023-05-31,91.8010025024414,91.97036277975762,90.80268541643026,90.90964407534568,23787000
2023-06-01,92.16117095947266,92.61696701921876,91.7232396287535,92.30416379627569,21040400
2023-06-02,91.15123748779297,92.11646452428344,91.10655521783914,92.05390389147004,19136500
2023-06-05,90.98146057128906,91.55344561538914,90.45415781021579,90.57927911245021,14433200
2023-06-06,91.51766204833984,91.5802226764546,90.61499571245818,91.01717020482482,14332100
2023-06-07,90.15922546386719,91.5445057812532,90.06985407984862,91.31213472792533,25251100
2023-06-08,91.21379852294922,91.28529833750781,90.08770712734074,90.1502677604301,23845100
2023-06-09,91.08869934082031,91.40150258210487,90.57033578749203,90.80270683184597,22147400
2023-06-12,91.3568115234375,91.42831134846111,90.37371279445806,91.3746830703941,19010300
2023-06-13,90.45413970947266,91.45511674564247,90.23964706550706,91.25849564759142,25910800
2023-06-14,91.17804718017578,91.41935734586247,90.67756212334046,90.82949411293725,29094200
2023-06-15,92.05390930175781,92.61695503017037,91.69641702812848,92.08072002902536,25732000
2023-06-16,91.6964340209961,91.90199433247103,91.18700965271387,91.55344117620422,16759100
2023-06-20,92.33097076416016,92.64378079295383,92.15222802079113,92.15222802079113,17162900
2023-06-21,92.55440521240234,92.63484422220554,91.46405671875068,91.88410967797047,19720100
2023-06-22,91.4372329711914,92.2773387700321,91.33892242798248,91.87516423406673,23630700
2023-06-23,92.3488540649414,92.90296069015697,92.03605083802955,92.79571776584375,22901900
2023-06-26,92.44713592529297,92.76887823554873,92.1968934214489,92.60800708042085,12894900
2023-06-27,92.20584869384766,92.90295493308071,91.83942402748606,92.58121254288106,18105700
2023-06-28,92.5990982055664,92.80465169302698,91.90199191139737,92.42035544963555,23826800
2023-06-29,90.92781066894531,91.46404566798267,90.6686289420477,91.31211366833172,41091600
2023-06-30,92.00029754638672,92.10754046676306,91.04400953430509,91.21381309776719,32024900
2023-07-03,91.47872924804688,92.53618346526407,91.46080247109317,92.15979635692008,16011800
2023-07-05,90.6094741821289,91.40704490937311,90.27789714611504,91.30846813750583,28170300
2023-07-06,89.32799530029297,89.9552959013299,89.1398051199819,89.79398905576844,41375700
2023-07-07,88.79027557373047,89.25626915853084,88.70961876195926,88.87988893576193,28996500
2023-07-10,88.90679168701172,89.19355861040843,88.58417804355759,88.59314143283763,24665200
2023-07-11,89.36381530761719,89.58785214629971,88.97847167160077,89.22939183699532,20485500
2023-07-12,90.35855865478516,90.61844226343096,89.40863760734037,89.70436793825421,31928000
2023-07-13,91.3084716796875,91.38016512329274,90.53778425358887,90.78870446914412,32441500
2023-07-14,90.7707748413086,91.35327204358688,90.72596473457088,91.15611851324078,18569000
2023-07-17,90.81559753417969,90.95002104608028,90.43921717050912,90.71702758498735,18822000
2023-07-18,91.22782897949219,91.46978582468184,91.02171202190841,91.22782897949219,15407400
2023-07-19,92.25837707519531,92.28526724177897,91.16508293131247,91.40703973406576,27192500
2023-07-20,91.13819885253906,91.68484937952664,90.76181853997602,91.6041993855758,56951200
2023-07-21,91.16508483886719,91.72069189276422,91.07546462250468,91.55042852321316,20657500
2023-07-24,90.83350372314453,91.54146101073073,90.77973706539898,91.39807414065957,17546700
2023-07-25,90.6632308959961,90.95896117914832,90.3316607334273,90.35854406152076,17160600
2023-07-26,90.75287628173828,91.12926351900357,90.44818933978463,91.12030012745655,19310700
2023-07-27,88.9874496459961,90.44816761229907,88.63795266732812,90.25101406801194,44794400
2023-07-28,89.44449615478516,89.4893062728102,88.85304225182638,89.07707916782338,27434000
2023-07-31,89.65956115722656,89.91048136622776,89.27421745424247,89.30110078562647,28663800
2023-08-01,88.1903076171875,88.8912280646608,87.97464136932795,88.81933703007215,34943400
2023-08-02,87.24678039550781,87.38157440808355,86.63572700285991,87.20185362858808,38121300
2023-08-03,85.23387145996094,85.65622279655442,84.95530221918978,85.53940498562955,59394800
2023-08-04,86.74354553222656,86.87833952740448,85.4854796704117,85.50345585958604,42071800
2023-08-07,85.88985443115234,86.44699284235875,85.81796339231705,86.36612056559916,35862900
2023-08-08,86.8873291015625,87.49838928165481,86.66267472440956,87.0400924326087,24010500
2023-08-09,87.33662414550781,87.42648451108094,87.02210258214221,87.05804809955275,20151100
2023-08-10,85.89884185791016,87.48939864117975,85.89884185791016,87.20184132102752,37253200
2023-08-11,85.70115661621094,86.15046538284659,85.54838642506496,85.63825366311825,26753500
2023-08-14,85.51243591308594,86.2043683012698,85.27879346714175,85.55736266998234,19072000
2023-08-15,84.99122619628906,85.54836453658645,84.97325001091473,85.18892309997108,24125000
2023-08-16,84.32624053955078,85.17993105163279,84.21841085593603,84.72163432855322,23076700
2023-08-17,83.96681213378906,84.1195754465241,83.58938761492287,84.0207269839528,32244900
2023-08-18,84.26335906982422,84.64078362633384,83.84101460824019,83.95783241388165,24181700
2023-08-21,83.14008331298828,83.35575643686674,82.87949028613913,83.26589606320424,29254100
2023-08-22,83.77811431884766,83.82304108125625,83.08617498986085,83.2479264175285,21308700
2023-08-23,85.85392761230469,85.86291570809357,84.67674073256785,84.73964369127346,38294700
2023-08-24,85.28778076171875,85.86289534949493,85.26980457440324,85.48547083084264,22300800
2023-08-25,85.56635284423828,85.82695272183805,84.92833529117965,85.0631292769598,23865200
2023-08-28,85.65620422363281,85.96173768305229,85.26979849477966,85.95274959003537,16037300
2023-08-29,86.54584503173828,86.72557263656202,85.31474350425447,85.34170093100124,28478100
2023-08-30,86.45599365234375,86.62673318071363,86.15944821546171,86.41106688839388,17550100
2023-08-31,86.84239959716797,87.21083608398585,86.65369073412997,86.75253921323194,26959700
2023-09-01,85.48950958251953,86.36378401569183,85.28221150903823,86.34576078705139,32469700
2023-09-05,84.29078674316406,84.98480158759405,84.26374845403838,84.97578653239472,29435900
2023-09-06,84.4980697631836,84.82254290119187,84.23668824220636,84.80451279548555,23636300
2023-09-07,84.73242950439453,84.78650607910426,84.43499459054736,84.72341444978562,18091500
2023-09-08,85.05689239501953,85.53458708430763,84.87662570705258,85.0659005720646,17052100
2023-09-11,84.44400024414062,84.70538178692485,84.31781699955116,84.4530084212748,17061500
2023-09-12,84.93070983886719,84.93971801598515,84.34485513205865,84.62425990507936,20034300
2023-09-13,84.91267395019531,85.20109375716726,84.56116252533796,84.65129242567845,23332300
2023-09-14,84.2997817993164,84.912674754496,84.182613615411,84.66932333362456,27800600
2023-09-15,83.78601837158203,84.25470477384977,83.78601837158203,84.23667467104825,25642900
2023-09-18,84.26373291015625,84.29978624783061,83.65985497617055,83.68689326030855,17963400
2023-09-19,83.6418228149414,84.20964735062485,83.6418228149414,83.89418927524515,24941800
2023-09-20,83.90319061279297,84.36286198600645,83.85812910653738,84.0834572672246,29451200
2023-09-21,81.74907684326172,82.35296170915835,81.7400686653694,82.28085502718984,59958700
2023-09-22,82.40702056884766,82.56925713016788,81.72202099033221,81.84820421841792,29524500
2023-09-25,80.37909698486328,81.15422674747754,80.35205869396533,80.81173026864884,45587900
2023-09-26,80.09967041015625,80.77565500508109,79.95545706253293,80.6044033738961,38104100
2023-09-27,79.68505859375,80.77564612853946,79.39663193019892,80.70353946265169,47111200
2023-09-28,79.92842102050781,79.97348941202173,78.50434511690926,78.97303163335818,60238000
2023-09-29,79.93743896484375,80.65848511984377,79.43269909222526,80.46019519236559,49010100
2023-10-02,78.59925079345703,79.50341794538993,78.40033291631212,79.40395900681747,44704300
2023-10-03,76.90845489501953,78.34608423796205,76.75474813645114,78.03866382257742,71362600
2023-10-04,77.99348449707031,78.03868872965144,77.18877603567564,77.55043748932489,56281600
2023-10-05,77.60467529296875,77.93017604883028,77.43288131119502,77.85784101458358,35758800
2023-10-06,76.66435241699219,77.47810443268742,76.00430719919227,76.13089007960602,62787900
2023-10-09,78.4636459350586,78.48173314609389,76.80901793607042,77.30631276579359,29424900
2023-10-10,78.35515594482422,78.81627638592116,77.3243986867979,77.62277560627263,54743900
2023-10-11,79.99169921875,79.99169921875,79.20507101637816,79.4311128896545,58517700
2023-10-12,77.82167053222656,79.73850747723522,77.69508767624232,79.61192462125098,66986700
2023-10-13,79.214111328125,79.41302927205481,78.81627544026537,79.20506772205994,44183800
2023-10-16,77.93920135498047,78.09291500483454,77.66795536360088,77.93016465070777,38309800
2023-10-17,77.08028411865234,77.4238653064267,76.40215845191933,76.75478324676041,52949100
2023-10-18,76.4021224975586,76.60104036991093,75.81441248331244,76.29361995857157,63724600
2023-10-19,74.83793640136719,76.46544056197057,74.81081248173216,75.84156281736425,87696900
2023-10-20,75.26289367675781,75.53414666049893,74.83793388808004,75.03685182305686,52188800
2023-10-23,76.16706848144531,76.72765481638287,74.52148390277445,74.8741086769003,70890400
2023-10-24,77.17066955566406,77.17066955566406,76.03141694602336,76.34788098632512,46267700
2023-10-25,75.45277404785156,76.06760821508013,75.16344072787639,75.96814923962768,60737200
2023-10-26,76.61012268066406,76.69149445233232,75.40757813439066,75.47991319692994,49704100
2023-10-27,76.28459930419922,76.82709831678,75.71496947747757,76.12184891060006,32362300
2023-10-30,75.9410171508789,76.4021444512663,75.26289160841205,75.77826674475686,45026900
2023-10-31,75.57030487060547,76.6462592707973,75.54318095522446,76.28459786805162,37269200
2023-11-01,77.20884704589844,77.22699636247182,76.22899160902027,76.24714092559364,72308500
2023-11-02,78.96891784667969,79.21387812357447,78.22495544027161,78.64229952953148,69739400
2023-11-03,79.50421142578125,80.79254241694356,79.45885199688162,80.57479223926545,77692300
2023-11-06,78.7330551147461,79.11410765506432,78.56974589433324,78.9961647988521,41341900
2023-11-07,79.89434814453125,80.29354992982273,79.46792931423064,79.48607862552615,37834200
2023-11-08,81.25527954101562,81.30972056889428,80.24820704946262,80.27543102437002,53893400
2023-11-09,79.38627624511719,80.77440088223666,78.6967477933038,80.69274974919855,88975100
2023-11-10,79.83085632324219,80.23005819316565,79.63125538828045,80.04860657334713,36516400
2023-11-13,79.6493911743164,79.78548332703171,78.84191983598916,79.13224653154576,25661500
2023-11-14,81.45484924316406,81.79054225221037,81.01028806399836,81.65445011762762,65666800
2023-11-15,80.31169891357422,80.87420993704232,80.12117266093212,80.7562670916738,56205300
2023-11-16,81.30970764160156,81.6181767554809,80.97401455714312,81.01938091950657,49473900
2023-11-17,81.69075012207031,82.0445855548067,81.32784003359001,81.79962522519466,44091400
2023-11-20,82.18975067138672,82.25326634370498,81.30062816601611,81.30970282233795,40477800
2023-11-21,82.15348052978516,82.38029852470788,81.55467770065994,82.10811416202625,27721000
2023-11-22,82.44380187988281,82.85207147519573,81.99923365519447,82.6706198599312,31197500
2023-11-24,81.47301483154297,81.89035905156639,81.46394017490869,81.74519223315744,20199600
2023-11-27,82.83390808105469,82.87019285735975,81.84497833936675,81.92663639088732,39804400
2023-11-28,82.99723052978516,83.0425899683843,82.37121074847774,82.48008586059831,44989300
2023-11-29,84.04058837890625,84.10409713107944,83.26940869625034,83.56881006589605,61647800
2023-11-30,83.06980895996094,83.7321204608082,82.7069057549358,83.44179374362713,60520900
2023-12-01,84.63434600830078,84.69805585375005,82.94147646481757,83.10530277366603,64172200
2023-12-04,84.29759216308594,84.48872168859386,83.815209710497,84.17926892549629,33766300
2023-12-05,86.1087646484375,86.11786803697036,85.16221361269524,85.21682005619066,73588600
2023-12-06,87.25556182861328,87.41938812784632,86.34541726484123,86.53654678997113,61606100
2023-12-07,86.75497436523438,87.44668613671246,86.5183348484929,86.62755468941624,47970200
2023-12-08,86.04508209228516,86.20890841855446,85.47169342226918,85.93586222682126,44809200
2023-12-11,85.863037109375,85.95405712326784,85.1258222150375,85.56269467262588,33909700
2023-12-12,86.11786651611328,86.19067279153775,85.46256143033753,85.69009753268462,36996900
2023-12-13,88.13841247558594,88.26583912635563,86.48194934181882,86.61847244033024,70828500
2023-12-14,90.43115234375,90.43115234375,88.95196500712625,89.17110851596131,87798600
2023-12-15,90.53160095214844,90.71421359593326,90.0111472545133,90.11158629846271,59941300
2023-12-18,89.81024932861328,89.93807954427166,89.49979954328272,89.93807954427166,34746000
2023-12-19,90.29417419433594,90.6320151555905,90.08417040816401,90.2667830018982,30018400
2023-12-20,90.90593719482422,91.02464165446443,90.01112570182039,90.49505536157898,51229400
2023-12-21,90.33071899414062,91.16161554385636,90.1663648352855,91.07030922587586,65231200
2023-12-22,89.91983795166016,90.7416017876751,89.70069442691228,90.7416017876751,29244200
2023-12-26,90.17546081542969,90.27589981415255,89.91980044276157,89.97458281798397,24019700
2023-12-27,91.77337646484375,91.79163494074825,90.85116669160205,91.10682715161558,45082800
2023-12-28,91.10682678222656,91.82815848646871,90.90594871696608,91.38987843806176,36213000
2023-12-29,90.2850570678711,91.14335173235004,90.21201619749692,90.51332633257506,41616200
