Price,Close,High,Low,Open,Volume
Ticker,UUP,UUP,UUP,UUP,UUP
Date,,,,,
2007-03-01,20.54920768737793,20.57389692877141,20.516290268517054,20.516290268517054,4600
2007-03-02,20.540977478027344,20.78786517741532,20.532749300745103,20.590355959703178,2400
2007-03-05,20.672653198242188,20.68088137605728,20.65619370328434,20.664423450763266,1100
2007-03-06,20.65619659423828,20.65619659423828,20.65619659423828,20.65619659423828,400
2007-03-07,20.573898315429688,20.639734727252506,20.56566856774385,20.639734727252506,2800
2007-03-08,20.672653198242188,20.697340871015125,20.672653198242188,20.697340871015125,42200
2007-03-09,20.705570220947266,20.738489210230917,20.705570220947266,20.738489210230917,700
2007-03-12,20.63973617553711,20.63973617553711,20.63973617553711,20.63973617553711,200
2007-03-13,20.59035873413086,20.59035873413086,20.573899238021095,20.573899238021095,1100
2007-03-14,20.540977478027344,20.60681545359512,20.540977478027344,20.60681545359512,2000
2007-03-15,20.540977478027344,20.540977478027344,20.540977478027344,20.540977478027344,0
2007-03-16,20.466915130615234,20.483373056641284,20.458685382770256,20.458685382770256,4000
2007-03-19,20.573898315429688,20.573898315429688,20.466914734841556,20.466914734841556,2200
2007-03-20,20.450456619262695,20.47514429432201,20.450456619262695,20.47514429432201,1400
2007-03-21,20.39284896850586,20.39284896850586,20.39284896850586,20.39284896850586,200
2007-03-22,20.39284896850586,20.409306894530967,20.244716646632565,20.409306894530967,17500
2007-03-23,20.516292572021484,20.516292572021484,20.466915653354405,20.466915653354405,4100
2007-03-26,20.450456619262695,20.499833539045305,20.450456619262695,20.499833539045305,3100
2007-03-27,20.44222640991211,20.466915654078495,20.44222640991211,20.466915654078495,200
2007-03-28,20.44222640991211,20.450456157967572,20.40930741769026,20.40930741769026,3400
2007-03-29,20.466915130615234,20.466915130615234,20.466915130615234,20.466915130615234,100
2007-03-30,20.401081085205078,20.409309264341086,20.401081085205078,20.409309264341086,200
2007-04-02,20.450456619262695,20.450456619262695,20.376390454756795,20.4339971227805,4100
2007-04-03,20.475143432617188,20.483373180511933,20.475143432617188,20.483373180511933,5200
2007-04-04,20.450456619262695,20.450456619262695,20.450456619262695,20.450456619262695,500
2007-04-05,20.384618759155273,20.384618759155273,20.384618759155273,20.384618759155273,1100
2007-04-09,20.516292572021484,20.540980246523056,20.508062823966316,20.516292572021484,22700
2007-04-10,20.450456619262695,20.46691611574489,20.4339971227805,20.4422268710216,30500
2007-04-11,20.450456619262695,20.78786844882782,20.4257673745394,20.450456619262695,172000
2007-04-12,20.327011108398438,20.392847516803894,20.327011108398438,20.392847516803894,8900
2007-04-13,20.31878089904785,20.33523882352708,20.277632163690377,20.294091657833366,8300
2007-04-16,20.236486434936523,20.318782341831326,20.236486434936523,20.318782341831326,22600
2007-04-17,20.228254318237305,20.244713811621377,20.203565078161198,20.244713811621377,23600
2007-04-18,20.203567504882812,20.21179725256335,20.129501345421826,20.178879831505064,18300
2007-04-19,20.203567504882812,20.21179725256335,20.170650083824526,20.195339326866144,26800
2007-04-20,20.12950325012207,20.203569416591368,20.104815574408317,20.203569416591368,24200
2007-04-23,20.236486434936523,20.269403855896122,20.203567444313055,20.269403855896122,29300
2007-04-24,20.2117977142334,20.269404379649135,20.162420796686185,20.23648695783896,42300
2007-04-25,20.178878784179688,20.203566456276093,20.16241928967289,20.195338278686485,7600
2007-04-26,20.26117515563965,20.277633080863286,20.244715660752185,20.269403333419554,40800
2007-04-27,20.19533920288086,20.244716118997086,20.113043296244573,20.1624202123608,55800
2007-04-30,20.154190063476562,20.187109053341228,20.137730568544228,20.170649558408893,6300
2007-05-01,20.277633666992188,20.285863414673802,20.162420338777327,20.162420338777327,2500
2007-05-02,20.294092178344727,20.3023219256273,20.22825576974793,20.285862431062153,21300
2007-05-03,20.31878089904785,20.36815781181306,20.294091657833366,20.294091657833366,13100
2007-05-04,20.24471664428711,20.29409356168452,20.2117976529129,20.277634065997415,90800
2007-05-07,20.294092178344727,20.3681583342241,20.244715264313076,20.244715264313076,52500
2007-05-08,20.35169792175293,20.359927668664323,20.29409126303689,20.29409126303689,147000
2007-05-09,20.376388549804688,20.376388549804688,20.31055213969481,20.31055213969481,9700
2007-05-10,20.401081085205078,20.458687757141664,20.37639183880479,20.401081085205078,15000
2007-05-11,20.41753578186035,20.433995276855665,20.384618361533565,20.42576552935801,24100
2007-05-14,20.401081085205078,20.409309264341086,20.07189741185757,20.359932341204598,15400
2007-05-15,20.33523941040039,20.417535313826633,20.277632748901162,20.417535313826633,31100
2007-05-16,20.425765991210938,20.433995738894676,20.31055266296631,20.392848570139844,13000
2007-05-17,20.475143432617188,20.483373180511933,20.45868550649161,20.475143432617188,8100
2007-05-18,20.433996200561523,20.475143370246,20.425766452691846,20.46691519204023,10400
2007-05-21,20.49160385131836,20.524522844379966,20.48337410305296,20.508063347849163,16400
2007-05-22,20.499832153320312,20.508061901005103,20.475142910265934,20.499832153320312,7800
2007-05-23,20.483375549316406,20.49160529816288,20.244719111424956,20.450458123594593,9900
2007-05-24,20.516292572021484,20.516292572021484,20.475143831745633,20.475143831745633,6100
2007-05-25,20.499832153320312,20.508061901005103,20.466914732245016,20.508061901005103,10700
2007-05-29,20.508060455322266,20.508060455322266,20.417534806834883,20.43399430104418,9600
2007-05-30,20.540977478027344,20.549207224973316,20.483370819069272,20.508060059907187,22600
2007-05-31,20.508060455322266,20.508060455322266,20.47514146690367,20.47514146690367,2400
2007-06-01,20.516292572021484,20.557439742633395,20.491603327855973,20.540980246523056,12500
2007-06-04,20.433996200561523,20.433996200561523,20.425766452691846,20.433996200561523,8000
2007-06-05,20.376388549804688,20.40930597002771,20.244715729584936,20.368158802332974,95700
2007-06-06,20.4093074798584,20.475143894838695,20.137732071856696,20.442226472180522,54500
2007-06-07,20.540977478027344,20.540977478027344,20.458683147895083,20.475141072123296,16300
2007-06-08,20.6068172454834,20.647964414127525,20.21179720604599,20.647964414127525,8400
2007-06-11,20.65619659423828,20.67265609149973,20.623277599715383,20.647966845607556,9700
2007-06-12,20.69734001159668,20.69734001159668,20.63150360416286,20.672652339848852,156700
2007-06-13,20.738489151000977,20.75494707593199,20.71379990910875,20.746717328634585,10200
2007-06-14,20.763179779052734,20.763179779052734,20.71380285790284,20.74672028211476,12100
2007-06-15,20.647966384887695,20.713802802800423,20.647966384887695,20.697343305906237,52500
2007-06-18,20.62327766418457,20.697343832428572,20.62327766418457,20.63150741284102,54900
2007-06-19,20.631505966186523,20.66442495850409,20.631505966186523,20.66442495850409,2500
2007-06-20,19.84969711303711,23.84103199530636,19.81677812340878,20.615044785929868,4300
2007-06-21,20.65619659423828,20.754950438478865,20.606819672117986,20.65619659423828,3300
2007-06-22,20.532751083374023,20.61504542065098,20.532751083374023,20.5738982520125,46800
2007-06-25,20.598587036132812,20.61504496142326,20.57389779370139,20.58212754117853,9400
2007-06-26,20.565671920776367,20.590361167859218,20.516294996274794,20.55744217174875,17800
2007-06-27,20.598587036132812,20.598587036132812,20.58212754117853,20.58212754117853,2400
2007-06-28,20.598587036132812,20.598587036132812,20.549208551269967,20.549208551269967,5900
2007-06-29,20.475143432617188,20.565669089795477,20.475143432617188,20.50806242419617,3600
2007-07-02,20.3681583404541,20.45045424364122,20.261174765075502,20.44222449635613,15800
2007-07-03,20.33523941040039,20.417535313826633,20.33523941040039,20.33523941040039,6500
2007-07-05,20.433996200561523,20.433996200561523,20.417536704822172,20.417536704822172,12100
2007-07-06,20.39284896850586,20.417536642375474,20.39284896850586,20.417536642375474,500
2007-07-09,20.401081085205078,20.42576876194128,20.39285133640498,20.401081085205078,8800
2007-07-10,20.26117515563965,20.32701156552568,20.26117515563965,20.32701156552568,4900
2007-07-11,20.236486434936523,20.261175677904124,20.228256687280656,20.228256687280656,4900
2007-07-12,20.203567504882812,20.22825674792443,20.195339326866144,20.21179725256335,73000
2007-07-13,20.220027923583984,20.220027923583984,20.20356842747129,20.20356842747129,600
2007-07-16,20.2117977142334,20.22825720997044,20.187110040291746,20.2117977142334,3800
2007-07-17,20.2117977142334,20.22002746210192,20.2117977142334,20.2117977142334,700
2007-07-18,20.19533920288086,20.19533920288086,20.1624202123608,20.1624202123608,1100
2007-07-19,20.18711280822754,20.18711280822754,20.154193812239804,20.16242356123674,11200
2007-07-20,20.154190063476562,20.154190063476562,20.12950082107806,20.145960316010395,600
2007-07-23,20.19533920288086,20.19533920288086,20.154190464730785,20.1624202123608,16800
2007-07-24,20.03898048400879,20.16242357974789,20.03898048400879,20.14596408173891,18100
2007-07-25,20.2117977142334,20.23648695783896,20.195339788160265,20.195339788160265,6100
2007-07-26,20.12127113342285,20.211795209430313,20.113041386574228,20.211795209430313,3000
2007-07-27,20.28586196899414,21.808330648988342,20.277632221899022,20.277632221899022,26500
2007-07-30,20.31878089904785,20.31878089904785,20.302321404904863,20.302321404904863,5200
2007-07-31,20.28586196899414,20.302321463184377,19.997827099320034,20.302321463184377,6600
2007-08-01,20.294092178344727,20.335239345093804,20.25294501159565,20.335239345093804,11200
2007-08-02,20.327011108398438,20.327011108398438,20.2776326248465,20.30232186662247,900
2007-08-03,20.13772964477539,20.236485040175403,20.13772964477539,20.236485040175403,20100
2007-08-06,20.178878784179688,20.178878784179688,20.145959795166092,20.145959795166092,3300
2007-08-07,20.236486434936523,20.252945930248256,20.18710951866519,20.18710951866519,13700
2007-08-08,20.178878784179688,20.187108531433086,20.15418954241949,20.15418954241949,4300
2007-08-09,20.33523941040039,20.33523941040039,20.31055173813718,20.33523941040039,6200
2007-08-10,20.35169792175293,20.36815741557572,20.33523842793014,20.359927668664323,40500
2007-08-13,20.4093074798584,20.43399672409999,20.343471064878106,20.368160309119695,25400
2007-08-14,20.540977478027344,20.540977478027344,20.475141072123296,20.475141072123296,39600
2007-08-15,20.631505966186523,20.6561952104247,20.59035879545351,20.62327621810713,26800
2007-08-16,20.573898315429688,20.615045484194997,20.56566856774385,20.59035781080136,30800
2007-08-17,20.516292572021484,20.57389923874374,20.285864335468535,20.285864335468535,16300
2007-08-20,20.565671920776367,20.573901669803984,20.532754494330028,20.55744217174875,13300
2007-08-21,20.573898315429688,20.573898315429688,20.557438820058014,20.557438820058014,6800
2007-08-22,20.516292572021484,20.549209994578224,20.516292572021484,20.524522320076656,21200
2007-08-23,20.483375549316406,20.508064795855837,20.475145800469928,20.508064795855837,1200
2007-08-24,20.39284896850586,20.42576639021998,20.35170022928333,20.42576639021998,52000
2007-08-27,20.376388549804688,20.376388549804688,20.35992905486126,20.35992905486126,2500
2007-08-28,20.376388549804688,20.376388549804688,20.35169930738955,20.368158802332974,17200
2007-08-29,20.359928131103516,20.39284711949679,20.351698384005196,20.37638762530015,3900
2007-08-30,20.450456619262695,20.450456619262695,20.376390454756795,20.4339971227805,27500
2007-08-31,20.401081085205078,20.433998510741375,20.3517025924045,20.3517025924045,5700
2007-09-04,20.433996200561523,20.49160286598535,20.433996200561523,20.483373118115672,4700
2007-09-05,20.359928131103516,20.359928131103516,20.335238889808558,20.351698384005196,900
2007-09-06,20.302322387695312,20.376388545260383,20.294092640225433,20.376388545260383,40600
2007-09-07,20.18711280822754,20.21180048555422,20.178883059230607,20.195342557224475,3000
2007-09-10,20.16242027282715,20.187109515791235,20.145960777517757,20.17887976813654,49600
2007-09-11,20.18711280822754,20.195342557224475,20.137734314245936,20.195342557224475,3500
2007-09-12,20.08835220336914,20.15418860868236,20.071892709624905,20.12949936806601,8200
2007-09-13,20.145957946777344,20.170647186272305,20.145957946777344,20.154187693275667,2500
2007-09-14,20.19533920288086,20.19533920288086,20.14596071710077,20.14596071710077,2400
2007-09-17,20.178878784179688,20.203566456276093,20.16241928967289,20.16241928967289,2500
2007-09-18,20.11304473876953,20.220028326304956,20.063666249447973,20.211798578084693,10700
2007-09-19,20.104814529418945,20.154191447944005,20.096584781387445,20.113044277450445,28000
2007-09-20,19.956680297851562,19.99782746441461,19.890843889552418,19.98959928683303,53900
2007-09-21,19.964908599853516,19.989597839802382,19.956678853203893,19.98136809315276,7500
2007-09-24,19.956680297851562,19.96491004509693,19.923761308870098,19.931991056115464,33800
2007-09-25,19.907304763793945,19.915534511609703,19.85792627689938,19.882615520346665,27800
2007-09-26,19.9731388092041,20.647962353469424,19.915532150985896,19.931990075002734,17700
2007-09-27,19.940221786499023,19.940221786499023,19.866155627302735,19.882615122604992,128700
2007-09-28,19.792089462280273,19.86615562145476,19.75094229370061,19.849697695821213,44800
2007-10-01,19.8167781829834,19.841467425278868,19.380610987079752,19.833237677847045,44600
2007-10-02,19.940221786499023,19.948451534150152,19.89907461790725,19.915534113209503,99700
2007-10-03,19.997827529907227,20.006057277179544,19.87438446015003,19.899073701966987,48800
2007-10-04,19.9731388092041,20.014285973741757,19.956679315523555,20.014285973741757,16600
2007-10-05,19.940221786499023,19.95668128180128,19.874385374953864,19.95668128180128,29000
2007-10-08,20.06366539001465,20.08012488575012,19.97314130279737,19.981371050665107,48600
2007-10-09,19.989601135253906,20.063665727983317,19.95668214322845,20.055437549640885,92800
2007-10-10,19.931989669799805,19.948449163145742,19.874383012752702,19.907301999444577,49800
2007-10-11,19.948450088500977,19.948450088500977,19.816777274952884,19.89907317583638,90600
2007-10-12,19.9155330657959,19.92376124335042,19.874384329704384,19.907303318577597,14100
2007-10-15,19.890844345092773,19.890844345092773,19.833237682719687,19.874384850225084,18400
2007-10-16,19.9155330657959,19.93199099056872,19.89084382414099,19.899073571359295,295500
2007-10-17,19.907304763793945,19.915534511609703,19.84969809874752,19.866156024715142,44200
2007-10-18,19.783863067626953,19.783863067626953,19.734484577283705,19.75917382245533,22600
2007-10-19,19.742712020874023,19.808548430648486,19.726252526014452,19.742712020874023,51100
2007-10-22,19.907304763793945,19.96491142884037,19.85792627689938,19.866156024715142,96800
2007-10-23,19.783863067626953,19.79209124635349,19.74271432567425,19.775633319236412,39600
2007-10-24,19.750944137573242,19.808550806828254,19.742714389156237,19.792091309994248,37100
2007-10-25,19.709793090820312,19.742710508353774,19.685103850422436,19.7180212679559,19500
2007-10-26,19.627498626708984,19.65218629924713,19.594579637106367,19.63572837410964,67100
2007-10-29,19.594579696655273,19.627498686357935,19.545202781765106,19.627498686357935,26400
2007-10-30,19.635730743408203,19.668648167318906,19.54520508074176,19.619271246620848,245300
2007-10-31,19.54520034790039,19.72625005972835,19.52051110869782,19.635725988646183,72500
2007-11-01,19.611042022705078,19.6357312685464,19.55343535207271,19.619271771318854,92600
2007-11-02,19.4217586517334,19.553431464043694,19.364151992555612,19.553431464043694,65000
2007-11-05,19.5205135345459,19.553432524240225,19.495825861938975,19.52874328196948,83300
2007-11-06,19.454675674438477,19.462905421248514,19.421758256862027,19.429988003672065,28100
2007-11-07,19.35592269897461,19.421759106671917,19.257167302596756,19.421759106671917,134400
2007-11-08,19.33946418762207,19.347693935210508,19.265398028989985,19.33946418762207,150000
2007-11-09,19.33946418762207,20.088353951867518,19.273627776578422,20.088353951867518,130500
2007-11-12,19.5205135345459,20.573897659806992,19.355923295065736,20.573897659806992,186300
2007-11-13,19.446447372436523,19.75094174837607,19.331234047863422,19.75094174837607,154800
2007-11-14,19.454675674438477,21.215802250194063,19.33946235842535,21.215802250194063,123100
2007-11-15,19.504056930541992,19.520514856840173,19.41353127241433,19.446448694674615,117100
2007-11-16,19.479368209838867,19.545204625791815,19.429991290290147,19.545204625791815,79400
2007-11-19,19.4217586517334,19.487595057888548,19.33946275162353,19.42998839871076,597100
2007-11-20,19.24070930480957,19.63572935138209,17.981587713455355,19.63572935138209,216600
2007-11-21,19.141956329345703,19.24071016817216,19.141956329345703,19.207792745117995,97900
2007-11-23,19.281858444213867,19.290088192194993,19.21602203002879,19.240709704308237,25300
2007-11-26,19.1830997467041,19.495823837674557,19.1666418232296,19.495823837674557,110600
2007-11-27,19.290088653564453,19.339465572968248,19.13372657751114,19.13372657751114,140600
2007-11-28,19.347694396972656,19.611040047432397,19.323005153618098,19.611040047432397,231200
2007-11-29,19.454675674438477,19.923760254964726,19.40529876324195,19.923760254964726,75900
2007-11-30,19.60280990600586,20.57389814982376,19.429989914985992,20.57389814982376,105100
2007-12-03,19.561660766601562,19.940219700977284,19.51228228585922,19.940219700977284,120200
2007-12-04,19.4217586517334,19.446446323001744,19.39706941080132,19.4217586517334,103200
2007-12-05,19.660419464111328,19.668649212942515,19.421763026663275,19.421763026663275,108500
2007-12-06,19.65218734741211,20.00605865619517,19.61104017787804,20.00605865619517,1259400
2007-12-07,19.685104370117188,19.94844999599213,19.60280846961533,19.94844999599213,278000
2007-12-10,19.54520034790039,19.62749624224533,19.347691143270715,19.347691143270715,482100
2007-12-11,19.504056930541992,19.652187685209178,19.372384102172987,19.372384102172987,213600
2007-12-12,19.578123092651367,19.80032000948347,19.545204100727247,19.80032000948347,83600
2007-12-13,19.64396095275879,19.676878377441916,19.586352712651234,19.611041958411615,181700
2007-12-14,19.890844345092773,20.09658332194741,19.80031869298431,20.09658332194741,312600
2007-12-17,20.056814193725586,20.222779362456155,19.932341108558237,20.222779362456155,188800
2007-12-18,19.865949630737305,19.932335362539874,19.857651216416897,19.907440119578652,174300
2007-12-19,19.92403793334961,19.96552842424242,19.89084427442674,19.915739518618892,76900
2007-12-20,19.957231521606445,19.99042518304429,19.924039442929494,19.957231521606445,117800
2007-12-21,20.007020950317383,20.189581330239104,19.890844724221004,19.890844724221004,255400
2007-12-24,19.87424659729004,20.03191170961037,19.87424659729004,19.91573708310895,32700
2007-12-26,19.7995662689209,19.998723488167506,19.774671022979742,19.83275834741489,117500
2007-12-27,19.675086975097656,19.782964765936455,19.650193317796788,19.782964765936455,224700
2007-12-28,19.542320251464844,19.63360123766394,18.919953344312958,19.608705991583943,194700
2007-12-31,19.66679573059082,19.708286226384086,19.517427413317524,19.525725829028367,112600
2008-01-02,19.492530822753906,19.782969021572566,19.44274191468126,19.782969021572566,97700
2008-01-03,19.534021377563477,19.558915038281196,19.451038815396043,19.475932476113766,70000
2008-01-04,19.326568603515625,19.500830585189934,19.218690782017372,19.226989197729623,1094600
2008-01-07,19.517423629760742,19.600406188021623,19.50912521565859,19.583809359817316,313200
2008-01-08,19.492530822753906,19.558916561104386,19.417846669264513,19.55061814596547,86000
2008-01-09,19.64190101623535,19.77467250568832,19.467637447102703,19.467637447102703,98800
2008-01-10,19.451040267944336,19.76637212841579,19.426145022606782,19.76637212841579,131900
2008-01-11,19.542320251464844,19.542320251464844,19.426145601946644,19.426145601946644,34400
2008-01-14,19.44274139404297,19.45933822387637,19.37635565747017,19.45933822387637,128300
2008-01-15,19.426145553588867,19.48423287820337,19.193794672369968,19.21039150304865,153900
2008-01-16,19.66679573059082,19.675092563540705,19.45104167039172,19.484233750474143,322200
2008-01-17,19.633602142333984,19.71658471699672,19.550619567671248,19.71658471699672,86900
2008-01-18,19.691688537597656,19.699986952947192,19.641899628261324,19.658496458960396,102200
2008-01-22,19.724878311157227,19.816157696488887,19.592106857256105,19.641895756778883,169000
2008-01-23,19.66679573059082,19.91574187087234,19.583813156243327,19.91574187087234,158100
2008-01-24,19.50082778930664,19.59210876629321,19.459337299454962,19.54231827915832,135500
2008-01-25,19.550615310668945,19.633597867262843,19.51742323768776,19.567212138539848,161200
2008-01-28,19.426145553588867,19.558917033496556,19.401250307570844,19.550618618157213,378900
2008-01-29,19.4178466796875,19.500829248360354,19.243584709959276,19.243584709959276,240900
2008-01-30,19.301673889160156,19.625304197066114,19.301673889160156,19.583813700120583,47000
2008-01-31,19.451040267944336,19.48423234563356,19.293373546328187,19.293373546328187,443700
2008-02-01,19.525724411010742,19.58381173400722,19.409548182256938,19.58381173400722,209300
2008-02-04,19.492530822753906,19.50912765303174,19.31826885311922,19.31826885311922,225600
2008-02-05,19.69998550415039,19.716582333628885,19.451039393016096,19.625301354257946,298000
2008-02-06,19.69998550415039,19.69998550415039,19.633599768997193,19.66679342795418,180000
2008-02-07,19.890844345092773,19.932336418893765,19.791266533491942,19.932336418893765,231800
2008-02-08,19.83275604248047,19.890843360164794,19.774668724796143,19.890843360164794,187600
2008-02-11,19.791269302368164,19.907443959742682,19.749777222762265,19.907443959742682,155800
2008-02-12,19.724878311157227,19.733176724871118,19.63359734306499,19.63359734306499,72800
2008-02-13,19.758075714111328,19.807866209828486,19.724883633060895,19.724883633060895,118800
2008-02-14,19.691688537597656,19.832758433018004,19.633601212911785,19.832758433018004,166500
2008-02-15,19.691688537597656,19.691688537597656,19.575513888225917,19.62530279756225,141900
2008-02-19,19.658496856689453,19.70828576703311,19.57551428427608,19.70828576703311,108900
2008-02-20,19.66679573059082,19.84935612794654,19.525725829028367,19.84935612794654,144300
2008-02-21,19.525724411010742,19.741478455541124,19.46763550525342,19.741478455541124,109400
2008-02-22,19.301673889160156,19.492532707527207,19.301673889160156,19.467637459703287,224900
2008-02-25,19.4012508392334,19.500830243273434,19.37635717529409,19.42614608593364,55500
2008-02-26,19.268476486206055,19.401247949979684,19.251881240304872,19.30996855786075,176500
2008-02-27,19.14400291442871,19.25188071502683,19.09421401256224,19.25188071502683,176700
2008-02-28,19.036128997802734,19.16060205889636,18.928251184163642,19.127408398465608,196600
2008-02-29,19.044424057006836,19.09421295611859,19.002931988779903,19.019528816070675,195300
2008-03-03,19.00293731689453,19.085919893854797,18.919954739934266,19.085919893854797,96300
2008-03-04,19.05272674560547,19.061025161802185,18.96974574916043,18.978044165357147,52300
2008-03-05,18.961444854736328,19.06102267056015,18.93654960939995,19.019532177760365,74200
2008-03-06,18.861867904663086,18.9199552352276,18.84527107228435,18.9199552352276,76300
2008-03-07,18.919950485229492,18.96974096986541,18.189707454269893,18.820372681478965,181600
2008-03-10,18.861867904663086,18.994639398170847,18.82867582266667,18.994639398170847,83700
2008-03-11,18.986337661743164,19.027829735434064,18.70419947444891,19.027829735434064,140500
2008-03-12,18.654407501220703,19.66679186004702,18.654407501220703,19.268475898122237,114300
2008-03-13,18.604618072509766,18.671003800489974,18.505038689159154,18.538232344529558,113600
2008-03-14,18.637813568115234,18.886761280832864,18.480148424431054,18.853567619366157,203500
2008-03-17,18.480146408081055,18.637811534562555,18.256093965909592,18.272690794832084,155700
2008-03-18,18.69590187072754,18.69590187072754,18.505041488991537,18.637812965040418,360700
2008-03-19,18.712495803833008,18.77888153719464,18.58802275162504,18.77888153719464,332100
2008-03-20,18.911657333374023,19.036130403660238,18.845270007609685,19.019533572219153,793700
2008-03-24,19.19379425048828,19.19379425048828,18.99463703500425,18.99463703500425,491100
2008-03-25,18.770584106445312,19.144003251152906,18.695899960951657,19.144003251152906,164400
2008-03-26,18.505041122436523,18.63781259585541,18.471849045462207,18.513339537370303,216300
2008-03-27,18.53823471069336,18.662707768698535,18.505041051086216,18.505041051086216,77400
2008-03-28,18.55483055114746,18.720794092051527,18.521636893310212,18.712495677592216,121400
2008-03-31,18.588024139404297,18.969743321803332,18.480147908172896,18.50504157081661,255500
2008-04-01,18.878461837768555,18.90335708251335,18.72079511990647,18.878461837768555,1428500
2008-04-02,18.69590187072754,18.928251162432655,18.67100662543306,18.928251162432655,306200
2008-04-03,18.762287139892578,18.795479216694922,18.554831515905303,18.554831515905303,504600
2008-04-04,18.57972526550293,18.762287228440236,18.51333952882413,18.762287228440236,1336500
2008-04-07,18.712495803833008,18.79547836622523,18.62121640968622,18.79547836622523,309100
2008-04-08,18.712495803833008,18.753987876409486,18.62121640968622,18.753987876409486,144200
2008-04-09,18.588024139404297,18.7954797694931,18.538235231356023,18.7954797694931,152500
2008-04-10,18.671005249023438,18.679303663509845,18.505040124816716,18.679303663509845,190300
2008-04-11,18.604618072509766,18.72909111462758,18.538232344529558,18.72909111462758,325700
2008-04-14,18.604618072509766,18.621214900194968,18.38056564704134,18.388864060883943,298700
2008-04-15,18.629514694213867,18.695900427112292,18.61291786529908,18.695900427112292,162000
2008-04-16,18.44695281982422,18.62121635864631,18.380567086644547,18.62121635864631,300400
2008-04-17,18.546531677246094,18.57142533724663,18.446952288961896,18.471847531723117,117300
2008-04-18,18.671005249023438,18.82037354425734,18.64611000556421,18.82037354425734,751500
2008-04-21,18.52993392944336,18.778880013662278,18.46354820146761,18.778880013662278,186600
2008-04-22,18.463550567626953,18.6627077770768,18.39716483114367,18.496744227248996,225900
2008-04-23,18.588024139404297,18.63781304745257,18.563130476760584,18.604620969674006,316900
2008-04-24,18.79547882080078,18.903356629347957,18.712496256401597,18.903356629347957,1365700
2008-04-25,18.845266342163086,18.94484572868022,18.72909171019364,18.94484572868022,924800
2008-04-28,18.82037353515625,18.92824975790594,18.762286216540204,18.92824975790594,1325200
2008-04-29,18.89505958557129,18.97804215599131,18.795480184515082,18.91165641620747,2241800
2008-04-30,18.762287139892578,18.961444348989065,18.712496650547852,18.961444348989065,3543000
2008-05-01,18.919950485229492,18.98633621531673,18.86186316924824,18.98633621531673,2696800
2008-05-02,19.01953125,19.044426494122003,18.96974234451676,19.044426494122003,2295700
2008-05-05,18.92824935913086,19.027828748060973,18.895057284661284,19.027828748060973,797000
2008-05-06,18.861867904663086,18.98634098198148,18.75399165972342,18.9199552352276,1646800
2008-05-07,18.986337661743164,19.036128150172242,18.978040829765757,18.994636076481342,1196300
2008-05-08,18.986337661743164,19.027829735434064,18.91165509462109,19.027829735434064,808000
2008-05-09,18.861867904663086,18.98634098198148,18.836974238856037,18.98634098198148,586000
2008-05-12,18.836971282958984,19.019531662194524,18.803777623410266,19.011233247307345,655500
2008-05-13,18.919950485229492,18.944845727547452,18.836969509690938,18.836969509690938,511200
2008-05-14,18.944847106933594,18.96974235106419,18.89505820143317,18.96144393635399,837400
2008-05-15,18.92824935913086,18.978039844976262,18.84526679881588,18.936547773438427,538200
2008-05-16,18.745691299438477,18.903358025162888,18.67100714424064,18.836972285293804,886700
2008-05-19,18.845266342163086,18.85356475626957,18.687601222421883,18.687601222421883,750200
2008-05-20,18.654407501220703,18.72909164515906,18.629513841748352,18.72909164515906,770400
2008-05-21,18.52164077758789,18.629518605421886,18.496747111750086,18.59632494062341,571700
2008-05-22,18.637813568115234,18.637813568115234,18.48844683979773,18.48844683979773,339100
2008-05-23,18.52993392944336,18.571424415892977,18.505038687917228,18.538232343285404,255500
2008-05-27,18.637813568115234,18.671007229581942,18.596323074042743,18.596323074042743,476300
2008-05-28,18.720796585083008,18.803779157966115,18.65441084332871,18.803779157966115,331400
2008-05-29,18.870162963867188,18.878461378580276,18.76228673811861,18.80377722892327,835300
2008-05-30,18.845266342163086,18.911653655014945,18.787179026178364,18.911653655014945,571300
2008-06-02,18.82037353515625,18.878460853772292,18.7705846310226,18.878460853772292,238200
2008-06-03,18.919950485229492,18.953144141653436,18.87016158335423,18.878459997460215,725600
2008-06-04,18.969741821289062,18.97804023576751,18.88675925926533,18.95314499233217,606500
2008-06-05,18.878461837768555,18.986338066141048,18.82037451612484,18.986338066141048,1365200
2008-06-06,18.662710189819336,18.795481679950793,18.637814941884308,18.770588014776777,664300
2008-06-09,18.82037353515625,18.82037353515625,18.612917921378532,18.612917921378532,338500
2008-06-10,19.01953125,19.01953125,18.90335660961885,18.928250270980087,760700
2008-06-11,18.89505958557129,19.0029358191847,18.836972261105537,19.0029358191847,589800
2008-06-12,19.05272674560547,19.085920410392326,18.98634099879281,19.02783307977638,854800
2008-06-13,19.077617645263672,19.14400337694305,19.077617645263672,19.12740654833303,1118800
2008-06-16,18.99463653564453,19.061022272393963,18.928250798895103,19.061022272393963,570800
2008-06-17,18.95314598083496,18.986338057719156,18.92825073610121,18.986338057719156,278500
2008-06-18,18.936548233032227,18.994635551834296,18.903356157757074,18.903356157757074,387100
2008-06-19,18.95314598083496,18.994636472630408,18.91995232118996,18.961444395746213,299500
2008-06-20,18.828670501708984,18.928248302318725,18.778880018643513,18.928248302318725,350700
2008-06-23,18.936548233032227,18.96974189106811,18.895057743248103,18.96144347655914,379200
2008-06-24,18.886760711669922,18.919952789375476,18.803778143264772,18.878462296553323,770400
2008-06-25,18.79547882080078,18.919951876019176,18.753988329981574,18.903356629347957,490800
2008-06-26,18.679304122924805,18.729093028307084,18.563129482779235,18.704199366996328,755400
2008-06-27,18.621217727661133,18.687603465721423,18.579725652147925,18.63781297510557,445300
2008-06-30,18.662710189819336,18.67930702177602,18.579727612796923,18.65441177384099,359900
2008-07-01,18.6461124420166,18.712498183821644,18.55483303626025,18.712498183821644,331700
2008-07-02,18.55483055114746,18.588022626223985,18.521636893310212,18.579724211764674,198000
2008-07-03,18.737394332885742,18.778884829976636,18.637814924002186,18.778884829976636,256900
2008-07-07,18.720796585083008,18.845269653027206,18.671007674457513,18.770587078469433,445400
2008-07-08,18.80377769470215,18.81207610962079,18.68760305136278,18.68760305136278,267900
2008-07-09,18.671005249023438,18.870162448415066,18.662706834537026,18.870162448415066,227600
2008-07-10,18.654407501220703,18.72079323108139,18.621215427670684,18.621215427670684,295300
2008-07-11,18.52993392944336,18.588021243577067,18.44695137378352,18.554829170969494,883400
2008-07-14,18.496746063232422,18.720796956877244,18.339079329899352,18.720796956877244,665700
2008-07-15,18.480146408081055,18.496743237003546,18.339076527761325,18.34737494222257,1314400
2008-07-16,18.571426391601562,18.57972480632643,18.38056760121197,18.463550165699854,357000
2008-07-17,18.604618072509766,18.65440697280477,18.480145030391952,18.62951331403757,415100
2008-07-18,18.604618072509766,18.63781014511957,18.554829172214763,18.588021244824564,319600
2008-07-21,18.53823471069336,18.60462044714684,18.513339465988004,18.588023617343268,117400
2008-07-22,18.671005249023438,18.671005249023438,18.42205914547408,18.42205914547408,272100
2008-07-23,18.745691299438477,18.762288130095968,18.67100714424064,18.687603974898135,291500
2008-07-24,18.72909164428711,18.787178960067425,18.704197984815913,18.73739005836439,216100
2008-07-25,18.753990173339844,18.77058700440316,18.712498095681546,18.712498095681546,144200
2008-07-28,18.712495803833008,18.753987876409486,18.662706899501966,18.753987876409486,159300
2008-07-29,18.870162963867188,18.895058208006446,18.720794664553182,18.720794664553182,465600
2008-07-30,18.853567123413086,18.978041767877976,18.82867346072879,18.978041767877976,457000
2008-07-31,18.853567123413086,18.969743352729594,18.687603568727987,18.753989307154196,201500
2008-08-01,18.911657333374023,18.96144624493632,18.82867475892956,18.96144624493632,412300
2008-08-04,18.919950485229492,18.936547313441466,18.836969509690938,18.936547313441466,170100
2008-08-05,19.061023712158203,19.119112621117377,18.9780427220241,18.986339554828763,922400
2008-08-06,19.119110107421875,19.144003768084826,19.069319620574525,19.10251327847276,957900
2008-08-07,19.218687057495117,19.218687057495117,19.085915597351782,19.085915597351782,1697100
2008-08-08,19.525724411010742,19.832757856209515,19.459338672906075,19.57551331889903,2911000
2008-08-11,19.633602142333984,19.749776797205236,19.48423382449325,19.666795805303465,2393100
2008-08-12,19.59210968017578,19.650197001781933,19.550617605627952,19.61700334214367,1078400
2008-08-13,19.59210968017578,19.658495416691498,19.426144547506084,19.583811265266213,1106600
2008-08-14,19.708284378051758,19.741478037782084,19.57551290465206,19.641898641351908,969500
2008-08-15,19.857654571533203,19.865952987255696,19.766373581346727,19.81616249292073,1891900
2008-08-18,19.7995662689209,19.83275834741489,19.74147894448575,19.83275834741489,1111500
2008-08-19,19.708284378051758,19.832757436518868,19.68338913325401,19.832757436518868,899500
2008-08-20,19.766372680664062,19.832758420658095,19.71658377135876,19.766372680664062,570300
2008-08-21,19.542320251464844,19.61700440694394,19.51742658814574,19.583812328264838,985000
2008-08-22,19.741479873657227,19.741479873657227,19.641900467966583,19.641900467966583,703400
2008-08-25,19.733179092407227,19.733179092407227,19.650196528072847,19.691687018859653,492500
2008-08-26,19.84935188293457,19.865948710806837,19.799562982078385,19.8327550550623,1442900
2008-08-27,19.791269302368164,19.849356631055425,19.733181973680903,19.749777222762265,1064500
2008-08-28,19.857654571533203,19.857654571533203,19.683391006882744,19.691689422605236,977500
2008-08-29,19.865949630737305,19.882544876617427,19.766370241653103,19.774668655973514,557400
2008-09-02,20.056814193725586,20.098304694527656,19.982130026072948,20.081709443863517,4217400
2008-09-03,20.040212631225586,20.114896781254316,20.023615801716804,20.073406290243142,2612800
2008-09-04,20.1978816986084,20.206180114329356,20.031916549711184,20.031916549711184,2249100
2008-09-05,20.272565841674805,20.272565841674805,20.13149594004944,20.164688020146667,2403800
2008-09-08,20.38043785095215,20.538104551286516,20.272561634572188,20.305753707781165,3389300
2008-09-09,20.38873863220215,20.45512436908852,20.239370328517605,20.43852753917672,2818700
2008-09-10,20.521509170532227,20.521509170532227,20.347247212684277,20.372140873656416,1179600
2008-09-11,20.57959747314453,20.604492718066954,20.538106981034648,20.604492718066954,1997400
2008-09-12,20.1895809173584,20.37214129354673,20.1895809173584,20.330650802564172,2134700
2008-09-15,20.007020950317383,20.214476574994215,19.741478003972762,20.172984500402364,3414700
2008-09-16,20.297460556030273,20.338952636749358,19.88254924540567,20.02361915432848,1613200
2008-09-17,19.857654571533203,20.247670613924672,19.832759324365718,20.247670613924672,1605500
2008-09-18,19.94063377380371,19.99042267695783,19.666792432315003,19.69998450683085,2039600
2008-09-19,19.782968521118164,19.982125731131468,19.625301802988993,19.799565350976142,2924700
2008-09-22,19.334861755371094,19.8908428401527,18.911653713946293,19.46763321596724,6980400
2008-09-23,19.45933723449707,19.600407115386894,19.276775281133343,19.276775281133343,1320600
2008-09-24,19.650196075439453,19.666792904476182,19.31826740850853,19.31826740850853,646400
2008-09-25,19.617002487182617,19.716581878996664,19.37635479633651,19.417845286315266,1124400
2008-09-26,19.617002487182617,19.641897730826315,19.492529434485615,19.492529434485615,725700
2008-09-29,19.766372680664062,19.86595208203556,19.51742655137666,19.675091694636933,840500
2008-09-30,20.280860900878906,20.314052975482795,19.915738583671924,19.924036998013072,679900
2008-10-01,20.363842010498047,20.579594436951577,20.20617531477224,20.579594436951577,679100
2008-10-02,20.64598274230957,21.135578135363204,20.496616024442357,20.720666892623566,1859100
2008-10-03,20.56300163269043,20.76215883804143,20.41363333298699,20.76215883804143,797800
2008-10-06,20.81195068359375,20.936423756676145,20.712371275471234,20.753863355006033,1779800
2008-10-07,20.662580490112305,20.778756719519528,20.529809013156214,20.587896336479396,1067200
2008-10-08,20.596193313598633,20.795350515127524,20.480018675063633,20.55470282348206,1246700
2008-10-09,20.704071044921875,20.73726312034211,20.546404334083725,20.55470274862897,650200
2008-10-10,20.737266540527344,21.177073087397858,20.612793467340897,20.704074459632757,1533300
2008-10-13,20.720664978027344,20.828542777517743,20.463420474471263,20.704069732749357,1838900
2008-10-14,20.712369918823242,20.75386199564033,20.529809529110725,20.695774670857297,1099500
2008-10-15,20.953018188476562,20.969615018389437,20.745562562848082,20.811948299738763,557100
2008-10-16,21.060894012451172,21.40112268808026,20.977913030003904,21.40112268808026,497600
2008-10-17,21.094087600708008,21.127279677023143,20.994508206241033,21.03600028008593,535100
2008-10-20,21.26004981994629,21.276645064451486,21.12727678458077,21.16876885274517,489500
2008-10-21,21.608577728271484,21.608577728271484,21.33473479562531,21.359630039346072,751700
2008-10-22,21.865821838378906,21.98199647470594,21.79943610579764,21.87412025279665,1315200
2008-10-23,21.741350173950195,21.973699461419795,21.699858099215756,21.948805799339944,1329300
2008-10-24,22.305625915527344,22.305625915527344,21.890714706227826,22.073276651286434,911700
2008-10-27,22.305625915527344,22.562872004880717,22.15625920969847,22.562872004880717,949300
2008-10-28,22.048381805419922,22.43010094787529,22.048381805419922,22.38860887654281,1148000
2008-10-29,21.691558837890625,21.92390969905499,21.58368261331191,21.915611284431897,1968800
2008-10-30,21.666664123535156,21.832627659647052,21.50899741888228,21.591979978318566,1491800
2008-10-31,21.99029541015625,22.089874802767916,21.907312846773323,21.973698580927515,723300
2008-11-03,22.098173141479492,22.147963632560874,21.90731434061676,21.96540166411752,697100
2008-11-04,21.633474349975586,21.85752682584392,21.608580685608633,21.849228410134618,1084300
2008-11-05,21.708158493041992,21.733053740152066,21.459212352985105,21.674966412989523,601400
2008-11-06,22.01519012451172,22.03178537058057,21.757944025935593,21.890715491050692,845100
2008-11-07,21.96540069580078,21.998594355058405,21.83262922429187,21.90731337486073,279700
2008-11-10,21.981998443603516,22.00689368908659,21.816034888665577,21.832630136226772,408100
2008-11-11,22.32222557067871,22.32222557067871,22.006893708091713,22.0234905384281,732700
2008-11-12,22.37201499938965,22.40520866083463,22.25584034985399,22.322226089983065,727200
2008-11-13,22.01519012451172,22.463293423584993,22.006891710096934,22.380310862197877,858400
2008-11-14,22.197750091552734,22.21434692008188,22.04008338604722,22.172854848759016,425400
2008-11-17,22.181156158447266,22.22264823518631,22.07327992444753,22.2143498198385,321500
2008-11-18,22.247541427612305,22.30562875105669,22.131366780723532,22.197752519340096,559000
2008-11-19,22.32222557067871,22.35541923135148,21.94880638467523,22.048384201171817,672600
2008-11-20,22.47159194946289,22.479890363918834,22.27243475080239,22.28903157971428,1364100
2008-11-21,22.36371612548828,22.529679669281805,22.280733562211143,22.297330391418722,811800
2008-11-24,21.8160343170166,22.03178677450644,21.807735902073023,22.015191527380093,1552400
2008-11-25,21.558786392211914,21.766242000103315,21.54218956371804,21.6168737091798,1348600
2008-11-26,21.799436569213867,21.90731279341641,21.68326034765642,21.741349249815517,590800
2008-11-28,22.03178596496582,22.089874867436453,21.948804984100715,22.00689230381059,293600
2008-12-01,22.156261444091797,22.20605035105582,22.04008521749466,22.12306778427524,723500
2008-12-02,22.03178596496582,22.089874867436453,21.940506569462052,22.015190718449254,338500
2008-12-03,22.064979553222656,22.17285577766006,22.056681138610433,22.17285577766006,694900
2008-12-04,22.006893157958984,22.156261461730782,21.882420099069428,22.11476938692705,707600
2008-12-05,22.098173141479492,22.239243034021694,22.073279478699657,22.123068387020183,389000
2008-12-08,21.72475242614746,21.849225479569945,21.716454011551196,21.807734989349367,699000
2008-12-09,21.782838821411133,21.932207112285372,21.67496260175789,21.899013455308573,652300
2008-12-10,21.658369064331055,21.741351636621854,21.616876986805195,21.708157974601168,492800
2008-12-11,21.17707061767578,21.351332583261748,19.97382735742298,20.919824502628664,2303800
2008-12-12,21.127283096313477,21.260056171344683,21.044302100715395,21.044302100715395,854300
2008-12-15,20.759706497192383,20.960202462235575,20.726289706318372,20.935139869080068,1893300
2008-12-16,20.258460998535156,20.784762583174334,20.199983221730793,20.258460998535156,2074300
2008-12-17,20.016199111938477,20.28352866243842,19.95772132049797,20.233403475432006,1866600
2008-12-18,20.35871124267578,20.408834827401687,20.024549762102993,20.032903958457315,1063300
2008-12-19,20.667810440063477,20.793120210093658,20.60097845648737,20.609332653609403,606100
2008-12-22,20.659456253051758,20.7095814358085,20.56756327146475,20.58427007231682,712200
2008-12-23,20.64274787902832,20.709581456102804,20.592624289622638,20.609332683891257,693500
2008-12-24,20.634397506713867,20.659458507426738,20.57591812044969,20.59262651652517,133700
2008-12-26,20.525793075561523,20.58427086429414,20.50073207661911,20.567564062799274,165000
2008-12-29,20.626041412353516,20.64274821349265,20.283527291298086,20.291881488567757,592200
2008-12-30,20.534147262573242,20.559209854903155,20.45060688154043,20.48402367131365,221000
2008-12-31,20.626041412353516,20.759705381867818,20.600978820544505,20.64274821349265,365700
2009-01-02,20.81818199157715,20.826536188374185,20.60097765505458,20.734641617006915,318200
2009-01-05,21.04374122619629,21.077156421097904,20.976909242992893,21.04374122619629,737100
2009-01-06,21.010324478149414,21.269298214383735,20.99361608396651,21.219174625235194,994500
2009-01-07,20.876659393310547,20.918430376530505,20.73464123716285,20.826535806846678,613400
2009-01-08,20.667810440063477,20.74299662076162,20.63439524497551,20.642747848697372,518200
2009-01-09,20.98526382446289,21.00197062551964,20.834891461150786,20.86830665666448,712800
2009-01-12,21.08551025390625,21.143988039023956,21.001969877995183,21.035386665719663,915100
2009-01-13,21.32777976989746,21.394611760047145,21.269300384291196,21.336133967841214,1041600
2009-01-14,21.41131591796875,21.453086902528273,21.336131332561884,21.453086902528273,1083200
2009-01-15,21.402963638305664,21.561688601833108,21.344484259037483,21.411316241943815,570600
2009-01-16,21.219175338745117,21.3194241138133,21.127282354449523,21.143989155794035,358200
2009-01-20,21.829015731811523,21.84572412527455,21.72041436110206,21.795600538285573,671800
2009-01-21,21.63687515258789,21.862433696287425,21.595105760080653,21.75383231972849,917100
2009-01-22,21.620168685913086,21.75383425933449,21.59510768553434,21.728771665555417,492100
2009-01-23,21.611812591552734,21.90420150475923,21.561687412088702,21.803954332631307,611800
2009-01-26,21.32777976989746,21.45308955225308,21.2860087801787,21.42802695842182,585600
2009-01-27,21.302717208862305,21.402965990941333,21.26930041703585,21.29436301090569,312200
2009-01-28,21.37790298461914,21.4447349735823,21.143990226547935,21.15234442434337,540000
2009-01-29,21.54498291015625,21.55333551422434,21.327778556180316,21.327778556180316,368000
2009-01-30,21.67864418029785,21.720413569032125,21.57839541657553,21.57839541657553,671200
2009-02-02,21.661937713623047,21.787247484368457,21.6034599268352,21.778893287198738,681600
2009-02-03,21.394607543945312,21.570040885991556,21.369544955052984,21.544979890499246,730100
2009-02-04,21.595104217529297,21.64522780363766,21.478147058743012,21.570041627775076,360400
2009-02-05,21.661937713623047,21.678646107962482,21.553334743816887,21.6034599268352,306000
2009-02-06,21.4781494140625,21.62852178227768,21.41131742745578,21.62016758477681,558700
2009-02-09,21.336132049560547,21.361193047738297,21.235883276648984,21.277652669212024,715500
2009-02-10,21.586753845214844,21.645231638267767,21.319425880744127,21.411318872655713,616200
2009-02-11,21.620168685913086,21.70370907177634,21.49485890381837,21.553336695902548,280000
2009-02-12,21.703706741333008,21.84572490403119,21.678645743645195,21.770538724167437,453000
2009-02-13,21.63687515258789,21.71206133382107,21.60345995726214,21.678646138495317,371100
2009-02-17,22.062931060791016,22.121408851404652,21.996099072461103,22.037868467642188,473600
2009-02-18,22.163179397583008,22.204948791930327,22.087993213037624,22.12140840983543,575900
2009-02-19,22.037866592407227,22.054574986418036,21.870787432499608,21.87914162950501,345900
2009-02-20,21.728769302368164,22.17153218390898,21.67029151664394,22.17153218390898,722500
2009-02-23,21.929264068603516,21.937618265170993,21.778891717189083,21.82901530319387,432200
2009-02-24,21.81230926513672,22.021159406416388,21.795600871418316,21.9626816218021,1189400
2009-02-25,22.07963752746582,22.096345921438814,21.912556774536167,21.920910971522662,522800
2009-02-26,22.062931060791016,22.062931060791016,21.96268387499629,21.97939067702855,432300
2009-02-27,22.121408462524414,22.213303042387704,22.054576475369366,22.179886252110048,418400
2009-03-02,22.34696388244629,22.34696388244629,22.246715119073876,22.27177770826699,770000
2009-03-03,22.33860969543457,22.413795869645462,22.246715128421254,22.28013191402611,677500
2009-03-04,22.213302612304688,22.37202917624984,22.17988582267403,22.34696658402685,366600
2009-03-05,22.330257415771484,22.413797793554355,22.28848802358014,22.397089399317746,337100
2009-03-06,22.221654891967773,22.280132675374517,22.037865751660764,22.087990931780908,818500
2009-03-09,22.34696388244629,22.413795860227882,22.27177770826699,22.413795860227882,423200
2009-03-10,22.221654891967773,22.321902065407876,22.029513148374164,22.096345128467597,540800
2009-03-11,21.97939109802246,22.11305507724249,21.92091330628874,22.037868889756183,808400
2009-03-12,21.87078857421875,22.196594307436754,21.862434376777234,22.04622194028991,471500
2009-03-13,21.895849227905273,21.954328609073837,21.85407983475651,21.879142426685895,1653800
2009-03-16,21.829015731811523,21.837369928543037,21.712060164370545,21.712060164370545,668300
2009-03-17,21.79560089111328,21.895848066714038,21.753831500179654,21.86243287264716,246700
2009-03-18,21.09386444091797,21.670291281693114,21.077156047063585,21.611813496602906,1188400
2009-03-19,20.843246459960938,20.91843264450847,20.717935090114874,20.801475472212164,1708400
2009-03-20,21.018678665161133,21.085510648460527,20.910077289824684,20.960200878949188,575500
2009-03-23,20.910078048706055,21.118928203271395,20.88501545653413,21.035387822765212,559000
2009-03-24,21.14398765563965,21.14398765563965,20.976908500247145,21.068801478022984,411200
2009-03-25,20.976909637451172,21.135634604668862,20.868306666828335,21.102219409138893,516900
2009-03-26,21.11057472229004,21.135635721912205,20.98526494397836,20.98526494397836,228300
2009-03-27,21.361194610595703,21.411318204018603,21.311071017172804,21.344486214987967,386600
2009-03-30,21.494857788085938,21.586752367105582,21.469796789008033,21.54498297304224,738100
2009-03-31,21.41967010498047,21.49485628375272,21.369546516932346,21.386254910748434,341400
2009-04-01,21.436378479003906,21.511564657706735,21.41131588830292,21.428024282103575,291400
2009-04-02,21.152341842651367,21.210819626681744,21.060447271517855,21.20246542990596,633400
2009-04-03,21.08551025390625,21.202465824141658,21.08551025390625,21.18575902367956,543600
2009-04-06,21.185760498046875,21.260946682259206,21.102220116322034,21.102220116322034,357300
2009-04-07,21.344482421875,21.386253403471244,21.302713033678774,21.319421426317273,674800
2009-04-08,21.352840423583984,21.411318214840307,21.27765423671148,21.352840423583984,274200
2009-04-09,21.436378479003906,21.494856263906076,21.294360318498573,21.31106871229923,339400
2009-04-13,21.152341842651367,21.319422591366827,21.118926648948342,21.311068394591043,400200
2009-04-14,21.202468872070312,21.26094825899477,21.16069947481035,21.22753146646651,209300
2009-04-15,21.235883712768555,21.35283928906713,21.22752951540434,21.33613248773892,120000
2009-04-16,21.311065673828125,21.386251841811127,21.244233701554336,21.244233701554336,127000
2009-04-17,21.52827262878418,21.52827262878418,21.453086451557684,21.461440648293973,577800
2009-04-20,21.69535255432129,21.737123539487193,21.611813770789798,21.628520571456,377800
2009-04-21,21.64522933959961,21.686998732087222,21.57839735557932,21.67864612830985,129800
2009-04-22,21.586753845214844,21.611816439409107,21.528276052161917,21.611816439409107,150000
2009-04-23,21.344482421875,21.57004094229466,21.327775622636523,21.57004094229466,214100
2009-04-24,21.177404403686523,21.19411279721498,21.1105724229728,21.152341813393836,344200
2009-04-27,21.428024291992188,21.461441079608928,21.252590937204715,21.319422919038058,287100
2009-04-28,21.29435920715332,21.402962167789518,21.252589818231737,21.38625377486086,229900
2009-04-29,21.14398765563965,21.177404442758217,21.027032087524887,21.160696049198933,534100
2009-04-30,21.169050216674805,21.227528000651237,21.11892662946645,21.18575861021096,114600
2009-05-01,21.118925094604492,21.16904867817001,21.110570898443573,21.143986089687253,193300
2009-05-04,20.92678451538086,21.127282062748996,20.910077714267015,21.10221947097793,383600
2009-05-05,20.993614196777344,21.05209357116059,20.86830443847044,20.86830443847044,521100
2009-05-06,20.951847076416016,21.06044845379759,20.926784484681715,20.94349287917125,177800
2009-05-07,20.951847076416016,21.001970666484418,20.826537304544907,20.88501509185808,274400
2009-05-08,20.575916290283203,20.843245823511662,20.5174385026208,20.801474837038366,779900
2009-05-11,20.684520721435547,20.684520721435547,20.600980335993658,20.676166523551327,225200
2009-05-12,20.575916290283203,20.626041474051156,20.5174385026208,20.525792699915456,479000
2009-05-13,20.651100158691406,20.66780855140864,20.5675613819053,20.61768496665697,224100
2009-05-14,20.584270477294922,20.659456659509086,20.534146886952218,20.6511024622186,374700
2009-05-15,20.726287841796875,20.759704629664736,20.54250028872408,20.60097807409269,337900
2009-05-18,20.617687225341797,20.709581801953675,20.600978830794144,20.651102421036896,273700
2009-05-19,20.509082794189453,20.575914774222245,20.442250814156658,20.550853777585004,272200
2009-05-20,20.258460998535156,20.400479139374287,20.20833741747426,20.400479139374287,775800
2009-05-21,20.124799728393555,20.316941475832735,20.07467614067032,20.283526281817284,612600
2009-05-22,19.98278045654297,20.041258237865538,19.941011067998286,19.99948884932086,901900
2009-05-26,20.024551391601562,20.141508556679444,19.99113619686514,20.124800162611155,387800
2009-05-27,20.09138298034668,20.133153964697996,19.991135804703774,19.991135804703774,434000
2009-05-28,20.108089447021484,20.166567226108963,20.049611667934006,20.133152035230392,427500
2009-05-29,19.824054718017578,19.915949288632444,19.79899372123178,19.87417989838938,717300
2009-06-01,19.77393341064453,19.807348608011168,19.673684631744052,19.723809817894434,1017800
2009-06-02,19.59014320373535,19.732161358570877,19.573434810601746,19.698744572303664,861600
2009-06-03,19.882532119750977,19.907594709455392,19.74886816146089,19.765576554597168,1080100
2009-06-04,19.840763092041016,19.91594926912497,19.782285308397963,19.890886678963618,780000
2009-06-05,20.183279037475586,20.19998743244541,20.016198274577842,20.016198274577842,1046600
2009-06-08,20.191633224487305,20.308588802414913,20.149863830484655,20.23340261848995,1448000
2009-06-09,19.932659149169922,20.049614725178728,19.899242359795853,20.024552133148177,537000
2009-06-10,20.04961585998535,20.149864640381416,19.93266027735687,19.941014475173233,586800
2009-06-11,19.849117279052734,19.98278123971436,19.78228529872192,19.98278123971436,511100
2009-06-12,20.041261672973633,20.099739464319402,19.966075485986128,20.032907475152765,451200
2009-06-15,20.408836364746094,20.408836364746094,20.14986263185439,20.14986263185439,1460600
2009-06-16,20.14150619506836,20.16656718983221,20.05796582792225,20.14150619506836,837700
2009-06-17,20.024551391601562,20.174923751415868,19.974427802796846,20.124800162611155,595400
2009-06-18,20.11644744873047,20.15821684358063,19.99113767077971,20.03290706562987,257800
2009-06-19,20.024551391601562,20.099737571508715,19.94936521169441,20.09138337447457,516000
2009-06-22,20.15821647644043,20.191633266432163,20.099738687355146,20.174924871436296,559400
2009-06-23,19.924304962158203,20.041260538227657,19.865827174123478,20.01619794618411,640000
2009-06-24,20.041261672973633,20.14151045342374,19.890889298998623,19.890889298998623,835300
2009-06-25,20.024551391601562,20.174923751415868,19.999490393899286,20.1331543596453,470000
2009-06-26,19.907596588134766,19.93265918020434,19.832410405326264,19.88253399606519,439700
2009-06-29,19.890888214111328,19.932659200937398,19.874181412781123,19.899242411476543,313100
2009-06-30,19.966073989868164,20.01619757963715,19.907596202904312,19.907596202904312,215300
2009-07-01,19.86582374572754,19.86582374572754,19.74886659644205,19.79899177187866,918700
2009-07-02,19.974428176879883,19.999490768451693,19.941012981517655,19.941012981517655,346800
2009-07-06,20.007843017578125,20.116444383681625,19.999488821200927,20.116444383681625,358800
2009-07-07,20.09138298034668,20.09973717721694,19.98278160783351,20.0078441984443,446900
2009-07-08,20.06632423400879,20.133156223067424,20.049615838394054,20.083032629623524,332200
2009-07-09,19.89924430847168,19.966076300364264,19.832412316579095,19.91595270479492,768700
2009-07-10,19.949365615844727,20.016197600071667,19.932658814838135,20.016197600071667,294200
2009-07-13,19.915950775146484,20.016197956572267,19.899242380442114,19.95772016850719,264000
2009-07-14,19.932659149169922,19.966074345143774,19.865827163822,19.87418136116552,286600
2009-07-15,19.740514755249023,19.790639936664732,19.707099561038685,19.757223149054262,996500
2009-07-16,19.72380828857422,19.748869286305975,19.690391500398327,19.707099894486273,520800
2009-07-17,19.76557731628418,19.790639906954407,19.723807925233928,19.748868922504023,197100
2009-07-20,19.631914138793945,19.673683531516406,19.590144746071484,19.615205744344884,481600
2009-07-21,19.640270233154297,19.68203962991144,19.540021450176667,19.56508404427116,1464100
2009-07-22,19.60685157775879,19.665330958421894,19.548373790495884,19.64862256394672,257500
2009-07-23,19.60685157775879,19.64862256394672,19.506604397708152,19.640268366709133,337900
2009-07-24,19.581790924072266,19.62356031759511,19.55672833191842,19.581790924072266,131600
2009-07-27,19.565078735351562,19.60684812077472,19.531661952293103,19.54837034382233,284800
2009-07-28,19.623559951782227,19.682037738984185,19.590144756266906,19.615205754553347,852200
2009-07-29,19.76557731628418,19.824055101114585,19.673682743893465,19.682036940783544,754400
2009-07-30,19.740514755249023,19.782285739762116,19.698745364136066,19.72380795484392,557300
2009-07-31,19.48154067993164,19.665329821734836,19.448125486312946,19.665329821734836,1076700
2009-08-03,19.322816848754883,19.406357234663012,19.272693254570136,19.381296234270803,916500
2009-08-04,19.322816848754883,19.356233640478266,19.28104745250098,19.314464244224368,516700
2009-08-05,19.297754287719727,19.364586272361343,19.247630697588562,19.314462682230182,800900
2009-08-06,19.389646530151367,19.43977171176823,19.339522941934643,19.339522941934643,1258900
2009-08-07,19.615203857421875,19.673681638968013,19.46483150864606,19.498248294329596,1820500
2009-08-10,19.682035446166992,19.740513226556704,19.631911862032954,19.665328647055652,2331900
2009-08-11,19.698745727539062,19.73216251576601,19.648622138598803,19.715454121652535,1350900
2009-08-12,19.60685157775879,19.707100351209625,19.548373790495884,19.665330958421894,1706000
2009-08-13,19.51495933532715,19.523313532881687,19.456481545845644,19.498250940218075,867400
2009-08-14,19.59014320373535,19.631912593169304,19.464831848633366,19.464831848633366,775200
2009-08-17,19.70709991455078,19.782286094622926,19.698745717498305,19.740515109360533,2538400
2009-08-18,19.656978607177734,19.732164795976573,19.615207617067075,19.732164795976573,1729900
2009-08-19,19.531665802001953,19.67368397119248,19.464833816112307,19.66533136718148,1064400
2009-08-20,19.473186492919922,19.55672686710862,19.45647969280227,19.54837267034974,652700
2009-08-21,19.406356811523438,19.46483460236397,19.322816427436837,19.372941613928973,880600
2009-08-24,19.448123931884766,19.464830730658736,19.389644559275936,19.40635295144989,1089500
2009-08-25,19.448123931884766,19.456478127971742,19.36458356441499,19.389644559275936,685100
2009-08-26,19.523311614990234,19.59014359546097,19.523311614990234,19.531664218323986,1010000
2009-08-27,19.414709091186523,19.565081449006236,19.331168715353336,19.531664661312906,879300
2009-08-28,19.448123931884766,19.48153912283269,19.34787517224104,19.36458356441499,1452400
2009-08-31,19.431419372558594,19.50660555877187,19.372941581815,19.498251361037028,944800
2009-09-01,19.55672836303711,19.62356034882014,19.414710194073137,19.473187982458263,2118400
2009-09-02,19.48154067993164,19.58178944758794,19.439771289558244,19.556726857323838,2107300
2009-09-03,19.49825096130371,19.514959356430854,19.43977317175897,19.43977317175897,821000
2009-09-04,19.423063278198242,19.54001884826494,19.381293887003032,19.523312047826938,1273800
2009-09-08,19.20585823059082,19.20585823059082,19.13067205449063,19.19750403397968,2140600
2009-09-09,19.139026641845703,19.164089232190808,19.07219466099221,19.113964051500602,1904000
2009-09-10,19.097257614135742,19.189150593679955,19.04713243249329,19.122318611556828,1325900
2009-09-11,19.05548667907715,19.088903466925842,18.98865469677991,19.0220714846286,1558500
2009-09-14,19.038782119750977,19.097259911969903,19.00536532796854,19.097259911969903,1119700
2009-09-15,18.97194480895996,19.11396295933377,18.97194480895996,19.08890196382076,1399900
2009-09-16,18.913469314575195,19.01371808894583,18.913469314575195,18.971947102374642,1243000
2009-09-17,18.94688606262207,18.980301258406126,18.888408274949814,18.95524025991814,1339800
2009-09-18,19.01371955871582,19.038782152595886,18.94688756843599,18.971948568915717,3574400
2009-09-21,19.080549240112305,19.356231365832134,19.03042565181783,19.139027025355883,2285600
2009-09-22,18.880054473876953,18.938532262776445,18.871700276405562,18.896762868819735,3452500
2009-09-23,18.963594436645508,18.98030123781931,18.82993046685384,18.913469252923477,2267600
2009-09-24,19.105613708496094,19.13067470840604,18.930178742124966,18.95524133543521,4276300
2009-09-25,19.05548667907715,19.097257663888016,18.98865469677991,19.088903466925842,1945500
2009-09-28,19.113964080810547,19.130672474399567,19.02207110287115,19.097257280621637,1531300
2009-09-29,19.147380828857422,19.214212809676813,19.139026632079982,19.164089222412297,1740900
2009-09-30,19.038782119750977,19.113966714460787,18.997011130022933,19.05548892224186,1564000
2009-10-01,19.172441482543945,19.18079408507756,19.08054692067469,19.097255312541815,1340700
2009-10-02,19.130674362182617,19.1473827574204,19.030427177556486,19.1473827574204,2019600
2009-10-05,19.022071838378906,19.10561221615408,19.013717641261373,19.088903821919008,795600
2009-10-06,18.93852996826172,18.963592557639412,18.880052186447156,18.963592557639412,2633500
2009-10-07,18.955238342285156,19.005361927590524,18.93852994938335,18.96359253873606,1319200
2009-10-08,18.829927444458008,18.93017460901096,18.78815646472765,18.880051026734485,4580500
2009-10-09,18.980300903320312,18.997009297599863,18.89676211872292,18.905114722462518,2509300
2009-10-12,18.89676284790039,18.913469649424435,18.854991860589678,18.89676284790039,1555900
2009-10-13,18.854990005493164,18.888406792053935,18.80486641905209,18.84663580885297,3072700
2009-10-14,18.712974548339844,18.77980653770033,18.687913548204858,18.746391339720244,4504800
2009-10-15,18.721328735351562,18.763098131152578,18.687913537390813,18.74639132887236,1935200
2009-10-16,18.77145004272461,18.813221026838445,18.74638904565643,18.788158436370143,1991300
2009-10-19,18.67955780029297,18.771450782162983,18.671203603141116,18.76309658501113,1616700
2009-10-20,18.763097763061523,18.813222949119773,18.66285057774559,18.671204775421966,3970700
2009-10-21,18.646141052246094,18.712973036206108,18.59601746262613,18.712973036206108,3670600
2009-10-22,18.637786865234375,18.73803563792913,18.621080064285405,18.704618849230815,2454600
2009-10-23,18.738037109375,18.74639130720561,18.66285092229982,18.69626612022195,3610500
2009-10-26,18.86334800720215,18.888410602178293,18.679560424244965,18.721329822471468,6861400
2009-10-27,18.913469314575195,18.938531906517905,18.838283132147275,18.863345724089985,5984700
2009-10-28,18.98865509033203,19.00536348460267,18.871699517237918,18.905114712379017,6781100
2009-10-29,18.854990005493164,18.90511359193424,18.81322061569228,18.89676098869413,4342500
2009-10-30,18.963594436645508,18.963594436645508,18.871699859888658,18.888408254462668,5804400
2009-11-02,18.89676284790039,18.963594834197288,18.829930861603493,18.905115451962292,4952000
2009-11-03,18.94688606262207,19.055487440670518,18.913469273437805,19.055487440670518,5590000
2009-11-04,18.804866790771484,18.871698771814028,18.754743203339608,18.863344575008696,10913500
2009-11-05,19.164091110229492,19.339524479636957,18.754744988211808,18.79651438281351,13281500
2009-11-06,19.072195053100586,19.205859017555593,18.997008873919626,19.205859017555593,6841400
2009-11-09,18.829927444458008,18.938528804957034,18.78815646472765,18.938528804957034,3541300
2009-11-10,18.74639129638672,18.86334687914714,18.58766472449735,18.86334687914714,5252000
2009-11-11,18.779804229736328,18.863344604520233,18.646140267442128,18.679557054715737,4285400
2009-11-12,19.047130584716797,19.164087737136278,18.829927858937733,18.88840563844748,7572000
2009-11-13,18.646141052246094,18.754744022056233,18.629432657906044,18.721327233376133,8880100
2009-11-16,18.562599182128906,18.67120214321097,18.50412140003859,18.596015968123403,6236600
2009-11-17,18.67955780029297,18.746389784107606,18.654495208837414,18.671203603141116,5152400
2009-11-18,18.612728118896484,18.646143318237215,18.56260292978482,18.587665524340654,3051000
2009-11-19,18.671201705932617,18.72967948665339,18.65449331332668,18.68791009853856,3793100
2009-11-20,18.74639129638672,18.78816069211535,18.72132870290935,18.78816069211535,4063500
2009-11-23,18.604372024536133,18.629433023137345,18.562601037867086,18.587663629868516,3869700
2009-11-24,18.62108039855957,18.662849791782094,18.58766360926138,18.604372003910473,3221600
2009-11-25,18.40387725830078,18.512478643859563,18.395523060426978,18.48741605023816,6839000
2009-11-27,18.596017837524414,18.72132761080068,18.562601048170627,18.712973413462233,5706700
2009-11-30,18.520832061767578,18.57095565349922,18.49576946920163,18.562601455977237,3144300
2009-12-01,18.43729019165039,18.45399858534562,18.395520800812445,18.420581797955165,4075000
2009-12-02,18.49576759338379,18.512475986733207,18.4289356133862,18.44564400673562,3581100
2009-12-03,18.504121780395508,18.5208301737362,18.470706587114208,18.5208301737362,2810700
2009-12-04,18.779804229736328,18.813221017009937,18.604370876750234,18.629431873805324,12900300
2009-12-07,18.779804229736328,18.82992941064674,18.679557054715737,18.82992941064674,6668900
2009-12-08,18.871700286865234,18.8967628792933,18.79651410298129,18.80486830045731,6778700
2009-12-09,18.796512603759766,18.8800529784565,18.77145001333071,18.846636191217762,4979000
2009-12-10,18.796512603759766,18.846636191217762,18.763095816521027,18.78815840695008,2473500
2009-12-11,18.94688606262207,18.997009652998262,18.89676247224588,18.905115076141737,15164200
2009-12-14,18.905113220214844,18.938530006118565,18.880052224187107,18.921821613166703,4768100
2009-12-15,19.038782119750977,19.080551516078685,19.00536532796854,19.01371952591415,14616400
2009-12-16,19.022071838378906,19.05548703344887,18.938531460603734,19.013717641261373,5668900
2009-12-17,19.222564697265625,19.255979886961132,19.180793718396345,19.1891479141702,11718000
2009-12-18,19.222564697265625,19.381291230169058,19.222564697265625,19.222564697265625,13168800
2009-12-21,19.28104591369629,19.306108505488602,19.189151337191344,19.189151337191344,6847200
2009-12-22,19.347875595092773,19.372938183901447,19.264335225797204,19.281043618336323,7170900
2009-12-23,19.239276885986328,19.31446306939029,19.197505898872887,19.289400477122225,4524400
2009-12-24,19.239276885986328,19.247631083409015,19.205860096295577,19.205860096295577,1335200
2009-12-28,19.189149856567383,19.205858249806383,19.164088860108965,19.180795659947883,2958200
2009-12-29,19.247629165649414,19.255981768839646,19.122317810194865,19.139026203375483,3863900
2009-12-30,19.247629165649414,19.322813748162037,19.22256657587849,19.297752751791187,3216900
2009-12-31,19.28104591369629,19.289400110960393,19.18079713992724,19.19750553445545,2822600
2010-01-04,19.147380828857422,19.155735025634858,19.080548848038028,19.105611438370342,5083600
2010-01-05,19.139026641845703,19.180796032354095,19.08054885777391,19.1223182482823,6185000
2010-01-06,19.08890151977539,19.189148686295532,19.072193127555373,19.172441887475497,5693300
2010-01-07,19.214214324951172,19.239276917259975,19.1807975352061,19.1807975352061,5844100
2010-01-08,19.080549240112305,19.239275795344977,19.0721950431632,19.122318631457677,7371900
2010-01-11,18.980300903320312,19.00536349473964,18.921823116742065,18.997009297599863,8037200
2010-01-12,18.980300903320312,18.98865510046009,18.905114722462518,18.980300903320312,10486900
2010-01-13,18.963594436645508,18.98030123781931,18.896762451749673,18.90511505563647,4659400
2010-01-14,18.913469314575195,18.971947102374642,18.88005411871846,18.946886103832146,7799800
2010-01-15,19.022071838378906,19.07219542768394,19.005363444143835,19.005363444143835,3053400
2010-01-19,19.080549240112305,19.139027025355883,19.0721950431632,19.09725763401051,3527200
2010-01-20,19.31446075439453,19.339521750258598,19.264335575866312,19.272689772287684,8332600
2010-01-21,19.31446075439453,19.38964533538677,19.247628776423618,19.347875946679967,7817500
2010-01-22,19.28104591369629,19.34787789840892,19.230922323511866,19.314462702752706,3961500
2010-01-25,19.255983352661133,19.297754339048375,19.239276551506443,19.297754339048375,4221400
2010-01-26,19.339523315429688,19.372940103819627,19.297753923342434,19.36458590672214,7508800
2010-01-27,19.406356811523438,19.431419404769507,19.322816427436837,19.356233218431594,7955000
2010-01-28,19.439773559570312,19.456481955030778,19.398002570919147,19.40635676864938,5930300
2010-01-29,19.59014320373535,19.59014320373535,19.489894438333778,19.506602831467383,8886700
2010-02-01,19.506603240966797,19.556726828019787,19.498249044224615,19.51495743770898,5346900
2010-02-02,19.439773559570312,19.49825135028165,19.439773559570312,19.481542954821183,4624700
2010-02-03,19.54837417602539,19.57343676823243,19.473187992804505,19.489896387609196,7748900
2010-02-04,19.67368507385254,19.682039271732005,19.615207282096595,19.631915677855527,9522800
2010-02-05,19.757225036621094,19.85747381562995,19.72380983921833,19.732164036919094,17374200
2010-02-08,19.748868942260742,19.773931532956045,19.698745354270272,19.748868942260742,10965400
2010-02-09,19.623559951782227,19.740515526186144,19.55672796735139,19.673683541755306,11684600
2010-02-10,19.682035446166992,19.74886742281238,19.6486202545443,19.67368124991132,6164200
2010-02-11,19.67368507385254,19.790642250764748,19.64862407361446,19.71545606324987,6182500
2010-02-12,19.740514755249023,19.83240932777769,19.72380795484392,19.79899413356735,4336300
2010-02-16,19.573436737060547,19.715454905873802,19.556728342282465,19.70710070848476,5956700
2010-02-17,19.757225036621094,19.782287629723378,19.640269455610994,19.65697785101252,4796600
2010-02-18,19.757225036621094,19.824057024826903,19.69039304841528,19.757225036621094,3961800
2010-02-19,19.81570053100586,19.94936449192933,19.79063953420777,19.907595101665784,5482400
2010-02-22,19.782285690307617,19.81570088443442,19.748868902780682,19.76557729654415,3619000
2010-02-23,19.890888214111328,19.890888214111328,19.782286835163987,19.824056228589836,3647400
2010-02-24,19.849117279052734,19.86582567248546,19.732161711823835,19.832408885620005,5542600
2010-02-25,19.80734634399414,19.924303504909656,19.798993740657412,19.924303504909656,4687800
2010-02-26,19.748868942260742,19.832409317844952,19.6820369604734,19.80734672714965,4837100
2010-03-01,19.81570053100586,19.95771868866206,19.798993730940502,19.874179908134966,6130600
2010-03-02,19.757225036621094,19.865828013330713,19.732164036919094,19.80734862942538,4698800
2010-03-03,19.640270233154297,19.73216481810043,19.590146638365656,19.715456422037434,6455000
2010-03-04,19.748868942260742,19.798994123651347,19.6820369604734,19.690391157371835,4037300
2010-03-05,19.740514755249023,19.815700933972455,19.73216215174654,19.79899413356735,3555100
2010-03-08,19.732162475585938,19.76557767034468,19.65697629562857,19.665330492668296,4168100
2010-03-09,19.76557731628418,19.807346707334432,19.74051472561395,19.798994103844485,2696900
2010-03-10,19.732162475585938,19.790640261463857,19.698745687427035,19.773931867384405,2315800
2010-03-11,19.690391540527344,19.76557772067617,19.682037343466344,19.732162525832337,3525800
2010-03-12,19.565078735351562,19.631910708068563,19.55672453958695,19.60684812077472,5689400
2010-03-15,19.67368507385254,19.71545606324987,19.631915677855527,19.640269875734994,3116600
2010-03-16,19.531665802001953,19.623560380125305,19.531665802001953,19.606851985302836,5086700
2010-03-17,19.540019989013672,19.581790976047614,19.49825059537996,19.54837418642046,4740400
2010-03-18,19.67368507385254,19.723810261129337,19.590146281858516,19.60685308421713,5246900
2010-03-19,19.80734634399414,19.840763130941458,19.740514363499603,19.80734634399414,6911200
2010-03-22,19.757225036621094,19.874182211031478,19.748870838920332,19.865828013330713,4476300
2010-03-23,19.824054718017578,19.840763111474846,19.74886854085998,19.824054718017578,3182100
2010-03-24,20.09138298034668,20.09138298034668,19.99949000157404,20.04961358939549,6944000
2010-03-25,20.15821647644043,20.166570673938363,20.016198305776065,20.057969293265728,7722800
2010-03-26,20.016199111938477,20.10809369471659,19.999492309669982,20.091385299047786,3919600
2010-03-29,19.915950775146484,19.982782760563747,19.915950775146484,19.966074365859377,3267200
2010-03-30,19.99113655090332,19.999490748085417,19.907596172482542,19.91595036966464,6498400
2010-03-31,19.882532119750977,19.890886316319115,19.824054337174072,19.874179516582906,3890100
2010-04-01,19.76557731628418,19.88253288594499,19.76557731628418,19.86582608556497,3173700
2010-04-05,19.86582374572754,19.882530544139797,19.815698570290923,19.84076115800923,1792100
2010-04-06,19.924304962158203,19.974428552845083,19.915950764810354,19.95772015814938,3353700
2010-04-07,19.966073989868164,19.991136581452754,19.92430459729404,19.982782384257888,6376200
2010-04-08,19.949365615844727,20.02455179727506,19.941013012041527,20.007844996268467,4863200
2010-04-09,19.798995971679688,19.941014145408708,19.798995971679688,19.932659947730496,6529400
2010-04-12,19.715452194213867,19.740513189533882,19.69038960549385,19.723806390453873,5244300
2010-04-13,19.715452194213867,19.757221582013894,19.665328610173834,19.673681213013833,3626800
2010-04-14,19.615203857421875,19.69039003180978,19.581788665138383,19.656974839526292,11851800
2010-04-15,19.690391540527344,19.732162525832337,19.67368314640535,19.707099934649342,1795100
2010-04-16,19.757225036621094,19.798996025124904,19.71545564151757,19.748870838920332,3078000
2010-04-19,19.790639877319336,19.874180252694877,19.790639877319336,19.857471858939743,1276100
2010-04-20,19.824054718017578,19.840763111474846,19.790639524503145,19.79899372123178,1551600
2010-04-21,19.86582374572754,19.899238935952003,19.84076115800923,19.84076115800923,3057400
2010-04-22,19.957721710205078,20.00784689819027,19.924306511615292,19.924306511615292,2696600
2010-04-23,19.915950775146484,20.041260548628824,19.89088818308993,20.041260548628824,2684800
2010-04-26,19.907596588134766,19.982782770943263,19.907596588134766,19.95772017887369,1501400
2010-04-27,20.149864196777344,20.149864196777344,19.94936664039922,20.007846023826332,5873800
2010-04-28,20.14150619506836,20.233399164869105,20.108089410849924,20.116443606904532,3993200
2010-04-29,20.04961585998535,20.116447849115957,20.032907464352625,20.09973945348323,1994200
2010-04-30,20.016199111938477,20.074678496779292,19.974429716166775,19.98278391400118,1674000
2010-05-03,20.14150619506836,20.183275581941427,20.09138101874071,20.099735214795317,1618200
2010-05-04,20.3670654296875,20.375419626691574,20.29188084345114,20.29188084345114,5771400
2010-05-05,20.55921173095703,20.600981128584827,20.467317144095418,20.600981128584827,22279700
2010-05-06,20.726287841796875,20.84324500593424,20.60097807409269,20.676164253395232,10922000
2010-05-07,20.634397506713867,20.809830885305356,20.60098071456291,20.726290498328307,7668700
2010-05-10,20.584270477294922,20.626041463747352,20.40883711439535,20.442252310157084,7777100
2010-05-11,20.676164627075195,20.692873021311097,20.584270052177917,20.651102035721344,3656300
2010-05-12,20.734642028808594,20.742996225771545,20.62604065509048,20.676164243468058,3318500
2010-05-13,20.85159683227539,20.85995102893096,20.7597038558643,20.80982744239763,3893000
2010-05-14,21.04374122619629,21.077156421097904,20.893368865638607,20.90172306271405,5043500
2010-05-17,21.04374122619629,21.19411358675397,21.01867863496995,21.077156421097904,3893700
2010-05-18,21.26930046081543,21.336134044605906,20.976911498733788,20.985265696707597,6966500
2010-05-19,21.068801879882812,21.227528434923286,21.052095079404978,21.202465844106325,7345400
2010-05-20,20.960203170776367,21.194115934600777,20.8516001901649,21.14399074659533,9121600
2010-05-21,20.868305206298828,20.951845579377224,20.834890013107522,20.92678298943368,6179500
2010-05-24,21.077157974243164,21.118928962698437,21.027034381497124,21.068803776552112,2736000
2010-05-25,21.13563346862793,21.302714217497762,21.12728086524454,21.286005823930758,6295400
2010-05-26,21.277652740478516,21.294361134919768,21.169051363410748,21.20246655889306,3516700
2010-05-27,21.052093505859375,21.26094363352306,21.010322524286625,21.20246425932121,3287800
2010-05-28,21.169050216674805,21.169050216674805,21.035386255185784,21.060447252089908,2520300
2010-06-01,21.177404403686523,21.244236384400242,21.018677851966398,21.235882187636015,2820800
2010-06-02,21.169050216674805,21.260944787723545,21.143987626370574,21.202465410347006,3214000
2010-06-03,21.277652740478516,21.294361134919768,21.152342968969492,21.16069716619012,4739300
2010-06-04,21.52827262878418,21.536626825520468,21.3695460775949,21.402962864540054,3850400
2010-06-07,21.57839584350586,21.58675004009801,21.503209667576563,21.553333253729402,2386800
2010-06-08,21.51156234741211,21.5700401260339,21.444730372787216,21.54497913142454,3156000
2010-06-09,21.428024291992188,21.436378488896374,21.30271452522969,21.36954650706303,3190700
2010-06-10,21.202468872070312,21.277655061858535,21.18576206920655,21.252594060862705,3290400
2010-06-11,21.26930046081543,21.352840847153185,21.22753106434672,21.286008856763047,2557600
2010-06-14,21.077157974243164,21.08551217193422,20.968556591060032,21.027034381497124,4114000
2010-06-15,20.901721954345703,21.010323323767285,20.89336775771326,20.968553934005158,3993800
2010-06-16,20.968555450439453,20.976909647676067,20.901723465946745,20.96020125320284,2259100
2010-06-17,20.843246459960938,20.90172424940896,20.801475472212164,20.83489226241118,2443900
2010-06-18,20.834890365600586,20.868305559357225,20.81818197202221,20.843244562389774,2724000
2010-06-21,20.910078048706055,20.93513904747775,20.793120878637307,20.81818347080923,3589200
2010-06-22,20.943492889404297,20.960201283901995,20.868306707564855,20.9100776938091,2555800
2010-06-23,20.859952926635742,21.018679490731316,20.82653773037365,20.96020170222248,1969000
2010-06-24,20.859952926635742,20.885015518882486,20.776414139280398,20.859952926635742,1669700
2010-06-25,20.742996215820312,20.885014377322108,20.734642018861365,20.868305983404216,2246300
2010-06-28,20.85159683227539,20.85995102893096,20.7597038558643,20.78476485243092,2390300
2010-06-29,20.951847076416016,20.99361646923965,20.91007768359238,20.94349287917125,2982500
2010-06-30,20.935138702392578,20.935138702392578,20.843245719410703,20.91843190128691,1887000
2010-07-01,20.55085563659668,20.717934805092447,20.517438846857388,20.717934805092447,5147100
2010-07-02,20.525793075561523,20.559209865351725,20.467315286828907,20.484023681724008,3738500
2010-07-06,20.458959579467773,20.509083167053614,20.375419204557957,20.467313776298766,5670200
2010-07-07,20.392126083374023,20.45895805965718,20.358710891932443,20.450603863446787,2385100
2010-07-08,20.3670654296875,20.417190611711945,20.350358629079505,20.3670654296875,2430200
2010-07-09,20.417192459106445,20.425546656866427,20.38377566806652,20.417192459106445,1964800
2010-07-12,20.47566795349121,20.509083147383016,20.458959559845248,20.49237634713717,1727600
2010-07-13,20.300233840942383,20.39212841637008,20.25846444851171,20.39212841637008,4354600
2010-07-14,20.258460998535156,20.31693877533952,20.20833741747426,20.30858457959605,2252600
2010-07-15,20.024551391601562,20.116445965577007,20.00784459093343,20.108091768542863,5089100
2010-07-16,20.057968139648438,20.074676533683334,19.982781959891557,19.991136156909008,3920400
2010-07-19,20.074676513671875,20.083030710680994,20.02455133161715,20.057968119653633,1528600
2010-07-20,20.108089447021484,20.166567226108963,20.083028452212552,20.166567226108963,4164000
2010-07-21,20.241756439208984,20.28352742583439,20.158216059358388,20.158216059358388,2954800
2010-07-22,20.074676513671875,20.141508496344684,20.041259725635392,20.124800102326443,1705400
2010-07-23,20.041261672973633,20.174925651306904,20.024553277331897,20.14986465124461,2370600
2010-07-26,19.932659149169922,20.01619793580466,19.915950754482886,19.991136937174325,2145700
2010-07-27,19.966073989868164,20.01619757963715,19.9326587944889,19.941012991683763,1691900
2010-07-28,19.957721710205078,19.96607590820261,19.899243917622698,19.949367512207544,2006900
2010-07-29,19.824054718017578,19.84911730820348,19.790639524503145,19.824054718017578,2504100
2010-07-30,19.832408905029297,19.882532491976438,19.782285318082156,19.882532491976438,1285200
2010-08-02,19.64862060546875,19.72380677971264,19.62355801625411,19.71545258330776,2919300
2010-08-03,19.565078735351562,19.631910708068563,19.55672453958695,19.590141322645408,2652500
2010-08-04,19.67368507385254,19.707101865370404,19.58179208397905,19.590146281858516,6548500
2010-08-05,19.60685157775879,19.68203775949687,19.60685157775879,19.640268366709133,3025400
2010-08-06,19.506603240966797,19.540018434535423,19.448125457171624,19.52331163445116,2938500
2010-08-09,19.60685157775879,19.615205774996376,19.55672798773347,19.565082184971057,1497300
2010-08-10,19.64862060546875,19.798992953956528,19.590142824034622,19.74886777552724,3830200
2010-08-11,19.99113655090332,20.016197549049423,19.865826779972245,19.874180977154342,7122600
2010-08-12,20.057968139648438,20.074676533683334,20.007844550943904,20.04125974561354,4587500
2010-08-13,20.14150619506836,20.14150619506836,20.032903239758426,20.074674220031465,2758600
2010-08-16,20.016199111938477,20.041261705441684,19.966075518332374,20.03290750760728,1788300
2010-08-17,19.949365615844727,20.016197600071667,19.932658814838135,19.949365615844727,2259000
2010-08-18,19.974428176879883,19.99113657126109,19.915950389945845,19.924304587136447,1187100
2010-08-19,20.016199111938477,20.049615903276084,19.899243529057465,19.932660320395076,1582100
2010-08-20,20.15821647644043,20.225048463023647,20.149863872342745,20.174924871436296,4274600
2010-08-23,20.19998550415039,20.208339700837808,20.10809093398888,20.149861917425973,3078500
2010-08-24,20.16657066345215,20.233402650000613,20.091384479410095,20.225048452507025,4447000
2010-08-25,20.19998550415039,20.23340069749997,20.149861917425973,20.208339700837808,2598500
2010-08-26,20.074676513671875,20.133154299335562,20.032905528626273,20.11644590531732,3139400
2010-08-27,20.108089447021484,20.166567226108963,20.04125747186437,20.11644364309112,4012200
2010-08-30,20.16657066345215,20.174924860945737,20.091384479410095,20.108092874397272,1738200
2010-08-31,20.149864196777344,20.174925196274405,20.09138481335023,20.116447406247566,1783400
2010-09-01,19.99113655090332,20.007844945267514,19.94936556499284,19.96607395935703,3436700
2010-09-02,19.974428176879883,20.02455176662332,19.96607397968928,19.982782374070485,1842500
2010-09-03,19.874181747436523,19.957720535694904,19.874181747436523,19.957720535694904,2943600
2010-09-07,20.083030700683594,20.091383304288403,19.982781930024206,19.99949032403413,1444600
2010-09-08,20.016199111938477,20.049615903276084,19.966075518332374,20.049615903276084,1817900
2010-09-09,20.016199111938477,20.049615903276084,19.966075518332374,19.974429716166775,1564100
2010-09-10,20.032907485961914,20.066324277263416,20.0078464858861,20.04126168378729,616300
2010-09-13,19.81570053100586,19.899240904933055,19.798993730940502,19.890886708200323,1699300
2010-09-14,19.64862060546875,19.83240814617601,19.615203819849228,19.82405394977113,2215500
2010-09-15,19.732162475585938,19.773931867384405,19.682037293347587,19.740515079225503,1103300
2010-09-16,19.665328979492188,19.71545256447355,19.631912193904586,19.67368158248905,4234800
2010-09-17,19.715452194213867,19.732160586693883,19.64862021769382,19.665328610173834,1661900
2010-09-20,19.690391540527344,19.707099934649342,19.640267951561516,19.707099934649342,1923300
2010-09-21,19.473186492919922,19.640267241297312,19.41470870900787,19.598496257502912,4914100
2010-09-22,19.33116912841797,19.372940113927186,19.264337145003392,19.297753933410768,4480900
2010-09-23,19.389646530151367,19.406354924023656,19.331168744998497,19.347877138870786,2624000
2010-09-24,19.189149856567383,19.24762923290388,19.189149856567383,19.23927503628438,3329500
2010-09-27,19.214214324951172,19.247631114696244,19.18915173264237,19.197505930078634,5305500
2010-09-28,19.113964080810547,19.272690633106034,19.088903083827127,19.22256704573908,5065400
2010-09-29,19.080549240112305,19.113964434508574,19.047132452315893,19.088903437061408,2850000
2010-09-30,19.080549240112305,19.139027025355883,19.022071454868726,19.03042565181783,3536400
2010-10-01,18.92182159423828,18.988653572578812,18.91346739777071,18.963592576576144,2995700
2010-10-04,19.00536346435547,19.013717661481888,18.963594072123552,18.98865507010263,2082800
2010-10-05,18.84663963317871,18.905117428126186,18.813224433237473,18.88005642652036,3393500
2010-10-06,18.754743576049805,18.82992975539184,18.729680985135744,18.821575558420488,3956700
2010-10-07,18.779804229736328,18.838282014065026,18.679557054715737,18.68791125153414,5534100
2010-10-08,18.712974548339844,18.76309814201013,18.696266152649642,18.738037141875143,2977200
2010-10-11,18.78816032409668,18.79651452175883,18.71297413853762,18.71297413853762,2644000
2010-10-12,18.72968101501465,18.854990782984565,18.712972621045285,18.80486719447663,3458200
2010-10-13,18.67955780029297,18.7296813898039,18.654495208837414,18.704618798348346,3574300
2010-10-14,18.554244995117188,18.604370174134566,18.537538195511452,18.587661781128773,4090500
2010-10-15,18.662851333618164,18.696266532276745,18.520833154168415,18.529187352183147,8807200
2010-10-18,18.646141052246094,18.721327233376133,18.629432657906044,18.69626464186606,3236300
2010-10-19,18.963594436645508,18.98030123781931,18.854991465314647,18.896762451749673,10822800
2010-10-20,18.704618453979492,18.854990813143978,18.671203259387468,18.846636616145936,8742200
2010-10-21,18.77145004272461,18.79651263319291,18.629431883537816,18.68791126129718,9596700
2010-10-22,18.77145004272461,18.79651263319291,18.72132645518813,18.74638904565643,4695700
2010-10-25,18.68791389465332,18.704620697252928,18.612727706053885,18.629434508653492,5641400
2010-10-26,18.813220977783203,18.846636171587022,18.763095796977304,18.788158387380253,5790100
2010-10-27,18.92182159423828,18.963592576576144,18.84663541943018,18.85498961589775,15417300
2010-10-28,18.721328735351562,18.779806526833113,18.687913537390813,18.74639132887236,5232300
2010-10-29,18.68791389465332,18.746391687252807,18.679559696653346,18.729683291252854,4144900
2010-11-01,18.721328735351562,18.74639132887236,18.63778835034922,18.65449674602975,3610600
2010-11-02,18.587663650512695,18.604372045198872,18.554246861140342,18.587663650512695,4533900
2010-11-03,18.49576759338379,18.646139946728386,18.378812026738032,18.596016360080217,11546800
2010-11-04,18.353750228881836,18.38716701702298,18.303626640070277,18.337043428211423,14712400
2010-11-05,18.529184341430664,18.537538538087947,18.437289771600636,18.470706558229768,5827400
2010-11-08,18.637786865234375,18.66284945675811,18.60437166993625,18.621080064285405,4274100
2010-11-09,18.796512603759766,18.838281994408074,18.570954070098622,18.579308266908306,5428700
2010-11-10,18.779804229736328,18.91346819203053,18.75474323268124,18.813221017009937,6243300
2010-11-11,18.913469314575195,18.938531906517905,18.838283132147275,18.838283132147275,5170700
2010-11-12,18.88840675354004,18.930176143255753,18.788157987462213,18.838281573801087,5481200
2010-11-15,19.038782119750977,19.038782119750977,18.91347074396718,18.92182494191279,4708100
2010-11-16,19.147380828857422,19.205858612899377,18.997008473663758,19.022071063996073,6354000
2010-11-17,19.130674362182617,19.130674362182617,19.055488177012883,19.11396596694484,4547000
2010-11-18,18.99700927734375,19.05548706385964,18.971946685951146,18.99700927734375,3587900
2010-11-19,18.93852996826172,19.013716142994742,18.93852996826172,18.963592557639412,2623400
2010-11-22,18.99700927734375,19.06384126099051,18.963594082220457,18.980300883082013,2035600
2010-11-23,19.247629165649414,19.264335965429954,19.122317810194865,19.130672006785172,7245400
2010-11-24,19.27269172668457,19.289400121221668,19.172444546262398,19.214213939204935,3561400
2010-11-26,19.389646530151367,19.431417514832088,19.372939729679217,19.389646530151367,6484300
2010-11-29,19.506603240966797,19.590143614988516,19.498249044224615,19.540018434535423,7682700
2010-11-30,19.631914138793945,19.64862253324301,19.548373759948827,19.640268336018476,6908700
2010-12-01,19.464832305908203,19.573435270427925,19.42306291549299,19.52331168324965,5591900
2010-12-02,19.347875595092773,19.49824794114479,19.3228130062841,19.489893744875232,5658500
2010-12-03,19.113964080810547,19.214212848944566,19.097257280621637,19.18079606176652,10896200
2010-12-06,19.20585823059082,19.281044406691006,19.1807956407574,19.264336013468725,3287700
2010-12-07,19.28940200805664,19.297756206142374,19.11396703505698,19.122321233142713,3274200
2010-12-08,19.297754287719727,19.372940469616573,19.272691695954045,19.331169483340435,3977900
2010-12-09,19.31446075439453,19.39799953180814,19.281043968709053,19.306106557973163,3275700
2010-12-10,19.31446075439453,19.364584339522704,19.28939816513042,19.322813357415857,2232000
2010-12-13,19.105613708496094,19.230923488246727,19.0554885218756,19.20586089493648,8888500
2010-12-14,19.139026641845703,19.164089232190808,19.04713207064711,19.113964051500602,3055900
2010-12-15,19.339523315429688,19.34787751252717,19.16408995658302,19.189150954475302,5926900
2010-12-16,19.28940200805664,19.38129659359934,19.28940200805664,19.306110404228107,4830300
2010-12-17,19.372941970825195,19.431419762743026,19.31446417890736,19.322816783409632,6085700
2010-12-20,19.414709091186523,19.45648007580319,19.364585503046666,19.381293896893332,5458800
2010-12-21,19.45648193359375,19.481542933356547,19.36458735206273,19.381295747504787,2988600
2010-12-22,19.439773559570312,19.464834559360717,19.423065164109847,19.431419361840078,1805600
2010-12-23,19.381296157836914,19.464834950015263,19.364587762041115,19.464834950015263,4953900
2010-12-27,19.339523315429688,19.372940103819627,19.331169118332202,19.339523315429688,1378400
2010-12-28,19.347875595092773,19.372938183901447,19.255981029527646,19.255981029527646,1783900
2010-12-29,19.214214324951172,19.322815704822183,19.18915173264237,19.314463100786153,1802300
2010-12-30,19.147380828857422,19.197504416121937,19.122318238525107,19.147380828857422,2199700
2010-12-31,18.97194480895996,19.047130982299038,18.963592206055637,19.047130982299038,3413900
2011-01-03,19.063840866088867,19.10561185087793,19.013717277742135,19.063840866088867,1876500
2011-01-04,19.113964080810547,19.13902667119408,19.01371690607664,19.01371690607664,2474300
2011-01-05,19.306108474731445,19.339523670334426,19.264337488477473,19.322815275832834,4296600
2011-01-06,19.45648193359375,19.473188735635517,19.314463759136853,19.32281636345759,4132800
2011-01-07,19.51495933532715,19.523313532881687,19.423064755627497,19.464834149999923,4977100
2011-01-10,19.448123931884766,19.548371098128513,19.448123931884766,19.523310103267566,2047400
2011-01-11,19.439773559570312,19.53166654780229,19.431419361840078,19.464834559360717,2853500
2011-01-12,19.247629165649414,19.389645727484428,19.230920772468796,19.364584731113577,4674100
2011-01-13,19.047130584716797,19.09725576149657,18.99700700133701,19.072193173106683,4646000
2011-01-14,19.022071838378906,19.080549624801474,18.98865504990877,19.047132836331336,5341100
2011-01-18,19.00536346435547,19.030426055734726,18.888407891385953,18.963594072123552,3015100
2011-01-19,18.88840675354004,18.913467750009435,18.846635770424246,18.854989967047405,3512300
2011-01-20,18.94688606262207,19.030426442182527,18.92182347073387,18.95524025991814,2165000
2011-01-21,18.78816032409668,18.863346509655738,18.771451928772382,18.838283916669294,3009600
2011-01-24,18.74639129638672,18.82157748341851,18.696266109431985,18.82157748341851,2429600
2011-01-25,18.738037109375,18.8382842965417,18.70462031805256,18.821577494280792,2205900
2011-01-26,18.704618453979492,18.763096239565648,18.687911653383555,18.72132684797558,4090200
2011-01-27,18.671201705932617,18.72967948665339,18.646139117023708,18.65449331332668,1964100
2011-01-28,18.78816032409668,18.813222917083127,18.679558941289308,18.704619940875475,3585000
2011-01-31,18.67955780029297,18.7129729955002,18.629432617381855,18.67955780029297,4983400
2011-02-01,18.49576759338379,18.629431553378968,18.48741339670908,18.587662163405508,4269700
2011-02-02,18.529184341430664,18.57095373131699,18.49576755480153,18.529184341430664,2462600
2011-02-03,18.67955780029297,18.704618798348346,18.63778681453371,18.654495208837414,1928300
2011-02-04,18.738037109375,18.78816070295835,18.71297451588317,18.738037109375,1840800
2011-02-07,18.738037109375,18.813223296450182,18.72132871371378,18.79651490078896,1629800
2011-02-08,18.721328735351562,18.738037131032094,18.63778835034922,18.696266141830765,1894500
2011-02-09,18.637786865234375,18.704618849230815,18.60437166993625,18.679557851107266,2407800
2011-02-10,18.78816032409668,18.813222917083127,18.73803673152407,18.771451928772382,3205800
2011-02-11,18.838281631469727,18.888406811362124,18.80486643827488,18.871698418064657,2861300
2011-02-14,18.86334800720215,18.90511740542865,18.846639610551385,18.896764800503675,1822700
2011-02-15,18.880054473876953,18.880054473876953,18.82157668497746,18.838283486519998,2435000
2011-02-16,18.77145004272461,18.905114005088638,18.754743242479197,18.888407204843226,1528500
2011-02-17,18.721328735351562,18.754745526712625,18.70462033967103,18.74639132887236,1578600
2011-02-18,18.62943458557129,18.712974972515624,18.604373584868235,18.69626657644669,1785600
2011-02-22,18.67955780029297,18.696264601196493,18.621080013630184,18.654495208837414,2004600
2011-02-23,18.570953369140625,18.61272435161241,18.537538176563253,18.60437015511805,2497600
2011-02-24,18.504121780395508,18.537538567076897,18.470706587114208,18.495767583725158,2977300
2011-02-25,18.537538528442383,18.579307918306977,18.52918433178945,18.54589272509532,1279500
2011-02-28,18.45400047302246,18.479063066128976,18.42058368221377,18.428937879915942,2951400
2011-03-01,18.47905921936035,18.512474409812747,18.41222724505561,18.42893404358183,3844200
2011-03-02,18.378812789916992,18.412229578003462,18.35375019885214,18.403875380981845,3669400
2011-03-03,18.353750228881836,18.38716701702298,18.337043428211423,18.353750228881836,3457700
2011-03-04,18.328689575195312,18.353750573371393,18.295272786426953,18.328689575195312,3214200
2011-03-07,18.34539794921875,18.362106345035603,18.295274355168516,18.295274355168516,2298700
2011-03-08,18.428936004638672,18.46235279204696,18.40387500748258,18.45399859519489,2595800
2011-03-09,18.395519256591797,18.420580251630756,18.370456668152848,18.403873452738114,2462400
2011-03-10,18.537538528442383,18.55424532834817,18.495767545177703,18.504121741830637,4492900
2011-03-11,18.40387725830078,18.529187039607166,18.395523060426978,18.529187039607166,2370300
2011-03-14,18.311979293823242,18.370457074741743,18.303625097492024,18.362102878410525,3112000
2011-03-15,18.328689575195312,18.44564514908419,18.303626983619044,18.42893675470001,3599800
2011-03-16,18.38716697692871,18.428936368613904,18.345395991843365,18.37881277991164,2927000
2011-03-17,18.228439331054688,18.261856117125944,18.203378334901306,18.228439331054688,5179000
2011-03-18,18.144899368286133,18.195024548522905,18.119838371567845,18.169961958404517,3530900
2011-03-21,18.086423873901367,18.161610060372574,18.061362874011163,18.103132269428368,3842200
2011-03-22,18.094778060913086,18.11148645643016,18.069715467637476,18.08642386315455,1974700
2011-03-23,18.195024490356445,18.195024490356445,18.128192510321163,18.1783160969976,2353700
2011-03-24,18.153257369995117,18.195028362281146,18.094779574195112,18.18667416382394,2896700
2011-03-25,18.278562545776367,18.29527093847288,18.161606983700842,18.178315376397354,3976000
2011-03-28,18.261857986450195,18.278564787795908,18.22844119695832,18.278564787795908,1343100
2011-03-29,18.253501892089844,18.320333870727882,18.253501892089844,18.320333870727882,1219500
2011-03-30,18.23679542541504,18.311981608499682,18.211732833253414,18.286919016338057,1260200
2011-03-31,18.20338249206543,18.20338249206543,18.161611499936985,18.19502829363974,2074400
2011-04-01,18.186670303344727,18.362103653505564,18.16160771329314,18.295271673434755,3038600
2011-04-04,18.186670303344727,18.21173129999622,18.153253516609276,18.169961909977,979400
2011-04-05,18.195024490356445,18.253502273712307,18.153253506959338,18.236793880353463,1381500
2011-04-06,18.094778060913086,18.153255851822546,18.07806966539601,18.136547456305472,2367400
2011-04-07,18.103132247924805,18.153255841045972,18.094778050171225,18.144901643292393,1802900
2011-04-08,17.96111297607422,18.002882368891058,17.952758778830813,17.994529765047847,3407700
2011-04-11,17.986175537109375,17.994529734338524,17.944404550963625,17.969467142651073,2502200
2011-04-12,17.94440460205078,17.977821391062516,17.90263520918631,17.910989406439246,3409300
2011-04-13,17.96111297607422,18.002882368891058,17.910989386013974,17.936050384343996,2176300
2011-04-14,17.89427947998047,17.96111145888217,17.87757108690503,17.95275726234445,2267700
2011-04-15,17.927696228027344,17.969467214339737,17.90263522964011,17.9444046225523,2900300
2011-04-18,18.094778060913086,18.161610049581082,17.986176676852704,18.011237676728015,5069700
2011-04-19,17.986175537109375,18.01959073262578,17.961112945421924,18.01959073262578,1742200
2011-04-20,17.810741424560547,17.835804017433478,17.785680425087886,17.810741424560547,2558000
2011-04-21,17.743907928466797,17.760616322294954,17.693784340382464,17.72719953463864,2779400
2011-04-25,17.718843460083008,17.777322832284575,17.69378246539659,17.702136661425385,4248900
2011-04-26,17.677078247070312,17.718847643676487,17.66872404906901,17.710495039075525,3700000
2011-04-27,17.56011962890625,17.727198779873728,17.54341123578948,17.668720997365106,7640400
2011-04-28,17.50999641418457,17.56847579665467,17.476581217601904,17.535059006671755,9306000
2011-04-29,17.50164031982422,17.518347118083675,17.45151514484606,17.50164031982422,1900000
2011-05-02,17.518348693847656,17.518348693847656,17.42645571825518,17.484933500923137,8945400
2011-05-03,17.518348693847656,17.5267028904288,17.443162518017402,17.518348693847656,7702800
2011-05-04,17.50999641418457,17.518350611680297,17.409749231036322,17.44316442761899,11583200
2011-05-05,17.76896858215332,17.777322778156677,17.593533652882712,17.601887848886072,18200000
2011-05-06,17.902633666992188,17.952757252791773,17.735552923126814,17.752261316193362,11396500
2011-05-09,17.87757110595703,18.00288086735625,17.860862712863785,17.944403084929952,7344500
2011-05-10,17.860862731933594,17.919342107822395,17.835801735667033,17.894279518155766,4739100
2011-05-11,18.027944564819336,18.0613613530593,17.90263479571979,17.91098899277978,10728600
2011-05-12,17.99452781677246,18.078066593361356,17.952756835077988,18.027943008728013,5359000
2011-05-13,18.119840621948242,18.17831841275365,17.96946824936273,17.977822447106405,8998100
2011-05-16,18.06136131286621,18.08642231059025,18.002881933576408,18.078068113548852,3876600
2011-05-17,18.044652938842773,18.13654591960001,18.0279445447414,18.119839118898796,5683500
2011-05-18,18.036298751831055,18.07806814370758,17.99452935995453,18.05300714594173,3862600
2011-05-19,17.96111297607422,18.0530075523515,17.952758778830813,18.044653355108093,7557200
2011-05-20,18.086423873901367,18.11984066495537,18.01123768743016,18.01959188519366,6635900
2011-05-23,18.20338249206543,18.26186028764483,18.178319896788363,18.25350608921914,9300000
2011-05-24,18.153257369995117,18.178319965366736,18.128196368023932,18.169965766909527,2746300
2011-05-25,18.136545181274414,18.203378754959168,18.094775791121542,18.195024558248573,3335600
2011-05-26,18.06136131286621,18.128193295797256,17.99452932993517,18.03629872174201,2937400
2011-05-27,17.910987854003906,17.96946563630568,17.87757106788857,17.952757243248016,4988700
2011-05-31,17.827449798583984,17.844158193812714,17.802387205740892,17.802387205740892,4834000
2011-06-01,17.869218826293945,17.88592722117955,17.74390905145238,17.77732584122359,6895300
2011-06-02,17.752262115478516,17.835802491172558,17.72719952475026,17.77732470620677,5355900
2011-06-03,17.61859703063965,17.7271983967514,17.601888637883985,17.718844200373567,6503400
2011-06-06,17.668720245361328,17.685428637766964,17.618596661544416,17.626950857747236,4869000
2011-06-07,17.5684757232666,17.593536722248853,17.55176732834494,17.58518252478802,6575000
2011-06-08,17.652013778686523,17.66872217291495,17.59353599228721,17.61859858362985,5609600
2011-06-09,17.710494995117188,17.743910193639117,17.677078203194917,17.743910193639117,5576000
2011-06-10,17.87757110595703,17.9026336955969,17.760615541104436,17.76896973765106,5967100
2011-06-13,17.78567886352539,17.85251084525183,17.76897046974375,17.835802451470187,4014500
2011-06-14,17.760616302490234,17.777324696299758,17.710492714461793,17.768970499394996,3011000
2011-06-15,18.044652938842773,18.069713936594674,17.894280578730722,17.919343169882787,8706300
2011-06-16,18.036298751831055,18.10313073487359,18.019590357720382,18.09477653781825,5024600
2011-06-17,17.919340133666992,17.96110951844295,17.885923351126312,17.94440112717261,5367200
2011-06-20,17.919340133666992,17.93604693153744,17.885923351126312,17.92769273590227,3632900
2011-06-21,17.802387237548828,17.86086502755359,17.78568043569052,17.86086502755359,4552700
2011-06-22,17.869218826293945,17.877573023736748,17.768971643780787,17.82744943248017,3971300
2011-06-23,17.96111297607422,18.094776945168338,17.96111297607422,18.044653355108093,5851300
2011-06-24,18.06971549987793,18.1031322909717,18.00288351109069,18.019591906637576,5286200
2011-06-27,17.986175537109375,18.111485308746232,17.969467142651073,18.103131111517083,3540600
2011-06-28,17.919340133666992,17.96110951844295,17.860860764220803,17.94440112717261,3647800
2011-06-29,17.810741424560547,17.910990202652002,17.794033029311926,17.86921921453045,4950700
2011-06-30,17.727201461791992,17.785680846547926,17.70214046172547,17.7606182530811,4203500
2011-07-01,17.710494995117188,17.81074218408332,17.702140797136618,17.760618589600252,3130300
2011-07-05,17.777324676513672,17.802385673799932,17.718845298245423,17.73555369203635,2326900
2011-07-06,17.88592529296875,17.927694682279533,17.852510100200135,17.86086270334224,3624100
2011-07-07,17.85251235961914,17.91934434701471,17.827449766820703,17.91099014941523,3831100
2011-07-08,17.89427947998047,17.94440306580673,17.82744750107877,17.852510090691933,3677400
2011-07-11,18.136545181274414,18.161607771406196,18.069713200989757,18.094775791121542,5459300
2011-07-12,18.12819480895996,18.161610006514575,18.044654424972993,18.161610006514575,4557900
2011-07-13,17.93604850769043,18.06135985982998,17.877570726505326,18.02794307435276,6012700
2011-07-14,17.93604850769043,17.944402704059737,17.827447141689525,17.844155534428136,6399300
2011-07-15,17.902633666992188,17.969465645858325,17.860862684325813,17.92769466319195,2203700
2011-07-18,17.94440460205078,18.053007572938725,17.936050404797847,17.977821391062516,4890800
2011-07-19,17.902633666992188,17.936048859725226,17.83580168812605,17.894279470458912,4166300
2011-07-20,17.819093704223633,17.869217291174163,17.79403111404832,17.835802097673845,2817200
2011-07-21,17.652013778686523,17.735554156428474,17.610244386515635,17.702138961371798,9599900
2011-07-22,17.652013778686523,17.693784764257586,17.643661174972486,17.652013778686523,3334100
2011-07-25,17.63530731201172,17.668722507701546,17.60189052292169,17.63530731201172,2808400
2011-07-26,17.484933853149414,17.543411636995383,17.468225459650537,17.535057440245943,5351600
2011-07-27,17.61859703063965,17.652012222750944,17.518348267505697,17.518348267505697,5544200
2011-07-28,17.652013778686523,17.693784764257586,17.635306977858274,17.685430567143374,1660100
2011-07-29,17.5684757232666,17.610245117170514,17.526704735962447,17.57682992072743,2555000
2011-08-01,17.660367965698242,17.727199949173535,17.54341239296652,17.551766590075953,6863400
2011-08-02,17.6854305267334,17.718845721713723,17.635306937562827,17.702138920923645,3316800
2011-08-03,17.601890563964844,17.64366155042478,17.57682956548909,17.601890563964844,3012500
2011-08-04,17.87757110595703,17.885925302503654,17.794030733890864,17.81073912698411,11101100
2011-08-05,17.727201461791992,17.83580444008128,17.71049465954775,17.785680846547926,6898500
2011-08-08,17.752262115478516,17.835802491172558,17.710492724331562,17.810739900444304,8774900
2011-08-09,17.601890563964844,17.760617125712187,17.568475368197102,17.68543094348451,5483500
2011-08-10,17.752262115478516,17.76897050929735,17.668721739784473,17.668721739784473,4908100
2011-08-11,17.727201461791992,17.794033450969895,17.677077868258642,17.7606182530811,2866800
2011-08-12,17.727201461791992,17.743909857436545,17.668723670436364,17.685432066080917,2129000
2011-08-15,17.543413162231445,17.59353675368575,17.51835056980417,17.585182556209993,6366500
2011-08-16,17.551767349243164,17.59353674319681,17.51835055936005,17.576829941655497,2022000
2011-08-17,17.50999641418457,17.526704809176028,17.434811823523507,17.468227020106173,1707600
2011-08-18,17.610244750976562,17.67707673587324,17.593536356402343,17.60189055368945,3394600
2011-08-19,17.5684757232666,17.57682992072743,17.476581144597702,17.53505893342328,2535600
2011-08-22,17.601890563964844,17.601890563964844,17.526704381737165,17.526704381737165,1686100
2011-08-23,17.526702880859375,17.568473863742305,17.5099944877062,17.526702880859375,5855900
2011-08-24,17.56011962890625,17.585180625181334,17.48493345328086,17.51834864611433,1760500
2011-08-25,17.610244750976562,17.668722538586128,17.526704371505666,17.551766963366997,1799400
2011-08-26,17.50999641418457,17.677077177298646,17.49328961259336,17.56847579665467,3423400
2011-08-29,17.484933853149414,17.518349046747066,17.459871262901096,17.468225459650537,1383900
2011-08-30,17.551767349243164,17.601890940667587,17.52670475683083,17.56847574418472,1742300
2011-08-31,17.601890563964844,17.601890563964844,17.526704381737165,17.526704381737165,1337400
2011-09-01,17.677078247070312,17.735556039679093,17.63530885046414,17.66872404906901,2502000
2011-09-02,17.727201461791992,17.743909857436545,17.685432066080917,17.71049465954775,2804300
2011-09-06,18.00288200378418,18.0362987920801,17.91098902277073,17.961112611814446,6146600
2011-09-07,17.902633666992188,17.986174038924876,17.894279470458912,17.969465645858325,6186300
2011-09-08,18.086423873901367,18.103132269428368,17.944405698722452,17.986176687539956,5632300
2011-09-09,18.303625106811523,18.328687695817937,18.220084736856833,18.228438933192304,10893700
2011-09-12,18.311979293823242,18.420580659329026,18.270209905567178,18.32868768648568,12886300
2011-09-13,18.253501892089844,18.303625477718356,18.211730909566032,18.286917084708833,12661100
2011-09-14,18.20338249206543,18.328692281649914,18.178319896788363,18.236797692367762,7503000
2011-09-15,18.094778060913086,18.161610049581082,18.011237676728015,18.069715467637476,9403600
2011-09-16,18.161605834960938,18.20337681406016,18.11983644926164,18.161605834960938,3597900
2011-09-19,18.261857986450195,18.387167760244274,18.22844119695832,18.328689972033718,8314200
2011-09-20,18.261857986450195,18.295273182541845,18.211732802212385,18.270212183823162,4153600
2011-09-21,18.40387725830078,18.420584060648064,18.16996449803529,18.286920081467876,7469800
2011-09-22,18.596017837524414,18.646141428154877,18.529185852217058,18.596017837524414,12225600
2011-09-23,18.545894622802734,18.637787608587804,18.487415240248282,18.562601424418045,8853000
2011-09-26,18.529184341430664,18.646139907832453,18.52083014477338,18.57095373131699,8770100
2011-09-27,18.420581817626953,18.42893601448349,18.328688839005316,18.378812426744403,7307900
2011-09-28,18.487415313720703,18.49576951126168,18.345397142324554,18.395522327570433,9008500
2011-09-29,18.44564437866211,18.504122163164098,18.353749806787487,18.40387498784644,4365800
2011-09-30,18.637786865234375,18.646141062408955,18.545893883114385,18.60437166993625,6549200
2011-10-03,18.804866790771484,18.821575184382148,18.646140238270405,18.704618022507614,12602800
2011-10-04,18.72968101501465,18.896761767907968,18.721326818029965,18.838282389015202,9702200
2011-10-05,18.671201705932617,18.771448874768218,18.637784920720737,18.712971094047447,8043400
2011-10-06,18.554244995117188,18.746388327883686,18.554244995117188,18.729679934877893,6071100
2011-10-07,18.604372024536133,18.637787220471154,18.445645461994186,18.504123249930636,5596700
2011-10-10,18.311979293823242,18.362102878410525,18.26185570923596,18.362102878410525,6098700
2011-10-11,18.295272827148438,18.403875797487146,18.286918629937755,18.378813205855092,3785000
2011-10-12,18.178316116333008,18.228439703062758,18.13654513289147,18.211731309686144,7011400
2011-10-13,18.169963836669922,18.27856521827574,18.153255441530487,18.22008742868797,4061100
2011-10-14,18.086423873901367,18.136547467082075,18.061362874011163,18.09477807166487,6447000
2011-10-17,18.20338249206543,18.220089295516384,18.144903103085607,18.161611499936985,5592000
2011-10-18,18.178316116333008,18.303625879857435,18.11148413622664,18.245148096439376,10824400
2011-10-19,18.195024490356445,18.22008548699462,18.09477572360348,18.1031299202829,4863000
2011-10-20,18.161605834960938,18.295269781278595,18.14489744332125,18.18666842242047,6883400
2011-10-21,17.99452781677246,18.06971239702246,17.986173620433565,18.011234616050224,12673800
2011-10-24,17.952760696411133,18.053009480639652,17.91934549726854,18.04465528250391,8551800
2011-10-25,17.969467163085938,18.01959075311764,17.927696176892685,17.952758768608636,7586100
2011-10-26,17.969467163085938,18.078068540387996,17.89428098133828,17.902635178576933,5256100
2011-10-27,17.668720245361328,17.752260613989513,17.60188826913878,17.71049122637542,13005800
2011-10-28,17.677078247070312,17.710495039075525,17.652015653066403,17.702140841074222,4652600
2011-10-31,18.019590377807617,18.036298771936917,17.869218017444243,17.885926411573543,9507400
2011-11-01,18.211732864379883,18.278564850191543,18.136546681166735,18.2618580487888,9132500
2011-11-02,18.169963836669922,18.203380626948796,18.06971505923356,18.086423454372998,3508400
2011-11-03,18.086423873901367,18.23679624684378,18.036300280720663,18.136547467082075,3488100
2011-11-04,18.136545181274414,18.211731358269663,18.11148418454273,18.14489937798501,2576300
2011-11-07,18.119840621948242,18.18667261049732,18.094778028717226,18.144901621778963,2438700
2011-11-08,18.036298751831055,18.128193326039604,18.02794455477572,18.086422340762915,3504900
2011-11-09,18.353750228881836,18.38716701702298,18.286918245999704,18.286918245999704,5592000
2011-11-10,18.303625106811523,18.3621028877598,18.26185571853419,18.27856251780511,4264600
2011-11-11,18.119840621948242,18.211733610328046,18.07806963322988,18.203381005984667,3606000
2011-11-14,18.245149612426758,18.286919005938817,18.220087020279387,18.220087020279387,3536100
2011-11-15,18.353750228881836,18.40387541109355,18.303626640070277,18.337043428211423,3720400
2011-11-16,18.412227630615234,18.4289344294913,18.337041458772976,18.412227630615234,5031400
2011-11-17,18.43729019165039,18.45399858534562,18.35374981657438,18.370458210269607,6614900
2011-11-18,18.38716697692871,18.40387537096285,18.31198079717524,18.32033499419231,7932000
2011-11-21,18.420581817626953,18.48741379907911,18.387166623600937,18.44564440819656,4543400
2011-11-22,18.412227630615234,18.453997017905383,18.387165042201154,18.420580233353274,5219800
2011-11-23,18.62108039855957,18.646141397132997,18.537540018714306,18.545894216038857,7065900
2011-11-25,18.72968101501465,18.746389408984008,18.65449483555267,18.704618424060605,6343400
2011-11-28,18.65449333190918,18.66284752822047,18.545891966662428,18.56259876588499,3536000
2011-11-29,18.587663650512695,18.62108043988505,18.537540059854386,18.61272624254196,3047200
2011-11-30,18.428936004638672,18.45399859519489,18.362104023222216,18.37045822007429,5716900
2011-12-01,18.420581817626953,18.42893601448349,18.353749836174796,18.395520820457474,2867100
2011-12-02,18.47905921936035,18.52918280173892,18.370456265240175,18.378810461203262,3208300
2011-12-05,18.47905921936035,18.504120213849657,18.378810461203262,18.403873049092525,3726200
2011-12-06,18.462352752685547,18.504122143456733,18.437290162182762,18.504122143456733,2880900
2011-12-07,18.43729019165039,18.504122173031174,18.40387499766006,18.48741377933595,1642300
2011-12-08,18.537538528442383,18.570953721654043,18.487413348524765,18.495767545177703,4189400
2011-12-09,18.47905921936035,18.537536997702006,18.46235082743418,18.52918280173892,3152100
2011-12-12,18.671201705932617,18.70461689774448,18.61272392521185,18.621078121514817,4463600
2011-12-13,18.854990005493164,18.888406792053935,18.637785673048395,18.68791085288955,7047600
2011-12-14,18.89676284790039,18.963594834197288,18.880054452976104,18.921823846886575,4584500
2011-12-15,18.84663963317871,18.896764823191184,18.754746638289998,18.829932829908294,5480700
2011-12-16,18.78816032409668,18.863346509655738,18.763097731110236,18.821577114745274,2741300
2011-12-19,18.854990005493164,18.854990005493164,18.788158025771704,18.81322061569228,3798600
2011-12-20,18.696264266967773,18.70461846397028,18.637786481350382,18.654494875355393,2974800
2011-12-21,18.696264266967773,18.7296810549778,18.654494875355393,18.696264266967773,2205100
2011-12-22,18.696264266967773,18.738035251980303,18.671203269360408,18.7296810549778,1088500
2011-12-23,18.704618453979492,18.712972650977537,18.679557456385513,18.696264256981447,877000
2011-12-27,18.662851333618164,18.67955972964763,18.637788739573967,18.671205531632896,1978500
2011-12-28,18.838281631469727,18.863344221415925,18.7129718685389,18.721326065187636,6855200
2011-12-29,18.804866790771484,18.88005296861936,18.796512593966153,18.85499037820336,5397900
2011-12-30,18.77145004272461,18.779804239547378,18.704618061542597,18.77145004272461,2222200
2012-01-03,18.612728118896484,18.65449751642249,18.579311326155374,18.646143318237215,11581900
2012-01-04,18.712974548339844,18.77145233985523,18.687913548204858,18.712974548339844,3994200
2012-01-05,18.913469314575195,18.921823511889432,18.871699921404222,18.871699921404222,6060500
2012-01-06,18.980300903320312,19.022071889019188,18.946885708161393,18.946885708161393,5033300
2012-01-09,18.913469314575195,18.98030129968888,18.90511511726096,18.938531906517905,5967100
2012-01-10,18.89676284790039,18.905115451962292,18.86334605805182,18.880054452976104,1946300
2012-01-11,18.980300903320312,19.030426086158965,18.97194670618054,18.97194670618054,3701100
2012-01-12,18.854990005493164,18.90511359193424,18.83828161221278,18.888406792053935,5006700
2012-01-13,19.00536346435547,19.088903842219484,18.98865507010263,18.99700926722905,5596100
2012-01-17,18.93852996826172,18.95523836118018,18.896760579365615,18.94688416472095,4433600
2012-01-18,18.77145004272461,18.85499041755216,18.77145004272461,18.838282023906626,3362100
2012-01-19,18.671201705932617,18.763094678465247,18.671201705932617,18.72967948665339,8162200
2012-01-20,18.68791389465332,18.738037489252832,18.679559696653346,18.729683291252854,2612900
2012-01-23,18.579307556152344,18.612724342112717,18.554244966682063,18.59601594913253,5025900
2012-01-24,18.604372024536133,18.696265008407607,18.604372024536133,18.679558207140204,2846000
2012-01-25,18.520832061767578,18.721328022094397,18.504123666723615,18.679558627884735,9775700
2012-01-26,18.504121780395508,18.5208301737362,18.428935603762472,18.445643997103165,4780200
2012-01-27,18.370460510253906,18.495770291856665,18.353752114466786,18.487416093963105,7104000
2012-01-30,18.43729019165039,18.504122173031174,18.428935994802778,18.49576797618356,2236500
2012-01-31,18.47905921936035,18.52918280173892,18.387164657166352,18.387164657166352,4211700
2012-02-01,18.395519256591797,18.395519256591797,18.32033308467494,18.378810864299165,3585600
2012-02-02,18.40387725830078,18.420584060648064,18.353752071057972,18.40387725830078,1509400
2012-02-03,18.40387725830078,18.479063445764677,18.378814664679375,18.470709247890873,6590300
2012-02-06,18.412227630615234,18.504120601333558,18.40387343447721,18.504120601333558,2234400
2012-02-07,18.28691864013672,18.38716741332065,18.278564442921375,18.36210482167462,5194100
2012-02-08,18.303625106811523,18.345394495088854,18.270209914869664,18.303625106811523,4589800
2012-02-09,18.311979293823242,18.311979293823242,18.245147316573522,18.270209905567178,2764100
2012-02-10,18.428936004638672,18.445644398342818,18.40387500748258,18.428936004638672,5713900
2012-02-13,18.40387725830078,18.40387725830078,18.34539787318417,18.353752071057972,1274500
2012-02-14,18.49576759338379,18.554245376706668,18.4289356133862,18.45399820341033,4218500
2012-02-15,18.554244995117188,18.579307584625877,18.49576721299697,18.504121409499867,2198000
2012-02-16,18.487415313720703,18.629433485116852,18.454000116957037,18.621080880976127,8186200
2012-02-17,18.487415313720703,18.49576951126168,18.437291721875077,18.437291721875077,2386100
2012-02-21,18.412227630615234,18.4289344294913,18.3704566499251,18.40387343447721,3000400
2012-02-22,18.43729019165039,18.479061175888457,18.428935994802778,18.45399858534562,2492500
2012-02-23,18.295272827148438,18.42058259850832,18.295272827148438,18.387167403065774,4149900
2012-02-24,18.2200870513916,18.270212235771936,18.203380249998386,18.261858038375212,8854600
2012-02-27,18.278562545776367,18.303625134821136,18.24514735378337,18.29527093847288,7572600
2012-02-28,18.195024490356445,18.2869174670299,18.195024490356445,18.236793880353463,3676300
2012-02-29,18.34539794921875,18.362106345035603,18.161610375434343,18.18667296915962,4824700
2012-03-01,18.34539794921875,18.353752147127175,18.30362855307694,18.353752147127175,2609300
2012-03-02,18.4707088470459,18.495769846723118,18.44564625396839,18.454000451660896,3417700
2012-03-05,18.45400047302246,18.479063066128976,18.437292077618114,18.45400047302246,3121200
2012-03-06,18.570953369140625,18.57930756563498,18.545892373057608,18.570953369140625,4045400
2012-03-07,18.545894622802734,18.59601821444916,18.52918622778718,18.5793098194336,2678500
2012-03-08,18.420581817626953,18.470706998766165,18.387166623600937,18.470706998766165,2426000
2012-03-09,18.596017837524414,18.621080429539752,18.562601048170627,18.570955245509072,3080600
2012-03-12,18.570953369140625,18.621078548106766,18.562599172646266,18.58766176212934,1342200
2012-03-13,18.62943458557129,18.662851377709163,18.579310990764828,18.654497179674696,8949200
2012-03-14,18.72968101501465,18.73803521199933,18.646140638567985,18.646140638567985,4204500
2012-03-15,18.65449333190918,18.771448893467223,18.587661354818866,18.68791011715435,2866700
2012-03-16,18.529184341430664,18.738034477662477,18.512475948116098,18.738034477662477,9272200
2012-03-19,18.428936004638672,18.537538970315488,18.41222920433465,18.529184773463417,6392200
2012-03-20,18.462352752685547,18.512476340290995,18.437290162182762,18.495767946622472,3295300
2012-03-21,18.4707088470459,18.520832439800625,18.43729205627589,18.4707088470459,2641700
2012-03-22,18.49576759338379,18.545892773432048,18.47070659675975,18.53753857675734,1273700
2012-03-23,18.395519256591797,18.445642840069706,18.370456668152848,18.43728864392339,1801000
2012-03-26,18.278562545776367,18.35374871951064,18.278562545776367,18.33704192021416,8065200
2012-03-27,18.34539794921875,18.34539794921875,18.31198275098537,18.31198275098537,1676200
2012-03-28,18.3370418548584,18.38716543936926,18.328687658539916,18.328687658539916,1145000
2012-03-29,18.328689575195312,18.387167362139753,18.328689575195312,18.36210477056348,1441900
2012-03-30,18.303625106811523,18.320333499482466,18.26185571853419,18.270209914869664,1650300
2012-04-02,18.261857986450195,18.328689972033718,18.253503789077225,18.320335774660748,1642900
2012-04-03,18.395519256591797,18.420580251630756,18.253501108904395,18.278562103943354,3016100
2012-04-04,18.487415313720703,18.504123708802663,18.470708512039,18.49576951126168,2792300
2012-04-05,18.545894622802734,18.570955621925822,18.52918622778718,18.570955621925822,1669100
2012-04-09,18.487415313720703,18.545894696507563,18.454000116957037,18.545894696507563,1963400
2012-04-10,18.512475967407227,18.54589275407118,18.47906077414336,18.49576757407525,1990300
2012-04-11,18.487415313720703,18.49576951126168,18.4289375243341,18.44564591941606,1157500
2012-04-12,18.362102508544922,18.428934484448455,18.35374831238198,18.420580288285514,2004300
2012-04-13,18.512475967407227,18.512475967407227,18.437289790813416,18.437289790813416,1916100
2012-04-16,18.43729019165039,18.545893157269244,18.412229194507674,18.529184763574015,1837600
2012-04-17,18.428936004638672,18.445644398342818,18.387166613778433,18.41222920433465,944400
2012-04-18,18.428936004638672,18.479061185751107,18.40387500748258,18.479061185751107,1434800
2012-04-19,18.420581817626953,18.453998605053094,18.395520820457474,18.453998605053094,1457400
2012-04-20,18.320335388183594,18.362104780767062,18.31198119098686,18.35375058357033,2116600
2012-04-23,18.378812789916992,18.42893637864654,18.362104395873757,18.38716698693861,1088200
2012-04-24,18.328689575195312,18.345396376179302,18.303626983619044,18.3370437723874,584200
2012-04-25,18.28691864013672,18.353750624459277,18.278564442921375,18.295272837352062,1123800
2012-04-26,18.261857986450195,18.286918985168878,18.23679539433129,18.270212183823162,1235600
2012-04-27,18.228439331054688,18.228439331054688,18.186669941865677,18.220085134536873,2506100
2012-04-30,18.2200870513916,18.24514964358177,18.211732853994878,18.22844124878832,700100
2012-05-01,18.23679542541504,18.27021221496387,18.17831763710481,18.195026031879227,819300
2012-05-02,18.295272827148438,18.345396417012353,18.295272827148438,18.328689615991177,1063900
2012-05-03,18.311979293823242,18.32868768648568,18.29527090116081,18.303625097492024,714000
2012-05-04,18.38716697692871,18.39552117394578,18.286918206124035,18.31198079717524,1369300
2012-05-07,18.412227630615234,18.43728862562933,18.40387343447721,18.420580233353274,716400
2012-05-08,18.45400047302246,18.504124065835207,18.428937879915942,18.462354670724633,2177900
2012-05-09,18.529184341430664,18.579307927974273,18.504121751458815,18.537538538087947,3137000
2012-05-10,18.545894622802734,18.554247226910267,18.495769437756064,18.51247783277162,1127300
2012-05-11,18.579307556152344,18.579307556152344,18.52918397061184,18.57095335966225,992100
2012-05-14,18.662851333618164,18.67955972964763,18.629434541559238,18.662851333618164,3494800
2012-05-15,18.813220977783203,18.813220977783203,18.70461801277054,18.721326406372505,8029300
2012-05-16,18.854990005493164,18.86334420213336,18.788158025771704,18.81322061569228,2850000
2012-05-17,18.838281631469727,18.888406811362124,18.796512241626147,18.863344221415925,3531300
2012-05-18,18.763097763061523,18.84663814642499,18.746390961109057,18.813222949119773,2897900
2012-05-21,18.704618453979492,18.82992981555,18.704618453979492,18.813221421553912,2053200
2012-05-22,18.89676284790039,18.921823846886575,18.771451479368498,18.796514071754924,5485400
2012-05-23,18.963594436645508,19.013718026967332,18.888408254462668,18.896762451749673,2700000
2012-05-24,19.038782119750977,19.047134724296253,18.946887535749614,18.971948536186108,2006300
2012-05-25,19.063840866088867,19.063840866088867,19.005363080784324,19.047132472173242,2210700
2012-05-29,19.047130584716797,19.09725576149657,18.98029860907709,19.005361197466975,5488000
2012-05-30,19.1975040435791,19.1975040435791,19.113963670826,19.122317867441318,2566700
2012-05-31,19.20585823059082,19.23092082042424,19.147380447712912,19.155734644324053,3406600
2012-06-01,19.147380828857422,19.214212809676813,19.097257241592903,19.164089222412297,4633900
2012-06-04,19.063840866088867,19.10561185087793,19.055486669131053,19.080549260004492,2541400
2012-06-05,19.130674362182617,19.164091152658177,19.10561336272622,19.130674362182617,1299600
2012-06-06,18.97194480895996,19.11396295933377,18.97194480895996,19.105610356429445,3597600
2012-06-07,18.99700927734375,19.013717671605484,18.913468899435255,18.921823096566122,2318100
2012-06-08,19.05548667907715,19.139027055298737,19.038779878552948,19.130672858336563,1487700
2012-06-11,19.080549240112305,19.080549240112305,18.971946273174108,18.971946273174108,842200
2012-06-12,19.01371955871582,19.097259944915695,19.0053653607558,19.05548895511559,1430100
2012-06-13,18.955238342285156,19.013716124041427,18.90511316357974,18.98865353468872,1996500
2012-06-14,18.880054473876953,18.955240657719227,18.86334607893417,18.955240657719227,1372000
2012-06-15,18.796512603759766,18.888407175266185,18.78815840695008,18.86334458483713,2414300
2012-06-18,18.880054473876953,18.91346967036227,18.85499188146278,18.871700276405562,1576100
2012-06-19,18.738037109375,18.813223296450182,18.69626612022195,18.80486909861957,3698500
2012-06-20,18.763097763061523,18.821577146796145,18.696265775050808,18.729682565756306,2013500
2012-06-21,18.963594436645508,18.971947040532307,18.813222072279828,18.821576269566833,2785300
2012-06-22,18.92182159423828,18.98029937611124,18.905113201303138,18.92182159423828,1272800
2012-06-25,18.980300903320312,19.00536349473964,18.963594102440943,18.997009297599863,1872800
2012-06-26,18.94688606262207,19.02207224488646,18.938531865326002,18.988655455702194,783600
2012-06-27,19.00536346435547,19.038780252861148,18.98865507010263,18.99700926722905,889700
2012-06-28,19.030426025390625,19.072195417555942,19.01371763116443,19.03878022250372,1846800
2012-06-29,18.77145004272461,18.788158436370143,18.729680652010895,18.74638904565643,3169700
2012-07-02,18.813220977783203,18.846636171587022,18.80486678098222,18.813220977783203,2582300
2012-07-03,18.796512603759766,18.854990388027446,18.779804210140398,18.846636191217762,642900
2012-07-05,19.047130584716797,19.072193173106683,19.030423785856858,19.038777981986822,1576700
2012-07-06,19.172441482543945,19.189148281011125,19.097255312541815,19.113962111008995,2134600
2012-07-09,19.113964080810547,19.172443458372125,19.113964080810547,19.1557350647831,1315600
2012-07-10,19.18079948425293,19.205862079108456,19.113967491371923,19.113967491371923,1263100
2012-07-11,19.1975040435791,19.222566633425053,19.130672064056636,19.155734653902588,1362900
2012-07-12,19.239276885986328,19.272692082276848,19.22256849114095,19.25598368743147,4914600
2012-07-13,19.155736923217773,19.23927730586762,19.13902852800775,19.23927730586762,3152600
2012-07-16,19.097257614135742,19.172443793199278,19.080549220254923,19.139027005437644,1222600
2012-07-17,19.080549240112305,19.205859007548565,19.080549240112305,19.105611830959614,3565400
2012-07-18,19.063840866088867,19.130672848351225,19.063840866088867,19.130672848351225,1012900
2012-07-19,19.05548667907715,19.10561186085019,19.030425681590774,19.088903466925842,1243200
2012-07-20,19.1975040435791,19.20585824019442,19.147380457287273,19.155734653902588,2744000
2012-07-23,19.222564697265625,19.30610506160427,19.205856305717912,19.289396670056558,2129000
2012-07-24,19.297754287719727,19.331169483340435,19.230922303078106,19.239276500333336,3442300
2012-07-25,19.1975040435791,19.25598182648625,19.189149846963783,19.21421243680974,1060000
2012-07-26,19.00536346435547,19.038780252861148,18.963594072123552,19.00536346435547,2042200
2012-07-27,18.99700927734375,19.030426065867218,18.905114702304385,18.971946685951146,2241100
2012-07-30,19.022071838378906,19.05548703344887,19.013717641261373,19.05548703344887,1311000
2012-07-31,18.97194480895996,19.022069986786025,18.938529617142606,19.005361594177337,1186700
2012-08-01,19.105613708496094,19.113966312865877,18.963595533205293,18.971948137575076,1895900
2012-08-02,19.139026641845703,19.180796032354095,19.08054885777391,19.130672445064004,1220200
2012-08-03,18.905113220214844,19.03877877042967,18.896760617138966,19.030424573953738,1787800
2012-08-06,18.880054473876953,18.921823867833663,18.84663768399139,18.90511547289088,1869000
2012-08-07,18.880054473876953,18.888408671348344,18.829930882448853,18.84663768399139,2148900
2012-08-08,18.913469314575195,18.938531906517905,18.888408316032695,18.938531906517905,1274700
2012-08-09,18.980300903320312,19.013717691879414,18.946885708161393,18.980300903320312,1609400
2012-08-10,18.94688606262207,19.030426442182527,18.930177668029938,19.02207224488646,691500
2012-08-13,18.92182159423828,18.93852998717343,18.871698008832897,18.905113201303138,1348600
2012-08-14,18.930177688598633,18.955240280514065,18.913469293988346,18.930177688598633,1726300
2012-08-15,18.980300903320312,18.997009297599863,18.963594102440943,18.980300903320312,548400
2012-08-16,18.913469314575195,18.955240301146382,18.896762513346932,18.946886103832146,662000
2012-08-17,18.94688606262207,18.997009652998262,18.92182347073387,18.92182347073387,1324400
2012-08-20,18.92182159423828,18.971945179643665,18.92182159423828,18.971945179643665,489900
2012-08-21,18.796512603759766,18.804866800569453,18.763095816521027,18.796512603759766,2244500
2012-08-22,18.704618453979492,18.82992981555,18.687911653383555,18.821575618551954,1277900
2012-08-23,18.671201705932617,18.69626270144151,18.62943072441777,18.68791009853856,3212400
2012-08-24,18.72968101501465,18.73803521199933,18.67120322952203,18.73803521199933,1645400
2012-08-27,18.74639129638672,18.74639129638672,18.704620307257773,18.71297450508356,808400
2012-08-28,18.671201705932617,18.671201705932617,18.646139117023708,18.66284750962965,813200
2012-08-29,18.704618453979492,18.72132684797558,18.679557456385513,18.687911653383555,1194600
2012-08-30,18.74639129638672,18.754745494212507,18.67120510935493,18.687913505006506,1063900
2012-08-31,18.62943458557129,18.662851377709163,18.57095679273036,18.604373584868235,2845200
2012-09-04,18.65449333190918,18.66284752822047,18.621078140064032,18.637784939286597,661900
2012-09-05,18.637786865234375,18.646141062408955,18.60437166993625,18.621080064285405,928100
2012-09-06,18.587663650512695,18.679558227886446,18.579309453169607,18.65449563585718,1709300
2012-09-07,18.38716697692871,18.45399895966511,18.37881277991164,18.43729056563097,6999500
2012-09-10,18.44564437866211,18.44564437866211,18.38716659416012,18.420581788132633,1036600
2012-09-11,18.303625106811523,18.353748691424325,18.295270910476052,18.353748691424325,2639400
2012-09-12,18.28691864013672,18.30362703456741,18.26185764189088,18.270211839106224,2335400
2012-09-13,18.169963836669922,18.3036278109849,18.144901243960767,18.270212614106285,5859700
2012-09-14,18.078067779541016,18.103130370202162,18.0195899947318,18.078067779541016,5673000
2012-09-17,18.103132247924805,18.119840643431957,18.044654457050058,18.078069654664073,3049800
2012-09-18,18.161605834960938,18.169960030780782,18.111482253441796,18.136543247501404,1785600
2012-09-19,18.103132247924805,18.169964236553124,18.094778050171225,18.153255841045972,1007800
2012-09-20,18.186670303344727,18.253502283415536,18.186670303344727,18.23679389004781,1485100
2012-09-21,18.169963836669922,18.17831803423964,18.119840244651872,18.136547046391048,889800
2012-09-24,18.211732864379883,18.253503851387315,18.203380260378626,18.245149653985827,1002600
2012-09-25,18.245149612426758,18.245149612426758,18.161609232002412,18.186671824149784,756800
2012-09-26,18.278562545776367,18.320333527517647,18.278562545776367,18.28691674212462,1436800
2012-09-27,18.228439331054688,18.31197970283277,18.19502413838349,18.25350192060813,1382600
2012-09-28,18.311979293823242,18.32033349015446,18.22008472757987,18.22843892391109,884300
2012-10-01,18.270214080810547,18.286920883890918,18.228443089608643,18.253505684329784,3236000
2012-10-02,18.253501892089844,18.270210285099367,18.195024109956567,18.236793499080317,888500
2012-10-03,18.303625106811523,18.328687695817937,18.28691671414058,18.295270910476052,861200
2012-10-04,18.178316116333008,18.236793899751067,18.153253526268085,18.228439703062758,1189300
2012-10-05,18.178316116333008,18.195024509709622,18.11148413622664,18.13654513289147,1400300
2012-10-08,18.2200870513916,18.236795446185045,18.203380249998386,18.22844124878832,508400
2012-10-09,18.3370418548584,18.345394457776855,18.2618556813921,18.278562480629034,1672100
2012-10-10,18.295272827148438,18.328689615991177,18.27856443272707,18.303627024359123,966300
2012-10-11,18.261857986450195,18.270212183823162,18.24514959170426,18.253503789077225,733500
2012-10-12,18.23679542541504,18.253503820189454,18.211732833253414,18.211732833253414,623000
2012-10-15,18.245149612426758,18.278564808556357,18.2367954150443,18.2367954150443,576500
2012-10-16,18.169963836669922,18.203380626948796,18.144901243960767,18.169963836669922,806000
2012-10-17,18.078067779541016,18.103130370202162,18.06136097916705,18.086421976428063,1749200
2012-10-18,18.153257369995117,18.169965766909527,18.103133772652317,18.111487971109522,1423400
2012-10-19,18.2200870513916,18.236795446185045,18.17831765780822,18.17831765780822,1017000
2012-10-22,18.2200870513916,18.236795446185045,18.18667185520494,18.211732853994878,766000
2012-10-23,18.303625106811523,18.328687695817937,18.295270910476052,18.295270910476052,891100
2012-10-24,18.303625106811523,18.337041892153408,18.27856251780511,18.28691671414058,1214200
2012-10-25,18.320335388183594,18.328689585380324,18.27021179840339,18.286918599396664,290600
2012-10-26,18.320335388183594,18.3453963863736,18.286918599396664,18.328689585380324,586800
2012-10-31,18.28691864013672,18.30362703456741,18.26185764189088,18.278564442921375,1560300
2012-11-01,18.311979293823242,18.32868768648568,18.270209905567178,18.28691670482959,499900
2012-11-02,18.43729019165039,18.45399858534562,18.40387499766006,18.40387499766006,2291600
2012-11-05,18.47905921936035,18.49576601788657,18.46235082743418,18.47905921936035,911800
2012-11-06,18.45400047302246,18.470708868426804,18.437292077618114,18.45400047302246,708400
2012-11-07,18.487415313720703,18.512477906343644,18.479062709579978,18.49576951126168,1777800
2012-11-08,18.487415313720703,18.529186301425604,18.479062709579978,18.504123708802663,1490700
2012-11-09,18.529184341430664,18.54589273474523,18.512475948116098,18.537538538087947,1655200
2012-11-12,18.537538528442383,18.54589272509532,18.52083013513651,18.52918433178945,622700
2012-11-13,18.554244995117188,18.57095338812298,18.52082980250566,18.562599191620084,1232700
2012-11-14,18.545894622802734,18.554247226910267,18.495769437756064,18.537540425294956,1553600
2012-11-15,18.545894622802734,18.545894622802734,18.51247783277162,18.537540425294956,2094200
2012-11-16,18.579307556152344,18.629431141692848,18.56259916317216,18.56259916317216,1677000
2012-11-19,18.49576759338379,18.52918438008263,18.47070659675975,18.52083018340792,1250700
2012-11-20,18.487415313720703,18.529186301425604,18.487415313720703,18.512477906343644,1288300
2012-11-21,18.49576759338379,18.512475986733207,18.49576759338379,18.512475986733207,484200
2012-11-23,18.320335388183594,18.395521569553992,18.31198119098686,18.38716737235726,818600
2012-11-26,18.328689575195312,18.353750573371393,18.328689575195312,18.345396376179302,425800
2012-11-27,18.38716697692871,18.39552117394578,18.353750188860435,18.362104385877505,453300
2012-11-28,18.353750228881836,18.420582211763964,18.345396031846548,18.41222960812884,691500
2012-11-29,18.328689575195312,18.36210477056348,18.286918589234862,18.303626983619044,809800
2012-11-30,18.311979293823242,18.34539448574809,18.29527090116081,18.337041882816898,819400
2012-12-03,18.253501892089844,18.27856288820407,18.236793499080317,18.27856288820407,1113600
2012-12-04,18.195024490356445,18.22008548699462,18.186670293677025,18.20337868703587,682900
2012-12-05,18.23679542541504,18.23679542541504,18.211732833253414,18.23679542541504,1768400
2012-12-06,18.3370418548584,18.353748654095337,18.253501485073617,18.2618556813921,1037000
2012-12-07,18.370460510253906,18.403877301828146,18.337045312079987,18.395523103934586,1147500
2012-12-10,18.34539794921875,18.370460542944027,18.33704534471065,18.33704534471065,1620600
2012-12-11,18.278562545776367,18.31197933116939,18.278562545776367,18.29527093847288,1749100
2012-12-12,18.245149612426758,18.278564808556357,18.178317626767328,18.26185800719167,1649800
2012-12-13,18.261857986450195,18.278564787795908,18.22844119695832,18.253503789077225,577700
2012-12-14,18.169963836669922,18.25350421896685,18.161609639100202,18.23679582382741,1519500
2012-12-17,18.169963836669922,18.17831803423964,18.144901243960767,18.169963836669922,1643700
2012-12-18,18.11148452758789,18.15325391853191,18.094776133850235,18.14489972166308,1702300
2012-12-19,18.103132247924805,18.103132247924805,18.044654457050058,18.053008654803637,1890100
2012-12-20,18.086423873901367,18.11984066495537,18.053008676247664,18.061362874011163,1931100
2012-12-21,18.178316116333008,18.195024509709622,18.13654513289147,18.13654513289147,2173500
2012-12-24,18.178316116333008,18.20337870639793,18.153253526268085,18.153253526268085,526000
2012-12-26,18.178316116333008,18.186670313021313,18.128192529603254,18.1699619196447,424400
2012-12-27,18.178316116333008,18.220085506374453,18.128192529603254,18.13654513289147,442300
2012-12-28,18.195024490356445,18.20337868703587,18.1783160969976,18.195024490356445,408400
2012-12-31,18.2200870513916,18.236795446185045,18.18667185520494,18.18667185520494,340800
2013-01-02,18.228439331054688,18.25350192060813,18.144898959276606,18.161607352312235,898700
2013-01-03,18.370460510253906,18.378814708147466,18.286920124718627,18.295274322612187,1314200
2013-01-04,18.370460510253906,18.420584104214946,18.362106312360346,18.403877301828146,1087600
2013-01-07,18.311979293823242,18.38716546740418,18.311979293823242,18.370457074741743,1973600
2013-01-08,18.3370418548584,18.370457046732298,18.3370418548584,18.345394457776855,1172100
2013-01-09,18.395519256591797,18.41222764888443,18.370456668152848,18.395519256591797,832400
2013-01-10,18.211732864379883,18.278564850191543,18.186671865575654,18.270212246190287,2258100
2013-01-11,18.161605834960938,18.178314226600627,18.128190645081485,18.136543247501404,1126900
2013-01-14,18.136545181274414,18.16996196811679,18.119838381253324,18.1532535746956,879800
2013-01-15,18.186670303344727,18.220085496680085,18.144899319925415,18.169961909977,1684000
2013-01-16,18.20338249206543,18.220089295516384,18.18667409521405,18.19502829363974,1140900
2013-01-17,18.169963836669922,18.203380626948796,18.161609639100202,18.18667223180936,416900
2013-01-18,18.253501892089844,18.303625477718356,18.236793499080317,18.245147695585082,722800
2013-01-22,18.23679542541504,18.26185801757666,18.220087030640624,18.23679542541504,747900
2013-01-23,18.23679542541504,18.27856481895085,18.203380229266436,18.211732833253414,748300
2013-01-24,18.23679542541504,18.27021221496387,18.220087030640624,18.26185801757666,255600
2013-01-25,18.195024490356445,18.2117312903152,18.1783160969976,18.20337868703587,996000
2013-01-28,18.20338249206543,18.220089295516384,18.19502829363974,18.19502829363974,191200
2013-01-29,18.153257369995117,18.18667416382394,18.136548973080707,18.178319965366736,890800
2013-01-30,18.078067779541016,18.111484567089214,18.053006782279997,18.103130370202162,2960500
2013-01-31,18.06136131286621,18.08642231059025,18.04465291878341,18.078068113548852,1539900
2013-02-01,18.044652938842773,18.07806813364536,17.986175152888123,18.036298741792084,1045700
2013-02-04,18.136545181274414,18.1532535746956,18.094775791121542,18.119838381253324,846700
2013-02-05,18.12819480895996,18.19502679746948,18.11148641348251,18.178318401992026,594500
2013-02-06,18.186670303344727,18.203378696712452,18.169961909977,18.195024500028588,738700
2013-02-07,18.28691864013672,18.311981231782752,18.23679505024485,18.245149247460194,1216100
2013-02-08,18.295272827148438,18.31198122156981,18.261857631705894,18.27856443272707,900500
2013-02-11,18.311979293823242,18.337041882816898,18.28691670482959,18.311979293823242,1008700
2013-02-12,18.270214080810547,18.31198347861206,18.228443089608643,18.30362928037168,487100
2013-02-13,18.278562545776367,18.28691674212462,18.236793157435116,18.253501550131627,224900
2013-02-14,18.328689575195312,18.37045896775557,18.32033537800322,18.36210477056348,621700
2013-02-15,18.34539794921875,18.378814740852455,18.34539794921875,18.362106345035603,1042200
2013-02-19,18.353750228881836,18.38716701702298,18.345396031846548,18.378812819987694,522300
2013-02-20,18.487415313720703,18.504123708802663,18.378813932488473,18.378813932488473,1373200
2013-02-21,18.562599182128906,18.58766177162478,18.512475596537215,18.54589238253171,1818900
2013-02-22,18.570953369140625,18.61272435161241,18.562599172646266,18.57930756563498,437100
2013-02-25,18.646141052246094,18.679557840926194,18.512477084326065,18.52083128149609,3314000
2013-02-26,18.662851333618164,18.67955972964763,18.596019342900657,18.637788739573967,988300
2013-02-27,18.587663650512695,18.637787241171004,18.579309453169607,18.62108043988505,1192500
2013-02-28,18.68791389465332,18.696266499252953,18.612727706053885,18.629434508653492,1144000
2013-03-01,18.74639129638672,18.81322328559272,18.73803709856093,18.771452296463774,3861200
2013-03-04,18.738037109375,18.77980650512774,18.72132871371378,18.77145230729713,1776600
2013-03-05,18.712974548339844,18.746391339720244,18.679559350359757,18.687913548204858,730500
2013-03-06,18.78816032409668,18.804868719420977,18.73803673152407,18.73803673152407,1083300
2013-03-07,18.704618453979492,18.72132684797558,18.671203259387468,18.712972650977537,633800
2013-03-08,18.84663963317871,18.88005642652036,18.821578631572883,18.854993831514122,855600
2013-03-11,18.804866790771484,18.863344575008696,18.804866790771484,18.85499037820336,601900
2013-03-12,18.796512603759766,18.82157519418882,18.77145001333071,18.77145001333071,213700
2013-03-13,18.871700286865234,18.913469680845097,18.846637694437174,18.854991891913194,504900
2013-03-14,18.796512603759766,18.90511397548544,18.77145001333071,18.89676137207587,706700
2013-03-15,18.712974548339844,18.729682944030042,18.687913548204858,18.704620350494743,1333200
2013-03-18,18.829927444458008,18.838280047004126,18.763093876889435,18.821573248511935,2671100
2013-03-19,18.88840675354004,18.913467750009435,18.81322057733169,18.82157477395485,1268900
2013-03-20,18.84663963317871,18.854993831514122,18.788161838231236,18.796516036566647,882400
2013-03-21,18.84663963317871,18.863348029849536,18.804870234902058,18.8382854348433,337400
2013-03-22,18.72968101501465,18.796512997491945,18.712972621045285,18.788158800507265,530700
2013-03-25,18.86334800720215,18.86334800720215,18.779807617348737,18.779807617348737,735100
2013-03-26,18.854990005493164,18.880052595413744,18.821574812332475,18.84663580885297,407400
2013-03-27,18.930177688598633,18.955240280514065,18.92182349129349,18.930177688598633,1034100
2013-03-28,18.880054473876953,18.90511547289088,18.84663768399139,18.90511547289088,773100
2013-04-01,18.813220977783203,18.86334456518899,18.796512584181237,18.854990368388005,404300
2013-04-02,18.854990005493164,18.87169839877355,18.82992900897267,18.84663580885297,507600
2013-04-03,18.813220977783203,18.82992937138517,18.788158387380253,18.82992937138517,540800
2013-04-04,18.78816032409668,18.946886892876943,18.779806126434533,18.938532695214796,1112300
2013-04-05,18.754743576049805,18.763096179621012,18.712972591193036,18.754743576049805,493400
2013-04-08,18.804866790771484,18.829929381187483,18.763095806744825,18.763095806744825,592600
2013-04-09,18.721328735351562,18.771452328992847,18.696266141830765,18.738037131032094,487600
2013-04-10,18.738037109375,18.76309810946652,18.71297451588317,18.72132871371378,1021800
2013-04-11,18.68791389465332,18.68791389465332,18.65449710265342,18.68791389465332,807600
2013-04-12,18.662851333618164,18.704620730291477,18.65449713560343,18.696266532276745,1658200
2013-04-15,18.721328735351562,18.729682933191828,18.67120514171028,18.67120514171028,838900
2013-04-16,18.570953369140625,18.671202133672853,18.55424497615191,18.646139544189783,1223700
2013-04-17,18.77145004272461,18.788158436370143,18.654494474006114,18.654494474006114,956800
2013-04-18,18.763097763061523,18.779806158414274,18.712974170403555,18.746390961109057,460400
2013-04-19,18.796512603759766,18.813220997379137,18.704618032253347,18.73803481949209,1373100
2013-04-22,18.78816032409668,18.84663811433144,18.779806126434533,18.838283916669294,807200
2013-04-23,18.854990005493164,18.880052595413744,18.821574812332475,18.854990005493164,1002200
2013-04-24,18.84663963317871,18.88005642652036,18.821578631572883,18.863348029849536,1951500
2013-04-25,18.804866790771484,18.829929381187483,18.771450003550157,18.771450003550157,747400
2013-04-26,18.721328735351562,18.754745526712625,18.70462033967103,18.74639132887236,466200
2013-04-29,18.637786865234375,18.67120365393269,18.637786865234375,18.66284945675811,1675500
2013-04-30,18.545894622802734,18.629433411080026,18.5208320302794,18.629433411080026,1611900
2013-05-01,18.529184341430664,18.54589273474523,18.47906075488705,18.504121751458815,590200
2013-05-02,18.65449333190918,18.68791011715435,18.621078140064032,18.637784939286597,1081900
2013-05-03,18.646141052246094,18.69626464186606,18.587663265456104,18.68791203809622,562700
2013-05-06,18.68791389465332,18.704620697252928,18.65449710265342,18.65449710265342,296200
2013-05-07,18.68791389465332,18.68791389465332,18.637788706653467,18.637788706653467,379900
2013-05-08,18.604372024536133,18.604372024536133,18.554246840533274,18.587663629868516,524400
2013-05-09,18.779804229736328,18.804866820191535,18.65449446426053,18.65449446426053,334300
2013-05-10,18.880054473876953,18.938532262776445,18.838283486519998,18.84663768399139,738300
2013-05-13,18.913469314575195,18.921823511889432,18.863345724089985,18.88005411871846,1317200
2013-05-14,18.98865509033203,18.98865509033203,18.896762108643877,18.930177303784976,1252600
2013-05-15,19.038782119750977,19.080551516078685,19.00536532796854,19.047134724296253,757200
2013-05-16,19.030426025390625,19.047132826216647,18.955239844772912,19.022071828277525,1887500
2013-05-17,19.147380828857422,19.164089222412297,19.113964041747668,19.139026632079982,1011900
2013-05-20,19.030426025390625,19.09725800889524,19.00536343405133,19.09725800889524,677500
2013-05-21,19.038782119750977,19.113966714460787,18.988656932077326,19.088905714024296,1028900
2013-05-22,19.1223201751709,19.164091163288518,18.938532607654192,19.038781385736204,1448300
2013-05-23,18.99700927734375,19.047132866728774,18.980300883082013,19.013717671605484,858400
2013-05-24,18.97194480895996,18.997007397872995,18.94688381344695,18.98865320156865,918400
2013-05-28,19.105613708496094,19.12232051063596,19.01371912642549,19.030427521965652,502700
2013-05-29,18.963594436645508,19.005363829680327,18.938531844784492,18.988655435106317,445700
2013-05-30,18.838281631469727,18.896761008010856,18.813220634923614,18.871698418064657,820900
2013-05-31,18.88840675354004,18.963592929748387,18.87169836029372,18.88005255691688,1526200
2013-06-03,18.754743576049805,18.913468538305086,18.68791159367912,18.880053343819817,1843900
2013-06-04,18.763097763061523,18.821577146796145,18.75474515878543,18.788160356090646,832600
2013-06-05,18.72968101501465,18.7714504065379,18.712972621045285,18.763096209553222,1766400
2013-06-06,18.487415313720703,18.67120447282175,18.378813932488473,18.66285027528077,2643100
2013-06-07,18.512475967407227,18.55424535733708,18.48741337740926,18.520830164073214,1114000
2013-06-10,18.520832061767578,18.61272664110913,18.49576946920163,18.587664048543182,1415900
2013-06-11,18.362102508544922,18.479059661426096,18.362102508544922,18.470705465263155,1210800
2013-06-12,18.353750228881836,18.395521214058267,18.295272443034992,18.378812819987694,634000
2013-06-13,18.295272827148438,18.345396417012353,18.261857631705894,18.32033541878049,587100
2013-06-14,18.278562545776367,18.33704192021416,18.261855746479885,18.33704192021416,612000
2013-06-17,18.245149612426758,18.3286899928511,18.245149612426758,18.286919005938817,579700
2013-06-18,18.261857986450195,18.320335774660748,18.23679539433129,18.320335774660748,608200
2013-06-19,18.428936004638672,18.46235279204696,18.228440060389307,18.253502650945524,1676000
2013-06-20,18.537538528442383,18.604370508265784,18.52918433178945,18.54589272509532,3540400
2013-06-21,18.662851333618164,18.704620730291477,18.604373540915386,18.629434541559238,1795700
2013-06-24,18.67955780029297,18.738035586955753,18.64614101168556,18.738035586955753,7513000
2013-06-25,18.712974548339844,18.746391339720244,18.679559350359757,18.696266152649642,979700
2013-06-26,18.813220977783203,18.821575174584186,18.73803479997447,18.754743193576438,938200
2013-06-27,18.804866790771484,18.85499037820336,18.771450003550157,18.804866790771484,1745900
2013-06-28,18.84663963317871,18.88841062485577,18.788161838231236,18.788161838231236,1184200
2013-07-01,18.804866790771484,18.85499037820336,18.796512593966153,18.838281984592697,1386400
2013-07-02,18.930177688598633,18.938531885903778,18.85499150625255,18.9051150966832,1648300
2013-07-03,18.854990005493164,18.90511359193424,18.81322061569228,18.90511359193424,496400
2013-07-05,19.130674362182617,19.1473827574204,19.10561336272622,19.11396596694484,1436600
2013-07-08,19.080549240112305,19.09725763401051,19.0638408462141,19.09725763401051,11033500
2013-07-09,19.155736923217773,19.197506317842564,19.08890493577795,19.08890493577795,1441100
2013-07-10,19.030426025390625,19.11396480972126,18.930177253433616,19.105612206008335,991200
2013-07-11,18.72968101501465,18.838282389015202,18.696264227075922,18.80486719447663,3677500
2013-07-12,18.77145004272461,18.829929420483978,18.74638904565643,18.82157522366121,799200
2013-07-15,18.78816032409668,18.838283916669294,18.779806126434533,18.813222917083127,1286000
2013-07-16,18.65449333190918,18.74638789793337,18.637784939286597,18.729679505310788,795800
2013-07-17,18.696264266967773,18.754743645985318,18.637786481350382,18.637786481350382,8168300
2013-07-18,18.72968101501465,18.788158800507265,18.712972621045285,18.75474360596869,506800
2013-07-19,18.67955780029297,18.72132719265205,18.662849405989267,18.7129729955002,521900
2013-07-22,18.596017837524414,18.612726232201307,18.55424685083218,18.612726232201307,1621900
2013-07-23,18.537538528442383,18.612724704918723,18.52083013513651,18.59601631161285,1086400
2013-07-24,18.604372024536133,18.637787220471154,18.545894236599683,18.570955235200895,1054600
2013-07-25,18.47905921936035,18.579306384117487,18.470705023397265,18.579306384117487,908600
2013-07-26,18.462352752685547,18.495767946622472,18.437290162182762,18.47070694951981,643200
2013-07-29,18.462352752685547,18.512476340290995,18.453998555851285,18.48741374978821,1401400
2013-07-30,18.504121780395508,18.537538567076897,18.45399819377351,18.45399819377351,2149000
2013-07-31,18.45400047302246,18.57931025175447,18.40387688020971,18.562601856350124,2205500
2013-08-01,18.612728118896484,18.62943492186666,18.52918773044409,18.52918773044409,1741300
2013-08-02,18.512475967407227,18.562599554003068,18.48741337740926,18.562599554003068,776900
2013-08-05,18.487415313720703,18.545894696507563,18.487415313720703,18.520832103884622,953900
2013-08-06,18.43729019165039,18.479061175888457,18.420581797955165,18.462352782193232,383900
2013-08-07,18.362102508544922,18.412227685522566,18.35374831238198,18.403873489359626,1735600
2013-08-08,18.303625106811523,18.328687695817937,18.26185571853419,18.320333499482466,1749900
2013-08-09,18.320335388183594,18.33704378257706,18.31198119098686,18.328689585380324,799100
2013-08-12,18.370460510253906,18.395523103934586,18.362106312360346,18.395523103934586,1564000
2013-08-13,18.462352752685547,18.495767946622472,18.453998555851285,18.462352752685547,976900
2013-08-14,18.45400047302246,18.470708868426804,18.428937879915942,18.462354670724633,614100
2013-08-15,18.328689575195312,18.51247713322072,18.31198118081113,18.48741454164445,1530200
2013-08-16,18.362102508544922,18.387165097033744,18.303624728804333,18.303624728804333,1645600
2013-08-19,18.353750228881836,18.36210442591712,18.337043428211423,18.337043428211423,760500
2013-08-20,18.270214080810547,18.27856668565054,18.228443089608643,18.261859882570167,983000
2013-08-21,18.362102508544922,18.395519293196685,18.311978924967274,18.328687317293152,1618800
2013-08-22,18.40387725830078,18.428938258521868,18.378814664679375,18.40387725830078,325600
2013-08-23,18.370460510253906,18.437292500002066,18.337045312079987,18.437292500002066,1691100
2013-08-26,18.370460510253906,18.403877301828146,18.362106312360346,18.370460510253906,363600
2013-08-27,18.311979293823242,18.353748682079306,18.311979293823242,18.353748682079306,491100
2013-08-28,18.38716697692871,18.428936368613904,18.37881277991164,18.37881277991164,976300
2013-08-29,18.512475967407227,18.537538557405192,18.48741337740926,18.504121770741236,786100
2013-08-30,18.537538528442383,18.579307918306977,18.52083013513651,18.52918433178945,843200
2013-09-03,18.596017837524414,18.629433033477984,18.57930944284752,18.57930944284752,1264500
2013-09-04,18.529184341430664,18.587662124631557,18.529184341430664,18.57095373131699,1956500
2013-09-05,18.65449333190918,18.66284752822047,18.579307158507575,18.596015551130158,1345500
2013-09-06,18.545894622802734,18.5793098194336,18.51247783277162,18.570955621925822,533300
2013-09-09,18.45400047302246,18.51247826353738,18.437292077618114,18.495769868133035,557700
2013-09-10,18.45400047302246,18.479063066128976,18.45400047302246,18.470708868426804,1808300
2013-09-11,18.38716697692871,18.45399895966511,18.37881277991164,18.44564476264804,629700
2013-09-12,18.38716697692871,18.420582171596834,18.345395991843365,18.420582171596834,411200
2013-09-13,18.370460510253906,18.428938302108506,18.362106312360346,18.387168906041026,963600
2013-09-16,18.328689575195312,18.328689575195312,18.270211788250872,18.270211788250872,894700
2013-09-17,18.295272827148438,18.328689615991177,18.295272827148438,18.303627024359123,685200
2013-09-18,18.086423873901367,18.30362823555149,18.069715478374366,18.29527403778799,2489800
2013-09-19,18.11148452758789,18.12819292132555,18.069713543243747,18.069713543243747,4203300
2013-09-20,18.119840621948242,18.16161001726631,18.111486424204568,18.128194819691913,2028500
2013-09-23,18.12819480895996,18.153255808775846,18.11148641348251,18.11148641348251,1721600
2013-09-24,18.161605834960938,18.169960030780782,18.128190645081485,18.153251639141093,420300
2013-09-25,18.103132247924805,18.136547445538817,18.08642385241765,18.128194841185536,725300
2013-09-26,18.144899368286133,18.178316155110647,18.12819256827397,18.136545171580003,495300
2013-09-27,18.078067779541016,18.094776173315115,18.04465258539295,18.069713582653964,516900
2013-09-30,18.06971549987793,18.078069697651372,18.03630030218446,18.044654499957904,281900
2013-10-01,18.053007125854492,18.078068123592455,18.019590337670326,18.027944534716365,339200
2013-10-02,17.986175537109375,18.002882338167478,17.969467142651073,17.977821339880226,772400
2013-10-03,17.969467163085938,18.002882358640342,17.936050374131337,17.99452975480189,1360200
2013-10-04,18.053007125854492,18.061361322900535,17.98617514288632,18.00288194357824,445500
2013-10-07,18.00288200378418,18.05300718622806,17.994529400110366,18.01123620085816,1020300
2013-10-08,18.01123809814453,18.027946494052536,17.977822899728853,18.00288390019053,935000
2013-10-09,18.094778060913086,18.144901654064007,18.08642386315455,18.11148645643016,1066900
2013-10-10,18.12819480895996,18.153255808775846,18.094778018005055,18.136547413298395,3259800
2013-10-11,18.094778060913086,18.12819485194723,18.069715467637476,18.08642386315455,883300
2013-10-14,18.06136131286621,18.078068113548852,18.03629872174201,18.053007115824812,323200
2013-10-15,18.12819480895996,18.161610006514575,18.103132215743784,18.153255808775846,624900
2013-10-16,18.119840621948242,18.18667261049732,18.08642383097355,18.08642383097355,706700
2013-10-17,17.919340133666992,17.96110951844295,17.919340133666992,17.94440112717261,1094000
2013-10-18,17.919340133666992,17.93604693153744,17.902631742396654,17.92769273590227,497500
2013-10-21,17.93604850769043,17.961111096798348,17.91934170835185,17.961111096798348,288300
2013-10-22,17.83580207824707,17.89427986185901,17.81909368481506,17.89427986185901,1984700
2013-10-23,17.84415626525879,17.85251046197025,17.8190936751244,17.835802068547327,2519600
2013-10-24,17.819093704223633,17.835802097673845,17.81073950749853,17.81073950749853,490000
2013-10-25,17.827449798583984,17.83580399619835,17.81074140335526,17.827449798583984,290700
2013-10-28,17.860862731933594,17.869216928489134,17.82744753911149,17.852510128778118,798000
2013-10-29,17.910987854003906,17.936048850190346,17.844155875173296,17.87757106788857,1168300
2013-10-30,17.94440460205078,17.98617558831545,17.877572617427507,17.910989406439246,1204200
2013-10-31,18.06971549987793,18.06971549987793,17.986176708944107,18.00288351109069,1646900
2013-11-01,18.169963836669922,18.18667223180936,18.136547046391048,18.144901243960767,2661500
2013-11-04,18.119840621948242,18.153255819522634,18.119840621948242,18.144901621778963,583100
2013-11-05,18.161605834960938,18.18666842242047,18.153251639141093,18.153251639141093,439700
2013-11-06,18.103132247924805,18.128194841185536,18.08642385241765,18.11148644567838,898800
2013-11-07,18.186670303344727,18.286917476750894,18.153253516609276,18.27021067678326,2729200
2013-11-08,18.295272827148438,18.345396417012353,18.270211828916576,18.27856443272707,689600
2013-11-11,18.245149612426758,18.27021220457413,18.2367954150443,18.26185800719167,309200
2013-11-12,18.253501892089844,18.27856288820407,18.228439302575556,18.261856088594605,410800
2013-11-13,18.211732864379883,18.28691904759303,18.19502606297714,18.236795456584343,937600
2013-11-14,18.211732864379883,18.253503851387315,18.186671865575654,18.236795456584343,662700
2013-11-15,18.178316116333008,18.211731309686144,18.178316116333008,18.195024509709622,503700
2013-11-18,18.153257369995117,18.169965766909527,18.111487971109522,18.128196368023932,384100
2013-11-19,18.144899368286133,18.178316155110647,18.12819256827397,18.161607761698388,265800
2013-11-20,18.228439331054688,18.25350192060813,18.103129570087596,18.11148376660541,537100
2013-11-21,18.228439331054688,18.25350192060813,18.21173093801906,18.2367935275725,441200
2013-11-22,18.153257369995117,18.178319965366736,18.144903171537912,18.169965766909527,548000
2013-11-25,18.178316116333008,18.220085506374453,18.178316116333008,18.20337870639793,310400
2013-11-26,18.119840621948242,18.195026808240996,18.119840621948242,18.17831841275365,280100
2013-11-27,18.144899368286133,18.161607761698388,18.111484174861715,18.119838371567845,265800
2013-11-29,18.12819480895996,18.136547413298395,18.08642382026633,18.103132215743784,314400
2013-12-02,18.186670303344727,18.195024500028588,18.16160771329314,18.186670303344727,481300
2013-12-03,18.12819480895996,18.14490161103712,18.08642382026633,18.136547413298395,298900
2013-12-04,18.119840621948242,18.18667261049732,18.094778028717226,18.17831841275365,919600
2013-12-05,18.027944564819336,18.094776547899105,18.027944564819336,18.08642235083911,625800
2013-12-06,18.027944564819336,18.06971395671913,18.027944564819336,18.0613613530593,323900
2013-12-09,18.01123809814453,18.03630069200654,18.00288390019053,18.03630069200654,561800
2013-12-10,17.96111297607422,17.977821370561035,17.944404581587406,17.96111297607422,524600
2013-12-11,17.952760696411133,17.986177488954095,17.91934549726854,17.952760696411133,950300
2013-12-12,18.019590377807617,18.02794457487227,17.96946678881988,17.986175182949182,569000
2013-12-13,18.027944564819336,18.05300715599931,18.019590367759346,18.019590367759346,617400
2013-12-16,17.99452781677246,18.011234616050224,17.969465227755776,17.99452781677246,607100
2013-12-17,17.99452781677246,18.03629720506691,17.969465227755776,18.01958881238912,441300
2013-12-18,18.06971549987793,18.094778093198258,17.919344720156868,17.986176708944107,2020800
2013-12-19,18.11148452758789,18.12819292132555,18.094776133850235,18.10313033071906,1888400
2013-12-20,18.094778060913086,18.136547456305472,18.069715467637476,18.136547456305472,1297400
2013-12-23,18.06136131286621,18.069713916507453,18.03629872174201,18.06136131286621,333000
2013-12-24,18.078067779541016,18.103130370202162,18.069713582653964,18.094776173315115,333400
2013-12-26,18.06971549987793,18.086423895424815,18.06971549987793,18.06971549987793,270500
2013-12-27,18.036298751831055,18.05300714594173,17.96111257173318,17.977820965843858,794800
2013-12-30,17.952760696411133,17.994531687089836,17.936052300139654,17.994531687089836,968300
2013-12-31,17.977821350097656,18.00288234839915,17.952758758395962,17.977821350097656,656900
2014-01-02,18.086423873901367,18.11984066495537,18.078069676137865,18.103132269428368,1220400
2014-01-03,18.161605834960938,18.169960030780782,18.111482253441796,18.11983644926164,968800
2014-01-06,18.11148452758789,18.16160811540074,18.078067740112576,18.15325391853191,707400
2014-01-07,18.161605834960938,18.178314226600627,18.11983644926164,18.128190645081485,947700
2014-01-08,18.195024490356445,18.22843968367404,18.153253506959338,18.1783160969976,1141700
2014-01-09,18.178316116333008,18.211731309686144,18.1699619196447,18.20337870639793,651800
2014-01-10,18.103132247924805,18.144901643292393,18.061362852557213,18.144901643292393,486200
2014-01-13,18.06136131286621,18.111484901714455,18.06136131286621,18.094776507631654,541100
2014-01-14,18.094778060913086,18.10313225867162,18.061362863279236,18.08642386315455,509400
2014-01-15,18.178316116333008,18.211731309686144,18.1699619196447,18.186670313021313,453600
2014-01-16,18.161605834960938,18.18666842242047,18.128190645081485,18.136543247501404,638200
2014-01-17,18.228439331054688,18.245147724090316,18.178315745347863,18.19502413838349,1170200
2014-01-21,18.195024490356445,18.236793880353463,18.186670293677025,18.22843968367404,581900
2014-01-22,18.2200870513916,18.2200870513916,18.18667185520494,18.18667185520494,347900
2014-01-23,18.036298751831055,18.10313073487359,18.036298751831055,18.09477653781825,1391300
2014-01-24,18.06136131286621,18.06136131286621,18.02794452470061,18.04465291878341,1208100
2014-01-27,18.06136131286621,18.069713916507453,18.02794452470061,18.04465291878341,946000
2014-01-28,18.06971549987793,18.086423895424815,18.044654499957904,18.044654499957904,448200
2014-01-29,18.06971549987793,18.086423895424815,18.044654499957904,18.044654499957904,903700
2014-01-30,18.186670303344727,18.203378696712452,18.144899319925415,18.16160771329314,2343900
2014-01-31,18.23679542541504,18.253503820189454,18.203380229266436,18.22844122802783,1531000
2014-02-03,18.178316116333008,18.228439703062758,18.161607722956393,18.211731309686144,1813700
2014-02-04,18.195024490356445,18.22008548699462,18.186670293677025,18.20337868703587,528000
2014-02-05,18.169963836669922,18.22008742868797,18.161609639100202,18.203380626948796,755800
2014-02-06,18.144899368286133,18.153253564992262,18.103129978155586,18.119838371567845,3575900
2014-02-07,18.086423873901367,18.136547467082075,18.078069676137865,18.12819486271887,369200
2014-02-10,18.06971549987793,18.094778093198258,18.06136289550479,18.086423895424815,697500
2014-02-11,18.06971549987793,18.086423895424815,18.02794610441102,18.06971549987793,594200
2014-02-12,18.086423873901367,18.11984066495537,18.078069676137865,18.11148646719187,523700
2014-02-13,17.986175537109375,18.01123653539663,17.986175537109375,18.002882338167478,2552100
2014-02-14,17.952760696411133,17.969469092682615,17.952760696411133,17.961114894546874,511900
2014-02-18,17.919340133666992,17.93604693153744,17.910985938031825,17.92769273590227,1244500
2014-02-19,17.969467163085938,17.977821360324587,17.927696176892685,17.936050374131337,589600
2014-02-20,17.99452781677246,18.01958881238912,17.969465227755776,17.986173620433565,378000
2014-02-21,17.977821350097656,18.00288234839915,17.952758758395962,18.00288234839915,958700
2014-02-24,17.969467163085938,18.002882358640342,17.952758768608636,17.977821360324587,464000
2014-02-25,17.94440460205078,17.977821391062516,17.91934360369218,17.936050404797847,438200
2014-02-26,18.01123809814453,18.03630069200654,17.994531295636857,18.00288390019053,389100
2014-02-27,17.977821350097656,18.01959074286695,17.961112955629858,18.01959074286695,255900
2014-02-28,17.860862731933594,17.902633714711307,17.835801735667033,17.869216928489134,603200
2014-03-03,17.927696228027344,17.93605042528982,17.877572637852673,17.89428103237763,877500
2014-03-04,17.94440460205078,17.96111299655665,17.910989406439246,17.91934360369218,295200
2014-03-05,17.93604850769043,17.961111096798348,17.91934170835185,17.961111096798348,392800
2014-03-06,17.83580207824707,17.869217271710994,17.810739488099053,17.860863074994988,1978100
2014-03-07,17.85251235961914,17.869219161417835,17.835803964420183,17.860864963818354,752100
2014-03-10,17.860862731933594,17.869216928489134,17.844155932222574,17.860862731933594,581600
2014-03-11,17.860862731933594,17.87757112504468,17.835801735667033,17.869216928489134,418700
2014-03-12,17.810741424560547,17.84415821505779,17.802387226936236,17.835804017433478,1455100
2014-03-13,17.819093704223633,17.835802097673845,17.752261723822894,17.768970117273103,878100
2014-03-14,17.777324676513672,17.810739870695397,17.743907888931815,17.810739870695397,215100
2014-03-17,17.760616302490234,17.79403149670915,17.743907908680708,17.78567889320452,456600
2014-03-18,17.76896858215332,17.80238377276679,17.76061438614996,17.777322778156677,1077000
2014-03-19,17.902633666992188,17.92769466319195,17.752261316193362,17.785678102326465,1102000
2014-03-20,17.96111297607422,17.98617556780444,17.936050384343996,17.96111297607422,595200
2014-03-21,17.93604850769043,17.95275690042904,17.910987511982547,17.93604850769043,601400
2014-03-24,17.88592529296875,17.961111468448212,17.852510100200135,17.961111468448212,448200
2014-03-25,17.89427947998047,17.96111145888217,17.86921689036731,17.927694672731285,312500
2014-03-26,17.89427947998047,17.936048869269005,17.88592528344275,17.927694672731285,175300
2014-03-27,17.94440460205078,17.952758799303716,17.90263520918631,17.936050404797847,403000
2014-03-28,17.94440460205078,17.96111299655665,17.91934360369218,17.927696207544912,337900
2014-03-31,17.927696228027344,17.9444046225523,17.89428103237763,17.93605042528982,320100
2014-04-01,17.927696228027344,17.93605042528982,17.89428103237763,17.91098942690259,198800
2014-04-02,17.96111297607422,17.969467173317625,17.92769618710059,17.944404581587406,306600
2014-04-03,18.01123809814453,18.027946494052536,18.00288390019053,18.01123809814453,363600
2014-04-04,17.99452781677246,18.03629720506691,17.986173620433565,18.002880419711328,658500
2014-04-07,17.952760696411133,17.969469092682615,17.936052300139654,17.961114894546874,294700
2014-04-08,17.83580207824707,17.860863074994988,17.81909368481506,17.844156274963076,1182400
2014-04-09,17.76896858215332,17.844154752783584,17.76896858215332,17.827446360776868,782400
2014-04-10,17.760616302490234,17.79403149670915,17.735553711775946,17.78567889320452,776400
2014-04-11,17.76896858215332,17.76896858215332,17.743905994143244,17.76896858215332,549600
2014-04-14,17.819093704223633,17.835802097673845,17.81073950749853,17.827447900948737,358200
2014-04-15,17.83580207824707,17.860863074994988,17.810739488099053,17.844156274963076,431100
2014-04-16,17.85251235961914,17.85251235961914,17.827449766820703,17.835803964420183,192500
2014-04-17,17.85251235961914,17.85251235961914,17.802387174022265,17.810741371621745,243900
2014-04-21,17.869218826293945,17.877573023736748,17.844157827365777,17.844157827365777,160300
2014-04-22,17.85251235961914,17.877573359017312,17.835803964420183,17.84415816201966,177300
2014-04-23,17.85251235961914,17.85251235961914,17.819095569221222,17.84415816201966,107500
2014-04-24,17.827449798583984,17.869219193255535,17.827449798583984,17.869219193255535,467800
2014-04-25,17.827449798583984,17.827449798583984,17.802387205740892,17.81909560096962,285800
2014-04-28,17.810741424560547,17.827449819809168,17.785680425087886,17.785680425087886,243500
2014-04-29,17.827449798583984,17.844158193812714,17.81909560096962,17.81909560096962,133800
2014-04-30,17.777324676513672,17.79403147690447,17.75226208582728,17.777324676513672,545500
2014-05-01,17.76896858215332,17.777322778156677,17.752260190146604,17.76896858215332,598500
2014-05-02,17.76896858215332,17.835800556780224,17.752260190146604,17.835800556780224,330900
2014-05-05,17.760616302490234,17.760616302490234,17.743907908680708,17.752262105585473,238000
2014-05-06,17.677078247070312,17.685432445071616,17.660369851067706,17.677078247070312,581200
2014-05-07,17.6854305267334,17.69378472382852,17.668722132543152,17.668722132543152,802800
2014-05-08,17.727201461791992,17.743909857436545,17.70214046172547,17.71049465954775,880100
2014-05-09,17.83580207824707,17.852510471679082,17.802385291383047,17.802385291383047,553000
2014-05-12,17.85251235961914,17.85251235961914,17.819095569221222,17.819095569221222,381800
2014-05-13,17.89427947998047,17.91098787305591,17.86921689036731,17.86921689036731,278500
2014-05-14,17.88592529296875,17.894279489510918,17.87757109642658,17.894279489510918,385000
2014-05-15,17.869218826293945,17.919344010950763,17.85251202480858,17.91098981350796,427900
2014-05-16,17.869218826293945,17.88592722117955,17.860864628851143,17.860864628851143,358700
2014-05-19,17.869218826293945,17.869218826293945,17.83580362992297,17.85251202480858,201900
2014-05-20,17.87757110595703,17.885925302503654,17.869216909410408,17.87757110595703,420800
2014-05-21,17.87757110595703,17.93604888838333,17.87757110595703,17.910987892143524,864300
2014-05-22,17.910987854003906,17.92769465366151,17.910987854003906,17.92769465366151,217700
2014-05-23,17.94440460205078,17.96111299655665,17.936050404797847,17.952758799303716,639100
2014-05-27,17.93604850769043,17.96946529316765,17.93604850769043,17.944402704059737,330200
2014-05-28,17.986175537109375,17.986175537109375,17.969467142651073,17.977821339880226,1722800
2014-05-29,17.977821350097656,17.986175547331552,17.936050363928164,17.969467152863757,384000
2014-05-30,17.93604850769043,17.961111096798348,17.927694311321126,17.93604850769043,248900
2014-06-02,18.00288200378418,18.00288200378418,17.961112611814446,17.986175203036385,1003500
2014-06-03,17.986175537109375,17.986175537109375,17.961112945421924,17.961112945421924,191700
2014-06-04,18.00288200378418,18.01123620085816,17.977821005962404,17.977821005962404,503600
2014-06-05,17.927696228027344,18.044653396301847,17.919343624165066,18.044653396301847,599300
2014-06-06,17.93604850769043,17.96946529316765,17.93604850769043,17.95275690042904,363900
2014-06-09,18.00288200378418,18.019590397932138,17.969466808888424,17.994529400110366,1982400
2014-06-10,18.036298751831055,18.04465294888639,18.011236160665042,18.019590357720382,393900
2014-06-11,18.036298751831055,18.036298751831055,18.002881963609706,18.002881963609706,200500
2014-06-12,17.99452781677246,18.011234616050224,17.977819424094672,18.002880419711328,4938800
2014-06-13,17.99452781677246,18.011234616050224,17.977819424094672,17.977819424094672,876400
2014-06-16,17.94440460205078,17.969467193809585,17.94440460205078,17.96111299655665,465900
2014-06-17,17.99452781677246,17.99452781677246,17.969465227755776,17.986173620433565,633900
2014-06-18,17.93604850769043,17.986173685906262,17.927694311321126,17.961111096798348,461600
2014-06-19,17.902633666992188,17.91934206005874,17.86921688085909,17.885925273925636,1804200
2014-06-20,17.910987854003906,17.94440304671918,17.910987854003906,17.936048850190346,606700
2014-06-23,17.87757110595703,17.919342088690147,17.87757110595703,17.9026336955969,1338500
2014-06-24,17.89427947998047,17.936048869269005,17.88592528344275,17.88592528344275,467300
2014-06-25,17.87757110595703,17.885925302503654,17.860862712863785,17.869216909410408,229300
2014-06-26,17.88592529296875,17.91934207913743,17.87757109642658,17.90263368605309,362800
2014-06-27,17.827449798583984,17.860864995641172,17.827449798583984,17.860864995641172,275400
2014-06-30,17.760616302490234,17.819094087423434,17.760616302490234,17.819094087423434,900200
2014-07-01,17.76896858215332,17.785676974160037,17.76896858215332,17.777322778156677,367700
2014-07-02,17.802387237548828,17.81909563280741,17.802387237548828,17.81909563280741,191300
2014-07-03,17.869218826293945,17.894281418622356,17.869218826293945,17.877573023736748,352800
2014-07-07,17.87757110595703,17.885925302503654,17.869216909410408,17.885925302503654,219800
2014-07-08,17.869218826293945,17.877573023736748,17.85251202480858,17.877573023736748,274300
2014-07-09,17.827449798583984,17.8775733908699,17.81909560096962,17.860864995641172,1009400
2014-07-10,17.85251235961914,17.869219161417835,17.84415816201966,17.85251235961914,695100
2014-07-11,17.860862731933594,17.87757112504468,17.852510128778118,17.860862731933594,373800
2014-07-14,17.85251235961914,17.869219161417835,17.85251235961914,17.869219161417835,307200
2014-07-15,17.910987854003906,17.91934205053274,17.85251007170213,17.8608626748309,595600
2014-07-16,17.952760696411133,17.952760696411133,17.936052300139654,17.952760696411133,591700
2014-07-17,17.94440460205078,17.96111299655665,17.927696207544912,17.94440460205078,862100
2014-07-18,17.94440460205078,17.977821391062516,17.936050404797847,17.969467193809585,1315700
2014-07-21,17.93604850769043,17.961111096798348,17.93604850769043,17.944402704059737,3294900
2014-07-22,17.99452781677246,18.011234616050224,17.986173620433565,17.986173620433565,436200
2014-07-23,18.00288200378418,18.019590397932138,17.986175203036385,17.986175203036385,2365200
2014-07-24,18.027944564819336,18.027944564819336,18.011236170699352,18.011236170699352,216500
2014-07-25,18.06136131286621,18.069713916507453,18.03629872174201,18.053007115824812,337800
2014-07-28,18.06136131286621,18.06136131286621,18.04465291878341,18.06136131286621,176500
2014-07-29,18.094778060913086,18.10313225867162,18.07806966539601,18.07806966539601,293700
2014-07-30,18.136545181274414,18.16996196811679,18.119838381253324,18.1532535746956,3327900
2014-07-31,18.161605834960938,18.161605834960938,18.136543247501404,18.153251639141093,820900
2014-08-01,18.136545181274414,18.14489937798501,18.086421594410947,18.128192577963915,1786300
2014-08-04,18.12819480895996,18.12819480895996,18.11148641348251,18.119840611221235,787500
2014-08-05,18.169963836669922,18.18667223180936,18.153255441530487,18.161609639100202,529100
2014-08-06,18.144899368286133,18.195024548522905,18.136545171580003,18.195024548522905,1290300
2014-08-07,18.169963836669922,18.203380626948796,18.161609639100202,18.161609639100202,1517300
2014-08-08,18.12819480895996,18.14490161103712,18.094778018005055,18.14490161103712,904000
2014-08-11,18.136545181274414,18.14489937798501,18.136545181274414,18.136545181274414,169900
2014-08-12,18.153257369995117,18.178319965366736,18.144903171537912,18.161611568452322,320800
2014-08-13,18.169963836669922,18.195026429379077,18.136547046391048,18.144901243960767,306000
2014-08-14,18.161605834960938,18.178314226600627,18.128190645081485,18.14489744332125,439400
2014-08-15,18.12819480895996,18.153255808775846,18.119840611221235,18.136547413298395,418100
2014-08-18,18.161605834960938,18.169960030780782,18.136543247501404,18.136543247501404,194800
2014-08-19,18.228439331054688,18.2367935275725,18.21173093801906,18.21173093801906,342200
2014-08-20,18.311979293823242,18.32033349015446,18.25350151290474,18.25350151290474,885900
2014-08-21,18.28691864013672,18.311981231782752,18.278564442921375,18.30362703456741,306600
2014-08-22,18.328689575195312,18.353750573371393,18.286918589234862,18.286918589234862,1079100
2014-08-25,18.378812789916992,18.378812789916992,18.35375019885214,18.378812789916992,496600
2014-08-26,18.395519256591797,18.41222764888443,18.353748275860212,18.36210247200653,969600
2014-08-27,18.353750228881836,18.378812819987694,18.337043428211423,18.37045862295241,1081800
2014-08-28,18.353750228881836,18.395521214058267,18.345396031846548,18.395521214058267,561700
2014-08-29,18.395519256591797,18.41222764888443,18.33704147696757,18.370456668152848,756000
2014-09-02,18.45400047302246,18.479063066128976,18.44564627532029,18.470708868426804,2210600
2014-09-03,18.43729019165039,18.45399858534562,18.428935994802778,18.43729019165039,884600
2014-09-04,18.62943458557129,18.662851377709163,18.537541593992835,18.537541593992835,1796000
2014-09-05,18.62943458557129,18.646142981640228,18.596019386833763,18.62943458557129,763300
2014-09-08,18.738037109375,18.77145230729713,18.67120512013043,18.67955931796104,1138800
2014-09-09,18.704618453979492,18.78815883055978,18.696264256981447,18.779804633561735,1404100
2014-09-10,18.738037109375,18.77145230729713,18.72968291154439,18.77145230729713,758500
2014-09-11,18.754743576049805,18.763096179621012,18.72132678816439,18.729680985135744,622200
2014-09-12,18.738037109375,18.77980650512774,18.69626612022195,18.76309810946652,633100
2014-09-15,18.738037109375,18.74639130720561,18.72132871371378,18.738037109375,917700
2014-09-16,18.704618453979492,18.73803524197167,18.65449486539138,18.729681044973624,1488200
2014-09-17,18.821575164794922,18.838281964988084,18.679557006052303,18.68791120284894,2058700
2014-09-18,18.738037109375,18.78816070295835,18.72968291154439,18.77145230729713,1146700
2014-09-19,18.838281631469727,18.85499002476719,18.796512241626147,18.796512241626147,4859200
2014-09-22,18.821575164794922,18.871698752174638,18.821575164794922,18.838281964988084,1261500
2014-09-23,18.821575164794922,18.846636161784723,18.771449984015092,18.78815837760837,716900
2014-09-24,18.905113220214844,18.921821613166703,18.880052224187107,18.88840642066304,1746800
2014-09-25,18.93852996826172,18.988653553617052,18.92182157534326,18.980299357157822,4432700
2014-09-26,19.047130584716797,19.055484780846758,18.98029860907709,18.98865280520705,1206900
2014-09-29,19.030426025390625,19.047132826216647,19.00536343405133,19.022071828277525,1324300
2014-09-30,19.105613708496094,19.139028906176122,19.08890531295593,19.139028906176122,2182500
2014-10-01,19.08890151977539,19.13902510303546,19.063838931445364,19.122316710815443,2711200
2014-10-02,19.030426025390625,19.080549614669042,18.988655039825133,19.022071828277525,2002000
2014-10-03,19.28104591369629,19.28104591369629,19.22256812624776,19.230922323511866,4528100
2014-10-06,19.063840866088867,19.23092161844483,19.03042567165776,19.222567421487017,2433400
2014-10-07,19.030426025390625,19.09725800889524,19.00536343405133,19.047132826216647,1793900
2014-10-08,18.94688606262207,19.088904229854784,18.930177668029938,19.038780639478592,5304300
2014-10-09,19.00536346435547,19.038780252861148,18.930177283617873,18.95523987499713,2343300
2014-10-10,19.097257614135742,19.10561181107615,19.04713243249329,19.080549220254923,5000900
2014-10-13,18.98865509033203,19.030426076008627,18.980300893196713,18.997009287467353,1278100
2014-10-14,19.072195053100586,19.088903447007496,19.022071464779994,19.047132462240217,1088200
2014-10-15,18.871700286865234,18.9552406682252,18.75474470900143,18.88840868181728,3995200
2014-10-16,18.871700286865234,18.94688647074918,18.821576695409355,18.913469680845097,2590000
2014-10-17,18.930177688598633,18.938531885903778,18.871699900862836,18.88005409816798,774900
2014-10-20,18.86334800720215,18.921825802079415,18.854993808876767,18.921825802079415,632500
2014-10-21,18.963594436645508,18.963594436645508,18.913469252923477,18.913469252923477,975900
2014-10-22,19.047130584716797,19.06383897697672,19.013715393596936,19.030423785856858,1199500
2014-10-23,19.063840866088867,19.088903456962306,19.047132472173242,19.047132472173242,1654900
2014-10-24,19.030426025390625,19.047132826216647,18.988655039825133,19.022071828277525,760600
2014-10-27,18.980300903320312,19.022071889019188,18.963594102440943,19.013717691879414,1045400
2014-10-28,18.94688606262207,18.980301258406126,18.930177668029938,18.938531865326002,824900
2014-10-29,19.08890151977539,19.10560991199541,18.905112392155157,18.9468833727052,4131300
2014-10-30,19.139026641845703,19.139026641845703,19.08890305455561,19.130672445064004,1385100
2014-10-31,19.28940200805664,19.35623399934214,19.272693611885177,19.339525603170678,2494300
2014-11-03,19.381296157836914,19.40635715813029,19.356233564143217,19.364587762041115,3115800
2014-11-04,19.33116912841797,19.38129431102903,19.289399736308923,19.372940113927186,961900
2014-11-05,19.423063278198242,19.45648006587452,19.398000687441034,19.44812586895545,1306900
2014-11-06,19.55672836303711,19.565082560435016,19.464833785060357,19.473187982458263,2041900
2014-11-07,19.439773559570312,19.52331394347235,19.414710966379612,19.514959745742114,2449300
2014-11-10,19.49825096130371,19.50660515886728,19.406356381504683,19.414710579068252,3801400
2014-11-11,19.423063278198242,19.51495785090787,19.381293887003032,19.49824945706973,1471200
2014-11-12,19.48989486694336,19.51495745719493,19.42306288633927,19.43977127984032,881500
2014-11-13,19.473186492919922,19.498249083196562,19.44812549604339,19.464832296161042,1127000
2014-11-14,19.423063278198242,19.581789832860288,19.389646490521965,19.57343563594122,1879500
2014-11-17,19.523311614990234,19.523311614990234,19.48154063132096,19.48154063132096,941000
2014-11-18,19.431419372558594,19.464834570097665,19.42306517482375,19.431419372558594,2395500
2014-11-19,19.464832305908203,19.47318650267127,19.381293525077783,19.431417112256057,1783800
2014-11-20,19.439773559570312,19.481542954821183,19.414710966379612,19.431419361840078,1938900
2014-11-21,19.59849739074707,19.61520578523096,19.540019603453654,19.540019603453654,1371800
2014-11-24,19.54837417602539,19.598497767039238,19.540019978623047,19.598497767039238,647100
2014-11-25,19.506603240966797,19.573435221504152,19.48154065074025,19.573435221504152,2760200
2014-11-26,19.448123931884766,19.473184926745713,19.40635295144989,19.464830730658736,1043100
2014-11-28,19.60685157775879,19.60685157775879,19.51495859494574,19.51495859494574,652300
2014-12-01,19.51495933532715,19.523313532881687,19.473188347554462,19.498250940218075,755600
2014-12-02,19.67368507385254,19.67368507385254,19.615207282096595,19.631915677855527,884000
2014-12-03,19.732162475585938,19.74886927626523,19.70709988446676,19.732162475585938,1289900
2014-12-04,19.656978607177734,19.690393805865913,19.565084022334634,19.67368540982165,2190000
2014-12-05,19.80734634399414,19.840763130941458,19.782285347183752,19.782285347183752,976700
2014-12-08,19.76557731628418,19.824055101114585,19.71545372834385,19.807346707334432,1889500
2014-12-09,19.67368507385254,19.682039271732005,19.540021094581718,19.640269875734994,1616200
2014-12-10,19.565078735351562,19.648619099597795,19.54837034382233,19.631910708068563,980100
2014-12-11,19.640270233154297,19.68203962991144,19.6319160351228,19.648624431185794,2236800
2014-12-12,19.573436737060547,19.606851933216486,19.53166575011534,19.556728342282465,1318500
2014-12-15,19.615203857421875,19.631912250263643,19.54837187945485,19.60684966100099,1093700
2014-12-16,19.473186492919922,19.54001847359086,19.43977129928451,19.44812549604339,1392600
2014-12-17,19.715452194213867,19.748867385773888,19.523310460893736,19.54001725997374,2199500
2014-12-18,19.77393341064453,19.807348608011168,19.75722501526107,19.78228760833626,1398100
2014-12-19,19.857471466064453,19.865825662776732,19.748868502204896,19.773931092341737,1562600
2014-12-22,19.874181747436523,19.89088854904805,19.824056562401196,19.857473352424748,1002000
2014-12-23,19.974428176879883,19.974428176879883,19.941012981517655,19.974428176879883,876100
2014-12-24,19.949365615844727,19.949365615844727,19.924304617634743,19.941013012041527,231500
2014-12-26,19.957721710205078,19.974430106200142,19.949367512207544,19.949367512207544,400400
2014-12-29,20.007843017578125,20.024549816932485,19.93265684358338,19.949363642937744,924000
2014-12-30,19.957721710205078,19.957721710205078,19.915952313617762,19.932660709612826,1883200
2014-12-31,20.024551391601562,20.03290558863571,19.966073605762702,19.982781999830994,2858800
2015-01-02,20.216697692871094,20.216697692871094,20.141511501969475,20.149865700225256,1887600
2015-01-05,20.258460998535156,20.30858457959605,20.233398411304755,20.30858457959605,2855500
2015-01-06,20.300233840942383,20.308588038108553,20.208340858914866,20.300233840942383,2262700
2015-01-07,20.37541961669922,20.44225159929888,20.333650225099486,20.408836404699127,2384600
2015-01-08,20.458959579467773,20.467313776298766,20.40048179505094,20.458959579467773,1685500
2015-01-09,20.3670654296875,20.467314200336233,20.350358629079505,20.467314200336233,2320100
2015-01-12,20.3670654296875,20.417190611711945,20.350358629079505,20.40883641470787,1938700
2015-01-13,20.4255428314209,20.46731221899763,20.392126046639515,20.44224963041159,1003700
2015-01-14,20.383773803710938,20.40883639469859,20.33365021513579,20.350358609127557,1373300
2015-01-15,20.450605392456055,20.53414576740598,20.38377341117614,20.408836001681152,2587500
2015-01-16,20.54250144958496,20.667811224370425,20.509084659828712,20.550855647024022,3106100
2015-01-20,20.626041412353516,20.634395609623184,20.550855230326693,20.559209427596365,1526900
2015-01-21,20.567562103271484,20.617685689781137,20.40883555369081,20.467313336852087,2895500
2015-01-22,20.876659393310547,20.893367786598528,20.626039867591125,20.684517650698986,3542900
2015-01-23,21.060449600219727,21.060449600219727,20.9351398215274,21.052096995920486,2381900
2015-01-26,21.02703285217285,21.052095443423177,20.97690926307237,21.052095443423177,2516900
2015-01-27,20.8265380859375,20.885015875444704,20.759706098872087,20.85159908521187,2282400
2015-01-28,20.951847076416016,20.96855547090555,20.834891501789674,20.876660894613313,1987000
2015-01-29,20.968555450439453,21.043741632168775,20.88501507147352,20.935138661493003,1564500
2015-01-30,20.993614196777344,21.018676785798736,20.968553201155977,20.993614196777344,1740900
2015-02-02,20.951847076416016,20.976909668150316,20.901723486347613,20.96855547090555,1816100
2015-02-03,20.709583282470703,20.82653886586495,20.626042897160392,20.809830470122822,4196800
2015-02-04,20.834890365600586,20.843244562389774,20.75970418789801,20.75970418789801,1158600
2015-02-05,20.684520721435547,20.776415304761656,20.659458127782884,20.759706908993213,922900
2015-02-06,20.935138702392578,20.960201294151382,20.868306717769304,20.885015112275173,2861900
2015-02-09,20.91843032836914,20.935137128218575,20.868305148620593,20.926782931593817,1661800
2015-02-10,20.943492889404297,20.968555481150844,20.91843189105795,20.943492889404297,1133800
2015-02-11,21.018678665161133,21.035387059336024,20.960200878949188,20.968555076036633,2328700
2015-02-12,20.81818199157715,20.901722366147386,20.77641260099209,20.885013972553317,1878600
2015-02-13,20.809831619262695,20.826540015927474,20.75970802266876,20.793123222597913,1038800
2015-02-17,20.784765243530273,20.843244621219647,20.768058443304856,20.776412640117623,754000
2015-02-18,20.793121337890625,20.90172431296742,20.768060338565412,20.8181839306161,1736200
2015-02-19,20.868305206298828,20.868305206298828,20.818181619811824,20.834890013107522,523800
2015-02-20,20.85159683227539,20.95184559874214,20.78476485243092,20.935137205430998,1902500
2015-02-23,20.910078048706055,20.93513904747775,20.87666125914349,20.893369653924772,2062500
2015-02-24,20.868305206298828,20.985262365968616,20.85995100965098,20.918430386185914,1096300
2015-02-25,20.8265380859375,20.91007846811933,20.809829690821083,20.843246481053917,1104000
2015-02-26,21.04374122619629,21.06880222402246,20.95184665176656,20.960200848842003,1625200
2015-02-27,21.052093505859375,21.077154501403005,21.010322524286625,21.052093505859375,2502900
2015-03-02,21.09386444091797,21.102218637845162,21.01867826197338,21.043740852754954,2238700
2015-03-03,21.08551025390625,21.09386445083737,21.010324074926302,21.068801860044008,1175900
2015-03-04,21.19411277770996,21.227527971336016,21.135633400414182,21.135633400414182,1635700
2015-03-05,21.29435920715332,21.336130189474954,21.24423562176741,21.286005010688992,1929500
2015-03-06,21.553335189819336,21.57004358450452,21.511565796506595,21.511565796506595,3306000
2015-03-09,21.553335189819336,21.578397781847112,21.511565796506595,21.53662838853437,2286300
2015-03-10,21.778892517089844,21.787246713964155,21.636874357026805,21.703706338621167,4272800
2015-03-11,22.021160125732422,22.054575320860604,21.895848762151253,21.929265550679613,3921600
2015-03-12,21.904203414916992,21.94597440144633,21.845725627176133,21.879142416399603,2784500
2015-03-13,22.129762649536133,22.13811684710156,21.97103608259352,21.97103608259352,3128100
2015-03-16,21.962682723999023,22.02116051154802,21.904203343049822,21.98774372243419,3028400
2015-03-17,21.971033096313477,21.97938729274341,21.87078592595435,21.904201118274045,2263500
2015-03-18,21.5366268157959,21.97103389208604,21.528272619063383,21.97103389208604,6037600
2015-03-19,21.86243438720703,21.91255797847981,21.778894006152235,21.795602401043244,3046600
2015-03-20,21.57004165649414,21.670290422244417,21.461440287548076,21.62016524266924,5947100
2015-03-23,21.336132049560547,21.453087623457215,21.319423655175257,21.369547244930942,4322300
2015-03-24,21.402963638305664,21.453087227135374,21.352838456075794,21.352838456075794,1700100
2015-03-25,21.344482421875,21.3611908145135,21.277650444721026,21.277650444721026,5766300
2015-03-26,21.41967010498047,21.486502086844677,21.269297747435967,21.294360338160097,1953900
2015-03-27,21.436378479003906,21.469795266605225,21.352838103400746,21.444732675904234,1464600
2015-03-30,21.60346221923828,21.611816417294488,21.511567634020373,21.553337030901048,2087300
2015-03-31,21.63687515258789,21.720415531002555,21.54498217039193,21.703707136639583,2205300
2015-04-01,21.64522933959961,21.703707126442342,21.58675155275688,21.603459947111997,1787000
2015-04-02,21.4781494140625,21.494857809064243,21.42802582245752,21.469796809961878,2079800
2015-04-06,21.311065673828125,21.386251841811127,21.18575592498976,21.2191711144267,4332500
2015-04-07,21.553335189819336,21.561689387161927,21.428025416480896,21.48650320447882,3336400
2015-04-08,21.586753845214844,21.611816439409107,21.428027268785222,21.428027268785222,1595900
2015-04-09,21.81230926513672,21.8373702623142,21.62852012103453,21.645228514752933,5820800
2015-04-10,21.86243438720703,21.904203781034308,21.82066499337975,21.86243438720703,2372800
2015-04-13,21.895849227905273,21.920911819834657,21.862434032066307,21.90420342521507,3787600
2015-04-14,21.728769302368164,21.737123499385934,21.636874728572863,21.737123499385934,1565500
2015-04-15,21.62851905822754,21.803953996849803,21.603458062281536,21.728767822211697,1838800
2015-04-16,21.461442947387695,21.620167922180556,21.402965157369245,21.53662913266864,2882400
2015-04-17,21.41131591796875,21.494856293687658,21.394609117545077,21.48650209677575,1840500
2015-04-20,21.5366268157959,21.570042009325864,21.494855832133318,21.5366268157959,1430500
2015-04-21,21.561687469482422,21.63687364547853,21.46979449368724,21.628519448878954,1709900
2015-04-22,21.561687469482422,21.58675005928115,21.51991807988462,21.528272276484195,693600
2015-04-23,21.402963638305664,21.561688601833108,21.361192653114106,21.544981801156645,1236700
2015-04-24,21.319421768188477,21.41131474237374,21.28600498237562,21.319421768188477,2295700
2015-04-27,21.252592086791992,21.35283926826447,21.20246690265553,21.32777826959646,2261800
2015-04-28,21.118925094604492,21.21081806557461,21.093862506121734,21.21081806557461,3006600
2015-04-29,20.935138702392578,21.00197068701585,20.801474733146033,20.993616489762918,6270900
2015-04-30,20.809831619262695,20.9685582007773,20.76806222100115,20.943495605780125,4334100
2015-05-01,20.910078048706055,20.968555837040313,20.78476668124667,20.80982927341859,3059800
2015-05-04,20.968555450439453,21.001970645985708,20.943492858729613,20.943492858729613,1788900
2015-05-05,20.910078048706055,21.00197103320265,20.868307061752848,20.968555837040313,4566800
2015-05-06,20.676164627075195,20.759705004854524,20.626041037767667,20.742996610618622,4300300
2015-05-07,20.784765243530273,20.82653622759411,20.742995852866553,20.75970424649209,5211300
2015-05-08,20.809831619262695,20.876663612521412,20.75970802266876,20.77641641933354,2066800
2015-05-11,20.876659393310547,20.90172198324252,20.843244200134663,20.893367786598528,1624500
2015-05-12,20.759706497192383,20.768060694910886,20.701228706563153,20.759706497192383,1658100
2015-05-13,20.575916290283203,20.634395671345814,20.5174385026208,20.6176872767565,3241200
2015-05-14,20.509082794189453,20.584268970901356,20.46731340419399,20.46731340419399,2641300
2015-05-15,20.47566795349121,20.617686112681646,20.442251166199288,20.600977719035686,2638400
2015-05-18,20.676164627075195,20.692873021311097,20.575915855059964,20.575915855059964,1648900
2015-05-19,20.91843032836914,20.96019971809285,20.893367738494867,20.935137128218575,2874900
2015-05-20,20.960203170776367,21.027035161383292,20.91843377417217,20.976911566778185,3120700
2015-05-21,20.92678451538086,20.96020130440895,20.901723517009994,20.935138712637883,1373500
2015-05-22,21.118925094604492,21.135631893526337,21.06879991763898,21.06879991763898,2198500
2015-05-26,21.352840423583984,21.377903017008254,21.294362632327662,21.32777942356002,3438300
2015-05-27,21.361194610595703,21.453089193037943,21.32777941278054,21.444734995234075,2553500
2015-05-28,21.302717208862305,21.444735387324066,21.277654614992464,21.39461179298472,2598500
2015-05-29,21.26930046081543,21.327779846632094,21.23588526232053,21.294363054736856,1380600
2015-06-01,21.394607543945312,21.444731128329952,21.277650389181133,21.29435878177602,1924200
2015-06-02,21.068801879882812,21.13563386199457,20.99361570083207,21.127281258455724,2613000
2015-06-03,20.92678451538086,21.060448484692817,20.901723517009994,21.060448484692817,2798100
2015-06-04,20.951847076416016,20.96855547090555,20.859952500123775,20.93513868192648,2653700
2015-06-05,21.13563346862793,21.26929743036375,21.10221827489403,21.252590630196856,9123700
2015-06-08,20.893367767333984,21.04374011998702,20.876659374061404,21.02703172671444,2181900
2015-06-09,20.868305206298828,20.96019977602507,20.84324420975537,20.92678298943368,1720800
2015-06-10,20.75135040283203,20.809828188116477,20.709581011457466,20.717933615012264,3695600
2015-06-11,20.809831619262695,20.926787209115346,20.793123222597913,20.876663612521412,2166800
2015-06-12,20.793121337890625,20.893370115392262,20.751351943415095,20.876661720241945,1882300
2015-06-15,20.776412963867188,20.893368534268163,20.76805876692424,20.893368534268163,3983700
2015-06-16,20.81818199157715,20.859951382162212,20.793119401186043,20.81818199157715,2510200
2015-06-17,20.634397506713867,20.859954480131442,20.609334912600648,20.776415686554746,3489300
2015-06-18,20.567562103271484,20.634394083084384,20.50073012345858,20.50908272671012,3449400
2015-06-19,20.617687225341797,20.642748223763068,20.58427043624649,20.617687225341797,1866100
2015-06-22,20.659456253051758,20.676164647304006,20.559209074338625,20.60933266369519,4485400
2015-06-23,20.901721954345703,20.935137147475388,20.834889974686245,20.926782950842945,2062300
2015-06-24,20.859952926635742,20.910078111129227,20.82653773037365,20.893369716298068,1201100
2015-06-25,20.8265380859375,20.868307480328287,20.81818388837929,20.843246481053917,2613500
2015-06-26,20.885013580322266,20.943491363403155,20.851596793761708,20.910076170242682,1349400
2015-06-29,20.76805877685547,20.935137935593882,20.717933595173815,20.9100769381532,3796100
2015-06-30,20.910078048706055,20.94349324486839,20.80147507602795,20.80982927341859,7634100
2015-07-01,21.077157974243164,21.093866369625275,20.98526498644214,21.018680183806072,2330200
2015-07-02,21.02703285217285,21.043741246339735,20.98526346015581,21.035387049256293,3496800
2015-07-06,21.068801879882812,21.127281258455724,21.010324094710043,21.127281258455724,1954800
2015-07-07,21.13563346862793,21.26929743036375,21.093864078110528,21.252590630196856,3097000
2015-07-08,21.052093505859375,21.118925482975754,21.035385113230276,21.068800305088452,1298400
2015-07-09,21.118925094604492,21.16904867817001,21.06044572147806,21.06879991763898,3374900
2015-07-10,20.968555450439453,21.027033237695548,20.91007766318336,20.91843186041997,2044100
2015-07-13,21.177404403686523,21.18575860045075,21.102218226208574,21.12728081650126,1643500
2015-07-14,21.14398765563965,21.160696049198933,21.085509871582268,21.085509871582268,612000
2015-07-15,21.235883712768555,21.277653106189412,21.210821120675906,21.210821120675906,1598600
2015-07-16,21.352840423583984,21.361194621392073,21.26930003890339,21.352840423583984,2289000
2015-07-17,21.402963638305664,21.402963638305664,21.361192653114106,21.361192653114106,1151700
2015-07-20,21.41131591796875,21.436378508704465,21.369546526809366,21.42802431179256,2512700
2015-07-21,21.260944366455078,21.38625412869311,21.227527580044896,21.377899932090564,2840400
2015-07-22,21.311065673828125,21.377897646101914,21.311065673828125,21.33612826095576,1785000
2015-07-23,21.227529525756836,21.29436151130293,21.202466933651966,21.29436151130293,3810000
2015-07-24,21.260944366455078,21.311067952670275,21.227527580044896,21.311067952670275,743400
2015-07-27,21.09386444091797,21.102218637845162,21.035386655827764,21.077156047063585,5693200
2015-07-28,21.11057472229004,21.177406710282952,21.11057472229004,21.160698314934653,2007400
2015-07-29,21.227529525756836,21.252592117861706,21.052096161223414,21.14398914547416,1706900
2015-07-30,21.311065673828125,21.3695434503927,21.302711478118916,21.302711478118916,2261100
2015-07-31,21.244237899780273,21.269298898460484,21.05209614069761,21.06880294201768,1651200
2015-08-03,21.29435920715332,21.311067600081973,21.24423562176741,21.26929661776034,1996500
2015-08-04,21.402963638305664,21.411316241943815,21.25259127841637,21.286006473169458,1009500
2015-08-05,21.394607543945312,21.453085324627395,21.344482366160655,21.38625334764787,884200
2015-08-06,21.352840423583984,21.402965610432524,21.33613362136811,21.402965610432524,1835600
2015-08-07,21.319421768188477,21.461439921093028,21.294359178828834,21.444731528186598,1993200
2015-08-10,21.219175338745117,21.336132508558038,21.18576014265587,21.32777831118567,1613700
2015-08-11,21.219175338745117,21.260946325606955,21.1523433531664,21.160697550538767,5032700
2015-08-12,20.993614196777344,21.043739374820124,20.935136415794123,21.043739374820124,2714900
2015-08-13,21.02703285217285,21.118927426690547,21.02703285217285,21.077156441273335,1704900
2015-08-14,21.08551025390625,21.102218647768492,21.010324074926302,21.052095059581905,5183200
2015-08-17,21.118925094604492,21.16069448200909,21.06879991763898,21.06879991763898,865800
2015-08-18,21.169050216674805,21.18575861021096,21.143987626370574,21.18575861021096,567100
2015-08-19,21.035385131835938,21.17740328250886,21.027030935514,21.17740328250886,1372300
2015-08-20,20.91843032836914,21.010323304441314,20.910076131744383,20.976908111342365,3300700
2015-08-21,20.717933654785156,20.82653662200774,20.684518460301387,20.793119834123825,5819900
2015-08-24,20.37541961669922,20.475668387298793,20.216694653900113,20.233401454499916,4701500
2015-08-25,20.517436981201172,20.667809334554125,20.517436981201172,20.525791177876346,3267600
2015-08-26,20.76805877685547,20.79311977429615,20.6176864186108,20.692872597733132,4857700
2015-08-27,20.901721954345703,20.94349134410783,20.843244171318688,20.89336775771326,9085500
2015-08-28,20.968555450439453,21.018679040458935,20.88501507147352,20.88501507147352,1192600
2015-08-31,20.935138702392578,21.00197068701585,20.901723506781043,20.901723506781043,1489000
2015-09-01,20.809831619262695,20.89337200918619,20.793123222597913,20.85160101752424,1700600
2015-09-02,20.91843032836914,20.935137128218575,20.88501354187011,20.910076131744383,864900
2015-09-03,21.018678665161133,21.07715645137308,20.9936160738988,21.04374125642347,2175700
2015-09-04,20.993614196777344,21.06880037044149,20.95184480847505,21.018676785798736,1015000
2015-09-08,20.91843032836914,20.96019971809285,20.893367738494867,20.95184552146809,602000
2015-09-09,20.91843032836914,21.02703169769083,20.91843032836914,21.001969107816556,1448900
2015-09-10,20.834890365600586,20.9434917370598,20.801473578443833,20.910076543303163,1149500
2015-09-11,20.742996215820312,20.843244985927523,20.742996215820312,20.834890788968575,679600
2015-09-14,20.75135040283203,20.809828188116477,20.75135040283203,20.75135040283203,667300
2015-09-15,20.834890365600586,20.859951362568037,20.768058384687198,20.776412581476382,780800
2015-09-16,20.776412963867188,20.818182355181783,20.7429961760954,20.809828158238833,909000
2015-09-17,20.55921173095703,20.78476870890767,20.55921173095703,20.734645113074237,2143500
2015-09-18,20.76805877685547,20.78476557734921,20.550854436435404,20.550854436435404,1347200
2015-09-21,20.893367767333984,20.926782960479056,20.818181591007466,20.834889984280043,746200
2015-09-22,20.98526382446289,21.018679019976584,20.93513864109206,20.951847035549005,1691700
2015-09-23,20.98526382446289,21.027033217205055,20.93513864109206,21.00197062551964,526900
2015-09-24,20.91843032836914,20.926782931593817,20.801473169022614,20.88501354187011,1780900
2015-09-25,20.951847076416016,21.018679060973955,20.951847076416016,21.001970666484418,626700
2015-09-28,20.92678451538086,21.03538748632195,20.89336931975297,21.027033289064928,1812100
2015-09-29,20.893367767333984,20.960199747024213,20.868305177425118,20.960199747024213,620200
2015-09-30,20.968555450439453,21.01032484322232,20.96020125320284,20.968555450439453,821100
2015-10-01,20.960203170776367,20.976911566778185,20.90172537817035,20.976911566778185,1220500
2015-10-02,20.910078048706055,20.910078048706055,20.73464309030305,20.768059879865614,1398600
2015-10-05,20.91843032836914,20.943491324843333,20.868305148620593,20.88501354187011,1415100
2015-10-06,20.776412963867188,20.893368534268163,20.76805876692424,20.893368534268163,698600
2015-10-07,20.80147361755371,20.83489040477329,20.768058423734246,20.78476522394392,965500
2015-10-08,20.75135040283203,20.809828188116477,20.676164223637702,20.793119794206596,1499500
2015-10-09,20.651100158691406,20.676162747767258,20.609330770298353,20.659454355050023,1041500
2015-10-12,20.634397506713867,20.634397506713867,20.59262651652517,20.626043308676127,1162800
2015-10-13,20.600976943969727,20.651100529621704,20.600976943969727,20.63439373000442,819900
2015-10-14,20.4255428314209,20.550852587551088,20.40883443903021,20.517435802769704,1267500
2015-10-15,20.55921173095703,20.57591853396792,20.48402554050669,20.54250333454576,891500
2015-10-16,20.59262466430664,20.61768725616559,20.542501073988955,20.567563665847903,851800
2015-10-19,20.651100158691406,20.66780855140864,20.61768496665697,20.626039163015587,657500
2015-10-20,20.634397506713867,20.651104309388998,20.59262651652517,20.609334912600648,696400
2015-10-21,20.659456253051758,20.667810450177882,20.62604105794744,20.634395255073564,973200
2015-10-22,20.960203170776367,20.968557368777276,20.859954388165807,20.859954388165807,1042400
2015-10-23,21.13563346862793,21.152341862194938,21.06044729097652,21.06880148776002,1556600
2015-10-26,21.068801879882812,21.127281258455724,21.043740882465993,21.127281258455724,457700
2015-10-27,21.08551025390625,21.102218647768492,21.043740862650786,21.077156056975127,428300
2015-10-28,21.260944366455078,21.277651166260092,20.968553858966292,21.043740034989124,1547600
2015-10-29,21.169050216674805,21.244236394187393,21.152341823138652,21.244236394187393,847700
2015-10-30,21.09386444091797,21.118927031699545,21.010324065046188,21.09386444091797,1029400
2015-11-02,21.077157974243164,21.102220567316326,21.03538857918818,21.03538857918818,713500
2015-11-03,21.13563346862793,21.210819646279344,21.13563346862793,21.160696058978438,1132700
2015-11-04,21.311065673828125,21.33612826095576,21.244233701554336,21.25258789726355,2291200
2015-11-05,21.32777976989746,21.344486572384632,21.294362978122454,21.31942557195371,2320000
2015-11-06,21.57839584350586,21.611812629874468,21.544980650537322,21.57839584350586,3481300
2015-11-09,21.5366268157959,21.60345879625593,21.503210028865833,21.60345879625593,2125700
2015-11-10,21.595104217529297,21.64522780363766,21.570041627775076,21.62851941046818,1386900
2015-11-11,21.5366268157959,21.570042009325864,21.503210028865833,21.544981012528414,12430500
2015-11-12,21.444734573364258,21.56169015351699,21.411317782806176,21.56169015351699,5168800
2015-11-13,21.519922256469727,21.586754248837007,21.519922256469727,21.528276454690683,1042200
2015-11-16,21.63687515258789,21.63687515258789,21.5700431685362,21.578397365717684,2398900
2015-11-17,21.670291900634766,21.70370709589779,21.62852091480575,21.66193770346896,3042600
2015-11-18,21.670291900634766,21.720415490229396,21.62852091480575,21.66193770346896,3710500
2015-11-19,21.519922256469727,21.57004585239509,21.46979866054436,21.528276454690683,2226900
2015-11-20,21.670291900634766,21.670291900634766,21.544982129948092,21.55333473371371,1627100
2015-11-23,21.703706741333008,21.7371235294503,21.63687475849858,21.695352544303685,1602300
2015-11-24,21.661937713623047,21.695352908901736,21.62852092494417,21.670291910792763,1288100
2015-11-25,21.703706741333008,21.77889292119676,21.661937349586548,21.728769332420978,875500
2015-11-27,21.73712158203125,21.778890970035608,21.728767385750373,21.778890970035608,1755600
2015-11-30,21.78724479675293,21.803953189031265,21.762182208335425,21.78724479675293,1890200
2015-12-01,21.686996459960938,21.737121637774727,21.67028966075636,21.720413245170132,1095100
2015-12-02,21.73712158203125,21.837368750601716,21.712058993188624,21.778890970035608,1853600
2015-12-03,21.219175338745117,21.494857478432348,21.20246694400038,21.478149083687615,6194000
2015-12-04,21.369544982910156,21.428022763668466,21.25258942139353,21.319421398460175,1944000
2015-12-07,21.436378479003906,21.478147870105417,21.402963284802723,21.469795266605225,2440500
2015-12-08,21.369544982910156,21.4113143710518,21.36119078660182,21.37789917921849,1419700
2015-12-09,21.14398765563965,21.252590620374882,21.110572461921194,21.235882226815598,3344400
2015-12-10,21.260944366455078,21.277651166260092,21.210819186839807,21.21917338344235,2889700
2015-12-11,21.177404403686523,21.235882187636015,21.12728081650126,21.19411279721498,845400
2015-12-14,21.219175338745117,21.219175338745117,21.110573959704787,21.177405945283503,1320300
2015-12-15,21.336132049560547,21.344484653353003,21.227529079456335,21.227529079456335,1141700
2015-12-16,21.336132049560547,21.39460983650888,21.185759686893295,21.311069457982608,2429500
2015-12-17,21.5366268157959,21.561687812593345,21.453086441870838,21.4865016354008,2856500
2015-12-18,21.41131591796875,21.51991888442337,21.402963314456983,21.51991888442337,1650200
2015-12-21,21.336132049560547,21.40296403370153,21.327777852367902,21.39460983650888,1357900
2015-12-22,21.302717208862305,21.327779802732145,21.26094781247957,21.286008812949078,1639300
2015-12-23,21.336132049560547,21.411316637493986,21.327777852367902,21.344484653353003,1887000
2015-12-24,21.286006927490234,21.286006927490234,21.244237534807322,21.260945929240567,834200
2015-12-28,21.260944366455078,21.269296969657546,21.235881776647442,21.25259016985253,1159600
2015-12-29,21.319421768188477,21.369545353507718,21.294359178828834,21.327775964641692,1025800
2015-12-30,21.319421768188477,21.369545353507718,21.319421768188477,21.319421768188477,666100
2015-12-31,21.428024291992188,21.444732685800556,21.36954650706303,21.377900703967214,1500400
2016-01-04,21.461442947387695,21.544983330299885,21.411317761600216,21.42802615686271,1136200
2016-01-05,21.586753845214844,21.636877440203012,21.56169125102058,21.570045449085335,1524800
2016-01-06,21.52827262878418,21.611813002746963,21.511564235311603,21.603458806010675,1032100
2016-01-07,21.311065673828125,21.478144807812644,21.302711478118916,21.43637542266649,4223300
2016-01-08,21.352840423583984,21.453089203880758,21.352840423583984,21.411318214840307,2147600
2016-01-11,21.453086853027344,21.461441049919973,21.37790067439383,21.42802426234946,2310300
2016-01-12,21.486501693725586,21.544981071011943,21.444732303349724,21.478147496970394,2911700
2016-01-13,21.453086853027344,21.528273031660863,21.453086853027344,21.519918834768234,1176400
2016-01-14,21.51156234741211,21.54497913142454,21.419667784777896,21.444730372787216,1238700
2016-01-15,21.461442947387695,21.478149749249916,21.361194169213015,21.36954836684426,4286300
2016-01-19,21.50321388244629,21.53663067536496,21.45309028646867,21.53663067536496,1620600
2016-01-20,21.51156234741211,21.528270739418325,21.444730372787216,21.48649975940279,1599100
2016-01-21,21.486501693725586,21.611813051653385,21.469794893615305,21.586750461387805,1752900
2016-01-22,21.60346221923828,21.611816417294488,21.519921832076577,21.53663022818899,1102500
2016-01-25,21.5366268157959,21.57839620605838,21.528272619063383,21.544981012528414,431700
2016-01-26,21.494857788085938,21.553335577134714,21.48650359059322,21.54498297304224,722100
2016-01-27,21.4781494140625,21.511566204065982,21.444734217459263,21.461442612461006,1386700
2016-01-28,21.37790298461914,21.428026577991435,21.34448619343741,21.411318182400567,1931000
2016-01-29,21.60346221923828,21.653585814175162,21.570045427013458,21.570045427013458,1775200
2016-02-01,21.461442947387695,21.528274935037395,21.45308874975645,21.5115665397749,1233300
2016-02-02,21.444734573364258,21.494858165801105,21.419671980445695,21.444734573364258,675700
2016-02-03,21.077157974243164,21.311070729391826,21.010325986115017,21.311070729391826,2496900
2016-02-04,20.935138702392578,20.993616489762918,20.893369309528108,20.943492899645513,2113400
2016-02-05,21.02703285217285,21.093864835440222,21.001970260922526,21.043741246339735,1477100
2016-02-08,20.976909637451172,21.09386521190635,20.93513865128847,21.09386521190635,905600
2016-02-09,20.8265380859375,20.868307480328287,20.74299770375567,20.81818388837929,1361400
2016-02-10,20.784765243530273,20.97690858342369,20.768058443304856,20.8766598150706,1109000
2016-02-11,20.726287841796875,20.759704629664736,20.651101662494334,20.69287264732916,2050000
2016-02-12,20.81818199157715,20.868305578959244,20.793119401186043,20.83489038517122,1285800
2016-02-16,21.001970291137695,21.027032882424077,20.935138307774174,20.94349250486964,779200
2016-02-17,20.993614196777344,21.05209357116059,20.968553201155977,21.043739374820124,688400
2016-02-18,21.001970291137695,21.052095473710462,20.96855509615602,21.052095473710462,535800
2016-02-19,20.943492889404297,21.052095860239135,20.935138692155448,21.043741662990286,2762000
2016-02-22,21.10222053527832,21.14398993026989,21.09386633759995,21.13563573259152,764700
2016-02-23,21.11057472229004,21.152344117260505,21.08551212926759,21.12728311763834,588700
2016-02-24,21.12728500366211,21.194116997621087,21.068805614722635,21.18576279920116,1143800
2016-02-25,21.11057472229004,21.177406710282952,21.077157931593444,21.160698314934653,1267000
2016-02-26,21.252592086791992,21.294361480172157,21.185760101343597,21.20246690265553,1476000
2016-02-29,21.29435920715332,21.327775993010626,21.26929661776034,21.327775993010626,782000
2016-03-01,21.302717208862305,21.36954919911488,21.302717208862305,21.311071406818918,1250000
2016-03-02,21.286006927490234,21.369547306256248,21.269298533056993,21.352838911823007,946900
2016-03-03,21.152341842651367,21.252590610560663,21.127280845724126,21.24423641378488,933200
2016-03-04,21.09386444091797,21.143988029080983,21.02703245890057,21.13563383215379,919100
2016-03-07,21.052093505859375,21.169049067463032,21.027030916915724,21.160694871148483,834700
2016-03-08,21.060449600219727,21.085512193318305,21.001971809723326,21.010326007422854,413600
2016-03-09,21.068801879882812,21.152342255872544,21.010324094710043,21.143988058933555,637500
2016-03-10,20.859952926635742,21.06880308182457,20.79312094071133,21.06880308182457,1419000
2016-03-11,20.843246459960938,20.910078446958718,20.793121274662408,20.88501585430945,1090600
2016-03-14,20.92678451538086,20.96020130440895,20.876660925238927,20.910077714267015,1779800
2016-03-15,20.943492889404297,20.968555481150844,20.91843189105795,20.935138692155448,944300
2016-03-16,20.717933654785156,21.02703256911081,20.701226854243345,21.00196997819787,2988300
2016-03-17,20.534147262573242,20.57591665638953,20.50073206620026,20.550855657459852,1744500
2016-03-18,20.584270477294922,20.60933306916638,20.52579268966173,20.559209478823675,2202900
2016-03-21,20.651100158691406,20.66780855140864,20.609330770298353,20.609330770298353,1761900
2016-03-22,20.709583282470703,20.734644282683576,20.67616649098645,20.70122908459964,1180700
2016-03-23,20.81818199157715,20.843244581968253,20.78476520438901,20.78476520438901,1560900
2016-03-24,20.8265380859375,20.85995328277008,20.809829690821083,20.85159908521187,809400
2016-03-28,20.784765243530273,20.79311944034304,20.75135004967932,20.768058443304856,856100
2016-03-29,20.600976943969727,20.793118683469025,20.58426855095238,20.768057687343067,2853300
2016-03-30,20.534147262573242,20.57591665638953,20.475669473870347,20.57591665638953,3034800
2016-03-31,20.500730514526367,20.500730514526367,20.417190139816622,20.467313727282423,1858700
2016-04-01,20.49237823486328,20.59262541917343,20.467315642085612,20.5341476294258,1064500
2016-04-04,20.47566795349121,20.500730543960152,20.442251166199288,20.458959559845248,822700
2016-04-05,20.49237823486328,20.567564419796025,20.458961444493056,20.500732432455838,1372300
2016-04-06,20.450605392456055,20.517437373735973,20.408836001681152,20.50908317690097,2582100
2016-04-07,20.47566795349121,20.49237634713717,20.425544365953442,20.47566795349121,932800
2016-04-08,20.400480270385742,20.450603854225513,20.367063485559232,20.425542859005628,797900
2016-04-11,20.350360870361328,20.36706767280932,20.291883078292525,20.36706767280932,1338500
2016-04-12,20.350360870361328,20.42554705827845,20.333652474513006,20.358715068285488,1052700
2016-04-13,20.509082794189453,20.534145384226782,20.45895920751488,20.45895920751488,1139800
2016-04-14,20.55921173095703,20.57591853396792,20.51744073992885,20.54250333454576,1303700
2016-04-15,20.500730514526367,20.525791511559213,20.45060533366045,20.517437314748225,1007700
2016-04-18,20.458959579467773,20.492376366791746,20.42554438554392,20.492376366791746,724900
2016-04-19,20.35871124267578,20.375418041984396,20.32529445725849,20.35035704632146,1030800
2016-04-20,20.47566795349121,20.47566795349121,20.358712384769717,20.38377338183854,1428700
2016-04-21,20.47566795349121,20.49237634713717,20.37541918501556,20.38377338183854,1002600
2016-04-22,20.59262466430664,20.609333058879272,20.50908428484369,20.55085527127527,1517300
2016-04-25,20.525793075561523,20.534147273009072,20.484023681724008,20.534147273009072,676400
2016-04-26,20.467315673828125,20.48402406903915,20.383775291173265,20.40048368638429,881700
2016-04-27,20.442251205444336,20.525791580434408,20.367065027293286,20.42554440516642,1056700
2016-04-28,20.27517318725586,20.35871356693648,20.27517318725586,20.342005172320313,1081600
2016-04-29,20.133153915405273,20.1749233062542,20.124799718555465,20.149862309104893,2024500
2016-05-02,20.057968139648438,20.10809172835297,20.024551351578644,20.099737531335524,3467800
2016-05-03,20.11644744873047,20.133155844030643,20.016198670329697,20.024552867979786,3855300
2016-05-04,20.191633224487305,20.20834161944846,20.1331554355235,20.15821643456499,2898800
2016-05-05,20.29188346862793,20.31694446948216,20.241758280118752,20.250112478203615,1761200
2016-05-06,20.316944122314453,20.342006716140784,20.258466330120015,20.275174726004234,2125600
2016-05-09,20.37541961669922,20.383773813699197,20.342004422099464,20.35871281609942,2404200
2016-05-10,20.392126083374023,20.408834475794812,20.342002499511654,20.38377188716363,1076200
2016-05-11,20.29188346862793,20.333652865651885,20.26682087437334,20.333652865651885,924700
2016-05-12,20.3670654296875,20.375419626691574,20.29188084345114,20.31694184106321,721700
2016-05-13,20.458959579467773,20.517437363884607,20.45060538263678,20.45060538263678,1182800
2016-05-16,20.450605392456055,20.467313786126066,20.417190198516156,20.44225119562105,554100
2016-05-17,20.450605392456055,20.458959589291062,20.400481804846148,20.450605392456055,662200
2016-05-18,20.59262466430664,20.609333058879272,20.46731489181232,20.50908428484369,1650600
2016-05-19,20.626041412353516,20.64274821349265,20.584270426005165,20.634395609623184,2701700
2016-05-20,20.626041412353516,20.65110241076232,20.592624623274837,20.600978820544505,888000
2016-05-23,20.617687225341797,20.65945661831072,20.575916238972667,20.642748223763068,1127200
2016-05-24,20.684520721435547,20.70122911720399,20.651103929898664,20.659458127782884,1107700
2016-05-25,20.626041412353516,20.684519199840995,20.617687215083844,20.676165002571327,1408500
2016-05-26,20.59262466430664,20.61768725616559,20.53414687670264,20.542501073988955,1425600
2016-05-27,20.709583282470703,20.717935886941447,20.6427496995022,20.6427496995022,1906300
2016-05-31,20.75135040283203,20.75135040283203,20.651101632772875,20.692872617547582,1066700
2016-06-01,20.634397506713867,20.692875299577697,20.626043308676127,20.659458507426738,1106000
2016-06-02,20.659456253051758,20.676164647304006,20.617686860821316,20.62604105794744,834700
2016-06-03,20.333650588989258,20.400482572784945,20.325296391839775,20.392128375635462,2995100
2016-06-06,20.333650588989258,20.375419981336496,20.275172802343057,20.350358983288224,941100
2016-06-07,20.300233840942383,20.333650629607067,20.283527040010224,20.308588038108553,1145800
2016-06-08,20.241756439208984,20.250110636534064,20.199987045983793,20.22504804455882,1564500
2016-06-09,20.333650588989258,20.350358983288224,20.30858799754081,20.31694219469029,1355200
2016-06-10,20.467315673828125,20.492378266644664,20.375421093567752,20.383775291173265,1867100
2016-06-13,20.417192459106445,20.475670250026013,20.38377566806652,20.467316052266035,1033900
2016-06-14,20.54250144958496,20.56756404190215,20.509084659828712,20.509084659828712,1682700
2016-06-15,20.49237823486328,20.5341476294258,20.417192049930538,20.5341476294258,1713800
2016-06-16,20.467315673828125,20.651103240948608,20.4506072786171,20.592625451110283,1753600
2016-06-17,20.37541961669922,20.44225159929888,20.35871281609942,20.400482207699152,1038700
2016-06-20,20.258460998535156,20.28352358576556,20.225044215561287,20.225044215561287,1573700
2016-06-21,20.35871124267578,20.35871124267578,20.291879265241228,20.291879265241228,812800
2016-06-22,20.26681900024414,20.308588393405564,20.208341212458063,20.258464802931815,1529300
2016-06-23,20.174924850463867,20.23340263948836,20.14986385139637,20.15821645548537,2863000
2016-06-24,20.70122718811035,20.742996580238753,20.550854827007825,20.73464238313304,5926400
2016-06-27,20.876659393310547,20.935137176418404,20.826535806846678,20.83489000349067,4645600
2016-06-28,20.776412963867188,20.859951746496375,20.776412963867188,20.776412963867188,5571900
2016-06-29,20.709583282470703,20.72629008481251,20.66781229311539,20.717935886941447,1328200
2016-06-30,20.75135040283203,20.85159757949104,20.701226814502526,20.717933615012264,2207400
2016-07-01,20.684520721435547,20.72629011745633,20.642749732014444,20.659458127782884,736500
2016-07-05,20.8265380859375,20.8265380859375,20.692874111806674,20.692874111806674,887000
2016-07-06,20.76805877685547,20.87666015036543,20.759704579908526,20.79311977429615,1914600
2016-07-07,20.81818199157715,20.83489038517122,20.742995813803947,20.75970420739802,548200
2016-07-08,20.8265380859375,20.868307480328287,20.776414493988504,20.793121295704665,1173400
2016-07-11,20.885013580322266,20.90172197360254,20.843244190521652,20.851596793761708,1126300
2016-07-12,20.868305206298828,20.868305206298828,20.809827423163977,20.834890013107522,659100
2016-07-13,20.81818199157715,20.826536188374185,20.768058404195052,20.81818199157715,1157000
2016-07-14,20.76805877685547,20.809828168190037,20.759704579908526,20.79311977429615,884500
2016-07-15,20.85159683227539,20.88501361889767,20.80982744239763,20.83489003236434,2601900
2016-07-18,20.868305206298828,20.876659402946675,20.834890013107522,20.876659402946675,488400
2016-07-19,20.968555450439453,20.993616448749094,20.951847055966226,20.951847055966226,1071200
2016-07-20,20.98526382446289,21.027033217205055,20.968555430005946,21.018679019976584,1111200
2016-07-21,20.951847076416016,21.018679060973955,20.951847076416016,20.976909668150316,614200
2016-07-22,21.060449600219727,21.07715799561878,20.976910810025032,20.98526500772456,1118300
2016-07-25,21.02703285217285,21.068802244189893,21.01867865508941,21.052095443423177,1383800
2016-07-26,21.001970291137695,21.010324488233156,20.9518467019651,20.98526349034694,1717400
2016-07-27,20.901721954345703,21.0688011067943,20.89336775771326,21.001969127134842,1522600
2016-07-28,20.893367767333984,20.90172196397027,20.826535787643753,20.851596784152537,1165900
2016-07-29,20.60933494567871,20.709583728892138,20.592626549576412,20.692875332789843,3306200
2016-08-01,20.667810440063477,20.68451883430755,20.642747848697372,20.67616463718551,705500
2016-08-02,20.525793075561523,20.559209865351725,20.509084680666422,20.550855667904173,1902300
2016-08-03,20.64274787902832,20.64274787902832,20.584270092488325,20.600978486756947,1459400
2016-08-04,20.676164627075195,20.692873021311097,20.651102035721344,20.667810429957246,349800
2016-08-05,20.784765243530273,20.851597224632297,20.75970424649209,20.818182030781344,834700
2016-08-08,20.80147361755371,20.826536207968395,20.80147361755371,20.826536207968395,601800
2016-08-09,20.759706497192383,20.80983009010311,20.74299810175538,20.801475892384605,671700
2016-08-10,20.651100158691406,20.676162747767258,20.626039163015587,20.634393359374204,1372100
2016-08-11,20.709583282470703,20.717935886941447,20.6427496995022,20.67616649098645,740500
2016-08-12,20.676164627075195,20.676164627075195,20.600978446413816,20.60933264353177,745900
2016-08-15,20.64274787902832,20.659456273296943,20.617686881025566,20.659456273296943,539000
2016-08-16,20.458959579467773,20.5257915607156,20.45060538263678,20.517437363884607,1974600
2016-08-17,20.47566795349121,20.534145737851958,20.408835972307482,20.49237634713717,1490000
2016-08-18,20.32529640197754,20.41719097726751,20.31694220482389,20.40883678011386,1147700
2016-08-19,20.400480270385742,20.433895461812256,20.400480270385742,20.425542859005628,1072200
2016-08-22,20.4255428314209,20.44224963041159,20.40048024283486,20.433895434216247,1017400
2016-08-23,20.408836364746094,20.417190561729715,20.375419576811602,20.392127970778848,1427500
2016-08-24,20.467315673828125,20.500732464250177,20.4506072786171,20.458961476222612,1047400
2016-08-25,20.467315673828125,20.475669871433638,20.433898883406073,20.442253081011586,987200
2016-08-26,20.617687225341797,20.642748223763068,20.350359286180186,20.425545468244415,2873900
2016-08-29,20.634397506713867,20.692875299577697,20.626043308676127,20.684521101539957,1152900
2016-08-30,20.742996215820312,20.76805880669715,20.69287262746678,20.701226824425728,4898800
2016-08-31,20.734642028808594,20.776413013623362,20.717933634882684,20.76805881666041,2955800
2016-09-01,20.659456253051758,20.776413419417313,20.651102055925634,20.759705025165065,1397600
2016-09-02,20.709583282470703,20.72629008481251,20.609334501418264,20.617688699289328,2454100
2016-09-06,20.467315673828125,20.65945743855412,20.467315673828125,20.651103240948608,3033400
2016-09-07,20.500730514526367,20.525791511559213,20.45060533366045,20.467313727282423,1175200
2016-09-08,20.525793075561523,20.542501470456624,20.40048330064874,20.417191695543842,1295000
2016-09-09,20.584270477294922,20.634395661037836,20.57591628000444,20.59262467458541,1208100
2016-09-12,20.55085563659668,20.600979227805386,20.500732045387974,20.58427083293574,1337500
2016-09-13,20.634397506713867,20.659458507426738,20.567565515812298,20.609334912600648,771400
2016-09-14,20.584270477294922,20.642748264928112,20.550855281533188,20.634395661037836,413600
2016-09-15,20.575916290283203,20.626041474051156,20.550855291799433,20.592624684872522,994000
2016-09-16,20.742996215820312,20.75135041277926,20.67616423354889,20.701226824425728,1459600
2016-09-19,20.692874908447266,20.692874908447266,20.651103919048108,20.6761665126876,2601000
2016-09-20,20.726287841796875,20.73464203876384,20.69287264732916,20.701226844296126,2403400
2016-09-21,20.634397506713867,20.742998894403787,20.59262651652517,20.717936300290567,1220700
2016-09-22,20.60933494567871,20.60933494567871,20.51744036051643,20.534148756618727,1275800
2016-09-23,20.617687225341797,20.651102421036896,20.600978830794144,20.642748223763068,632200
2016-09-26,20.575916290283203,20.575916290283203,20.534146897210118,20.559209489094094,362400
2016-09-27,20.59262466430664,20.651102451910642,20.584270467020325,20.626041453451904,317200
2016-09-28,20.60933494567871,20.667812738636396,20.592626549576412,20.61768914372986,259900
2016-09-29,20.626041412353516,20.65110241076232,20.575916228735498,20.64274821349265,958900
2016-09-30,20.617687225341797,20.651102421036896,20.58427043624649,20.617687225341797,1338600
2016-10-03,20.659456253051758,20.68451884443013,20.634395255073564,20.634395255073564,732500
2016-10-04,20.75135040283203,20.82653658202636,20.701226814502526,20.776412993696855,1735000
2016-10-05,20.776412963867188,20.809828158238833,20.751350373038346,20.759704569981295,4292500
2016-10-06,20.885013580322266,20.910076170242682,20.834889993881514,20.843244190521652,1200900
2016-10-07,20.85159683227539,20.94349140208657,20.83489003236434,20.85995102893096,2114200
2016-10-10,20.935138702392578,20.951847096898447,20.893369309528108,20.926784505139643,818600
2016-10-11,21.09386444091797,21.118927031699545,21.001969868118994,21.010324065046188,2256000
2016-10-12,21.152341842651367,21.17740443297872,21.102218255396775,21.143987645875583,1502100
2016-10-13,21.077157974243164,21.13563576468026,21.060449578861057,21.11057476500738,919700
2016-10-14,21.185760498046875,21.194114695559385,21.110574313834544,21.14398951048433,689500
2016-10-17,21.13563346862793,21.16905025576194,21.118926668461036,21.160696058978438,945200
2016-10-18,21.152341842651367,21.16069603942715,21.11057245217256,21.1356334490998,1219300
2016-10-19,21.16069793701172,21.169052134536663,21.11892854278724,21.143989541961826,1853000
2016-10-20,21.227529525756836,21.252592117861706,21.1941143296839,21.202466933651966,676300
2016-10-21,21.302717208862305,21.33613400068876,21.29436301090569,21.302717208862305,3574000
2016-10-24,21.32777976989746,21.344486572384632,21.2860087801787,21.294362978122454,721000
2016-10-25,21.319421768188477,21.402962139320575,21.294359178828834,21.386253746414145,1204400
2016-10-26,21.311065673828125,21.311065673828125,21.235879505845126,21.260942092972762,833800
2016-10-27,21.352840423583984,21.377903017008254,21.28600843451957,21.30271683013575,1390300
2016-10-28,21.227529525756836,21.33613249814438,21.210821131020253,21.33613249814438,1992400
2016-10-31,21.235883712768555,21.311069895646273,21.235883712768555,21.286007303553625,1010000
2016-11-01,21.12728500366211,21.177408600781234,21.085514011562484,21.16905440236131,2885900
2016-11-02,21.052093505859375,21.060446108773903,20.985261528742996,21.043739309544826,1744300
2016-11-03,20.993614196777344,21.05209357116059,20.968553201155977,21.03538517847966,1328500
2016-11-04,20.935138702392578,21.010324884268783,20.935138702392578,21.00197068701585,940800
2016-11-07,21.11057472229004,21.143989919586357,21.09386632694174,21.09386632694174,2672900
2016-11-08,21.169050216674805,21.169050216674805,21.09386403916222,21.110572432698373,913400
2016-11-09,21.302717208862305,21.302717208862305,21.194115822226998,21.202468426783277,2429100
2016-11-10,21.344482421875,21.402961796109743,21.302713033678774,21.3611908145135,2705400
2016-11-11,21.37790298461914,21.40296557800544,21.31107099565598,21.319425193451416,1098700
2016-11-14,21.586753845214844,21.636877440203012,21.553337052955825,21.57839964715009,7033900
2016-11-15,21.620168685913086,21.65358547761852,21.586753487607982,21.620168685913086,4443000
2016-11-16,21.67864418029785,21.720413569032125,21.62851900173667,21.645227394590396,3750500
2016-11-17,21.803956985473633,21.803956985473633,21.64523041799241,21.64523041799241,2053000
2016-11-18,21.87914276123047,21.920912155017906,21.820664972567958,21.85408016891786,1549400
2016-11-21,21.79560089111328,21.86243287264716,21.770538300513028,21.812309284846783,3162100
2016-11-22,21.829015731811523,21.887495108932114,21.795600538285573,21.8123089317486,2045200
2016-11-23,21.962682723999023,22.01280631426956,21.929265934885194,21.971035327877274,2362100
2016-11-25,21.92091178894043,21.929265986238452,21.854079803956473,21.879142395850536,3108300
2016-11-28,21.86243438720703,21.92926637337082,21.85408018976153,21.920912175925313,2102900
2016-11-29,21.81230926513672,21.90420224378769,21.787246674559114,21.89584804692849,1772200
2016-11-30,21.929264068603516,21.98774185117578,21.87914048259873,21.895847282333612,3417000
2016-12-01,21.81230926513672,21.929264834365295,21.803955068277517,21.887495443469412,1638200
2016-12-02,21.762184143066406,21.803955127475824,21.74547734270277,21.778892536830174,1791600
2016-12-05,21.620168685913086,21.70370907177634,21.561690893828906,21.687000675923624,4654700
2016-12-06,21.703706741333008,21.720415135391654,21.6452289555279,21.67029154661587,2478800
2016-12-07,21.63687515258789,21.686998742276614,21.628520955406405,21.686998742276614,1903600
2016-12-08,21.829015731811523,21.862432518737574,21.75383114802811,21.78724634155406,2135000
2016-12-09,21.92091178894043,21.971035379328345,21.895849197046367,21.91255759164241,1499800
2016-12-12,21.79560089111328,21.870787069513913,21.770538300513028,21.820663481713535,1717500
2016-12-13,21.82066535949707,21.837372161268153,21.753833372211943,21.803956964325724,1766700
2016-12-14,22.02951431274414,22.087992099241724,21.745477983984284,21.787247376225366,3033900
2016-12-15,22.271780014038086,22.355320393263927,22.19659383207485,22.21330222660006,3657600
2016-12-16,22.196592330932617,22.28013270450867,22.13811454744941,22.26342431111344,2103900
2016-12-19,22.263425827026367,22.27178002429282,22.163178646629365,22.221656434094317,1334000
2016-12-20,22.305194854736328,22.36367263706634,22.27177806860486,22.35531844053347,2896300
2016-12-21,22.238365173339844,22.26342617212746,22.18823998896416,22.213302581152,1278800
2016-12-22,22.263425827026367,22.27178002429282,22.146470252096464,22.213302236827868,1713900
2016-12-23,22.246719360351562,22.2801361523132,22.213304161790266,22.263427756332383,909600
2016-12-27,22.238365173339844,22.26342617212746,22.238365173339844,22.26342617212746,655300
2016-12-28,22.296844482421875,22.36367647274737,22.27178188852469,22.330259680884453,1247400
2016-12-29,22.171531677246094,22.246716261887588,22.163177480419236,22.246716261887588,1331900
2016-12-30,22.104700088500977,22.104700088500977,22.012807101950166,22.08799328674645,1767900
2017-01-03,22.305194854736328,22.413796222863482,22.230008679340582,22.313547457869134,3455500
2017-01-04,22.13811683654785,22.213303021200602,22.113054243863516,22.19659462607771,3534000
2017-01-05,21.904203414916992,22.037867385010443,21.870788219093733,22.029514781104787,4269600
2017-01-06,22.062931060791016,22.08799365393984,21.97103647931228,22.046222665358464,3202700
2017-01-09,22.00444984436035,22.087990215116626,21.97938725511346,22.07128182228536,3506100
2017-01-10,22.012807846069336,22.037868846248415,21.937621658731466,21.99609945034974,2060000
2017-01-11,21.962682723999023,22.23001066330883,21.862433950057742,22.138116086646004,4496600
2017-01-12,21.87914276123047,21.912557957580372,21.76218559050521,21.829017576605256,2173900
2017-01-13,21.854080200195312,21.95432897618897,21.829017607846836,21.870788595094293,1828400
2017-01-17,21.653581619262695,21.695351008051457,21.645227422824934,21.661935815700456,3444500
2017-01-18,21.854080200195312,21.870788595094293,21.695353635455447,21.737124622702904,3939800
2017-01-19,21.82066535949707,21.95432933406732,21.812311161911396,21.895849950967605,1595500
2017-01-20,21.745479583740234,21.862435165339512,21.737125385997388,21.829018374368122,11995800
2017-01-23,21.62851905822754,21.71205942931433,21.603458062281536,21.67864423691964,2300900
2017-01-24,21.63687515258789,21.661937744132345,21.5700431685362,21.628520955406405,1638200
2017-01-25,21.561687469482422,21.645227842078107,21.561687469482422,21.628519448878954,2168900
2017-01-26,21.703706741333008,21.745477726479624,21.661937349586548,21.68699834727436,3848100
2017-01-27,21.712059020996094,21.72876741357924,21.661935436646665,21.678643829229813,2262300
2017-01-30,21.670291900634766,21.77053907982403,21.645229309137356,21.762184882658225,1139200
2017-01-31,21.494857788085938,21.536628775549524,21.453088394022597,21.528274578056806,3570300
2017-02-01,21.51156234741211,21.595102714043218,21.478145563399682,21.5700401260339,4271800
2017-02-02,21.54498291015625,21.55333551422434,21.42802573899983,21.46144252887316,1361500
2017-02-03,21.5366268157959,21.570042009325864,21.478147438668284,21.570042009325864,2033200
2017-02-06,21.553335189819336,21.628521372502444,21.53662838853437,21.60346037387489,1703300
2017-02-07,21.661937713623047,21.72876969758061,21.6034599268352,21.686998711732016,1601500
2017-02-08,21.63687515258789,21.65358354695086,21.586751562899167,21.63687515258789,1412300
2017-02-09,21.720417022705078,21.728771220460306,21.628522440797845,21.636876638553076,1191500
2017-02-10,21.745479583740234,21.803957374539873,21.712062792768844,21.795603176797027,1022100
2017-02-13,21.79560089111328,21.820663481713535,21.77889249737978,21.78724669424653,1089600
2017-02-14,21.845726013183594,21.879142802997524,21.770539829502482,21.770539829502482,2502000
2017-02-15,21.803956985473633,21.937620960173525,21.795602787879858,21.920912564985972,934400
2017-02-16,21.67864418029785,21.72876776545899,21.661935787444122,21.720413569032125,2129400
2017-02-17,21.78724479675293,21.78724479675293,21.686996036482906,21.686996036482906,999100
2017-02-21,21.887495040893555,21.929264431021178,21.862432450776925,21.895847644199,1421800
2017-02-22,21.837369918823242,21.945972882884472,21.82901572209545,21.912556095973294,2048700
2017-02-23,21.78724479675293,21.82901418404878,21.770536404474594,21.81230738517043,1291600
2017-02-24,21.829015731811523,21.829015731811523,21.770537948091036,21.78724634155406,714500
2017-02-27,21.829015731811523,21.837369928543037,21.728768557833572,21.778892144822546,768600
2017-02-28,21.81230926513672,21.8457244591734,21.74547728366323,21.787246674559114,2266900
2017-03-01,21.962682723999023,22.004452116991104,21.91255754032828,21.98774372243419,1646400
2017-03-02,22.05457305908203,22.071281451632704,22.012803671105367,22.046218862806697,2871200
2017-03-03,21.86243438720703,22.021160951871114,21.86243438720703,21.979389964643598,2932900
2017-03-06,21.937620162963867,21.95432855754424,21.887496572622958,21.887496572622958,1043200
2017-03-07,21.962682723999023,21.98774372243419,21.93762013216365,21.97938952515573,687200
2017-03-08,22.037866592407227,22.04622078941263,21.99609720078036,22.004451397785765,1171800
2017-03-09,21.9960994720459,22.021162065650014,21.96268427397406,21.97939107630982,1519800
2017-03-10,21.845726013183594,21.954328986678636,21.820665014223383,21.93762059177167,2008600
2017-03-13,21.87914276123047,21.87914276123047,21.829017576605256,21.85408016891786,1252100
2017-03-14,21.954326629638672,21.954326629638672,21.887494650586195,21.929264039968967,1214100
2017-03-15,21.69535255432129,21.92926529104988,21.69535255432129,21.92926529104988,3038700
2017-03-16,21.620168685913086,21.695354873849983,21.620168685913086,21.65358547761852,2869100
2017-03-17,21.62851905822754,21.65358164757359,21.603458062281536,21.645227451124907,1814700
2017-03-20,21.63687515258789,21.661937744132345,21.60345995726214,21.61181415444362,742900
2017-03-21,21.50321388244629,21.528276477135293,21.486505485986953,21.528276477135293,1933800
2017-03-22,21.486501693725586,21.519918480746362,21.469794893615305,21.494855890480782,970200
2017-03-23,21.51156234741211,21.528270739418325,21.48649975940279,21.494853955405897,1110700
2017-03-24,21.50321388244629,21.519922278905625,21.461444484698337,21.50321388244629,2017600
2017-03-27,21.38625717163086,21.39461136942208,21.3194251827014,21.327779380492622,1814800
2017-03-28,21.50321388244629,21.519922278905625,21.369549897572373,21.38625829403171,1657600
2017-03-29,21.54498291015625,21.595106501566004,21.54498291015625,21.586752304097672,550700
2017-03-30,21.686996459960938,21.686996459960938,21.561686702226496,21.578395094831095,1195300
2017-03-31,21.67864418029785,21.695350979751534,21.62851900173667,21.65358159101726,880100
2017-04-03,21.67864418029785,21.720413569032125,21.670289983870987,21.695350979751534,645000
2017-04-04,21.703706741333008,21.728769332420978,21.68699834727436,21.71206093836233,813100
2017-04-05,21.69535255432129,21.812309719385663,21.670291556621905,21.712060948387652,4699400
2017-04-06,21.745479583740234,21.745479583740234,21.69535439728315,21.703708595025997,807500
2017-04-07,21.845726013183594,21.854080210637076,21.753833027995757,21.778894026955967,1037600
2017-04-10,21.803956985473633,21.829017984854698,21.78724859028608,21.820665380661186,666800
2017-04-11,21.73712158203125,21.762182577473858,21.712058993188624,21.762182577473858,688200
2017-04-12,21.62851905822754,21.770537211055068,21.611812258730218,21.73712201866038,1544800
2017-04-13,21.703706741333008,21.71206093836233,21.6452289555279,21.6452289555279,820600
2017-04-17,21.64522933959961,21.66193773395473,21.57839735557932,21.628520945244492,880800
2017-04-18,21.461442947387695,21.57004432979335,21.461442947387695,21.53662913266864,1290900
2017-04-19,21.5366268157959,21.55333361586083,21.51156422559835,21.519918422330864,417500
2017-04-20,21.54498291015625,21.54498291015625,21.453088331404828,21.478149330409586,668900
2017-04-21,21.561687469482422,21.58675005928115,21.544980669683348,21.553333272882846,745900
2017-04-24,21.361194610595703,21.40296559961504,21.361194610595703,21.361194610595703,1643100
2017-04-25,21.302717208862305,21.377903397071492,21.286008812949078,21.377903397071492,1698300
2017-04-26,21.352840423583984,21.428026610456488,21.33613362136811,21.386257214816343,863600
2017-04-27,21.38625717163086,21.43638076497788,21.36954877604842,21.39461136942208,724600
2017-04-28,21.361194610595703,21.386257204007308,21.336133610584405,21.352840412791835,840200
2017-05-01,21.37790298461914,21.386257182414575,21.32777939124685,21.352840391232842,617700
2017-05-02,21.344482421875,21.402961796109743,21.344482421875,21.377899207151998,332500
2017-05-03,21.428024291992188,21.436378488896374,21.344483916350477,21.36954650706303,876700
2017-05-04,21.29435920715332,21.39460797132519,21.29435920715332,21.39460797132519,885400
2017-05-05,21.260944366455078,21.31942214927282,21.25259016985253,21.311067952670275,680100
2017-05-08,21.37790298461914,21.39461138021001,21.34448619343741,21.34448619343741,773200
2017-05-09,21.486501693725586,21.511564283991166,21.444732303349724,21.469794893615305,1847600
2017-05-10,21.494857788085938,21.51992038056409,21.469796789008033,21.469796789008033,549000
2017-05-11,21.50321388244629,21.519922278905625,21.478151287757285,21.519922278905625,349100
2017-05-12,21.394607543945312,21.428022735735066,21.394607543945312,21.428022735735066,690600
2017-05-15,21.336132049560547,21.361193047738297,21.319423655175257,21.319423655175257,739800
2017-05-16,21.177404403686523,21.227527990871785,21.160696010158066,21.210819597343328,1746200
2017-05-17,21.035385131835938,21.127279697977247,21.035385131835938,21.11892550165531,1257800
2017-05-18,21.11057472229004,21.160698314934653,21.043742734297126,21.060449536245144,1206800
2017-05-19,20.960203170776367,21.001972567380566,20.94349477477455,20.985265764779093,1152100
2017-05-22,20.92678451538086,20.935138712637883,20.885015122495947,20.91843191152404,1134000
2017-05-23,21.018678665161133,21.02703286224858,20.90172309273724,20.910077289824684,1008900
2017-05-24,20.951847076416016,21.03538745546349,20.951847076416016,21.018679060973955,1115900
2017-05-25,20.976909637451172,20.993616438516057,20.95184704575355,20.96020124298609,1103100
2017-05-26,21.02703285217285,21.052095443423177,21.010324458005968,21.035387049256293,413400
2017-05-30,21.001970291137695,21.035387079519538,20.98526349034694,21.018678685328616,1113800
2017-05-31,20.951847076416016,20.96855547090555,20.901723486347613,20.96855547090555,959000
2017-06-01,20.976909637451172,21.0019706357486,20.96020124298609,20.993616438516057,917100
2017-06-02,20.876659393310547,20.910076179886513,20.859951000022562,20.90172198324252,1416000
2017-06-05,20.893367767333984,20.91843035724285,20.885013570697694,20.90172196397027,1086100
2017-06-06,20.843246459960938,20.876661656759698,20.83489226241118,20.851599064110435,895700
2017-06-07,20.868305206298828,20.92678298943368,20.834890013107522,20.893367796242373,522500
2017-06-08,20.943492889404297,20.976909678399693,20.9267844949066,20.9267844949066,724300
2017-06-09,21.010324478149414,21.052095463606673,20.99361608396651,21.052095463606673,652100
2017-06-12,20.976909637451172,21.01867903021368,20.968555440218633,20.985263834683714,429800
2017-06-13,20.951847076416016,20.96855547090555,20.93513868192648,20.960201273660783,398000
2017-06-14,20.935138702392578,20.976909688657248,20.809828930398968,20.843245719410703,1676600
2017-06-15,21.060449600219727,21.07715799561878,21.035388600521433,21.035388600521433,1148400
2017-06-16,20.98526382446289,21.03538741443353,20.968555430005946,21.027033217205055,917400
2017-06-19,21.077157974243164,21.077157974243164,21.010325986115017,21.018680183806072,637300
2017-06-20,21.11057472229004,21.12728311763834,21.077157931593444,21.077157931593444,615200
2017-06-21,21.068801879882812,21.110572864577748,21.052095079404978,21.102218667638763,1105800
2017-06-22,21.077157974243164,21.093866369625275,21.052096974570286,21.068803776552112,896800
2017-06-23,21.010324478149414,21.03538706942377,20.98526348027523,21.03538706942377,323100
2017-06-26,21.04374122619629,21.052095423271734,20.976909242992893,20.985263440068337,596600
2017-06-27,20.809831619262695,20.91843460418336,20.809831619262695,20.901726207518582,1282600
2017-06-28,20.742996215820312,20.818182395050684,20.72628782190242,20.818182395050684,944400
2017-06-29,20.64274787902832,20.726288256971248,20.64274787902832,20.726288256971248,1831800
2017-06-30,20.676164627075195,20.709581415546996,20.659456232839293,20.684518824193145,1529700
2017-07-03,20.80147361755371,20.80147361755371,20.75970422692935,20.77641262053914,794300
2017-07-05,20.809831619262695,20.85160101752424,20.801477420930304,20.85160101752424,1570200
2017-07-06,20.717933654785156,20.759704639640052,20.709581051214325,20.742996245698095,357800
2017-07-07,20.75135040283203,20.793119794206596,20.742996205877088,20.75970459978697,376400
2017-07-10,20.759706497192383,20.7847674969476,20.75135229947388,20.776414892629386,212900
2017-07-11,20.684520721435547,20.784767909245556,20.676166523551327,20.776415304761656,1556800
2017-07-12,20.684520721435547,20.742998513224773,20.676166523551327,20.70958331508821,900900
2017-07-13,20.692874908447266,20.734644304446103,20.684520710567433,20.692874908447266,411500
2017-07-14,20.567562103271484,20.617685689781137,20.55920790661986,20.609331493129513,768100
2017-07-17,20.567562103271484,20.584268903174642,20.542499513316614,20.567562103271484,508200
2017-07-18,20.458959579467773,20.47566797312976,20.42554438554392,20.45060538263678,970500
2017-07-19,20.509082794189453,20.509082794189453,20.46731340419399,20.46731340419399,785600
2017-07-20,20.383773803710938,20.484022574261385,20.342004412131672,20.475668377265503,1016700
2017-07-21,20.316944122314453,20.36706771656678,20.300235726430234,20.358715112025003,644600
2017-07-24,20.32529640197754,20.358713190592137,20.31694220482389,20.32529640197754,419700
2017-07-25,20.35871124267578,20.35871124267578,20.266816676178262,20.300231868195524,757900
2017-07-26,20.241756439208984,20.392128804260015,20.199987045983793,20.367066212284772,1329500
2017-07-27,20.316944122314453,20.36706771656678,20.266820528062127,20.283528923946346,1390700
2017-07-28,20.191633224487305,20.258465210931686,20.183279027006726,20.250111013451107,859200
2017-07-31,20.108089447021484,20.233399201266078,20.083028452212552,20.225045005196442,1432700
2017-08-01,20.14150619506836,20.158212993777603,20.083028416086073,20.116443606904532,1150800
2017-08-02,20.11644744873047,20.141510041680732,20.03290706562987,20.133155844030643,2221800
2017-08-03,20.06632423400879,20.14151042087479,20.06632423400879,20.133156223067424,2071800
2017-08-04,20.241756439208984,20.30023422708434,20.141509258108442,20.149863455433522,2543100
2017-08-07,20.233400344848633,20.27517132755769,20.22504614830682,20.27517132755769,852700
2017-08-08,20.26681900024414,20.32529678803022,20.19163281783341,20.208341212458063,1390400
2017-08-09,20.25010871887207,20.32529489427754,20.241754522338123,20.300232304675696,1164800
2017-08-10,20.216697692871094,20.283529685516932,20.208343494615313,20.266821289005374,947700
2017-08-11,20.14150619506836,20.225044968814494,20.124797802959144,20.183275581941427,1472100
2017-08-14,20.225046157836914,20.241754550928412,20.199985161599738,20.216693554691233,832100
2017-08-15,20.316944122314453,20.36706771656678,20.300235726430234,20.350360914082895,915100
2017-08-16,20.25010871887207,20.37541848008117,20.233400325804176,20.37541848008117,757500
2017-08-17,20.29188346862793,20.31694446948216,20.258466676288478,20.31694446948216,542600
2017-08-18,20.225046157836914,20.275171337111402,20.216693554691233,20.225046157836914,249100
2017-08-21,20.16657066345215,20.208341650920094,20.14150966437163,20.199987453426505,632900
2017-08-22,20.25010871887207,20.266817111939968,20.225046129270225,20.225046129270225,558000
2017-08-23,20.16657066345215,20.225048452507025,20.16657066345215,20.216695848413682,686900
2017-08-24,20.208341598510742,20.216695795982666,20.183279006094974,20.19998740103882,807600
2017-08-25,20.041261672973633,20.225049244831805,20.024553277331897,20.18327984912777,1768700
2017-08-28,19.98278045654297,20.032904041476595,19.966072063765083,20.032904041476595,1302600
2017-08-29,20.007843017578125,20.007843017578125,19.890885861697395,19.890885861697395,1602900
2017-08-30,20.133153915405273,20.141508112255085,20.057967737157114,20.07467613085673,1435200
2017-08-31,20.074676513671875,20.17492369098101,20.074676513671875,20.16656949397189,1254400
2017-09-01,20.11644744873047,20.141510041680732,20.049615460930045,20.06632385623022,1087700
2017-09-05,20.007843017578125,20.057966602441276,19.98278042844653,20.057966602441276,702800
2017-09-06,19.99113655090332,20.016197549049423,19.941012961210927,19.999490748085417,3111600
2017-09-07,19.849117279052734,19.907595062667184,19.824054688903644,19.8574714757691,2717600
2017-09-08,19.798995971679688,19.824056971314036,19.765579180966842,19.773933378645054,922300
2017-09-11,19.932659149169922,19.94101334651344,19.865827163822,19.890888162452335,1451100
2017-09-12,19.924304962158203,19.95772015814938,19.899242370114656,19.941013356853905,2010900
2017-09-13,20.041261672973633,20.066324266436236,19.941014485923834,19.941014485923834,1976200
2017-09-14,19.98278045654297,20.041258237865538,19.966072063765083,20.041258237865538,1644000
2017-09-15,19.915950775146484,19.94101336720304,19.865827184433595,19.915950775146484,1469500
2017-09-18,19.966073989868164,19.999490778647615,19.907596202904312,19.941012991683763,611100
2017-09-19,19.907596588134766,19.966074376230214,19.890888193421716,19.91595078549129,582300
2017-09-20,20.06632423400879,20.10809362964532,19.832411475603415,19.89924346466205,2371000
2017-09-21,20.007843017578125,20.049612406064078,19.974426232069334,20.049612406064078,1203900
2017-09-22,19.99113655090332,19.999490748085417,19.93265876402883,19.96607395935703,1051700
2017-09-25,20.108089447021484,20.11644364309112,20.049611667934006,20.066320060073277,1238200
2017-09-26,20.174924850463867,20.241756836977608,20.14986385139637,20.183279047953114,1075800
2017-09-27,20.27517318725586,20.3002341857799,20.216695399499493,20.291881581872026,1619600
2017-09-28,20.216697692871094,20.241758694238037,20.199989296359536,20.241758694238037,816300
2017-09-29,20.19998550415039,20.241754894187387,20.174922914088135,20.19163130746297,642100
2017-10-02,20.316944122314453,20.350360914082895,20.275174726004234,20.300235726430234,1225700
2017-10-03,20.30858612060547,20.325294513360234,20.275170928495974,20.31694031698285,442700
2017-10-04,20.283525466918945,20.300232266555405,20.26681707388242,20.283525466918945,637400
2017-10-05,20.392126083374023,20.400480279584418,20.33364830330126,20.35035669572205,831400
2017-10-06,20.35871124267578,20.44225001941895,20.342002849967137,20.425543220110335,1172000
2017-10-09,20.32529640197754,20.358713190592137,20.308588007670238,20.35035899343849,1368300
2017-10-10,20.216697692871094,20.258467090749594,20.199989296359536,20.258467090749594,2710800
2017-10-11,20.15821647644043,20.208341661428026,20.149863872342745,20.18327906893423,1299800
2017-10-12,20.19998550415039,20.23340069749997,20.166568717400715,20.19998550415039,1161600
2017-10-13,20.19998550415039,20.208339700837808,20.124799327363718,20.133153524051135,824600
2017-10-16,20.25010871887207,20.25846291540602,20.199985133068445,20.233400325804176,733500
2017-10-17,20.300233840942383,20.35035902393941,20.283527040010224,20.316942235274723,1242500
2017-10-18,20.27517318725586,20.33365097501223,20.266818989947776,20.325296777704146,726100
2017-10-19,20.225046157836914,20.250108747474158,20.199985161599738,20.233400354382663,490100
2017-10-20,20.342002868652344,20.358711261376335,20.30023188684236,20.308586083204357,577900
2017-10-23,20.3670654296875,20.417190611711945,20.35871282608358,20.40883641470787,610200
2017-10-24,20.400480270385742,20.40883446659237,20.350356686545975,20.392126074179114,419800
2017-10-25,20.350360870361328,20.375421870733483,20.325298276588843,20.350360870361328,459500
2017-10-26,20.567562103271484,20.575914706523022,20.417189750342434,20.417189750342434,2757500
2017-10-27,20.617687225341797,20.676165012858373,20.59262463352032,20.642748223763068,2014700
2017-10-30,20.517436981201172,20.6427467445286,20.509082784525997,20.6427467445286,707600
2017-10-31,20.534147262573242,20.559209854903155,20.517438867686632,20.550855657459852,683200
2017-11-01,20.575916290283203,20.60097888216718,20.534146897210118,20.592624684872522,1327300
2017-11-02,20.575916290283203,20.592624684872522,20.50908430532614,20.58427048757786,1168200
2017-11-03,20.626041412353516,20.64274821349265,20.550855230326693,20.550855230326693,1159700
2017-11-06,20.575916290283203,20.651102472534923,20.575916290283203,20.651102472534923,753800
2017-11-07,20.60933494567871,20.667812738636396,20.600980747627563,20.634397539832158,830000
2017-11-08,20.600976943969727,20.626039533495746,20.592622747461053,20.600976943969727,1051800
2017-11-09,20.517436981201172,20.592623157877647,20.500730181250912,20.584268961202476,794900
2017-11-10,20.500730514526367,20.509083117937237,20.467313727282423,20.500730514526367,779300
2017-11-13,20.517436981201172,20.542499571226692,20.509082784525997,20.517436981201172,383600
2017-11-14,20.37541961669922,20.45060579629886,20.35871281609942,20.425544798699082,2395500
2017-11-15,20.3670654296875,20.392128020699722,20.325296038067282,20.34200443207543,976000
2017-11-16,20.392126083374023,20.408834475794812,20.367063494742837,20.38377188716363,751700
2017-11-17,20.333650588989258,20.375419981336496,20.31694219469029,20.358713180437707,969800
2017-11-20,20.43389892578125,20.442253123404086,20.375421135821657,20.375421135821657,737700
2017-11-21,20.408836364746094,20.425544758713336,20.383773773795227,20.425544758713336,914100
2017-11-22,20.25010871887207,20.350357483879385,20.241754522338123,20.350357483879385,1565200
2017-11-24,20.15821647644043,20.166570673938363,20.13315547734688,20.166570673938363,751900
2017-11-27,20.183279037475586,20.1916332349605,20.099738656026716,20.10809285351163,1222300
2017-11-28,20.26681900024414,20.27517319755647,20.208341212458063,20.208341212458063,1448100
2017-11-29,20.258460998535156,20.300230383852583,20.233398411304755,20.275169390022093,869700
2017-11-30,20.208341598510742,20.24175679499819,20.149863809607524,20.23340259752627,2147600
2017-12-01,20.191633224487305,20.266819408412264,20.12480123804292,20.250111013451107,1941700
2017-12-04,20.258460998535156,20.28352358576556,20.250106802791688,20.258460998535156,1310800
2017-12-05,20.29188346862793,20.31694446948216,20.26682087437334,20.300236073312433,593900
2017-12-06,20.342002868652344,20.358711261376335,20.308586083204357,20.308586083204357,327700
2017-12-07,20.383773803710938,20.392128000706823,20.33365021513579,20.375419606715056,431300
2017-12-08,20.417192459106445,20.44225345898609,20.3921298658265,20.400484063586482,370500
2017-12-11,20.417192459106445,20.425546656866427,20.36706727254656,20.400484063586482,562900
2017-12-12,20.450605392456055,20.484022179796074,20.44225119562105,20.458959589291062,503300
2017-12-13,20.30858612060547,20.43389587946613,20.300231924228086,20.4171890801114,2250900
2017-12-14,20.32529640197754,20.383774188652907,20.308588007670238,20.35035899343849,1208600
2017-12-15,20.408836364746094,20.425544758713336,20.350358579260885,20.350358579260885,1388900
2017-12-18,20.377897262573242,20.377897262573242,20.302640233443423,20.327724846552265,1257400
2017-12-19,20.31936264038086,20.377897125344486,20.31936264038086,20.369535056063967,591800
2017-12-20,20.29427719116211,20.336085940940222,20.2691909843543,20.327723872004288,421500
2017-12-21,20.285917282104492,20.32772603633406,20.27755521227823,20.319363966507797,1463000
2017-12-22,20.29427719116211,20.336085940940222,20.29427719116211,20.311001329033985,184700
2017-12-26,20.277555465698242,20.28591753562901,20.269193395767473,20.28591753562901,517500
2017-12-27,20.235746383666992,20.252468928356308,20.21902224407594,20.227384313871468,678700
2017-12-28,20.177213668823242,20.193937809884467,20.160491122663892,20.177213668823242,426100
2017-12-29,20.09359359741211,20.110316141444347,20.05178325007733,20.101955666879064,1459200
2018-01-02,20.009973526000977,20.043420207343026,20.001611456940065,20.009973526000977,546200
2018-01-03,20.08523178100586,20.093593850578173,20.0434214331443,20.051783502716614,679900
2018-01-04,20.018339157104492,20.03506170330031,20.001615016006795,20.02670122765334,650500
2018-01-05,20.035058975219727,20.068507252860627,20.026698500711163,20.051783114040177,370100
2018-01-08,20.127038955688477,20.135401024605073,20.101954343840262,20.118676886771883,969800
2018-01-09,20.168851852416992,20.185574397464666,20.15212771246755,20.16048978244227,1158400
2018-01-10,20.11867904663086,20.14376525607379,20.068508222646727,20.068508222646727,485100
2018-01-11,20.035058975219727,20.051783114040177,20.009974361890716,20.051783114040177,586800
2018-01-12,19.826011657714844,19.917992824623198,19.826011657714844,19.901268686112292,1098700
2018-01-16,19.717308044433594,19.800927142498868,19.69222183654352,19.784203003905485,2527000
2018-01-17,19.767478942871094,19.784203081530094,19.66713730072038,19.767478942871094,1057700
2018-01-18,19.742395401000977,19.767480015448918,19.717309191651307,19.7507574707842,425700
2018-01-19,19.775842666625977,19.775842666625977,19.717309771324324,19.734033911382447,748900
2018-01-22,19.70894432067871,19.76747720594039,19.70058225208397,19.725668457868192,1338400
2018-01-23,19.658775329589844,19.70894615091581,19.642051190847305,19.70058408154454,735500
2018-01-24,19.46645164489746,19.49989832597945,19.44136543790978,19.491536256983558,2078500
2018-01-25,19.491539001464844,19.550071897776164,19.307578242357586,19.374473208842208,4503100
2018-01-26,19.44972801208496,19.46645215051113,19.39119512249498,19.458090081298046,1603500
2018-01-29,19.49989891052246,19.558431800346753,19.48317477202934,19.516623049015582,1411200
2018-01-30,19.46645164489746,19.49989832597945,19.40791716192621,19.416279230922104,1466600
2018-01-31,19.44136619567871,19.491537016708,19.374471236005775,19.407917918391423,1401800
2018-02-01,19.34102439880371,19.44136764323525,19.32430185381659,19.433005573290806,1743300
2018-02-02,19.458093643188477,19.524988614236964,19.424645360213276,19.458093643188477,3709800
2018-02-05,19.541709899902344,19.566794513565966,19.51662369133704,19.524985760858808,3408900
2018-02-06,19.583518981933594,19.658776013993382,19.54171022852336,19.633689805006213,2694900
2018-02-07,19.734033584594727,19.742395654485318,19.608605726039393,19.625328270918818,2405400
2018-02-08,19.734033584594727,19.742395654485318,19.658776550481175,19.667138620371766,1663600
2018-02-09,19.750757217407227,19.775841831533363,19.71730893870343,19.742395147731276,1841300
2018-02-12,19.683862686157227,19.73403351041041,19.675500616298073,19.73403351041041,1097600
2018-02-13,19.575157165527344,19.600243374839067,19.558433025986197,19.59188130506849,1308500
2018-02-14,19.42464256286621,19.63368951665057,19.42464256286621,19.625327447110994,1639500
2018-02-15,19.34102439880371,19.424643503346363,19.332663923761032,19.38283474852592,1538000
2018-02-16,19.474817276000977,19.491539822149875,19.399560236174377,19.441368993899435,812600
2018-02-20,19.600242614746094,19.60860468419239,19.558432267514622,19.566794336960914,1366800
2018-02-21,19.675500869750977,19.69222341478295,19.56679555508341,19.616966379982873,1138000
2018-02-22,19.608604431152344,19.633689044265857,19.583518223137187,19.625326974927468,2011900
2018-02-23,19.650413513183594,19.667137652141427,19.616965235267923,19.642051443704677,523300
2018-02-26,19.62532615661621,19.675498570554502,19.62532615661621,19.64205029459564,1095400
2018-02-27,19.750757217407227,19.775841831533363,19.66713811554945,19.675500185225395,1527100
2018-02-28,19.809289932250977,19.82601247655091,19.767479584246896,19.77584165384771,1119700
2018-03-01,19.742395401000977,19.876185327729093,19.717309191651307,19.85109911837942,1405800
2018-03-02,19.658775329589844,19.70058408154454,19.650413260218574,19.683861537703656,602700
2018-03-05,19.658775329589844,19.70894615091581,19.642051190847305,19.70058408154454,1274300
2018-03-06,19.608604431152344,19.616964905589082,19.5751561537988,19.616964905589082,1492700
2018-03-07,19.591880798339844,19.683861968535407,19.57515665923125,19.58351872878555,443000
2018-03-08,19.717308044433594,19.734032183026976,19.61696480777494,19.61696480777494,520100
2018-03-09,19.69222068786621,19.734031031910806,19.67549814514992,19.734031031910806,641000
2018-03-12,19.667137145996094,19.708945897413034,19.650413007468664,19.692221758885605,1024800
2018-03-13,19.616968154907227,19.675502649971474,19.591883537638747,19.650416437801084,609600
2018-03-14,19.62532615661621,19.658774432575072,19.616964087626496,19.62532615661621,1280200
2018-03-15,19.700584411621094,19.725670620155213,19.65041358945453,19.65041358945453,564300
2018-03-16,19.750757217407227,19.775841831533363,19.70058479935153,19.70058479935153,782500
2018-03-19,19.667137145996094,19.70058382814932,19.64205093820495,19.683861284523523,403400
2018-03-20,19.784204483032227,19.784204483032227,19.72567158848093,19.72567158848093,841100
2018-03-21,19.62532615661621,19.75075559656036,19.616964087626496,19.7173073206015,1043800
2018-03-22,19.650413513183594,19.692222265676506,19.642051443704677,19.650413513183594,723600
2018-03-23,19.583518981933594,19.616965665681438,19.566794842608815,19.60860519092076,798700
2018-03-26,19.491539001464844,19.533349352331363,19.474816456020044,19.516625211984756,1186400
2018-03-27,19.583518981933594,19.60024312125837,19.54171022852336,19.583518981933594,533400
2018-03-28,19.759117126464844,19.759117126464844,19.65041341359319,19.65041341359319,696500
2018-03-29,19.742395401000977,19.759117945665693,19.700585052084858,19.700585052084858,942600
2018-04-02,19.734033584594727,19.750757724375905,19.683862760152945,19.683862760152945,301100
2018-04-03,19.767478942871094,19.784203081530094,19.750756399113737,19.767478942871094,541300
2018-04-04,19.759117126464844,19.759117126464844,19.708946304747286,19.7340325130569,634500
2018-04-05,19.834375381469727,19.85946159132867,19.7842045566536,19.800928696559563,720400
2018-04-06,19.759117126464844,19.792565404210993,19.742394582493436,19.759117126464844,1083700
2018-04-09,19.70894432067871,19.71730638927345,19.692220183489226,19.70058225208397,2411100
2018-04-10,19.658775329589844,19.69222201217327,19.633689121476035,19.650413260218574,876800
2018-04-11,19.64204978942871,19.667135995752673,19.591878971682327,19.64204978942871,696500
2018-04-12,19.683862686157227,19.73403351041041,19.667138546438917,19.7173093706921,1713300
2018-04-13,19.683862686157227,19.70058523097379,19.667138546438917,19.692223161114637,1506500
2018-04-16,19.616968154907227,19.633692296354155,19.591883537638747,19.60024560836221,512100
2018-04-17,19.616968154907227,19.66714057924801,19.616968154907227,19.650416437801084,574000
2018-04-18,19.658775329589844,19.667137398961113,19.616964982733492,19.633689121476035,388000
2018-04-19,19.717308044433594,19.734032183026976,19.642051015665015,19.642051015665015,298900
2018-04-20,19.834375381469727,19.85109952137569,19.792566626606583,19.809290766512547,1691000
2018-04-23,19.95980453491211,19.968165009837268,19.901270046123813,19.901270046123813,1482900
2018-04-24,19.934715270996094,19.968161950277185,19.909629065359148,19.95143940808739,1062600
2018-04-25,20.018339157104492,20.03506170330031,19.993252945457947,20.009977086555644,816400
2018-04-26,20.110319137573242,20.118681208286016,19.976529195972653,19.976529195972653,958500
2018-04-27,20.09359359741211,20.168850627713034,20.09359359741211,20.152126488779125,826800
2018-04-30,20.177213668823242,20.185575739353855,20.127042840541442,20.177213668823242,782700
2018-05-01,20.31100082397461,20.336085435257086,20.26919048033459,20.277552549062595,2809700
2018-05-02,20.402982711791992,20.402982711791992,20.260830717043824,20.311003135120856,1757300
2018-05-03,20.31936264038086,20.36117298678345,20.294278027440942,20.32772470966138,883200
2018-05-04,20.344451904296875,20.411346873688117,20.327727763223596,20.394622732614838,925100
2018-05-07,20.386259078979492,20.41970735852862,20.369536534106683,20.402983218754056,997100
2018-05-08,20.461517333984375,20.503327685915572,20.428070647341265,20.469879404370616,767000
2018-05-09,20.461517333984375,20.469879404370616,20.419708576955028,20.436432717727506,583000
2018-05-10,20.369535446166992,20.44479247623129,20.344449237845005,20.369535446166992,673200
2018-05-11,20.336088180541992,20.361174390112534,20.30264149601635,20.311003565873197,369600
2018-05-14,20.361173629760742,20.369535699305324,20.277554529216626,20.285916598761204,946400
2018-05-15,20.486600875854492,20.553495835326522,20.461514667964366,20.520049153041327,1044400
2018-05-16,20.536771774291992,20.570220051605148,20.511687161208773,20.536771774291992,2209100
2018-05-17,20.561859130859375,20.586945340245553,20.536772921473197,20.570221200654768,796700
2018-05-18,20.603668212890625,20.637116492604605,20.5785835980069,20.62875442267611,484000
2018-05-21,20.586944580078125,20.64547747158283,20.5785825105915,20.62039126312295,971300
2018-05-22,20.578580856323242,20.603665467864943,20.561856718694408,20.570218787508825,740900
2018-05-23,20.662202835083008,20.72909940010428,20.662202835083008,20.687289046965986,2260800
2018-05-24,20.637115478515625,20.653839617550805,20.595305130927674,20.653839617550805,471600
2018-05-25,20.737455368041992,20.745817436851954,20.712370756513657,20.737455368041992,604700
2018-05-29,20.879606246948242,20.904692452055233,20.82943543163572,20.837797500004715,1098400
2018-05-30,20.720733642578125,20.79599066993447,20.70400950429858,20.779266531654923,2345800
2018-05-31,20.704010009765625,20.75418083092752,20.68728587107778,20.720734148453474,3064000
2018-06-01,20.737455368041992,20.804350323620135,20.712370756513657,20.729094894133578,1583400
2018-06-04,20.720733642578125,20.73745618595606,20.653838684361556,20.67056122773949,2888900
2018-06-05,20.695648193359375,20.779267292918938,20.653839441030428,20.737456945688322,1837200
2018-06-06,20.637115478515625,20.637115478515625,20.57022051727658,20.612029269962854,1524800
2018-06-07,20.595304489135742,20.595304489135742,20.553495737752318,20.56185780700933,1027100
2018-06-08,20.603668212890625,20.6454785625331,20.603668212890625,20.637116492604605,586500
2018-06-11,20.620391845703125,20.628753915426,20.578583091990463,20.603667706257372,948400
2018-06-12,20.662202835083008,20.695651117593645,20.603669935591288,20.62039407684661,1051300
2018-06-13,20.628753662109375,20.72073483302978,20.6036674532488,20.64547780134976,1800800
2018-06-14,20.896333694458008,20.896333694458008,20.754181699465704,20.754181699465704,3826300
2018-06-15,20.879606246948242,20.904692452055233,20.86288370511171,20.871244178579243,1226700
2018-06-18,20.879606246948242,20.913054520424232,20.879606246948242,20.904692452055233,1152700
2018-06-19,20.938142776489258,20.979951527528083,20.929780707301166,20.963227389151903,849600
2018-06-20,20.954866409301758,20.97159054854734,20.92978179533509,20.93814386495788,1258100
2018-06-21,20.896333694458008,20.954866587413356,20.862887010584256,20.93814404292734,3080000
2018-06-22,20.821077346801758,20.896334381619617,20.821077346801758,20.83780148673945,1596700
2018-06-25,20.78763198852539,20.82107867563363,20.770907847520338,20.804354534628576,941900
2018-06-26,20.896333694458008,20.896333694458008,20.82943873180879,20.837800801502656,1220600
2018-06-27,21.021760940551758,21.046847148906,20.938143435840953,20.938143435840953,1612500
2018-06-28,21.021760940551758,21.046847148906,20.979952188196354,21.030123010003173,798900
2018-06-29,20.854524612426758,20.93814371314669,20.854524612426758,20.921419574022366,1134200
2018-07-02,20.954866409301758,20.996676757415713,20.954866409301758,20.996676757415713,788600
2018-07-03,20.88797378540039,20.904697926518057,20.871249644282724,20.904697926518057,492100
2018-07-05,20.821077346801758,20.862887696645995,20.812715276832908,20.83780148673945,860800
2018-07-06,20.754182815551758,20.770906955838853,20.720736129879363,20.74582074540821,727600
2018-07-09,20.762544631958008,20.795992912123435,20.704011736570294,20.712373806611648,791800
2018-07-10,20.77090835571289,20.837803326467927,20.77090835571289,20.82107918505369,873200
2018-07-11,20.913057327270508,20.929781466253136,20.770905335721544,20.770905335721544,795600
2018-07-12,20.929784774780273,20.93814684559344,20.896336491527602,20.929784774780273,1109800
2018-07-13,20.904695510864258,20.988314611888054,20.904695510864258,20.971590472702957,543700
2018-07-16,20.871248245239258,20.896334455234175,20.846163630146112,20.862887770142724,458500
2018-07-17,20.963228225708008,20.996676503795147,20.904695333957196,20.904695333957196,1234200
2018-07-18,20.98831558227539,21.030124337269456,20.97159144231706,21.030124337269456,507500
2018-07-19,21.030122756958008,21.105379786213536,20.963227797053275,21.097017716862737,1390200
2018-07-20,20.862886428833008,20.913057250695502,20.846162289911618,20.896333111774116,1048500
2018-07-23,20.896333694458008,20.921419903539608,20.862887010584256,20.862887010584256,1576300
2018-07-24,20.904695510864258,20.913057580456808,20.85452468821066,20.896333441271707,353900
2018-07-25,20.804351806640625,20.90469504461149,20.795991332136243,20.854524223076886,397200
2018-07-26,20.946504592895508,20.946504592895508,20.871247560282328,20.879609630006208,1280000
2018-07-27,20.921417236328125,20.938141373583747,20.913055167700314,20.938141373583747,439700
2018-07-30,20.846162796020508,20.879609479773645,20.829438656693085,20.879609479773645,591300
2018-07-31,20.88797378540039,20.896335855959222,20.85452709806694,20.871249644282724,576200
2018-08-01,20.913057327270508,20.929781466253136,20.896333188287883,20.913057327270508,445800
2018-08-02,21.030122756958008,21.046846895659602,20.971589866404074,20.988314005105668,906700
2018-08-03,21.046850204467773,21.063574345798596,20.9966793753772,21.063574345798596,730700
2018-08-06,21.080293655395508,21.113741932921247,21.071933180915728,21.09701779415838,647900
2018-08-07,21.05521011352539,21.07193425313925,21.02176183429767,21.0301239041046,304900
2018-08-08,21.030122756958008,21.071933103711995,21.02176068760721,21.0552089650104,288500
2018-08-09,21.15555191040039,21.15555191040039,21.055210261814015,21.063572331679836,474400
2018-08-10,21.30606460571289,21.339512883021552,21.255893784651548,21.314426675040057,718400
2018-08-13,21.314428329467773,21.347876609372694,21.272619574488395,21.297704189515315,700800
2018-08-14,21.39804458618164,21.423130792771275,21.314425492451075,21.32278756131429,1770600
2018-08-15,21.39804458618164,21.46493954218578,21.389682517318427,21.456577473322568,877900
2018-08-16,21.38132095336914,21.42313129867254,21.322788064845977,21.37295888430846,640800
2018-08-17,21.272619247436523,21.331152141468458,21.272619247436523,21.31442800177312,1019300
2018-08-20,21.222444534301758,21.29770155989409,21.214084060259562,21.272616947964362,606200
2018-08-21,21.09701919555664,21.17227623008695,21.046848370837022,21.155552090213156,1564500
2018-08-22,21.03848648071289,21.080295235852947,21.02176234069616,21.03848648071289,983300
2018-08-23,21.172273635864258,21.197359842601156,21.097016610555137,21.13882695511663,1141900
2018-08-24,21.07193374633789,21.13046663867689,21.038485467914636,21.11374249946526,767500
2018-08-27,20.98831558227539,21.046848477227787,20.97159144231706,21.03848640724862,1301900
2018-08-28,20.98831558227539,20.98831558227539,20.913058547364663,20.913058547364663,993500
2018-08-29,20.954866409301758,21.021761371382382,20.946504339678967,20.988314687792922,597200
2018-08-30,20.971588134765625,21.030121020486458,20.971588134765625,20.996674340746633,610000
2018-08-31,21.063570022583008,21.105378772427084,21.00503713484067,21.038483815735617,988600
2018-09-04,21.15555191040039,21.214086399461152,21.147191435436316,21.172276050132037,2664700
2018-09-05,21.080293655395508,21.12210400230268,21.080293655395508,21.080293655395508,476900
2018-09-06,21.080293655395508,21.105379863539813,21.046846972771423,21.063571111534294,873700
2018-09-07,21.13882827758789,21.163912890992545,21.09701793041069,21.11374206928157,741000
2018-09-10,21.09701919555664,21.105381265493538,21.071934580647714,21.09701919555664,955000
2018-09-11,21.11374282836914,21.138829037577366,21.097018688896988,21.11374282836914,621900
2018-09-12,21.03848648071289,21.105381445878045,21.0050397955812,21.08865730586131,850100
2018-09-13,20.97995376586914,20.99667790602961,20.93814501036976,20.946505485548204,518500
2018-09-14,21.05521011352539,21.080294728044443,20.988315149971687,21.005039289585547,1536400
2018-09-17,20.954866409301758,20.97995261817013,20.954866409301758,20.96322847892455,338400
2018-09-18,20.98831558227539,21.01340019731112,20.921420617343827,20.946505232379558,393500
2018-09-19,20.97995376586914,21.013400451288287,20.95486755562844,20.988315835949376,267900
2018-09-20,20.829439163208008,20.887972057375634,20.821077093340953,20.854525372809167,1248000
2018-09-21,20.896333694458008,20.929781973233474,20.879609555070274,20.91305783384574,742700
2018-09-24,20.896333694458008,20.91305783384574,20.812714592421056,20.82943873180879,2013500
2018-09-25,20.913057327270508,20.913057327270508,20.854524435732994,20.87960904930526,695100
2018-09-26,20.921417236328125,20.954863915937857,20.846160213579346,20.954863915937857,629000
2018-09-27,21.07193374633789,21.08865629064782,21.00503878439308,21.04684753752045,2658200
2018-09-28,21.12210464477539,21.16391339805261,21.088656366232254,21.155551328416827,1125200
2018-10-01,21.15555191040039,21.18063811999786,21.113743155973026,21.130467295704673,1595100
2018-10-02,21.18899917602539,21.230807928452318,21.17227503709395,21.21408538442255,1471500
2018-10-03,21.255895614624023,21.280981824765252,21.214086859290425,21.222447334435717,1033800
2018-10-04,21.26425552368164,21.306064274766406,21.222445177695253,21.26425552368164,1018000
2018-10-05,21.239168167114258,21.280978510838832,21.230806098369346,21.247530235859173,1279500
2018-10-08,21.26425552368164,21.331150482358236,21.26425552368164,21.32278841316096,761000
2018-10-09,21.255895614624023,21.356238860287153,21.247533544576946,21.331152650145924,898600
2018-10-10,21.23080825805664,21.25589446684326,21.19736157457618,21.23080825805664,1051600
2018-10-11,21.11374282836914,21.1889998610921,21.11374282836914,21.147191107313443,446700
2018-10-12,21.18063735961914,21.205723568316024,21.15555115092226,21.16391322048789,1070400
2018-10-15,21.130464553833008,21.147188691394543,21.113740416271472,21.130464553833008,422600
2018-10-16,21.13882827758789,21.13882827758789,21.08029379153981,21.08029379153981,244900
2018-10-17,21.24753189086914,21.26425602966164,21.180636930600787,21.20572313878954,641500
2018-10-18,21.339515686035156,21.347877756460708,21.255896576681515,21.272620717532615,541900
2018-10-19,21.29770278930664,21.339513136438985,21.25589403707596,21.331151067012517,667200
2018-10-22,21.372962951660156,21.38132502231217,21.339516263954007,21.339516263954007,1247000
2018-10-23,21.339515686035156,21.3729623728355,21.31442947475851,21.356239826886256,711300
2018-10-24,21.448217391967773,21.473303600882037,21.423132777955217,21.456579461605862,1189200
2018-10-25,21.506750106811523,21.531836315518483,21.456579284299295,21.456579284299295,1760100
2018-10-26,21.448217391967773,21.53183649344694,21.431493252691602,21.53183649344694,585100
2018-10-29,21.506750106811523,21.531836315518483,21.481665493006254,21.498388037242535,400700
2018-10-30,21.598731994628906,21.60709406447566,21.531837030756606,21.54019910060336,571700
2018-10-31,21.590370178222656,21.640541002990382,21.57364603833283,21.623818458002315,814100
2018-11-01,21.448217391967773,21.50675028453268,21.423132777955217,21.50675028453268,781400
2018-11-02,21.498388290405273,21.523474499407648,21.423132853201576,21.464941606637154,802900
2018-11-05,21.490028381347656,21.498388856333488,21.43985596202216,21.498388856333488,752800
2018-11-06,21.439855575561523,21.473303854508938,21.43149350582467,21.464941784772083,422200
2018-11-07,21.39804458618164,21.423130792771275,21.339511699040713,21.339511699040713,892800
2018-11-08,21.523473739624023,21.556922017113124,21.41477002758776,21.43985464080293,960500
2018-11-09,21.565282821655273,21.615453640044688,21.548558683891613,21.58200536451737,756900
2018-11-12,21.75760841369629,21.75760841369629,21.673989309047528,21.699075518912686,617600
2018-11-13,21.682350158691406,21.71579684172743,21.64053981126928,21.699074297660253,1204600
2018-11-14,21.607091903686523,21.690710998890115,21.57364362764445,21.6823489298796,714100
2018-11-15,21.657264709472656,21.690712988582945,21.607093885708956,21.690712988582945,475800
2018-11-16,21.498388290405273,21.531836569075107,21.49002781563953,21.523474499407648,991400
2018-11-19,21.481666564941406,21.498389110012145,21.439856215010135,21.481666564941406,496700
2018-11-20,21.590370178222656,21.6154563880574,21.506751073675275,21.506751073675275,374800
2018-11-21,21.590370178222656,21.590370178222656,21.540199353454934,21.548561423399846,514600
2018-11-23,21.632179260253906,21.640539734807117,21.590368912979514,21.590368912979514,147200
2018-11-26,21.673988342285156,21.673988342285156,21.5903692413662,21.5903692413662,244700
2018-11-27,21.732521057128906,21.76596933518424,21.657264026406086,21.657264026406086,1076000
2018-11-28,21.623817443847656,21.774331505993498,21.582007096083984,21.74088322778256,1654300
2018-11-29,21.590370178222656,21.640541002990382,21.590370178222656,21.6154563880574,535900
2018-11-30,21.673988342285156,21.732521234457913,21.640540063956895,21.640540063956895,325700
2018-12-03,21.682350158691406,21.682350158691406,21.632179336686534,21.64053981126928,478600
2018-12-04,21.64054298400879,21.682353337560766,21.556925466708655,21.556925466708655,879100
2018-12-06,21.632179260253906,21.640539734807117,21.565284299516545,21.632179260253906,492100
2018-12-07,21.573644638061523,21.61545498507233,21.55692209415886,21.590368776865848,1236600
2018-12-10,21.715797424316406,21.73252156373393,21.61545577761471,21.61545577761471,1093100
2018-12-11,21.774333953857422,21.807780640926737,21.72416153090065,21.732523601393442,554600
2018-12-12,21.690711975097656,21.740882796517155,21.65726369755022,21.740882796517155,874300
2018-12-13,21.690711975097656,21.749244865904014,21.682349905710797,21.707434518969716,832900
2018-12-14,21.774333953857422,21.84122892289792,21.774333953857422,21.81614271141953,446600
2018-12-17,21.715797424316406,21.74088363344269,21.690712810091842,21.72415949402517,437300
2018-12-18,21.707435607910156,21.72415974752283,21.665626853780207,21.665626853780207,903600
2018-12-19,21.715797424316406,21.715797424316406,21.582007498779667,21.640540391839277,850000
2018-12-20,21.54856300354004,21.632182114219148,21.498390580191444,21.590371761428653,1127500
2018-12-21,21.690711975097656,21.71579658835658,21.590368737357,21.590368737357,1157000
2018-12-24,21.5943603515625,21.653524338554508,21.54364997476602,21.653524338554508,907100
2018-12-26,21.70423698425293,21.73804336830001,21.602814608003737,21.619718606054267,723700
2018-12-27,21.611265182495117,21.687331556654506,21.569006802208293,21.687331556654506,571600
2018-12-28,21.55210304260254,21.594361423354712,21.5267470469189,21.5267470469189,892100
2018-12-31,21.509845733642578,21.57746011344748,21.509845733642578,21.56900811446512,625300
2019-01-02,21.670427322387695,21.72113931264115,21.653524937690403,21.687331319138845,1241600
2019-01-03,21.55210304260254,21.645073414721992,21.55210304260254,21.645073414721992,486200
2019-01-04,21.518295288085938,21.653525654518017,21.518295288085938,21.653525654518017,1367300
2019-01-07,21.42532730102539,21.45913368481431,21.416875302064668,21.433779299986114,947600
2019-01-08,21.49294090270996,21.50984490001956,21.467584906745564,21.484488904055162,1929000
2019-01-09,21.290096282958984,21.442229024003318,21.290096282958984,21.425325027875324,1293800
2019-01-10,21.416873931884766,21.425325930304755,21.349259556578694,21.349259556578694,691400
2019-01-11,21.433778762817383,21.459133147010157,21.40842276657068,21.40842276657068,624700
2019-01-14,21.433778762817383,21.442230761566282,21.39997076782178,21.416874765319584,597000
2019-01-15,21.509845733642578,21.58591211242984,21.459133739748424,21.476037737713142,1286500
2019-01-16,21.535198211669922,21.55210220813785,21.51829421520199,21.51829421520199,268900
2019-01-17,21.535198211669922,21.594360587253842,21.526746213435956,21.535198211669922,330400
2019-01-18,21.602813720703125,21.62816971673746,21.543651342010254,21.543651342010254,1957700
2019-01-22,21.602813720703125,21.661976099395996,21.585911335400816,21.661976099395996,794700
2019-01-23,21.55210304260254,21.619717419038352,21.55210304260254,21.594361423354712,1153800
2019-01-24,21.678878784179688,21.704234778678817,21.577458030290806,21.577458030290806,267400
2019-01-25,21.501392364501953,21.594361123275604,21.49294036605819,21.594361123275604,619100
2019-01-28,21.518295288085938,21.526747286741312,21.467584908207606,21.501392902829103,932700
2019-01-29,21.52674674987793,21.52674674987793,21.484488369708867,21.51829475143334,591200
2019-01-30,21.416873931884766,21.552102682496905,21.383065938204798,21.52674668723693,1213100
2019-01-31,21.45913314819336,21.476037145692093,21.391518770252357,21.391518770252357,1455000
2019-02-01,21.45913314819336,21.484489144441458,21.42532676524982,21.42532676524982,1043600
2019-02-04,21.518295288085938,21.552103282707435,21.518295288085938,21.518295288085938,806700
2019-02-05,21.57745933532715,21.60281371930593,21.53519934193932,21.56055533797202,633000
2019-02-06,21.661975860595703,21.67042785918064,21.594361483970097,21.594361483970097,575200
2019-02-07,21.712688446044922,21.712688446044922,21.67042845196423,21.67888045078037,396900
2019-02-08,21.7380428314209,21.7380428314209,21.695784449392242,21.712688447025283,263800
2019-02-11,21.822561264038086,21.8479172605533,21.788754880738413,21.788754880738413,829300
2019-02-12,21.746496200561523,21.822562582649475,21.738044201212414,21.805658583951253,437000
2019-02-13,21.864822387695312,21.864822387695312,21.780304006999266,21.822562391320275,374100
2019-02-14,21.839466094970703,21.890176477881973,21.822562096648944,21.839466094970703,522600
2019-02-15,21.797204971313477,21.873269730092044,21.78875297321501,21.83101135165353,480000
2019-02-19,21.712688446044922,21.79720682215236,21.704236447228784,21.79720682215236,1069200
2019-02-20,21.729591369628906,21.74649536767971,21.678880987530473,21.738043368654306,352200
2019-02-21,21.746496200561523,21.763400199259745,21.712689815219125,21.712689815219125,209100
2019-02-22,21.7380428314209,21.763398827870457,21.712688447025283,21.74649483023742,165800
2019-02-25,21.721139907836914,21.75494629021171,21.704235910622565,21.704235910622565,372100
2019-02-26,21.636621475219727,21.729590235539053,21.602813480882592,21.687331854671534,391400
2019-02-27,21.65352439880371,21.67042678308036,21.611264407977547,21.611264407977547,389100
2019-02-28,21.670427322387695,21.695783317514422,21.636620940939252,21.645072939314826,340500
2019-03-01,21.754947662353516,21.763399661493782,21.645074897638086,21.661977283864612,886700
2019-03-04,21.780303955078125,21.822562339298397,21.780303955078125,21.780303955078125,254100
2019-03-05,21.839466094970703,21.873272479560214,21.805658098327182,21.814110097488065,426200
2019-03-06,21.839466094970703,21.847918094131582,21.822562096648944,21.831014095809824,782600
2019-03-07,22.033855438232422,22.033855438232422,21.932434680701068,21.932434680701068,689700
2019-03-08,21.96624183654785,21.96624183654785,21.940885840244608,21.96624183654785,512400
2019-03-11,21.915531158447266,21.96624153831132,21.915531158447266,21.932435155753254,605700
2019-03-12,21.873271942138672,21.89862793899832,21.847917557332995,21.890175940045104,593800
2019-03-13,21.7718505859375,21.847916962391107,21.76339858721444,21.83946496366805,519800
2019-03-14,21.839466094970703,21.847918094131582,21.822562096648944,21.831014095809824,266500
2019-03-15,21.8056583404541,21.82256233896356,21.78030395474394,21.82256233896356,349800
2019-03-18,21.780303955078125,21.814110340043538,21.763399956568406,21.763399956568406,381500
2019-03-19,21.754947662353516,21.771851660634045,21.738043664072986,21.746495663213253,269400
2019-03-20,21.6281681060791,21.788752844896596,21.602812111933034,21.763396850750528,1034500
2019-03-21,21.763397216796875,21.814107593888128,21.704234841514776,21.712686839705622,575800
2019-03-22,21.8056583404541,21.85637033598248,21.797207953253398,21.8056583404541,690100
2019-03-25,21.8056583404541,21.81411033970883,21.771851955489208,21.771851955489208,416100
2019-03-26,21.873271942138672,21.873271942138672,21.822561560473346,21.831013559426562,254000
2019-03-27,21.89862823486328,21.90708023393069,21.86482185064764,21.881724236728466,225300
2019-03-28,21.97469139099121,22.000047384474016,21.94933539750841,21.96623939316361,315000
2019-03-29,22.000049591064453,22.000049591064453,21.94933759901247,21.9577895976878,582400
2019-04-01,21.983144760131836,22.00004875684151,21.940884768357645,21.949336766712484,877300
2019-04-02,22.008501052856445,22.059211431617467,22.000049054387297,22.01695143927172,325500
2019-04-03,21.97469139099121,21.97469139099121,21.932433013906962,21.95778739533601,2471200
2019-04-04,22.000049591064453,22.016951976361202,22.000049591064453,22.016951976361202,294000
2019-04-05,22.02540397644043,22.05075997246804,22.008501591142608,22.008501591142608,222400
2019-04-08,21.9493350982666,21.97469109140372,21.94088310055423,21.957787095978976,329800
2019-04-09,21.957788467407227,21.957788467407227,21.915530088259743,21.915530088259743,958800
2019-04-10,21.923982620239258,21.9915969957536,21.91553062179323,21.9915969957536,1064300
2019-04-11,21.991596221923828,22.00004822007245,21.957788229329342,21.983144223775206,287100
2019-04-12,21.940885543823242,21.957789541130364,21.89862716260935,21.90707916126291,336400
2019-04-15,21.932435989379883,21.9493383752744,21.915531991431394,21.915531991431394,197500
2019-04-16,21.983144760131836,21.983144760131836,21.940884768357645,21.96624076342216,267200
2019-04-17,21.96624183654785,21.983145834083345,21.957789837780105,21.96624183654785,162200
2019-04-18,22.084566116333008,22.093018114917495,22.042307735464487,22.05075973404897,491700
2019-04-22,22.033855438232422,22.059211433642197,22.033855438232422,22.05075943517227,230300
2019-04-23,22.109922409057617,22.160632789191745,22.109922409057617,22.12682640645363,734000
2019-04-24,22.219797134399414,22.262055516509395,22.13527875812551,22.169085141402704,565400
2019-04-25,22.262056350708008,22.270508349857504,22.228248354110022,22.25360435155851,709900
2019-04-26,22.236698150634766,22.236698150634766,22.185987772814837,22.22824615232247,268300
2019-04-29,22.18598747253418,22.253601846063557,22.18598747253418,22.236697849667756,293500
2019-04-30,22.11837387084961,22.1521802527671,22.101469873863927,22.109921872356768,1107300
2019-05-01,22.14373016357422,22.16908454733921,22.033855793746252,22.093018171936432,732900
2019-05-02,22.194442749023438,22.202894748469763,22.152182751791806,22.152182751791806,240100
2019-05-03,22.109922409057617,22.21134478137979,22.109922409057617,22.202892782681783,1292700
2019-05-06,22.1268253326416,22.16908371202693,22.11837333435377,22.160631713739093,453100
2019-05-07,22.14373016357422,22.185988544551805,22.13527816496792,22.152180550126616,451300
2019-05-08,22.152179718017578,22.169083714595203,22.118373336916168,22.135277333493793,254100
2019-05-09,22.109922409057617,22.16908478788975,22.076116026319504,22.152180790493738,205000
2019-05-10,22.101472854614258,22.109924854246994,22.050762468871948,22.07611846777015,273200
2019-05-13,22.101472854614258,22.109924854246994,22.03385846960648,22.03385846960648,395400
2019-05-14,22.152179718017578,22.152179718017578,22.135277333493793,22.135277333493793,200100
2019-05-15,22.160633087158203,22.194441082404808,22.13527870277719,22.177537084781505,414700
2019-05-16,22.219797134399414,22.245151518843826,22.19444113790106,22.19444113790106,169400
2019-05-17,22.270505905151367,22.270505905151367,22.2282459140429,22.2282459140429,399700
2019-05-20,22.25360107421875,22.2620530721235,22.245149076313997,22.2620530721235,400400
2019-05-21,22.287410736083984,22.304313121106404,22.236698744855058,22.287410736083984,758700
2019-05-22,22.304311752319336,22.304311752319336,22.27895737031473,22.287409368334192,311500
2019-05-23,22.262056350708008,22.371929115543452,22.23670035325952,22.363477116393955,538400
2019-05-24,22.18598747253418,22.236697849667756,22.18598747253418,22.228245851469858,228000
2019-05-28,22.278959274291992,22.295861659721627,22.22824728184131,22.22824728184131,455000
2019-05-29,22.329669952392578,22.338121951247043,22.295861956974722,22.312765954683652,355200
2019-05-30,22.33812141418457,22.363475798084433,22.329669415533314,22.346573412835827,228300
2019-05-31,22.245149612426758,22.30431198713207,22.23669761431831,22.30431198713207,569600
2019-06-03,22.1268253326416,22.22824608798792,22.101469337778102,22.22824608798792,2164100
2019-06-04,22.101472854614258,22.160635239989304,22.084568855348788,22.14373285277793,880800
2019-06-05,22.177536010742188,22.177536010742188,22.067663255619646,22.08456564037044,1373700
2019-06-06,22.101472854614258,22.135280853145197,22.050762468871948,22.101472854614258,567000
2019-06-07,22.008501052856445,22.042307434679167,21.974693058979845,22.02540343774087,685100
2019-06-10,22.033855438232422,22.093017815468023,22.033855438232422,22.042307436702345,497700
2019-06-11,22.042308807373047,22.06766480435955,22.025404809382042,22.042308807373047,160500
2019-06-12,22.101472854614258,22.109924854246994,22.03385846960648,22.067666468137418,407200
2019-06-13,22.11837387084961,22.135277867835295,22.101469873863927,22.11837387084961,288800
2019-06-14,22.236698150634766,22.253602147259357,22.17753577450254,22.194439771127133,541100
2019-06-17,22.245149612426758,22.253601610535203,22.202891233938335,22.202891233938335,226000
2019-06-18,22.278959274291992,22.295861659721627,22.219796895153458,22.219796895153458,782400
2019-06-19,22.177536010742188,22.253602384309275,22.135277630784408,22.23669838750462,853600
2019-06-20,22.042308807373047,22.076116803355053,22.033856808377543,22.050760806368547,652300
2019-06-21,21.932435989379883,22.050760750911365,21.932435989379883,22.02540475398863,1123300
2019-06-24,21.89862823486328,21.940886618146333,21.890176235795874,21.923984232065507,3073800
2019-06-25,21.9493350982666,21.98314308911609,21.881720728621357,21.8986247240461,1605700
2019-06-26,21.96624183654785,21.983145834083345,21.9155314559953,21.957789837780105,224300
2019-06-27,21.96624183654785,21.9746938353156,21.957789837780105,21.957789837780105,753200
2019-06-28,21.9493350982666,21.98314308911609,21.923980717183216,21.9493350982666,285900
2019-07-01,22.109922409057617,22.118374407755624,22.008501648789363,22.01695203543345,1022300
2019-07-02,22.093017578125,22.109921574883256,22.050759198283227,22.076115193420605,383900
2019-07-03,22.093017578125,22.109921574883256,22.050759198283227,22.076115193420605,677800
2019-07-05,22.21134376525879,22.262054143073026,22.20289176694744,22.20289176694744,389700
2019-07-08,22.25360107421875,22.2620530721235,22.228245080504497,22.236697078409247,316900
2019-07-09,22.270505905151367,22.287409901594753,22.262053906929673,22.27895790337306,370400
2019-07-10,22.177536010742188,22.23669838750462,22.16908401233986,22.219796002753828,540500
2019-07-11,22.177536010742188,22.20289200594917,22.16908401233986,22.16908401233986,158900
2019-07-12,22.135278701782227,22.177537083784642,22.118374704159685,22.177537083784642,208900
2019-07-15,22.169086456298828,22.169086456298828,22.135280071016503,22.135280071016503,217900
2019-07-16,22.270505905151367,22.27895790337306,22.2282459140429,22.2282459140429,485600
2019-07-17,22.228246688842773,22.262054682907976,22.211344303864056,22.262054682907976,260000
2019-07-18,22.109922409057617,22.245151164117903,22.109922409057617,22.228247166721886,350600
2019-07-19,22.219797134399414,22.25360351767661,22.19444113790106,22.21134513556663,332100
2019-07-22,22.262056350708008,22.262056350708008,22.23670035325952,22.245152352409015,286100
2019-07-23,22.363475799560547,22.37192779821236,22.33812141565901,22.33812141565901,309900
2019-07-24,22.363475799560547,22.38037979686418,22.329669417007196,22.355025412962643,292300
2019-07-25,22.405736923217773,22.422640921374235,22.32121854448947,22.34657454172416,1315600
2019-07-26,22.439542770385742,22.464898767013537,22.414188385811904,22.414188385811904,438500
2019-07-29,22.45644760131836,22.481803598886913,22.44799560212884,22.473351599697395,803900
2019-07-30,22.45644760131836,22.49025559807643,22.45644760131836,22.473351599697395,274300
2019-07-31,22.5916748046875,22.600126803293556,22.439542053886278,22.46489804970445,810400
2019-08-01,22.52406120300293,22.65083796234869,22.515609204106017,22.65083796234869,1117900
2019-08-02,22.473350524902344,22.532512904345495,22.464898526117047,22.532512904345495,370700
2019-08-05,22.363475799560547,22.39728379416781,22.329669417007196,22.38037979686418,1188500
2019-08-06,22.388830184936523,22.405734181024137,22.355023804815094,22.388830184936523,369900
2019-08-07,22.371929168701172,22.380381167870752,22.312766786568126,22.346574783246442,1999900
2019-08-08,22.388830184936523,22.405734181024137,22.329667810683674,22.405734181024137,2407900
2019-08-09,22.363475799560547,22.388831795515994,22.32121741835538,22.363475799560547,523600
2019-08-12,22.346572875976562,22.355024874424767,22.321216880631948,22.338120877528358,650200
2019-08-13,22.447994232177734,22.447994232177734,22.33812147352732,22.346573472201033,483800
2019-08-14,22.498706817626953,22.498706817626953,22.422640439611204,22.439542825350514,813600
2019-08-15,22.515609741210938,22.540965738506536,22.473351357772273,22.481803356870806,2435300
2019-08-16,22.532512664794922,22.574771046218213,22.515608667404038,22.574771046218213,730300
2019-08-19,22.583223342895508,22.591675341702473,22.54096496091462,22.549416959721587,517900
2019-08-20,22.532512664794922,22.600127042304543,22.52406066609948,22.5916750436091,516700
2019-08-21,22.55786895751953,22.574771343078766,22.53251296109977,22.540964959906358,1076900
2019-08-22,22.540964126586914,22.566320122069286,22.515608131104543,22.540964126586914,299600
2019-08-23,22.414186477661133,22.625481595409703,22.40573447950473,22.56631922036871,2520300
2019-08-26,22.532512664794922,22.532512664794922,22.49025428337163,22.498706282067072,487700
2019-08-27,22.515609741210938,22.515609741210938,22.49025535596934,22.49870735506787,284900
2019-08-28,22.566320419311523,22.574770805863075,22.540964423495165,22.549416422100617,808700
2019-08-29,22.6254825592041,22.642386556236975,22.56632018164293,22.591674565138355,1463500
2019-08-30,22.71000099182129,22.75225937246032,22.608578621412178,22.64238661556651,623500
2019-09-03,22.760711669921875,22.828326047064653,22.735355673973118,22.81142204976548,1803600
2019-09-04,22.617029190063477,22.676191564039325,22.608577192059244,22.66773956603509,1136600
2019-09-05,22.6254825592041,22.6254825592041,22.54096418609362,22.549416184610056,799900
2019-09-06,22.633935928344727,22.633935928344727,22.566321548172652,22.59167593320344,813300
2019-09-09,22.5916748046875,22.60857880189961,22.56632042092323,22.600126803293556,936100
2019-09-10,22.617029190063477,22.625481188067713,22.60012519405501,22.608577192059244,286900
2019-09-11,22.684642791748047,22.709998784899742,22.676190794030813,22.684642791748047,449500
2019-09-12,22.617029190063477,22.735353938015173,22.583221198046544,22.718449942006707,450400
2019-09-13,22.583223342895508,22.608579339316403,22.566320957335517,22.574771344088543,2010800
2019-09-16,22.684642791748047,22.701546787182508,22.650834800879117,22.650834800879117,433100
2019-09-17,22.583223342895508,22.684645716525146,22.583223342895508,22.667741718911216,395400
2019-09-18,22.667739868164062,22.70154786063161,22.608577493399665,22.61702949151655,895600
2019-09-19,22.617029190063477,22.64238518407618,22.591673196050778,22.617029190063477,517200
2019-09-20,22.676193237304688,22.701549233188395,22.667741238676786,22.676193237304688,303200
2019-09-23,22.71000099182129,22.726903376844568,22.693096994744124,22.726903376844568,355300
2019-09-24,22.6254825592041,22.693096935281712,22.6254825592041,22.693096935281712,513600
2019-09-25,22.802968978881836,22.811420977133995,22.718450608414084,22.7353546049184,894900
2019-09-26,22.862133026123047,22.87058502499316,22.76071226378959,22.777616261529815,821500
2019-09-27,22.828325271606445,22.85368126669388,22.802969276519008,22.85368126669388,394300
2019-09-30,22.90439224243164,22.912844241014646,22.870584248099615,22.90439224243164,427500
2019-10-01,22.828325271606445,22.963554021298396,22.819873273243964,22.955102022935918,972700
2019-10-02,22.81142234802246,22.853682341822935,22.802970349262367,22.84523034306284,713300
2019-10-03,22.802968978881836,22.82832497363831,22.7353546049184,22.819872975386154,896300
2019-10-04,22.78606605529785,22.819874049898395,22.77761566870163,22.802970052598123,2127300
2019-10-07,22.828325271606445,22.828325271606445,22.769162895122946,22.777614893485424,452900
2019-10-08,22.862133026123047,22.887489022733387,22.81987464382643,22.81987464382643,1320500
2019-10-09,22.845230102539062,22.862132487827367,22.819874106525738,22.819874106525738,346000
2019-10-10,22.752262115478516,22.81142450032734,22.743810115920958,22.78606850165467,467300
2019-10-11,22.667739868164062,22.70154786063161,22.642385485867212,22.667739868164062,558800
2019-10-14,22.735355377197266,22.735355377197266,22.70154899509412,22.718451380118747,336600
2019-10-15,22.667739868164062,22.76071023539601,22.659287870047176,22.743806239162236,413600
2019-10-16,22.608579635620117,22.667742015990303,22.591675637784647,22.650838018154833,614600
2019-10-17,22.52406120300293,22.549417199693664,22.507157205209104,22.53251320189984,545400
2019-10-18,22.439542770385742,22.50715714933924,22.439542770385742,22.490254763641328,397300
2019-10-21,22.45644760131836,22.473351599697395,22.43109321580382,22.43109321580382,391100
2019-10-22,22.50715446472168,22.51560646258947,22.447992091700907,22.49025208103986,2139300
2019-10-23,22.498706817626953,22.53251320115953,22.481802819833685,22.515609203366264,408100
2019-10-24,22.566320419311523,22.58322280446853,22.490254043916348,22.490254043916348,624900
2019-10-25,22.5916748046875,22.60857880189961,22.557868422317174,22.574770807475385,368600
2019-10-28,22.574769973754883,22.583221972048797,22.5578675892209,22.574769973754883,505800
2019-10-29,22.566320419311523,22.58322280446853,22.540964423495165,22.574770805863075,325400
2019-10-30,22.515609741210938,22.633936116536393,22.50715774211241,22.56632173580213,319200
2019-10-31,22.473350524902344,22.515608906774897,22.473350524902344,22.49025452247294,293500
2019-11-01,22.46489906311035,22.490255060072347,22.447995065135686,22.481803061085014,648800
2019-11-04,22.549415588378906,22.549415588378906,22.490253212382054,22.49870521067501,389200
2019-11-05,22.633935928344727,22.650838314347258,22.583223934175184,22.59167593320344,1795200
2019-11-06,22.633935928344727,22.642387927372983,22.608579931259953,22.608579931259953,425200
2019-11-07,22.684642791748047,22.709998784899742,22.650834800879117,22.650834800879117,548200
2019-11-08,22.735355377197266,22.75225937427578,22.718451380118747,22.743807375736523,237400
2019-11-11,22.701549530029297,22.710001528767716,22.693097531290878,22.710001528767716,135500
2019-11-12,22.735355377197266,22.75225937427578,22.718451380118747,22.735355377197266,347500
2019-11-13,22.726905822753906,22.75226182109851,22.726905822753906,22.75226182109851,150900
2019-11-14,22.71000099182129,22.7607113709989,22.693096994744124,22.743807373921733,123200
2019-11-15,22.65928840637207,22.68464440132288,22.65928840637207,22.676192403005945,439200
2019-11-18,22.617029190063477,22.64238518407618,22.591673196050778,22.64238518407618,528700
2019-11-19,22.642385482788086,22.642385482788086,22.617029488440874,22.625481486556613,269700
2019-11-20,22.642385482788086,22.67619186319723,22.642385482788086,22.650835868850017,473500
2019-11-21,22.676193237304688,22.693097234560494,22.63393485621908,22.642386854846983,111300
2019-11-22,22.743806838989258,22.752258837329048,22.659288467645176,22.659288467645176,225800
2019-11-25,22.760711669921875,22.769163668571462,22.72690367532353,22.760711669921875,601200
2019-11-26,22.735355377197266,22.769163371354296,22.735355377197266,22.75225937427578,307900
2019-11-27,22.7691650390625,22.78606742532513,22.760713039904182,22.7691650390625,176000
2019-11-29,22.743806838989258,22.802969215313958,22.735354840649464,22.77761483234843,2004200
2019-12-02,22.650835037231445,22.72690140542652,22.64238465147977,22.718449407621094,704800
2019-12-03,22.6254825592041,22.642386556236975,22.60857856217123,22.6254825592041,499700
2019-12-04,22.600126266479492,22.61703026329009,22.54941588810156,22.566319884912158,317000
2019-12-05,22.549415588378906,22.583221969496893,22.549415588378906,22.583221969496893,270800
2019-12-06,22.633935928344727,22.667742312403774,22.608579931259953,22.617031930288213,313400
2019-12-09,22.608579635620117,22.633935632373323,22.600127636702382,22.600127636702382,212200
2019-12-10,22.583223342895508,22.608579339316403,22.566320957335517,22.574771344088543,205700
2019-12-11,22.498706817626953,22.583223582485378,22.47335082093705,22.566321196746067,552300
2019-12-12,22.532512664794922,22.600127042304543,22.49025428337163,22.49025428337163,627300
2019-12-13,22.532512664794922,22.532512664794922,22.464898287285305,22.464898287285305,291700
2019-12-16,22.49025535583496,22.507157741977927,22.456447359441036,22.473351357638,814400
2019-12-17,22.532512664794922,22.532512664794922,22.507156668708596,22.515608667404038,199300
2019-12-18,22.574769973754883,22.583221972048797,22.54941559092699,22.5578675892209,237900
2019-12-19,22.574769973754883,22.591673970342708,22.5578675892209,22.583221972048797,427300
2019-12-20,22.650835037231445,22.65928703503687,22.617028658063493,22.617028658063493,686800
2019-12-23,22.638769149780273,22.73360077211,22.62152673766088,22.73360077211,826000
2019-12-24,22.638769149780273,22.656011561899664,22.62152673766088,22.647390355839967,274200
2019-12-26,22.604284286499023,22.638769110678243,22.59566308045422,22.621526698588635,235100
2019-12-27,22.492210388183594,22.535314771190006,22.474967977250305,22.51807400458353,573300
2019-12-30,22.449106216430664,22.45772577765161,22.41462139423957,22.449106216430664,527600
2019-12-31,22.388757705688477,22.39737891120856,22.35427452793496,22.380136500168394,505200
2020-01-02,22.466346740722656,22.483589151632106,22.405999946866388,22.45772553526793,556500
2020-01-03,22.492210388183594,22.51807400458353,22.449106005177182,22.51807400458353,663500
2020-01-06,22.44048500061035,22.457725767371176,22.431863795066523,22.431863795066523,308800
2020-01-07,22.518075942993164,22.535316711083766,22.500833530575605,22.500833530575605,145100
2020-01-08,22.57842254638672,22.595663314327858,22.53531651571653,22.54393772185057,685600
2020-01-09,22.62152671813965,22.656011542348672,22.62152671813965,22.62152671813965,167000
2020-01-10,22.604284286499023,22.64739031672305,22.59566308045422,22.638769110678243,211800
2020-01-13,22.604284286499023,22.638769110678243,22.59566308045422,22.63014790463344,217000
2020-01-14,22.612905502319336,22.656011532561998,22.604284296270805,22.647390326513463,589900
2020-01-15,22.57842254638672,22.604284520461896,22.56980134025268,22.56980134025268,242500
2020-01-16,22.612905502319336,22.621526708367867,22.57842232245213,22.57842232245213,108600
2020-01-17,22.690494537353516,22.690494537353516,22.66463256373439,22.66463256373439,284500
2020-01-21,22.67325210571289,22.681873311687422,22.638768926141676,22.638768926141676,327200
2020-01-22,22.656009674072266,22.699114056452117,22.647388468730938,22.647388468730938,216500
2020-01-23,22.716358184814453,22.73360059680088,22.69049456683481,22.699115772828026,126400
2020-01-24,22.750839233398438,22.776702848955445,22.74221802821277,22.74221802821277,221800
2020-01-27,22.78532600402832,22.793947209951764,22.759462386257997,22.759462386257997,226800
2020-01-28,22.78532600402832,22.82843038931863,22.78532600402832,22.811187977471747,158400
2020-01-29,22.819807052612305,22.837049462849187,22.793945081583722,22.828428257730746,152600
2020-01-30,22.750839233398438,22.793945259326783,22.750839233398438,22.785324054141114,160900
2020-01-31,22.656009674072266,22.724977672476104,22.647388468730938,22.716356467134776,784700
2020-02-03,22.768081665039062,22.78532407542651,22.742218049457897,22.742218049457897,860600
2020-02-04,22.802566528320312,22.802566528320312,22.785324117900725,22.785324117900725,469400
2020-02-05,22.888776779174805,22.888776779174805,22.845672394651494,22.862914806191565,388100
2020-02-06,22.931882858276367,22.94912526985422,22.88877682933173,22.88877682933173,140600
2020-02-07,22.98360824584961,22.98360824584961,22.923261450186555,22.923261450186555,95700
2020-02-10,23.018095016479492,23.026714578594863,22.983610190710028,23.00085260359476,256100
2020-02-11,22.992229461669922,23.00947187310319,22.98360825595329,23.00947187310319,268900
2020-02-12,23.052576065063477,23.0611972707082,22.983608064232563,22.983608064232563,172400
2020-02-13,23.078439712524414,23.078439712524414,23.035333684243795,23.05257609555604,592400
2020-02-14,23.0698184967041,23.087060908008752,23.043954879747126,23.078439702356427,162600
2020-02-18,23.156028747558594,23.16464995315085,23.10430151400506,23.156028747558594,148400
2020-02-19,23.19913101196289,23.22499462637703,23.19050980715818,23.19913101196289,246100
2020-02-20,23.26810073852539,23.26810073852539,23.216375150172514,23.224996355619126,385600
2020-02-21,23.130165100097656,23.224996717159833,23.121543894516837,23.224996717159833,1199500
2020-02-24,23.13878631591797,23.173269493929674,23.087060726736997,23.16464993267187,335800
2020-02-25,23.0698184967041,23.138786497595856,23.043954879747126,23.13016529194353,355000
2020-02-26,23.087060928344727,23.13878651797739,23.06981851702489,23.095682134004644,1037600
2020-02-27,22.949127197265625,23.00085279201656,22.92326357772665,22.966367965964597,1103600
2020-02-28,22.871536254882812,23.026713027411006,22.8370514314364,22.949125463310352,4081100
2020-03-02,22.750839233398438,22.776702848955445,22.664630470195263,22.768081643769776,1447200
2020-03-03,22.656009674072266,22.7508396441733,22.612903647365624,22.7508396441733,1429500
2020-03-04,22.733598709106445,22.768081885889064,22.7077350932744,22.733598709106445,613900
2020-03-05,22.56117820739746,22.656009822446332,22.552557001999674,22.62152500085518,848300
2020-03-06,22.43186378479004,22.449106195869792,22.345653373718097,22.35427457925797,1574800
2020-03-09,22.190475463867188,22.19909666960179,21.24216420931009,22.190475463867188,2684400
2020-03-10,22.518075942993164,22.552559123501325,22.33703390126272,22.33703390126272,5135700
2020-03-11,22.55255889892578,22.56118010504871,22.42324409573571,22.4491077141045,722700
2020-03-12,22.7939453125,22.983606894046883,22.578420115335774,22.630145702243695,3224700
2020-03-13,23.656047821044922,24.112960219883288,22.880157383708763,22.90601935687961,1333500
2020-03-16,22.897397994995117,23.00947202572791,22.69911519517786,22.97498720263263,1673200
2020-03-17,23.302587509155273,23.36293430800169,23.199134679470742,23.216377091805988,1456000
2020-03-18,23.656047821044922,24.14744504321359,23.46638458138201,23.475005787214585,4116300
2020-03-19,24.216413497924805,24.914714740139353,23.923299071449183,24.90609353414573,4056500
2020-03-20,24.14744758605957,24.20779438891554,23.862954340933534,24.13882637931914,6811700
2020-03-23,24.112958908081055,24.13882252417174,23.906054912335943,24.018128937735455,2220200
2020-03-24,23.837087631225586,23.914676837506207,23.71639404115655,23.750877219321914,5991000
2020-03-25,23.61294174194336,23.828466954321307,23.535352533941147,23.750877746319095,4433200
2020-03-26,23.233617782592773,23.41465816571742,23.22499657706396,23.406036960188604,7221000
2020-03-27,23.043956756591797,23.371556020754504,22.992231162791835,23.345692401691036,4150600
2020-03-30,23.14740753173828,23.23361794329591,23.138786326149834,23.181890709765234,2272500
2020-03-31,23.130165100097656,23.31982668989518,23.09568192210121,23.25947989515628,1534800
2020-04-01,23.276723861694336,23.319828248151882,23.23361947523679,23.268102655537437,3000000
2020-04-02,23.397417068481445,23.457763866244946,23.311208297006107,23.380176300782527,3650000
2020-04-03,23.526731491088867,23.57845707839114,23.48362546473133,23.500867875274345,3110700
2020-04-06,23.53535270690918,23.587079942175396,23.492248321847555,23.50949073360296,1704900
2020-04-07,23.319828033447266,23.362934063834878,23.27672364738658,23.2853448534641,2140300
2020-04-08,23.406036376953125,23.406036376953125,23.337068378767984,23.337068378767984,2153400
2020-04-09,23.233617782592773,23.276722165910027,23.181890549419883,23.233617782592773,1685500
2020-04-13,23.19913101196289,23.250856596464484,23.173267397548752,23.22499462637703,1185600
2020-04-14,23.0698184967041,23.138786497595856,23.0698184967041,23.121544086291205,2435900
2020-04-15,23.242237091064453,23.32844750108835,23.173269091910694,23.31982629565328,2069600
2020-04-16,23.345691680908203,23.431902097464437,23.268102470440287,23.293966088705236,2609300
2020-04-17,23.28534507751465,23.311208695996072,23.250860252872744,23.293966283675122,881600
2020-04-20,23.362932205200195,23.362932205200195,23.285343001002015,23.337068589025204,1298900
2020-04-21,23.397417068481445,23.46638507225786,23.362933888756693,23.449144304558946,1643800
2020-04-22,23.466384887695312,23.475006093640424,23.362933705007784,23.362933705007784,947700
2020-04-23,23.475004196166992,23.50086781191178,23.36293181659311,23.483625401415257,1491100
2020-04-24,23.423280715942383,23.47500630775794,23.414659509918636,23.44914433401362,843600
2020-04-27,23.362932205200195,23.38879417704839,23.319826178241875,23.328447383633538,2184200
2020-04-28,23.337068557739258,23.345689763119363,23.25085814826499,23.259479353645094,1051400
2020-04-29,23.242237091064453,23.311206734545014,23.224996324521115,23.259479501934592,781800
2020-04-30,23.09568214416504,23.276722530122438,23.069818527173904,23.250858913131303,1839200
2020-05-01,23.121543884277344,23.138786295431345,23.052575883988165,23.09568191187317,1096100
2020-05-04,23.250858306884766,23.259479512323686,23.199132718578046,23.216375129455887,1000500
2020-05-05,23.26810073852539,23.302585560311844,23.190511533832673,23.276721943972003,4938200
2020-05-06,23.380176544189453,23.38879610596519,23.31120853969502,23.3370705136761,755100
2020-05-07,23.311208724975586,23.431902322718397,23.285345106462007,23.406038704204818,653200
2020-05-08,23.302587509155273,23.328449483331198,23.199134679470742,23.302587509155273,1091300
2020-05-11,23.388795852661133,23.41465947068904,23.328449054922938,23.345691466941542,4346000
2020-05-12,23.345691680908203,23.345691680908203,23.268102470440287,23.293966088705236,629400
2020-05-13,23.388795852661133,23.406038264679736,23.276723463194042,23.293965875212645,826600
2020-05-14,23.41465950012207,23.457763885895847,23.388795882061654,23.440523118182483,940300
2020-05-15,23.431900024414062,23.449142435065237,23.354310820810564,23.380174436787325,450800
2020-05-18,23.242237091064453,23.36293232282863,23.233617529956184,23.345689911958488,1819600
2020-05-19,23.22499656677246,23.233617772297453,23.16464977242432,23.216375361247465,803400
2020-05-20,23.14740753173828,23.15602873732673,23.095681942534437,23.130165120561387,1790200
2020-05-21,23.19913101196289,23.22499462637703,23.130163017851874,23.138784222656586,1025400
2020-05-22,23.26810073852539,23.302585560311844,23.259479533078775,23.276721943972003,2072200
2020-05-26,23.09568214416504,23.121544116829327,23.061197321510193,23.112922911165615,1059900
2020-05-27,23.087060928344727,23.16465013495715,23.06981851702489,23.087060928344727,581800
2020-05-28,22.966365814208984,23.05257622693469,22.94050384142007,23.03533381552418,3065100
2020-05-29,22.931882858276367,22.974987242894134,22.871536062080743,22.91464044669851,1369300
2020-06-01,22.802566528320312,22.888775291764723,22.802566528320312,22.871534525671898,1381400
2020-06-02,22.776704788208008,22.7939472000474,22.724979197016737,22.759462376368617,787400
2020-06-03,22.638769149780273,22.75084153990247,22.638769149780273,22.742220333842774,6785400
2020-06-04,22.55255889892578,22.656011728074,22.50083330651514,22.656011728074,3238700
2020-06-05,22.59566307067871,22.612905482760862,22.535316272718102,22.552558684800253,4095300
2020-06-08,22.535314559936523,22.578420586865658,22.518073793491666,22.552556970708178,1794500
2020-06-09,22.466346740722656,22.54393594548837,22.440484768685288,22.535314740033648,1034100
2020-06-10,22.35427474975586,22.474968339581025,22.311168721727704,22.40600033906281,1231100
2020-06-11,22.57842254638672,22.587043752520756,22.38875930009176,22.449107743030027,1079800
2020-06-12,22.638769149780273,22.73360077211,22.535316321390845,22.56980114562963,1784900
2020-06-15,22.54393768310547,22.673252486239914,22.50945450295552,22.656011718328408,725200
2020-06-16,22.612905502319336,22.673252300332138,22.561179910355065,22.561179910355065,1421400
2020-06-17,22.630146026611328,22.699114024919357,22.621524821281977,22.621524821281977,751200
2020-06-18,22.716358184814453,22.742220158467184,22.66463259318208,22.6818733608416,616000
2020-06-19,22.742219924926758,22.776704748545487,22.673251922016192,22.673251922016192,1957900
2020-06-22,22.62152671813965,22.690494722230774,22.59566309998288,22.690494722230774,935100
2020-06-23,22.54393768310547,22.54393768310547,22.457727266240195,22.500833296836298,1563800
2020-06-24,22.647390365600586,22.66463277772741,22.587043567483633,22.595663129220117,1174900
2020-06-25,22.68187141418457,22.733598645704397,22.68187141418457,22.71635623519779,1144800
2020-06-26,22.716358184814453,22.768083776446826,22.69049456683481,22.699115772828026,556200
2020-06-29,22.724977493286133,22.750839464779403,22.65600949542612,22.65600949542612,551400
2020-06-30,22.690494537353516,22.76808374686472,22.656011357752377,22.750841334900695,995400
2020-07-01,22.638769149780273,22.69911594787122,22.612905531601186,22.681873535751826,736900
2020-07-02,22.656009674072266,22.699114056452117,22.587041675668427,22.621524852706955,519300
2020-07-06,22.535314559936523,22.561178176094003,22.492210177334186,22.518073793491666,984100
2020-07-07,22.5870418548584,22.604282621351043,22.543935827809786,22.543935827809786,598100
2020-07-08,22.466346740722656,22.54393594548837,22.45772553526793,22.535314740033648,439000
2020-07-09,22.54393768310547,22.55255888922469,22.440486498328685,22.449107704447908,629200
2020-07-10,22.50945472717285,22.526695495256096,22.466348696147367,22.492212314762657,219500
2020-07-13,22.4749698638916,22.49221227627229,22.423244271076488,22.4749698638916,374500
2020-07-14,22.43186378479004,22.49221057924235,22.406000168170408,22.49221057924235,774400
2020-07-15,22.371517181396484,22.39737915391016,22.302549180815287,22.328411153328965,525400
2020-07-16,22.449106216430664,22.45772577765161,22.337032188636442,22.397378983144026,373900
2020-07-17,22.35427474975586,22.388757927851547,22.337032338544596,22.388757927851547,420100
2020-07-20,22.31978988647461,22.38875788686657,22.311168680884762,22.35427470883401,296500
2020-07-21,22.181854248046875,22.302549483949573,22.13874986372032,22.29392827821889,1351000
2020-07-22,22.121509552001953,22.138751965099942,22.087026370132985,22.112888345452955,653800
2020-07-23,22.07840347290039,22.14737147568402,22.035297443456315,22.138750269795207,1249900
2020-07-24,21.983572006225586,22.05254000949165,21.974950800276467,22.026676391644287,1095200
2020-07-27,21.819772720336914,21.85425754466836,21.76804712816667,21.837015132502636,1412600
2020-07-28,21.85425567626953,21.862876881615335,21.802530088521493,21.837013265577923,1246000
2020-07-29,21.750804901123047,21.793910931904232,21.699079308512566,21.793910931904232,1282400
2020-07-30,21.664592742919922,21.768045564154352,21.655973181783295,21.724941181163977,537200
2020-07-31,21.79391098022461,21.80253218639996,21.66459453192128,21.681836944271982,1742100
2020-08-03,21.79391098022461,21.90598337185029,21.785289774049257,21.88874095949959,1447400
2020-08-04,21.716320037841797,21.854256036997867,21.716320037841797,21.845634831509763,1094400
2020-08-05,21.62148666381836,21.647350278179783,21.561139874635057,21.60424425424408,1266200
2020-08-06,21.62148666381836,21.690454657788806,21.587003488996476,21.630107868605503,766900
2020-08-07,21.750804901123047,21.819772906046005,21.742183694966812,21.76804731343552,1201700
2020-08-10,21.785287857055664,21.811149828979055,21.733560624555288,21.785287857055664,1037600
2020-08-11,21.819772720336914,21.837015132502636,21.742183509918085,21.776668334249532,1124600
2020-08-12,21.750804901123047,21.785289725747997,21.71632172082504,21.750804901123047,607700
2020-08-13,21.742183685302734,21.759426097607545,21.64735370628016,21.69907929886765,1077600
2020-08-14,21.707700729370117,21.716321935611624,21.66459469816259,21.69907952312861,1913500
2020-08-17,21.61286735534668,21.655973383064513,21.61286735534668,21.655973383064513,951900
2020-08-18,21.49217414855957,21.53527853271705,21.457689325772105,21.483552942862705,1104800
2020-08-19,21.664592742919922,21.681835153846794,21.48355236116818,21.50941597755849,1512800
2020-08-20,21.604248046875,21.716322084455776,21.604248046875,21.716322084455776,933200
2020-08-21,21.707700729370117,21.776668734975203,21.707700729370117,21.724943141853128,1667500
2020-08-24,21.742183685302734,21.742183685302734,21.64735370628016,21.64735370628016,450400
2020-08-25,21.664592742919922,21.71631997570054,21.655973181783295,21.673213948383356,869200
2020-08-26,21.638731002807617,21.716320208483435,21.621488591695915,21.716320208483435,879900
2020-08-27,21.664592742919922,21.742181947764042,21.55252036054886,21.569762771475737,698300
2020-08-28,21.49217414855957,21.56114214980765,21.483552942862705,21.518036121323316,1200300
2020-08-31,21.466312408447266,21.50079723425003,21.42320802052081,21.466312408447266,1732200
2020-09-01,21.509416580200195,21.526657347283304,21.380100138952322,21.380100138952322,1022900
2020-09-02,21.587005615234375,21.63873120472531,21.578384409598076,21.595625176543827,1923900
2020-09-03,21.595623016357422,21.66459101022216,21.58700345591017,21.612865425905277,1004400
2020-09-04,21.630109786987305,21.707698992626305,21.587005403555338,21.67321417041927,1193400
2020-09-08,21.742183685302734,21.76804730375995,21.707700505020057,21.73356247915033,1556900
2020-09-09,21.707700729370117,21.724943141853128,21.6818371106456,21.724943141853128,646300
2020-09-10,21.750804901123047,21.759426107279285,21.587006917135366,21.612868891277135,950300
2020-09-11,21.707700729370117,21.75080511625069,21.69907952312861,21.69907952312861,467800
2020-09-14,21.655973434448242,21.68183540681348,21.621488612192152,21.638731023320197,611900
2020-09-15,21.673213958740234,21.6990775751429,21.63010957572926,21.638730781196816,448500
2020-09-16,21.699081420898438,21.72494504188495,21.621492202266005,21.638734616257015,601600
2020-09-17,21.62148666381836,21.72493947693737,21.62148666381836,21.72493947693737,875600
2020-09-18,21.647350311279297,21.66459107655326,21.59562308247736,21.647350311279297,820100
2020-09-21,21.802532196044922,21.845636582613803,21.75080495896993,21.759426165149094,1408500
2020-09-22,21.880117416381836,21.914602237400032,21.79390865248988,21.81114941867221,1328300
2020-09-23,22.00081443786621,22.018056849779924,21.89736161071083,21.940467640495115,12116400
2020-09-24,21.96632957458496,22.035297577789038,21.931846395146373,22.018056810233194,2385000
2020-09-25,22.026676177978516,22.069782207305977,22.01805661643991,22.0439185897095,1410500
2020-09-28,21.95770835876465,21.983571976577128,21.923225179341575,21.940467591216564,756400
2020-09-29,21.85425567626953,21.91460246936337,21.85425567626953,21.89736005867176,1239000
2020-09-30,21.85425567626953,21.940466085400782,21.81114964954051,21.89736005867176,1218000
2020-10-01,21.819772720336914,21.880119518590018,21.819772720336914,21.837015132502636,915800
2020-10-02,21.87150001525879,21.88011957703775,21.837015190835224,21.87150001525879,1354000
2020-10-05,21.776668548583984,21.785289754751698,21.742183723913122,21.785289754751698,1047100
2020-10-06,21.83701515197754,21.85425756415864,21.742183529308413,21.742183529308413,2283000
2020-10-07,21.81114959716797,21.828392007818174,21.793908830844547,21.81977080249307,1158500
2020-10-08,21.802532196044922,21.85425778879297,21.793910989865758,21.811151757897143,885300
2020-10-09,21.673213958740234,21.72494119154557,21.65597319213193,21.6990775751429,1993200
2020-10-12,21.647350311279297,21.67321228135358,21.647350311279297,21.66459107655326,676000
2020-10-13,21.776668548583984,21.785289754751698,21.73356251774541,21.742183723913122,12537500
2020-10-14,21.724943161010742,21.750805135431108,21.69907954226342,21.73356272293289,879300
2020-10-15,21.828392028808594,21.854255644808774,21.81114961814181,21.828392028808594,1417200
2020-10-16,21.802532196044922,21.811151757897143,21.776668577507426,21.793910989865758,951300
2020-10-19,21.733562469482422,21.750804881779562,21.69045808306651,21.69907928921508,545900
2020-10-20,21.664592742919922,21.699077564773667,21.63873077085642,21.681835153846794,1538500
2020-10-21,21.552518844604492,21.595623224563024,21.518034025176313,21.595623224563024,1624000
2020-10-22,21.638731002807617,21.638731002807617,21.587005413799346,21.587005413799346,1276100
2020-10-23,21.587005615234375,21.63873120472531,21.578384409598076,21.578384409598076,481500
2020-10-26,21.664592742919922,21.664592742919922,21.630109565392985,21.630109565392985,368300
2020-10-27,21.62148666381836,21.630107868605503,21.587003488996476,21.60424425424408,181800
2020-10-28,21.759424209594727,21.78528782580782,21.72494103230407,21.750803004190363,648700
2020-10-29,21.84563636779785,21.90598316613165,21.81115154342029,21.81115154342029,1219600
2020-10-30,21.87150001525879,21.897361989249532,21.811151572517552,21.828393984729335,608500
2020-11-02,21.89735984802246,21.92322346381107,21.880117437496722,21.9146022585482,1713500
2020-11-03,21.776668548583984,21.785289754751698,21.707700543569207,21.75080493008084,6207800
2020-11-04,21.742183685302734,21.811151690195036,21.716321711172462,21.78528971606476,1126600
2020-11-05,21.535280227661133,21.612869440712775,21.50941825286191,21.561143846787342,1556800
2020-11-06,21.457687377929688,21.52665537291713,21.440446612427856,21.48355099267249,3497000
2020-11-09,21.595623016357422,21.63010783545313,21.43182505863284,21.43182505863284,1846300
2020-11-10,21.595623016357422,21.60424422113135,21.55251863681446,21.55251863681446,734400
2020-11-11,21.62148666381836,21.681833453001666,21.62148666381836,21.655971482966923,495700
2020-11-12,21.62148666381836,21.647350278179783,21.595623049456936,21.638729073392643,497400
2020-11-13,21.578384399414062,21.604246371983905,21.569763193781835,21.595625166351677,1036000
2020-11-16,21.526655197143555,21.569761221362917,21.526655197143555,21.561140016519044,2991700
2020-11-17,21.49217414855957,21.509416559953305,21.474931737165836,21.474931737165836,1027300
2020-11-18,21.500795364379883,21.500795364379883,21.449068130174325,21.48355295297803,408400
2020-11-19,21.466312408447266,21.561144035077866,21.457691201996575,21.561144035077866,302800
2020-11-20,21.49217414855957,21.500795354256436,21.457689325772105,21.457689325772105,333800
2020-11-23,21.526655197143555,21.57838242620679,21.41458282282659,21.42320402767046,749600
2020-11-24,21.423206329345703,21.52665750993343,21.423206329345703,21.50079553694993,665600
2020-11-25,21.388721466064453,21.44044870058796,21.380100260310535,21.423206289080124,599100
2020-11-27,21.345619201660156,21.38010238377382,21.336997995049984,21.38010238377382,198300
2020-11-30,21.3973445892334,21.3973445892334,21.27665098651693,21.285272193043394,435700
2020-12-01,21.20768165588379,21.3369964570612,21.19043924390629,21.311132839094956,980900
2020-12-02,21.18181800842285,21.242164805933154,21.173196802446107,21.23354359995641,1125200
2020-12-03,21.069746017456055,21.112850403827252,21.043882399037173,21.069746017456055,1003000
2020-12-04,21.09560775756836,21.121471375700377,21.035260959587237,21.043882165631242,1834200
2020-12-07,21.130090713500977,21.13871191878273,21.06974392085549,21.104227097655723,896900
2020-12-08,21.155954360961914,21.164573921929772,21.11284833448874,21.11284833448874,612100
2020-12-09,21.164575576782227,21.20768160662585,21.112849985296783,21.130092397234232,518700
2020-12-10,21.10422706604004,21.16457385859512,21.078365094560304,21.16457385859512,608700
2020-12-11,21.155954360961914,21.164573921929772,21.130090745078007,21.13871195037264,1017700
2020-12-14,21.09560775756836,21.121471375700377,21.035260959587237,21.043882165631242,455400
2020-12-15,21.026639938354492,21.07836717507318,21.01801873223471,21.052503556713837,853900
2020-12-16,21.000778198242188,21.086986971746377,20.96629337337895,20.97491457959476,749800
2020-12-17,20.888702392578125,20.897323598063753,20.85421921496242,20.880081187092497,922000
2020-12-18,20.914566040039062,20.949049217705884,20.90594483454065,20.92318724553747,898400
2020-12-21,20.957670211791992,21.018017005345293,20.914565829061576,21.00939744426065,618900
2020-12-22,21.069746017456055,21.07836722359568,20.98353560038672,20.98353560038672,1401500
2020-12-23,20.97491455078125,21.01801893747413,20.94905093216935,20.97491455078125,758600
2020-12-24,20.992156982421875,21.000778188633742,20.974914569998145,20.974914569998145,280500
2020-12-28,20.992156982421875,21.009399394845605,20.93181018326577,20.957672157574414,1036100
2020-12-29,20.923189163208008,20.940431575785144,20.880083131765165,20.923189163208008,1444700
2020-12-30,20.836977005004883,20.871460182953246,20.828355799436086,20.86284062171128,1463900
2020-12-31,20.89732551574707,20.923189134577385,20.836978716136638,20.836978716136638,801500
2021-01-04,20.914566040039062,20.914566040039062,20.80249201288655,20.80249201288655,1322800
2021-01-05,20.793872833251953,20.880081601164225,20.785251627595358,20.862840834177877,723300
2021-01-06,20.768009185791016,20.880081570508533,20.768009185791016,20.84559839225962,1042800
2021-01-07,20.888702392578125,20.923187214520645,20.871459981606865,20.871459981606865,1018000
2021-01-08,20.923189163208008,20.98353596290102,20.84559995093786,20.854221157226426,1677700
2021-01-11,21.052501678466797,21.09560606089311,21.009397296040483,21.06974408916804,1445200
2021-01-12,20.9404296875,21.043880864980267,20.923187276477684,21.043880864980267,1360500
2021-01-13,21.009397506713867,21.026638273261202,20.966291479528515,21.000776301276797,956500
2021-01-14,20.966293334960938,21.052503752634113,20.931810154487838,21.0438825464341,614300
2021-01-15,21.10422706604004,21.10422706604004,21.04388027348496,21.052501478753793,1177500
2021-01-19,21.043882369995117,21.061124782250577,21.01801875161193,21.026639957739658,1408600
2021-01-20,21.035259246826172,21.086984834551618,21.018016836142092,21.061122862852287,489300
2021-01-21,20.9404296875,20.992155276240133,20.931808481988842,20.974912865217817,803900
2021-01-22,20.98353385925293,20.992155064677203,20.94904903755584,20.992155064677203,847100
2021-01-25,21.009397506713867,21.043880684135345,20.983533890402654,20.992155095839728,580600
2021-01-26,20.949050903320312,20.992156934280786,20.940431341455167,20.974914521896597,857300
2021-01-27,21.078365325927734,21.13009091378175,21.026638093746932,21.043880504473865,982200
2021-01-28,21.026639938354492,21.061124762833618,21.009399170441867,21.052503556713837,663600
2021-01-29,21.052501678466797,21.06112288381742,21.009397296040483,21.009397296040483,876000
2021-02-01,21.155954360961914,21.164573921929772,21.095605923899466,21.104227129194104,2183100
2021-02-02,21.18181800842285,21.21630283232983,21.164575596469366,21.18181800842285,1459000
2021-02-03,21.173194885253906,21.21630091123446,21.173194885253906,21.190437295646127,1656900
2021-02-04,21.26802635192871,21.285268762202442,21.23354153138125,21.23354153138125,1394400
2021-02-05,21.1473331451416,21.207679937847235,21.1473331451416,21.19905873255689,1402500
2021-02-08,21.138713836669922,21.164575810534824,21.12147142454204,21.155956248797807,1732500
2021-02-09,21.026639938354492,21.0697459689534,21.009399170441867,21.052503556713837,2006900
2021-02-10,21.01801872253418,21.01801872253418,20.983535542397906,20.992156748513707,654000
2021-02-11,21.009397506713867,21.026638273261202,20.983533890402654,20.992155095839728,257000
2021-02-12,21.026639938354492,21.07836717507318,21.000777964322083,21.0697459689534,501800
2021-02-16,21.026639938354492,21.061124762833618,21.009399170441867,21.035261144474273,1107500
2021-02-17,21.112850189208984,21.155956219468937,21.112850189208984,21.130092601312967,937800
2021-02-18,21.043882369995117,21.104229168562288,21.03526116386739,21.061124782250577,585300
2021-02-19,20.992156982421875,21.01801895673052,20.96629336378628,20.992156982421875,1163300
2021-02-22,20.93181037902832,20.974914766163824,20.905946760150837,20.94905114728634,706800
2021-02-23,20.949050903320312,20.974914521896597,20.914567722878882,20.949050903320312,441600
2021-02-24,20.914566040039062,21.01801721736635,20.914566040039062,20.983534039699524,913600
2021-02-25,20.98353385925293,20.98353385925293,20.836976655693903,20.85421906654245,952200
2021-02-26,21.138713836669922,21.138713836669922,21.0266398021656,21.0266398021656,1347700
2021-03-01,21.155954360961914,21.173195127224407,21.121469539783373,21.121469539783373,2242400
2021-03-02,21.078365325927734,21.173195296272294,21.078365325927734,21.147333324508683,1381600
2021-03-03,21.138713836669922,21.155956248797807,21.095607806350213,21.147335042733864,1015200
2021-03-04,21.276649475097656,21.30251144851289,21.1473346750408,21.181817854370077,2128000
2021-03-05,21.354238510131836,21.38872168918035,21.319753686756435,21.328374892600287,2631000
2021-03-08,21.474931716918945,21.474931716918945,21.40596371573589,21.423206127113367,1656300
2021-03-09,21.354238510131836,21.397342895024202,21.354238510131836,21.380100483336502,1468100
2021-03-10,21.319753646850586,21.39734285497312,21.319753646850586,21.336996058506013,2050200
2021-03-11,21.21630096435547,21.328373343531997,21.21630096435547,21.29389016698797,1643300
2021-03-12,21.28527069091797,21.36285989985357,21.27664948499991,21.34561748801746,789100
2021-03-15,21.32837677001953,21.362861596430438,21.311134356814076,21.345619183224983,504500
2021-03-16,21.32837677001953,21.380102365308865,21.319755563416802,21.336997976622257,338800
2021-03-17,21.22492218017578,21.371479380296304,21.21630097495378,21.336994559408293,3055700
2021-03-18,21.354238510131836,21.354238510131836,21.28527050770792,21.328374892600287,901800
2021-03-19,21.36285972595215,21.41458531671252,21.345617314256398,21.388721699168894,2222500
2021-03-22,21.319753646850586,21.354238470161437,21.302511235195162,21.3283748526783,850600
2021-03-23,21.449068069458008,21.449068069458008,21.397342479725726,21.41458489107877,1252400
2021-03-24,21.500795364379883,21.50941657008081,21.45768933587525,21.492174158678957,1726800
2021-03-25,21.561141967773438,21.58700558464568,21.500795172731713,21.500795172731713,1476700
2021-03-26,21.535280227661133,21.561143846787342,21.51803781491033,21.55252264041194,654800
2021-03-29,21.587005615234375,21.587005615234375,21.526657175780297,21.54389958705289,1128400
2021-03-30,21.673213958740234,21.68183516420779,21.647351986664376,21.65597319213193,749900
2021-03-31,21.655973434448242,21.655973434448242,21.595624995500085,21.64735222888422,1381600
2021-04-01,21.561141967773438,21.630109968439243,21.561141967773438,21.595625145942922,1955700
2021-04-05,21.49217414855957,21.552520944110785,21.483552942862705,21.543899738413916,1704600
2021-04-06,21.44045066833496,21.483555056733692,21.431829461789814,21.474933850188542,1845900
2021-04-07,21.466312408447266,21.483554821348648,21.397344401168738,21.42320802052081,758900
2021-04-08,21.371482849121094,21.414587237900655,21.362861642499773,21.414587237900655,582000
2021-04-09,21.388721466064453,21.431827494834042,21.380100260310535,21.423206289080124,691200
2021-04-12,21.38010025024414,21.397342661743856,21.371480688821144,21.371480688821144,479900
2021-04-13,21.302513122558594,21.362861568699344,21.302513122558594,21.362861568699344,498700
2021-04-14,21.276649475097656,21.311132654426935,21.250785857355527,21.2852706810117,632200
2021-04-15,21.276649475097656,21.293891886925742,21.250785857355527,21.25940706326957,390300
2021-04-16,21.25078582763672,21.268028239440692,21.233543415832745,21.25078582763672,431700
2021-04-19,21.130090713500977,21.173195095582958,21.130090713500977,21.14733312406448,1068000
2021-04-20,21.164575576782227,21.181817988719676,21.12147119126551,21.13871360320296,827200
2021-04-21,21.138713836669922,21.22492425298242,21.138713836669922,21.207681840854534,417300
2021-04-22,21.199058532714844,21.21630094313299,21.164573711878553,21.164573711878553,358100
2021-04-23,21.078365325927734,21.147333324508683,21.06974412056427,21.104227297691345,567800
2021-04-26,21.078365325927734,21.112848503054813,21.0611229152008,21.104227297691345,802000
2021-04-27,21.086986541748047,21.112850159868074,21.06974577399495,21.09560774778806,364800
2021-04-28,21.009397506713867,21.130091094179246,21.009397506713867,21.121469888742176,472700
2021-04-29,21.01801872253418,21.06112475311319,21.01801872253418,21.02663992864998,266300
2021-04-30,21.19043731689453,21.19043731689453,21.07836493788623,21.07836493788623,1124700
2021-05-03,21.09560775756836,21.13871378778839,21.078366989807268,21.13871378778839,1026600
2021-05-04,21.19043731689453,21.199058522099286,21.147332935197515,21.164573701280265,1225600
2021-05-05,21.18181800842285,21.19906042037634,21.173196802446107,21.190439214399596,1427800
2021-05-06,21.078365325927734,21.12146970841828,21.078365325927734,21.12146970841828,476200
2021-05-07,20.923189163208008,21.03526155630546,20.923189163208008,21.018019143728324,1844700
2021-05-10,20.923189163208008,20.931810369496574,20.880083131765165,20.880083131765165,659600
2021-05-11,20.905946731567383,20.91456793784809,20.880083112725263,20.905946731567383,549500
2021-05-12,21.061124801635742,21.061124801635742,20.974914384606034,21.00077800301303,2379900
2021-05-13,21.026639938354492,21.07836717507318,21.01801873223471,21.043882350594057,450000
2021-05-14,20.9404296875,20.966291659706656,20.9404296875,20.957670454195497,638300
2021-05-17,20.914566040039062,20.957670423204295,20.90594483454065,20.949049217705884,251800
2021-05-18,20.819732666015625,20.854217485097617,20.811111461245126,20.819732666015625,673700
2021-05-19,20.914566040039062,20.940429656534292,20.811113218384957,20.86284045137542,1294600
2021-05-20,20.811113357543945,20.862840590880293,20.811113357543945,20.862840590880293,848700
2021-05-21,20.880083084106445,20.914567909182008,20.836978697088956,20.836978697088956,685900
2021-05-24,20.828357696533203,20.854221315595318,20.819736490179164,20.845600109241282,716000
2021-05-25,20.802492141723633,20.836976963930848,20.785251374946853,20.802492141723633,618800
2021-05-26,20.880083084106445,20.897325496644225,20.811115078282285,20.85422110962674,336300
2021-05-27,20.86284065246582,20.897323830465016,20.854219446884315,20.880081419302,354600
2021-05-28,20.880083084106445,20.949051089930606,20.871461877837554,20.949051089930606,600300
2021-06-01,20.845596313476562,20.845596313476562,20.793870729097996,20.81973269912394,740200
2021-06-02,20.845596313476562,20.897321897855125,20.845596313476562,20.88007948828671,1497400
2021-06-03,20.97491455078125,21.00077816939315,20.93181016408837,20.93181016408837,2083200
2021-06-04,20.89732551574707,20.90594672202384,20.871461896916756,20.89732551574707,1383300
2021-06-07,20.86284065246582,20.88870262488351,20.845598241302806,20.871460213720496,842900
2021-06-08,20.888702392578125,20.905944803549385,20.871459981606865,20.897323598063753,691000
2021-06-09,20.905946731567383,20.91456793784809,20.828357519367987,20.836978725648695,814700
2021-06-10,20.888702392578125,20.940429625491905,20.862840420448048,20.940429625491905,769600
2021-06-11,20.992156982421875,21.01801895673052,20.94905095136255,20.94905095136255,1090100
2021-06-14,20.97491455078125,20.992156963189185,20.957672138373315,20.957672138373315,905900
2021-06-15,20.992156982421875,21.009399394845605,20.98353577621001,20.98353577621001,469600
2021-06-16,21.164575576782227,21.173196782750953,20.983535184419722,20.99215639038845,1917600
2021-06-17,21.32837677001953,21.336997976622257,21.242166348319287,21.259408761524742,1970500
2021-06-18,21.3973445892334,21.42320820881279,21.37148261398102,21.388723382706935,1275600
2021-06-21,21.29388999938965,21.345615585961944,21.28526879423981,21.328373175662264,655200
2021-06-22,21.2594051361084,21.345615543106977,21.250783930975867,21.31975192770938,454500
2021-06-23,21.29388999938965,21.30250956021274,21.21630079736783,21.23354156334076,1048400
2021-06-24,21.276649475097656,21.311132654426935,21.25940706326957,21.276649475097656,414200
2021-06-25,21.28527069091797,21.302511458427183,21.21630268790042,21.233543455409635,356900
2021-06-28,21.29388999938965,21.31975197051242,21.276647589089965,21.30250956021274,777600
2021-06-29,21.345619201660156,21.371482821490677,21.32837678843981,21.35424040827033,634300
2021-06-30,21.405963897705078,21.43182751499116,21.37148071898384,21.37148071898384,869600
2021-07-01,21.466312408447266,21.466312408447266,21.388723194718047,21.41458681407012,2239600
2021-07-02,21.38010025024414,21.46631066341586,21.371480688821144,21.449068251916145,1107400
2021-07-06,21.457687377929688,21.48355099267249,21.41458299768505,21.431825407513585,1152100
2021-07-07,21.49217414855957,21.526657327020185,21.449068120075236,21.46631053146897,699100
2021-07-08,21.405963897705078,21.43182751499116,21.388721486181026,21.397342691943052,1236800
2021-07-09,21.354238510131836,21.38872168918035,21.345617304287984,21.371480921819536,1252200
2021-07-12,21.38010025024414,21.397342661743856,21.35423827732143,21.397342661743856,426500
2021-07-13,21.509416580200195,21.509416580200195,21.423206167477232,21.47493175738027,1477500
2021-07-14,21.405963897705078,21.43182751499116,21.405963897705078,21.414585103467104,890100
2021-07-15,21.466312408447266,21.483554821348648,21.4318292269715,21.449069995545884,376900
2021-07-16,21.49217414855957,21.500795354256436,21.457689325772105,21.474931737165836,812600
2021-07-19,21.526655197143555,21.535276401987428,21.466308407563133,21.492172022094753,1113000
2021-07-20,21.552518844604492,21.595623224563024,21.54389763974745,21.58700366403267,1459200
2021-07-21,21.500795364379883,21.57838457136136,21.492174158678957,21.569763365660435,754900
2021-07-22,21.526655197143555,21.535276401987428,21.43182523251433,21.43182523251433,953500
2021-07-23,21.535280227661133,21.561143846787342,21.52665902128573,21.52665902128573,429200
2021-07-26,21.466312408447266,21.50079723425003,21.440450433422193,21.50079723425003,449400
2021-07-27,21.431827545166016,21.466310723935806,21.397342722069357,21.431827545166016,787300
2021-07-28,21.371482849121094,21.500797659786812,21.371482849121094,21.466312833301537,749500
2021-07-29,21.29388999938965,21.31975197051242,21.28526879423981,21.31113076536258,826200
2021-07-30,21.354238510131836,21.362859715975684,21.29389171355177,21.311132480912587,624000
2021-08-02,21.32837677001953,21.345619183224983,21.30251315021135,21.311134356814076,908000
2021-08-03,21.33699607849121,21.354238490162786,21.311132460983846,21.311132460983846,584100
2021-08-04,21.371482849121094,21.3887236180367,21.276651220613616,21.276651220613616,651900
2021-08-05,21.371482849121094,21.3887236180367,21.345619229257135,21.371482849121094,154500
2021-08-06,21.49217414855957,21.509416559953305,21.449068120075236,21.46631053146897,1315500
2021-08-09,21.535280227661133,21.543901434036535,21.4835546337357,21.4835546337357,432600
2021-08-10,21.552518844604492,21.57838245917563,21.552518844604492,21.57838245917563,868700
2021-08-11,21.509416580200195,21.543899758693268,21.492174168790232,21.51803614157832,993700
2021-08-12,21.535280227661133,21.55252264041194,21.52665902128573,21.535280227661133,178900
2021-08-13,21.431827545166016,21.4921743412583,21.414585133617685,21.474931929709967,741000
2021-08-16,21.449068069458008,21.45768927513453,21.423206096755294,21.431827302431813,487200
2021-08-17,21.578384399414062,21.578384399414062,21.518035959988467,21.518035959988467,1009400
2021-08-18,21.578384399414062,21.604246371983905,21.526657165620694,21.561141988149608,537400
2021-08-19,21.68183708190918,21.68183708190918,21.62149028262558,21.63873269508574,990400
2021-08-20,21.655973434448242,21.6904566123775,21.64735222888422,21.68183540681348,775600
2021-08-23,21.526655197143555,21.587003631050663,21.526655197143555,21.569761221362917,1123400
2021-08-24,21.509416580200195,21.55252096439825,21.492174168790232,21.535278552988284,1077100
2021-08-25,21.49217414855957,21.569763355504517,21.49217414855957,21.543899738413916,668400
2021-08-26,21.552518844604492,21.56114004946154,21.52665523003336,21.52665523003336,322000
2021-08-27,21.457687377929688,21.57838260240274,21.449066173015417,21.561140192574204,860300
2021-08-30,21.457687377929688,21.48355099267249,21.449066173015417,21.457687377929688,380200
2021-08-31,21.457687377929688,21.474929787758224,21.40596179277078,21.423204202599315,697100
2021-09-01,21.41458511352539,21.423206319291467,21.388721496227166,21.405963907759315,1026700
2021-09-02,21.36285972595215,21.405964110864645,21.35423852010427,21.388721699168894,806600
2021-09-03,21.319753646850586,21.336996058506013,21.29389167369433,21.311132441022874,726500
2021-09-07,21.423206329345703,21.431827535115826,21.380100300495094,21.39734271203534,452600
2021-09-08,21.457687377929688,21.500793402501028,21.440446612427856,21.466308582843954,1004800
2021-09-09,21.405963897705078,21.449068282188342,21.388721486181026,21.405963897705078,197600
2021-09-10,21.44045066833496,21.449070230553094,21.38872342906407,21.397344635609215,399600
2021-09-13,21.44045066833496,21.46631264364339,21.431829461789814,21.46631264364339,157500
2021-09-14,21.44045066833496,21.457691437098244,21.371482660300785,21.380102222518918,380500
2021-09-15,21.3973445892334,21.431829415339255,21.3973445892334,21.40596579575986,187700
2021-09-16,21.49217414855957,21.518036121323316,21.49217414855957,21.500795354256436,424200
2021-09-17,21.56976318359375,21.578384389221906,21.5094163885235,21.52665715545297,2018400
2021-09-20,21.578384399414062,21.604246371983905,21.561141988149608,21.595625166351677,1386000
2021-09-21,21.561141967773438,21.595625145942922,21.561141967773438,21.56976317339752,625000
2021-09-22,21.62148666381836,21.647350278179783,21.526655055486493,21.578382284209336,883600
2021-09-23,21.535280227661133,21.561143846787342,21.51803781491033,21.55252264041194,515700
2021-09-24,21.595623016357422,21.612865425905277,21.578382251136244,21.60424422113135,459200
2021-09-27,21.62148666381836,21.630107868605503,21.595623049456936,21.630107868605503,255500
2021-09-28,21.699081420898438,21.716323834889447,21.664596592916425,21.68183900690743,2258100
2021-09-29,21.85425567626953,21.85425567626953,21.759424061792476,21.76804526713828,843000
2021-09-30,21.819772720336914,21.85425754466836,21.785289540332393,21.837015132502636,777700
2021-10-01,21.776668548583984,21.793910960919412,21.75080493008084,21.75080493008084,1521900
2021-10-04,21.707700729370117,21.724943141853128,21.6818371106456,21.707700729370117,875100
2021-10-05,21.750804901123047,21.76804731343552,21.71632172082504,21.76804731343552,648000
2021-10-06,21.81114959716797,21.854255623793485,21.80253003616965,21.837013213143276,1121500
2021-10-07,21.802532196044922,21.811151757897143,21.776668577507426,21.802532196044922,480000
2021-10-08,21.785287857055664,21.802530267889125,21.759424240805476,21.768045446222207,383500
2021-10-11,21.84563636779785,21.84563636779785,21.776668363369662,21.79391077555844,1882400
2021-10-12,21.87150001525879,21.88874078314364,21.845636396941117,21.854257603047007,778800
2021-10-13,21.750804901123047,21.819772906046005,21.750804901123047,21.811151699889766,759800
2021-10-14,21.750804901123047,21.759426107279285,21.724942926981278,21.724942926981278,509000
2021-10-15,21.724943161010742,21.768047547929324,21.716321954761636,21.742183929182,488200
2021-10-18,21.733562469482422,21.759426087928134,21.70770049536365,21.74218367563099,1630300
2021-10-19,21.68183708190918,21.69907949436934,21.647353901315817,21.66459466944902,968400
2021-10-20,21.647350311279297,21.69045469095423,21.630107901678652,21.67321228135358,780500
2021-10-21,21.699081420898438,21.699081420898438,21.638734616257015,21.647355823252518,538700
2021-10-22,21.655973434448242,21.6904566123775,21.638731023320197,21.664592995685435,378400
2021-10-25,21.69045639038086,21.716320006808218,21.69045639038086,21.699077595856643,354900
2021-10-26,21.733562469482422,21.750804881779562,21.69045808306651,21.69045808306651,784000
2021-10-27,21.724943161010742,21.724943161010742,21.673215923516093,21.69045833601431,336100
2021-10-28,21.595623016357422,21.66459101022216,21.569761046362316,21.66459101022216,567800
2021-10-29,21.768047332763672,21.811151719256188,21.65597494128696,21.65597494128696,799200
2021-11-01,21.699081420898438,21.768049432535367,21.699081420898438,21.759428225539864,2226100
2021-11-02,21.750804901123047,21.77666851959176,21.724942926981278,21.733562488810573,1107800
2021-11-03,21.699081420898438,21.785291846526377,21.690460213902934,21.768049432535367,1701600
2021-11-04,21.81114959716797,21.84563441846838,21.785287625519445,21.785287625519445,1068900
2021-11-05,21.79391098022461,21.87150019147583,21.785289774049257,21.837015366774423,636700
2021-11-08,21.750804901123047,21.77666851959176,21.733562488810573,21.76804731343552,604700
2021-11-09,21.724943161010742,21.768047547929324,21.707700748512526,21.73356272293289,305300
2021-11-10,21.95770835876465,21.95770835876465,21.759425555182997,21.776667967057985,1698500
2021-11-11,22.009435653686523,22.009435653686523,21.9577084179222,21.9577084179222,568000
2021-11-12,21.983572006225586,22.026676391644287,21.966329594327345,22.01805683002207,259500
2021-11-15,22.104267120361328,22.104267120361328,21.974952310888902,21.992194723972432,505600
2021-11-16,22.190475463867188,22.190475463867188,22.112886256582627,22.138749873786434,1412100
2021-11-17,22.14737319946289,22.19909879449481,22.130130786343244,22.17323517481534,683000
2021-11-18,22.087024688720703,22.147371485642655,22.087024688720703,22.130129073857272,708100
2021-11-19,22.1990966796875,22.20771788542602,22.147371089583245,22.155992295321767,678500
2021-11-22,22.31117057800293,22.31979178432584,22.25082377806953,22.285308603361173,1089500
2021-11-23,22.302549362182617,22.328411334906605,22.27668574513178,22.319790129222994,776400
2021-11-24,22.388757705688477,22.414621322248728,22.362895733455048,22.39737891120856,1009200
2021-11-26,22.216341018676758,22.259445406782277,22.190477399217247,22.25082420029577,1100400
2021-11-29,22.259443283081055,22.29392810573699,22.250822077417073,22.26806448874504,750000
2021-11-30,22.15599250793457,22.34565410302144,22.08702450569145,22.11288647882832,2115600
2021-12-01,22.216341018676758,22.224962225163264,22.112888185165712,22.155994217598234,1826900
2021-12-02,22.224960327148438,22.23358153289869,22.155992325473285,22.155992325473285,732400
2021-12-03,22.216341018676758,22.293930232728293,22.190477399217247,22.233583431649766,1324100
2021-12-06,22.250822067260742,22.285306889900934,22.233581300267495,22.242200861600697,682100
2021-12-07,22.259443283081055,22.31979007840209,22.250822077417073,22.31979007840209,2785100
2021-12-08,22.15599250793457,22.233581715998945,22.14737130211332,22.224960510177695,584500
2021-12-09,22.233579635620117,22.268062811351676,22.199094815561836,22.207716020576406,751800
2021-12-10,22.1990966796875,22.268064681268793,22.18185426821046,22.242201064053237,560700
2021-12-13,22.26806640625,22.276687612656353,22.2077196057325,22.2077196057325,711700
2021-12-14,22.31117057800293,22.31979178432584,22.242202571746624,22.25082377806953,621700
2021-12-15,22.27668571472168,22.397379305473795,22.25944330337799,22.319790098754048,734900
2021-12-16,22.181854248046875,22.22496027670029,22.16461183658551,22.181854248046875,1118600
2021-12-17,22.337034225463867,22.337034225463867,22.20771941910921,22.20771941910921,545200
2021-12-20,22.31117057800293,22.31979178432584,22.268066190715352,22.285308603361173,1423000
2021-12-21,22.285306930541992,22.337032520269762,22.285306930541992,22.302549341893535,887000
2021-12-22,22.1990966796875,22.250822269791755,22.190475473948982,22.242201064053237,2101600
2021-12-23,22.181854248046875,22.250822249565477,22.181854248046875,22.250822249565477,2216500
2021-12-27,22.190475463867188,22.2249602868056,22.190475463867188,22.2249602868056,1344300
2021-12-28,22.216341018676758,22.25082420029577,22.19909860570375,22.207719812190255,820200
2021-12-29,22.15599250793457,22.190475686892693,22.121507684649572,22.190475686892693,1252000
2021-12-30,22.190475463867188,22.2249602868056,22.16461184666338,22.190475463867188,367600
2021-12-31,22.095643997192383,22.164611999217033,22.087024435725315,22.147371231956022,1161300
2022-01-03,22.233579635620117,22.250820401322535,22.190473610547265,22.190473610547265,3449500
2022-01-04,22.250822067260742,22.25944327292079,22.190475271967255,22.250822067260742,1310300
2022-01-05,22.224960327148438,22.23358153289869,22.147371119723033,22.173233092646925,1029900
2022-01-06,22.242202758789062,22.25944517157988,22.190477164743594,22.216340783929823,1398600
2022-01-07,22.121509552001953,22.199098766615897,22.10426713890396,22.190477560066903,540400
2022-01-10,22.173234939575195,22.22496217838535,22.15599417096548,22.216340971916992,1004300
2022-01-11,22.07840347290039,22.190475860801207,22.07840347290039,22.164612243134762,1311700
2022-01-12,21.93184471130371,22.00943391449216,21.923223506024243,22.00943391449216,3489200
2022-01-13,21.9232234954834,21.9232234954834,21.862876702882904,21.871497908158226,3801200
2022-01-14,21.983572006225586,22.00943562407295,21.914604002959525,21.931846414857766,2303000
2022-01-18,22.121509552001953,22.130130758550948,22.052541543937004,22.069783957034996,1940200
2022-01-19,22.069780349731445,22.087022760011166,22.043916734311864,22.061159144591585,1510100
2022-01-20,22.138750076293945,22.138750076293945,22.035297250859273,22.06116086829966,1033000
2022-01-21,22.07840347290039,22.087024678789206,22.052539855233945,22.052539855233945,1224500
2022-01-24,22.14737319946289,22.19909879449481,22.121509579783424,22.17323517481534,1946000
2022-01-25,22.15599250793457,22.224960510177695,22.14737130211332,22.207718098535196,1312800
2022-01-26,22.27668571472168,22.293928126065367,22.164611685314554,22.164611685314554,1583300
2022-01-27,22.466346740722656,22.47496794617738,22.397378741411664,22.423242357775838,1530300
2022-01-28,22.457725524902344,22.474967935803836,22.414621141975424,22.449105963778408,1791500
2022-01-31,22.302549362182617,22.40600054173227,22.285306950815393,22.388758130365044,2055800
2022-02-01,22.242202758789062,22.285308790766106,22.23358319672064,22.242202758789062,4019500
2022-02-02,22.15599250793457,22.190475686892693,22.13875009629207,22.15599250793457,4401600
2022-02-03,22.043916702270508,22.087022727907154,21.992191115833275,22.078401522779824,6514000
2022-02-04,22.026676177978516,22.09564418057557,22.01805661643991,22.069782207305977,2243900
2022-02-07,22.035297393798828,22.061161011406988,22.009435420517555,22.061161011406988,1159800
2022-02-08,22.069780349731445,22.09564232082428,22.052537939451724,22.061159144591585,1590900
2022-02-09,22.043916702270508,22.069780317652494,22.018054731215265,22.035295497143178,638800
2022-02-10,22.07840347290039,22.155992681572837,21.966329440672684,22.138750269795207,2931500
2022-02-11,22.173234939575195,22.190477352511913,22.078404957077254,22.121509345092047,2208700
2022-02-14,22.233579635620117,22.259441606337106,22.199094815561836,22.224958430605547,1933900
2022-02-15,22.14737319946289,22.22496241417428,22.138751992903067,22.181856381375162,1251000
2022-02-16,22.104267120361328,22.138751946528384,22.07840514506305,22.138751946528384,695200
2022-02-17,22.112886428833008,22.130128840436523,22.087024455754605,22.112886428833008,859500
2022-02-18,22.173234939575195,22.19909855898027,22.121509345092047,22.130130551560406,1144300
2022-02-22,22.181854248046875,22.181854248046875,22.13012865798964,22.16461183658551,1171700
2022-02-23,22.207717895507812,22.216339101250245,22.130128688152777,22.147371099637642,1214300
2022-02-24,22.388757705688477,22.552557321916417,22.362895733455048,22.44910614432906,4162400
2022-02-25,22.27668571472168,22.36289612711327,22.27668571472168,22.354274921441426,1293400
2022-02-28,22.31117057800293,22.354276609617482,22.293929809684084,22.354276609617482,1352500
2022-03-01,22.483591079711914,22.518075904488057,22.3973806620985,22.41462307448657,2498000
2022-03-02,22.466346740722656,22.578420767307275,22.449105974140014,22.518073973451006,1451400
2022-03-03,22.55255889892578,22.604284491336422,22.50945451263807,22.526695280556993,1780800
2022-03-04,22.724977493286133,22.819807462639417,22.724977493286133,22.802566696419493,3212400
2022-03-07,22.888776779174805,22.914640396484913,22.776704392818072,22.78532559858811,2507900
2022-03-08,22.845670700073242,22.906017491660403,22.768081498224966,22.845670700073242,1497200
2022-03-09,22.62152671813965,22.681873516178516,22.57842233220529,22.630147924191903,1594900
2022-03-10,22.733598709106445,22.74221827005702,22.664630711214436,22.681871477442357,1098000
2022-03-11,22.854293823242188,22.897398208185752,22.724979024084615,22.750840997319997,1661300
2022-03-14,22.845670700073242,22.8542919052038,22.75946029309441,22.81118587955101,1739500
2022-03-15,22.819807052612305,22.862913078204514,22.733598290081368,22.75946026110995,762600
2022-03-16,22.656009674072266,22.845671258601122,22.656009674072266,22.733598877817432,1958400
2022-03-17,22.604284286499023,22.66463272881266,22.526695076422698,22.64739031672305,3088600
2022-03-18,22.630146026611328,22.733598846236763,22.621524821281977,22.72497764090741,913700
2022-03-21,22.716358184814453,22.716358184814453,22.630147769209227,22.647390181195654,1232300
2022-03-22,22.70773696899414,22.724979380973103,22.664632583373635,22.690494557015175,928500
2022-03-23,22.733598709106445,22.793945501721108,22.7249775038291,22.768081885889064,465600
2022-03-24,22.759462356567383,22.811187947713655,22.733600383157697,22.785325974303966,1666300
2022-03-25,22.768081665039062,22.78532407542651,22.716356078203486,22.750839254651616,599200
2022-03-28,22.83704948425293,22.89739627581184,22.811185868873363,22.89739627581184,1086700
2022-03-29,22.699113845825195,22.716356256347858,22.595661027015993,22.630145848061318,1542200
2022-03-30,22.57842254638672,22.587043752520756,22.526695309582493,22.561180134118644,3972300
2022-03-31,22.67325210571289,22.690494517661953,22.578422128646867,22.656011338090735,1679100
2022-04-01,22.70773696899414,22.759462560604128,22.70773696899414,22.733600586962588,1824200
2022-04-04,22.811187744140625,22.828430155811137,22.76808335929122,22.785325770961734,1158100
2022-04-05,22.931882858276367,22.931882858276367,22.776704442729407,22.802568060096192,2081500
2022-04-06,22.949127197265625,23.00085279201656,22.88877875167469,22.89739995818768,1653400
2022-04-07,22.992229461669922,23.00947187310319,22.91464025454707,22.93188266598034,880400
2022-04-08,22.992229461669922,23.087061080226043,22.98360825595329,23.06119746307614,1706700
2022-04-11,23.043956756591797,23.052577962946287,23.009473575500817,23.035335550237306,797200
2022-04-12,23.121543884277344,23.121543884277344,23.009471500429992,23.026712267257164,1410200
2022-04-13,23.02671241760254,23.16465006340834,23.00085044502951,23.156028857775052,2906500
2022-04-14,23.130165100097656,23.216375511579013,23.104301483355197,23.104301483355197,1525700
2022-04-18,23.22499656677246,23.242237333495627,23.156028566899323,23.173269333622493,1149000
2022-04-19,23.276723861694336,23.28534506785123,23.23361947523679,23.268102655537437,1498500
2022-04-20,23.112924575805664,23.156030607228804,23.095683807563372,23.138788194659547,1235200
2022-04-21,23.18189239501953,23.199134807449898,23.061198796660886,23.07844120909125,2180300
2022-04-22,23.319828033447266,23.354312857757353,23.250860029154012,23.259481235231533,1207300
2022-04-25,23.431900024414062,23.475004406715215,23.406036408437302,23.431900024414062,2316400
2022-04-26,23.578458786010742,23.58707999190662,23.483627165482954,23.492248371378835,2241400
2022-04-27,23.725017547607422,23.802606761412566,23.690532721770914,23.750879522657804,3872300
2022-04-28,23.862951278686523,23.940540485066613,23.85433007305242,23.897434456896093,2427100
2022-04-29,23.76811981201172,23.811225840456043,23.69053060513879,23.793983429078313,3029200
2022-05-02,23.88881492614746,23.91467854486311,23.811227358654417,23.862952951758764,2294100
2022-05-03,23.84571075439453,23.8715743733435,23.759500335558272,23.77674274819092,2199600
2022-05-04,23.64742660522461,23.888813791127266,23.61294178190887,23.79398381566274,10608800
2022-05-05,23.84571075439453,23.957784792179755,23.793985160823564,23.793985160823564,3165300
2022-05-06,23.88881492614746,23.91467854486311,23.793984946177314,23.81984692056601,2506400
2022-05-09,23.89743423461914,23.97502344027755,23.828466234514647,23.91467664572697,3017700
2022-05-10,23.949161529541016,23.966402296366365,23.880193529259135,23.880193529259135,10162000
2022-05-11,23.975021362304688,23.975021362304688,23.819842964437555,23.888810958564427,2300200
2022-05-12,24.181928634643555,24.181928634643555,24.043992627623577,24.069856245562413,3214900
2022-05-13,24.112958908081055,24.199169317389885,24.0784757309536,24.199169317389885,2855600
2022-05-16,24.018129348754883,24.1129593207233,24.000886937732695,24.078476143005734,1721900
2022-05-17,23.819847106933594,23.871574344769616,23.80260633864856,23.85433193215761,7703800
2022-05-18,23.940540313720703,23.949161519293103,23.819845080033932,23.87157231346833,2184000
2022-05-19,23.69053077697754,23.75949877866186,23.65604759829881,23.75949877866186,6258400
2022-05-20,23.742258071899414,23.80260486798589,23.725015660352742,23.733636866126076,2677600
2022-05-23,23.526731491088867,23.59569948893415,23.50948908054585,23.57845707839114,3716700
2022-05-24,23.457761764526367,23.50948899596932,23.414657382650674,23.50086779072883,3642500
2022-05-25,23.543973922729492,23.595701158017555,23.500869537649667,23.56121633449218,1545200
2022-05-26,23.466384887695312,23.518112123365977,23.44914412013199,23.500869711475755,1289400
2022-05-27,23.41465950012207,23.483627503956264,23.38017632036843,23.431901912162346,2677900
2022-05-31,23.457761764526367,23.526731406450306,23.42327858789117,23.483625380247844,2716100
2022-06-01,23.638803482055664,23.673286658247598,23.475003873245427,23.4836250783751,3746400
2022-06-02,23.431900024414062,23.561214815644302,23.431900024414062,23.526731638668736,6241000
2022-06-03,23.53535270690918,23.561216324542286,23.457763498336742,23.492248321847555,5713900
2022-06-06,23.587080001831055,23.612941975202684,23.51811199896189,23.526733204861397,2805900
2022-06-07,23.561216354370117,23.673288742268358,23.5525951484815,23.673288742268358,1496600
2022-06-08,23.630184173583984,23.630184173583984,23.56121617133771,23.58707978880264,1002500
2022-06-09,23.80260467529297,23.811225880996513,23.62156264417228,23.647426261282906,4253600
2022-06-10,23.992265701293945,24.009508112293908,23.940540112620866,23.94916131812085,2510900
2022-06-13,24.225034713745117,24.250896687409572,24.112960680109435,24.138824298100804,6183800
2022-06-14,24.276758193969727,24.319862575879494,24.16468581440827,24.173307019655574,4136500
2022-06-15,24.087099075317383,24.319865063496646,24.069856663059085,24.225035084729885,5882000
2022-06-16,23.85433006286621,24.104338448841084,23.785362062149677,24.03537044812455,4908000
2022-06-17,24.095720291137695,24.18192906380998,24.052614260474616,24.061235466607233,2106900
2022-06-21,24.00950813293457,24.05261251614472,23.957782544217025,24.000886927427175,2527800
2022-06-22,23.975021362304688,24.009506181531464,23.888810958564427,24.009506181531464,1780800
2022-06-23,24.000886917114258,24.061233711313267,23.940540122915248,24.009508122617948,2163500
2022-06-24,23.949161529541016,24.00950832424681,23.91467670723666,23.983644707518543,1427100
2022-06-27,23.906055450439453,23.931919067112304,23.84570865586296,23.91467665599707,1464900
2022-06-28,24.043991088867188,24.06123349972294,23.992265500626733,24.018129116910362,1676900
2022-06-29,24.181928634643555,24.190549840623166,24.095719863501248,24.104339425153952,2025400
2022-06-30,24.104339599609375,24.21641363382856,24.078477625810272,24.199171221744542,2113500
2022-07-01,24.181928634643555,24.31986464166353,24.17330907299085,24.259517844133153,2964500
2022-07-05,24.526771545410156,24.58711834601336,24.49228671973576,24.526771545410156,3325500
2022-07-06,24.63884162902832,24.699188423970877,24.59573724530559,24.62159921780849,4650600
2022-07-07,24.647462844848633,24.69056722858922,24.595737255494562,24.63884163923515,2323700
2022-07-08,24.630220413208008,24.71643082494457,24.595737235109485,24.656084030027028,1736300
2022-07-11,24.91471290588379,24.93195531660163,24.828502496621375,24.8802297287749,4233500
2022-07-12,24.90609359741211,24.923336009443158,24.8285043875993,24.90609359741211,1586700
2022-07-13,24.854368209838867,24.975061806393953,24.74229581937013,24.957821038548175,1624200
2022-07-14,25.02678871154785,25.173345924421525,24.957820708097117,25.121618688588295,3071100
2022-07-15,24.880231857299805,24.966440629610663,24.84574703291392,24.940578655648178,2392000
2022-07-18,24.742294311523438,24.750913872757568,24.604358311201747,24.725051900401517,3623300
2022-07-19,24.587116241455078,24.595737447135736,24.509527034656003,24.552631418732446,3228200
2022-07-20,24.656084060668945,24.70780965004443,24.552631237591136,24.56125244320819,2222100
2022-07-21,24.587116241455078,24.716431038011255,24.587116241455078,24.690567420969277,2831800
2022-07-22,24.55263328552246,24.595739317203197,24.440560891806495,24.58711811086705,3151300
2022-07-25,24.518150329589844,24.561254717339317,24.466423091098083,24.475044297513378,2012600
2022-07-26,24.707809448242188,24.707809448242188,24.638841448195894,24.638841448195894,2452400
2022-07-27,24.50090789794922,24.74229674441113,24.475044278723193,24.656086324651376,4947700
2022-07-28,24.483665466308594,24.604360711610255,24.475044259906547,24.51815029191678,2361500
2022-07-29,24.38883399963379,24.569874390073213,24.38883399963379,24.535389566564625,5538600
2022-08-01,24.294002532958984,24.328485712358773,24.242276941695856,24.302623738890656,5826900
2022-08-02,24.44917869567871,24.49228307703386,24.319862262959763,24.35434708350528,15058800
2022-08-03,24.518150329589844,24.612980311504085,24.48366550392867,24.492286710343965,2811300
2022-08-04,24.36297035217285,24.526769974984315,24.34572794043967,24.509527563251133,2536100
2022-08-05,24.569873809814453,24.621599399528858,24.53538898712028,24.604358632508625,3199400
2022-08-08,24.535388946533203,24.544010152192484,24.449180178594084,24.509526973882206,2802800
2022-08-09,24.5095272064209,24.526769617903053,24.44055920481915,24.449180410560224,1437600
2022-08-10,24.242277145385742,24.276760325075266,24.121581905655123,24.242277145385742,6198200
2022-08-11,24.259517669677734,24.259517669677734,24.12158166364969,24.164687693237763,2888900
2022-08-12,24.35434913635254,24.414695933067126,24.319864312900265,24.337106724626402,3069800
2022-08-15,24.569873809814453,24.569873809814453,24.431937807691465,24.431937807691465,4475400
2022-08-16,24.56125259399414,24.604358622344044,24.509527004301102,24.604358622344044,3038700
2022-08-17,24.595739364624023,24.63884375206089,24.53539092015464,24.604360570976795,2704800
2022-08-18,24.785400390625,24.81988521522802,24.638843174716055,24.638843174716055,2970300
2022-08-19,24.94057846069336,24.966440434453688,24.906093636577033,24.923336048635196,3143700
2022-08-22,25.147480010986328,25.173343626542056,25.009544016675967,25.009544016675967,4688200
2022-08-23,25.044029235839844,25.14748206217426,24.94057805383232,25.138860856285817,14555300
2022-08-24,25.06127166748047,25.18196526136054,25.00092487054043,25.14748208210633,4544400
2022-08-25,25.01816749572754,25.087135499151124,24.983682671852293,25.052650675275878,2440300
2022-08-26,25.11299705505371,25.13023946670456,24.82850384012222,24.880231075074764,2743800
2022-08-29,25.121618270874023,25.15610309418944,25.05265026857007,25.104377503543194,3902000
2022-08-30,25.11299705505371,25.19058626315565,25.044029052777194,25.061271464428042,2619700
2022-08-31,25.09575653076172,25.19058650710598,25.026788527817303,25.173345739615048,2497800
2022-09-01,25.319902420043945,25.4061111886701,25.233692007090934,25.25093441854691,4864200
2022-09-02,25.328523635864258,25.33714484215537,25.156104443022944,25.216451242733754,2678200
2022-09-06,25.475078582763672,25.544046582616303,25.40611058291104,25.457837816045632,15048800
2022-09-07,25.29404067993164,25.5612915000245,25.29404067993164,25.552670293656732,3382800
2022-09-08,25.34576416015625,25.440595777966433,25.319902187536634,25.406110955371147,2431100
2022-09-09,25.164724349975586,25.19920752903258,25.13023952659171,25.173345555821555,3388900
2022-09-12,25.035409927368164,25.05265069499245,24.957820717914707,25.02678872139257,3580900
2022-09-13,25.3802490234375,25.397489790435934,25.21644940450102,25.268174994150016,7862100
2022-09-14,25.328523635864258,25.363008461028702,25.26817683615345,25.311282867609005,2120700
2022-09-15,25.34576416015625,25.371627777102713,25.302659776238993,25.354385365805072,2349500
2022-09-16,25.34576416015625,25.44921698361525,25.29403857059017,25.43197457231761,3646500
2022-09-19,25.328523635864258,25.440597673321733,25.311282867609005,25.431976467030623,1741700
2022-09-20,25.449216842651367,25.483700020728804,25.397489609044964,25.457838048252437,2065100
2022-09-21,25.69922637939453,25.79405800092898,25.552669166262614,25.56991157823741,4722000
2022-09-22,25.73371124267578,25.76819442235116,25.63025841499582,25.66474323899811,2584200
2022-09-23,26.138896942138672,26.182002970300132,25.906129323047317,25.906129323047317,4964300
2022-09-26,26.4320125579834,26.46649738208032,26.199244928309945,26.242350958431093,7721000
2022-09-27,26.440631866455078,26.518221070777923,26.31131707402594,26.37166386753775,7688600
2022-09-28,26.095794677734375,26.492360303066746,26.061309852404445,26.466498328396273,9864700
2022-09-29,25.992338180541992,26.173380199339018,25.966476209518664,26.130274173755563,6257300
2022-09-30,25.992338180541992,26.09579099761554,25.94061259416859,26.09579099761554,4762000
2022-10-03,25.871646881103516,26.052687271553193,25.82854085171534,26.009582886491902,3432000
2022-10-04,25.518184661865234,25.72508866184061,25.50094225078558,25.707846250760955,12310600
2022-10-05,25.759572982788086,25.888889427297254,25.725089803425366,25.794057806477706,4949000
2022-10-06,26.01820182800293,26.035444238257593,25.863023424364464,25.914749010801703,3243700
2022-10-07,26.121654510498047,26.156139333000315,26.00096092039379,26.069928921071487,4733000
2022-10-10,26.23373031616211,26.276834702882642,26.138898692184593,26.225109109952612,4099600
2022-10-11,26.2509708404541,26.285454018484902,26.04406519496197,26.216486018096468,4843100
2022-10-12,26.2509708404541,26.319938840842536,26.190622401328245,26.259590401716675,2466400
2022-10-13,26.07855224609375,26.363045477550784,25.983720620832415,26.345803064898366,7358300
2022-10-14,26.25959014892578,26.285453765445027,26.130275354983187,26.147517765996017,3993800
2022-10-17,25.992338180541992,26.09579099761554,25.94061259416859,26.07854858738216,4010000
2022-10-18,25.97509765625,26.061308069349536,25.914750860378383,25.931993271863664,5326500
2022-10-19,26.164762496948242,26.216488090246248,26.095794491108585,26.13027767186493,3372900
2022-10-20,26.182003021240234,26.207864993860586,26.00096099126355,26.13027578734584,3437500
2022-10-21,25.957855224609375,26.28545280018901,25.906127993470413,26.268210389809354,6352400
2022-10-24,25.983718872070312,26.0613080794573,25.92337207617529,26.044065667965334,3132200
2022-10-25,25.69922637939453,25.81992161889117,25.68198561174665,25.81992161889117,5338900
2022-10-26,25.431974411010742,25.595774028645714,25.414731999822465,25.595774028645714,7681000
2022-10-27,25.630258560180664,25.64750097227948,25.457839372173257,25.587154174260544,4312800
2022-10-28,25.673364639282227,25.750953849547628,25.63887981501897,25.673364639282227,2480000
2022-10-31,25.88888931274414,25.906130080185765,25.82854087155434,25.845783283322852,2920800
2022-11-01,25.880266189575195,25.93199177672187,25.707845373317262,25.72508778380841,3313600
2022-11-02,25.992338180541992,25.992338180541992,25.604393816251363,25.794055395838335,5314900
2022-11-03,26.20786476135254,26.233728378070282,26.09579237756265,26.20786476135254,8854500
2022-11-04,25.716468811035156,25.975098413547183,25.690605193053187,25.888889642261116,5481400
2022-11-07,25.569910049438477,25.664741665303037,25.535426871877515,25.61301443247138,3220200
2022-11-08,25.457839965820312,25.604397183423956,25.380250753893268,25.595775977173513,4722300
2022-11-09,25.647499084472656,25.690603467220043,25.466458703741477,25.5871522908956,2870800
2022-11-10,25.06127166748047,25.25955447009113,25.06127166748047,25.22507129083692,10429200
2022-11-11,24.699188232421875,24.914713438017753,24.664705054576487,24.83712423245709,8430900
2022-11-14,24.811262130737305,24.888851335893253,24.74229413107944,24.854366513900914,6588500
2022-11-15,24.725051879882812,24.871609085643833,24.587115879675594,24.61297785201018,5245200
2022-11-16,24.67332649230957,24.75953525989773,24.63884166981283,24.656084081061202,2510600
2022-11-17,24.768156051635742,24.897470845183925,24.768156051635742,24.854366462110136,3651700
2022-11-18,24.83712387084961,24.862987487102217,24.742293899910308,24.785398282671192,3321400
2022-11-21,25.052648544311523,25.095754570489007,25.00092295722531,25.0267865729318,3623300
2022-11-22,24.897472381591797,24.99230400339831,24.88885281990658,24.97506159137405,3115900
2022-11-23,24.63884162902832,24.837124425075825,24.630220423418404,24.828503219465908,4713200
2022-11-25,24.63884162902832,24.733673246410532,24.630220423418404,24.70780962958079,1306400
2022-11-28,24.819883346557617,24.82850290773247,24.59573693649463,24.621598908672826,2833000
2022-11-29,24.86298942565918,24.86298942565918,24.742295829056843,24.828504601300267,1322500
2022-11-30,24.664705276489258,24.931956073421134,24.604358481471753,24.759535249662402,4062300
2022-12-01,24.36297035217285,24.466421533918176,24.34572794043967,24.406074737178923,6989500
2022-12-02,24.337106704711914,24.518148739034427,24.311244731470758,24.449180736513203,3845600
2022-12-05,24.535388946533203,24.544010152192484,24.32848494369099,24.354348560668836,5149200
2022-12-06,24.55263328552246,24.595739317203197,24.431939685470347,24.483665279160256,4039400
2022-12-07,24.47504234313965,24.535389138900914,24.440559164559005,24.457801576012756,2869900
2022-12-08,24.397451400756836,24.48366180756737,24.38883183996985,24.449178631439203,2483300
2022-12-09,24.44917869567871,24.475040666761103,24.33710467323252,24.43193628540595,2643000
2022-12-12,24.466421127319336,24.526769567382566,24.388833564463187,24.43193794875292,4195200
2022-12-13,24.250896453857422,24.26813886568561,24.15606647745617,24.164687683370268,9962200
2022-12-14,24.138822555541992,24.285379758259428,24.095718172994957,24.216411759588095,5789100
2022-12-15,24.36297035217285,24.440559560645287,24.1733087560885,24.190549523494795,9086600
2022-12-16,24.40607452392578,24.423316935508304,24.311244548875646,24.380212550878866,5050300
2022-12-19,24.41216278076172,24.455648213245222,24.34258774758775,24.37737609357455,5859400
2022-12-20,24.246919631958008,24.299102147014953,24.18604168985775,24.281707975329304,3683600
2022-12-21,24.30780029296875,24.342586979057653,24.238225261991364,24.281709034302384,4431800
2022-12-22,24.342588424682617,24.40346637305322,24.325194251205392,24.35128551142123,2743500
2022-12-23,24.33388900756836,24.394766950108885,24.30779940865072,24.359980265285525,1852300
2022-12-27,24.325191497802734,24.35997984081944,24.281707727831343,24.351282755065267,3022400
2022-12-28,24.41216278076172,24.41216278076172,24.246921454923676,24.28170980091048,1992100
2022-12-29,24.264314651489258,24.333889681863436,24.23822505184867,24.30780008222285,2110500
2022-12-30,24.1860408782959,24.29040424610837,24.15125419489138,24.229526306050868,3437100
2023-01-03,24.446949005126953,24.490432775037096,24.342585635023326,24.41216066215925,4482600
2023-01-04,24.3599796295166,24.412160484789542,24.299101688564924,24.32519128680165,1979100
2023-01-05,24.586101531982422,24.612191133032496,24.516526497849455,24.525223584466033,3417800
2023-01-06,24.264314651489258,24.63828106180031,24.264314651489258,24.57740311757285,3794000
2023-01-09,24.11646842956543,24.16865094844717,24.055590483003034,24.15995386196688,9855100
2023-01-10,24.133861541748047,24.168649886140123,24.081680683959497,24.11646736955201,1670000
2023-01-11,24.133861541748047,24.1860423995366,24.10777028345399,24.12516445565003,1929800
2023-01-12,23.899045944213867,24.13386229983771,23.864259257528637,23.977318062755145,4370500
2023-01-13,23.890348434448242,23.968620551602353,23.881651348231166,23.959923465385277,2049500
2023-01-17,23.959924697875977,23.986015957869334,23.83816880217298,23.864260062166338,2566900
2023-01-18,23.959924697875977,23.977318871204883,23.751199594328128,23.76859376765703,3212900
2023-01-19,23.899045944213867,23.977318062755145,23.864259257528637,23.916440116956288,2509100
2023-01-20,23.864259719848633,24.003409786884514,23.864259719848633,23.96862144072572,2634900
2023-01-23,23.899045944213867,23.94253137606992,23.864259257528637,23.9251372033275,3615600
2023-01-24,23.872955322265625,23.986014122653824,23.85556115026758,23.90774200746217,1754000
2023-01-25,23.7946834564209,23.890348085813535,23.78598637033074,23.864258486342614,2230900
2023-01-26,23.855562210083008,23.933834328752006,23.8207738645414,23.8294709509268,2657100
2023-01-27,23.890348434448242,23.951228037967784,23.864258834596594,23.93383386553363,2554400
2023-01-30,23.977317810058594,23.977317810058594,23.872956092303163,23.899045692342224,3006500
2023-01-31,23.925138473510742,24.01210768304042,23.916441386677807,23.959925162042794,2126300
2023-02-01,23.699016571044922,23.925135827292486,23.672925313431907,23.855560799123968,7138000
2023-02-02,23.855562210083008,23.8990459832104,23.751198832257803,23.759895918643206,4302100
2023-02-03,24.168651580810547,24.168651580810547,24.003410250960837,24.046894025700386,7868200
2023-02-06,24.30780029296875,24.359981151501895,24.238225261991364,24.264314861858143,6884400
2023-02-07,24.264314651489258,24.403464712237618,24.16865002147449,24.359980940303593,4282800
2023-02-08,24.290407180786133,24.29910426738788,24.229529233373583,24.246921747777414,1416500
2023-02-09,24.255617141723633,24.255617141723633,24.099072911415846,24.099072911415846,3609000
2023-02-10,24.33388900756836,24.359980265285525,24.24691980731067,24.264313979122115,3201800
2023-02-13,24.264314651489258,24.351283854156875,24.24692047919582,24.342586768010154,2010600
2023-02-14,24.246919631958008,24.325191745743915,24.159952091128787,24.281707975329304,3456700
2023-02-15,24.41216278076172,24.47304072743899,24.40346569426502,24.42955695375512,4805900
2023-02-16,24.446949005126953,24.50782694652095,24.40346357641732,24.473038603553242,4101800
2023-02-17,24.429555892944336,24.551311781011837,24.412161720706244,24.516525095335222,4187800
2023-02-21,24.507827758789062,24.525221930849415,24.4034643852265,24.464342328638182,2532000
2023-02-22,24.586101531982422,24.60349570521558,24.473041064766562,24.507829411232876,1745200
2023-02-23,24.594797134399414,24.65567507824206,24.568705876124184,24.58610004830767,4056600
2023-02-24,24.77743148803711,24.78612857431212,24.733947715461664,24.77743148803711,4869300
2023-02-27,24.6469783782959,24.699159236864322,24.60349460595548,24.681765064408317,3470300
2023-02-28,24.716552734375,24.716552734375,24.577402676125985,24.620886447278973,4060400
2023-03-01,24.586101531982422,24.64697947949881,24.54261609889953,24.577404445365843,3932300
2023-03-02,24.716552734375,24.777430677509003,24.699158562393986,24.751339419537484,3976200
2023-03-03,24.620887756347656,24.74264530788893,24.612190669894737,24.67307027506519,2795100
2023-03-06,24.586101531982422,24.620888219649075,24.53391901228295,24.594798618599,4169000
2023-03-07,24.890493392944336,24.899188820923552,24.64697993953395,24.65567702631286,4149300
2023-03-08,24.88179588317871,24.933976744165406,24.829613363392347,24.88179588317871,3127600
2023-03-09,24.812219619750977,24.838309219552034,24.78612836115034,24.829612133351823,2749300
2023-03-10,24.655675888061523,24.673070060816322,24.525222909999744,24.655675888061523,5632800
2023-03-13,24.429555892944336,24.516525095335222,24.4034646345872,24.490433836978085,5300200
2023-03-14,24.429555892944336,24.525222181454268,24.42085880682529,24.446950065182424,3386400
2023-03-15,24.690462112426758,24.794825488201678,24.681765026212215,24.76003714334351,5141900
2023-03-16,24.664371490478516,24.707855260949653,24.620886061207866,24.690461089241392,2670100
2023-03-17,24.525222778320312,24.638281583020262,24.48173734666679,24.603494896497047,2192400
2023-03-20,24.386072158813477,24.429555930676297,24.386072158813477,24.403464672278865,2226300
2023-03-21,24.37737464904785,24.412161334173668,24.32519213315982,24.3425863051225,2354900
2023-03-22,24.194740295410156,24.38607287837117,24.099074003929648,24.342587446425657,5645600
2023-03-23,24.229530334472656,24.255619936663862,24.116469862311664,24.15995529729656,3328800
2023-03-24,24.37737464904785,24.403464248192332,24.351283391103834,24.351283391103834,2368700
2023-03-27,24.299100875854492,24.351281729382187,24.299100875854492,24.342584643994332,1910500
2023-03-28,24.212133407592773,24.28170843685829,24.203436321584643,24.24692009282576,2077200
2023-03-29,24.273012161254883,24.307800506448892,24.23822547486047,24.273012161254883,1684100
2023-03-30,24.159954071044922,24.186043671911936,24.142559897933815,24.159954071044922,1006600
2023-03-31,24.246919631958008,24.264313803643656,24.168649176971613,24.21213294738622,2569800
2023-04-03,24.133861541748047,24.229527830026694,24.12516445565003,24.203436571732635,1753500
2023-04-04,24.038196563720703,24.14255994378591,24.00340987623207,24.13386285721384,2610700
2023-04-05,24.107770919799805,24.142559265110147,23.994712115140395,24.046892974306306,2528900
2023-04-06,24.125164031982422,24.177344888854613,24.081680261055517,24.168649461708856,2156600
2023-04-10,24.264314651489258,24.333889681863436,24.264314651489258,24.29040590992941,1882500
2023-04-11,24.177345275878906,24.22083070630144,24.15125567642494,24.168649848593954,785100
2023-04-12,24.046894073486328,24.090379507111972,24.020804472110623,24.046894073486328,2645600
2023-04-13,23.933834075927734,23.942531162221265,23.881651558166553,23.916439903340674,2468300
2023-04-14,24.072982788085938,24.107769472508284,23.968619417219884,23.97731650302535,2777400
2023-04-17,24.194740295410156,24.229528640966564,24.14255943587516,24.159953608653364,2011700
2023-04-18,24.107770919799805,24.168650524092907,24.107770919799805,24.151256351437734,1713400
2023-04-19,24.159954071044922,24.177346585356382,24.116468638267154,24.142559897933815,2011200
2023-04-20,24.159954071044922,24.159954071044922,24.099074465156047,24.142559897933815,1992300
2023-04-21,24.133861541748047,24.229527830026694,24.11646736955201,24.12516445565003,1885500
2023-04-24,24.05558967590332,24.116467620423172,24.03819550352634,24.09907344804619,1424500
2023-04-25,24.168651580810547,24.194741182134408,24.10777197385563,24.10777197385563,2056500
2023-04-26,24.090377807617188,24.0990732349292,23.968620260854653,23.97731734696623,2395100
2023-04-27,24.09907341003418,24.168650099432355,24.08168089648421,24.15125592708281,1971100
2023-04-28,24.133861541748047,24.212133657830655,24.090377770057515,24.17734531343858,3285800
2023-05-01,24.255617141723633,24.273011313713287,24.151255427384804,24.151255427384804,3558800
2023-05-02,24.194740295410156,24.325193273647454,24.186043209021054,24.29040658689066,7964800
2023-05-03,24.064285278320312,24.12516321908651,24.003407337554112,24.107769047782032,3155000
2023-05-04,24.090377807617188,24.133861579375516,24.046892377059294,24.090377807617188,3589400
2023-05-05,24.05558967590332,24.151255965177132,24.03819550352634,24.13386179280015,2238100
2023-05-08,24.090377807617188,24.0990732349292,24.02080277752412,24.029498204836138,1426500
2023-05-09,24.168651580810547,24.203438268842255,24.14256032068701,24.186044095426563,1240200
2023-05-10,24.125164031982422,24.15995237576357,24.081680261055517,24.09907277414656,1378900
2023-05-11,24.281709671020508,24.299103843920864,24.22952881111907,24.246921325219798,3647200
2023-05-12,24.43825340270996,24.43825340270996,24.31649585373218,24.325192940001994,2961100
2023-05-15,24.368677139282227,24.412160909633176,24.368677139282227,24.394766737972994,1000300
2023-05-16,24.429555892944336,24.446950065182424,24.351283776672496,24.394767548468156,2215200
2023-05-17,24.473041534423828,24.542616569891997,24.464344447640347,24.48173862120731,1376300
2023-05-18,24.655675888061523,24.673070060816322,24.603495028596733,24.603495028596733,2358100
2023-05-19,24.586101531982422,24.64697947949881,24.53391901228295,24.612191133032496,1897300
2023-05-22,24.603492736816406,24.629582334718783,24.56870439454729,24.603492736816406,1093400
2023-05-23,24.67306900024414,24.699158599455266,24.620886484222805,24.664371914240583,925500
2023-05-24,24.76003646850586,24.777430640460864,24.68176435350788,24.68176435350788,2664200
2023-05-25,24.873096466064453,24.881793551880637,24.820915609966836,24.820915609966836,2450100
2023-05-26,24.86440086364746,24.907884636523114,24.82091709077181,24.83830960464231,1989400
2023-05-30,24.838308334350586,24.86439959202137,24.80352164958906,24.80352164958906,2059000
2023-05-31,24.88179588317871,24.977460518521045,24.86440170991659,24.907885484272228,1903400
2023-06-01,24.586101531982422,24.838310408664555,23.829471584336698,24.838310408664555,5617500
2023-06-02,24.84700584411621,24.855702930154838,24.699158699058625,24.70785578509725,7704500
2023-06-05,24.80352210998535,24.916580911058276,24.80352210998535,24.907883825006582,2170600
2023-06-06,24.88179588317871,24.933976744165406,24.86440170991659,24.916582570903287,704000
2023-06-07,24.890493392944336,24.899188820923552,24.768735836839294,24.82961378549197,890200
2023-06-08,24.690462112426758,24.777431315772592,24.690462112426758,24.777431315772592,1922100
2023-06-09,24.768735885620117,24.777432972416154,24.716555023643586,24.7426462840317,1252100
2023-06-12,24.77743148803711,24.820916919412152,24.751340229212087,24.760037315487093,1207500
2023-06-13,24.699159622192383,24.742645054010797,24.664372935537262,24.699159622192383,2690300
2023-06-14,24.577404022216797,24.707857001620145,24.560009849283116,24.60349528161732,6221200
2023-06-15,24.43825340270996,24.586100551697587,24.42955631644015,24.586100551697587,1918400
2023-06-16,24.481735229492188,24.51652357180652,24.429554374820153,24.44694854597732,1682400
2023-06-20,24.551311492919922,24.612189436239316,24.551311492919922,24.560008578936912,1405700
2023-06-21,24.43825340270996,24.5947976379674,24.42955631644015,24.577403465427775,1237700
2023-06-22,24.525222778320312,24.542615292182116,24.45564774647428,24.490434432997493,1311100
2023-06-23,24.655675888061523,24.69046257477151,24.61219045617452,24.62088754255192,1626800
2023-06-26,24.62958335876465,24.646977530622422,24.60349375977752,24.62958335876465,1055900
2023-06-27,24.56870460510254,24.603492947669796,24.525220835692945,24.5426133481771,1113700
2023-06-28,24.681764602661133,24.733947119052907,24.646977917199504,24.67306917539539,1333200
2023-06-29,24.7861270904541,24.812218347717135,24.73394623472753,24.7861270904541,722600
2023-06-30,24.681764602661133,24.7426442051182,24.6556750032648,24.72525003298761,1517000
2023-07-03,24.707857131958008,24.725251304983445,24.655676271681333,24.716554218470726,847300
2023-07-05,24.8209171295166,24.8209171295166,24.71655375213268,24.71655375213268,828400
2023-07-06,24.76003646850586,24.873096927413844,24.751339382528357,24.76003646850586,882700
2023-07-07,24.551311492919922,24.69915863760968,24.54261440690293,24.69046155159269,1959500
2023-07-10,24.490432739257812,24.603493194938192,24.48173565352859,24.58609902347975,1270700
2023-07-11,24.429555892944336,24.49913092309713,24.412161720706244,24.46434257862095,2025000
2023-07-12,24.142559051513672,24.255617855172815,24.142559051513672,24.255617855172815,1287900
2023-07-13,23.977317810058594,24.064287014054518,23.95992363749949,24.055589927774967,1183700
2023-07-14,24.020803451538086,24.038195965449706,23.968620933404395,23.99471219247124,838300
2023-07-17,23.99471092224121,24.081680122393784,23.99471092224121,24.04689177881295,1196900
2023-07-18,24.01210594177246,24.064286800186427,23.98601468316569,24.01210594177246,669900
2023-07-19,24.107770919799805,24.168650524092907,24.072984233289066,24.099073833472218,1566900
2023-07-20,24.246919631958008,24.281707975329304,24.159952091128787,24.168649176971613,2486600
2023-07-21,24.316495895385742,24.35128424052458,24.299103381615918,24.299103381615918,2215600
2023-07-24,24.403465270996094,24.41216235734195,24.333890239028875,24.37737567075814,1487700
2023-07-25,24.37737464904785,24.4730392772435,24.37737464904785,24.4730392772435,1526200
2023-07-26,24.30780029296875,24.394767837590795,24.281709034302384,24.368678237724016,1435500
2023-07-27,24.533918380737305,24.542615467130005,24.438253748016834,24.438253748016834,3183500
2023-07-28,24.49913215637207,24.52522341604263,24.4295571227169,24.507829242928924,1139000
2023-07-31,24.542613983154297,24.560008154887957,24.473038955019184,24.525221470220156,889000
2023-08-01,24.655675888061523,24.69046257477151,24.61219045617452,24.64697880168412,1082000
2023-08-02,24.742645263671875,24.786129037059148,24.69915983148498,24.69915983148498,726900
2023-08-03,24.725248336791992,24.794823361741834,24.69045999491735,24.77742919080451,519600
2023-08-04,24.603492736816406,24.620885249151506,24.54261313784545,24.577401480114567,851800
2023-08-07,24.620887756347656,24.664373188612267,24.603495242241443,24.620887756347656,348300
2023-08-08,24.73394775390625,24.81221987170339,24.73394775390625,24.768734440260758,649200
2023-08-09,24.751338958740234,24.751338958740234,24.6904610167396,24.72524936005397,889100
2023-08-10,24.794824600219727,24.794824600219727,24.638280371563486,24.699158314085462,1192400
2023-08-11,24.84700584411621,24.864400016193468,24.77743081460673,24.820916244799875,1444900
2023-08-14,24.933975219726562,25.00355024972163,24.864400189731494,24.968761905324317,846800
2023-08-15,24.942672729492188,24.960066901986295,24.855703525821237,24.8817947845624,952900
2023-08-16,25.012248992919922,25.029643166270972,24.91658269828883,24.942673958315403,1066900
2023-08-17,25.003551483154297,25.055732343524806,24.92527936319871,24.93397644972707,686700
2023-08-18,25.020944595336914,25.05573128117577,24.986156250698485,25.03833876765613,677100
2023-08-21,24.994853973388672,25.038339405294128,24.97745980062649,25.003551059769762,2276700
2023-08-22,25.081823348999023,25.099217521879517,25.03833957559742,25.04703500323804,649000
2023-08-23,24.994853973388672,25.11660986512472,24.994853973388672,25.107914437543243,2112800
2023-08-24,25.194883346557617,25.194883346557617,25.081824535087257,25.125308310545158,1421000
2023-08-25,25.22966957092285,25.29924460108067,25.12530619628634,25.19488122644416,2377400
2023-08-28,25.18618392944336,25.229669359677626,25.18618392944336,25.21227518758392,710700
2023-08-29,25.047035217285156,25.28185157677962,25.038339789570227,25.28185157677962,2199100
2023-08-30,25.003551483154297,25.012248569682654,24.92527936319871,24.968763137040863,2983600
2023-08-31,25.125307083129883,25.15139834240984,25.099217482649546,25.099217482649546,2707600
2023-09-01,25.281850814819336,25.290547901071786,25.055731548654368,25.06442863490682,1260500
2023-09-05,25.412302017211914,25.438393274148083,25.360121162139055,25.360121162139055,1215500
2023-09-06,25.421001434326172,25.47318395298439,25.377517660910616,25.4036072614401,647600
2023-09-07,25.48187828063965,25.51666662491007,25.464485767303994,25.4731828533716,1034600
2023-09-08,25.50796890258789,25.50796890258789,25.40360553117936,25.473182217984725,1033200
2023-09-11,25.386213302612305,25.412302901657014,25.35142495881998,25.394910388560387,630500
2023-09-12,25.429698944091797,25.464487290443056,25.403607684328353,25.45579020385524,1827200
2023-09-13,25.44709014892578,25.44709014892578,25.386212208712,25.42099889220582,549400
2023-09-14,25.603635787963867,25.612332874018286,25.507969500164823,25.542757844382496,1268500
2023-09-15,25.58624267578125,25.60363684861065,25.54275890250737,25.58624267578125,1295700
2023-09-18,25.54275894165039,25.603636887846964,25.516667682366307,25.56884854213485,479400
2023-09-19,25.560150146484375,25.56884723246693,25.5079692893886,25.525363461353706,366500
2023-09-20,25.603635787963867,25.62102830127315,25.44709155658345,25.52536367227366,827900
2023-09-21,25.621028900146484,25.681908503950428,25.603636386430665,25.65581724517731,980500
2023-09-22,25.681907653808594,25.70799725291848,25.621028052019934,25.681907653808594,1063900
2023-09-25,25.777572631835938,25.82105806227534,25.751483032371855,25.760180118459733,1412600
2023-09-26,25.855846405029297,25.864543491674606,25.786271370666473,25.794968457311786,1642700
2023-09-27,25.977603912353516,26.012390600072276,25.908028878116333,25.916724305946275,1609900
2023-09-28,25.838449478149414,25.908026163897155,25.821056965511968,25.88193490674175,1106400
2023-09-29,25.855846405029297,25.87324057831992,25.786271370666473,25.786271370666473,1590300
2023-10-02,26.055871963500977,26.06456904932585,25.960207337026375,25.960207337026375,3727200
2023-10-03,26.08196449279785,26.151539523989992,26.021086547854676,26.090661579046817,2486400
2023-10-04,26.003692626953125,26.07326765881843,25.986298454286896,25.99499554062001,1114900
2023-10-05,25.916723251342773,26.003692455300218,25.916723251342773,25.968905768996997,1368300
2023-10-06,25.86454200744629,26.047177498918014,25.829755321660933,26.01238915433309,1492000
2023-10-09,25.855846405029297,25.942815612682743,25.855846405029297,25.93411852603743,1777700
2023-10-10,25.794967651367188,25.855845597182615,25.777573478620035,25.838451424435462,2275900
2023-10-11,25.794967651367188,25.86454268355619,25.751483878298917,25.777573478620035,1343600
2023-10-12,26.012388229370117,26.021085315207095,25.881935259414504,25.881935259414504,1691000
2023-10-13,26.029783248901367,26.073267020703113,26.003691990540577,26.012389076660842,942200
2023-10-16,25.916723251342773,26.021086627851624,25.916723251342773,25.9776028552727,761500
2023-10-17,25.9254207611084,25.994995793650936,25.89063407423694,25.986298707233168,603400
2023-10-18,26.021085739135742,26.04717699707174,25.96890488206328,25.986297395221076,799000
2023-10-19,25.942813873291016,26.012388902989034,25.890633015717395,25.99499473086464,1728900
2023-10-20,25.951509475708008,25.98629615916849,25.93411530457804,25.951509475708008,769500
2023-10-23,25.82105827331543,25.977602506577632,25.79496701483854,25.95151124810074,1462800
2023-10-24,25.96890640258789,25.994996003251945,25.908028455972257,25.916723883660516,1564900
2023-10-25,26.038482666015625,26.05587518101358,25.98630014462261,26.038482666015625,1347000
2023-10-26,26.0993595123291,26.1515403727168,26.06457116620421,26.081965339266656,1026300
2023-10-27,26.0645694732666,26.090660731165602,26.021085702234476,26.047176960133474,1032400
2023-10-30,25.960208892822266,26.02978392479139,25.951511806476177,26.021086838445296,719400
2023-10-31,26.11675262451172,26.15153931042391,26.029783421531878,26.04717759388776,970400
2023-11-01,26.125450134277344,26.238508938824527,26.10805596163944,26.203720593548717,3264600
2023-11-02,25.9949951171875,26.038480548144737,25.9254200864555,25.95151134502984,1849900
2023-11-03,25.751482009887695,25.829754122771202,25.69929949543236,25.786268694058425,3525400
2023-11-06,25.777572631835938,25.78626971792382,25.707997601932448,25.734088860196092,1529900
2023-11-07,25.86454200744629,25.91672286552411,25.829755321660933,25.890633265884986,1004600
2023-11-08,25.855846405029297,25.916724352746808,25.838452231738675,25.908028924901163,585300
2023-11-09,25.96890640258789,25.977603489075786,25.82975633638083,25.864543023532775,1062400
2023-11-10,25.951509475708008,25.99499324473347,25.93411530457804,25.951509475708008,836200
2023-11-13,25.916723251342773,25.98629828274881,25.899330737590958,25.96020868272129,3831800
2023-11-14,25.50796890258789,25.673210216151606,25.49927181673722,25.664513130300936,2938300
2023-11-15,25.603635787963867,25.638422473381986,25.55145327163736,25.58624161585503,1378300
2023-11-16,25.621028900146484,25.629725986404193,25.525364268910902,25.586242213915252,790900
2023-11-17,25.48187828063965,25.586241654651356,25.48187828063965,25.56015039644854,1455100
2023-11-20,25.403606414794922,25.44709184556083,25.368819728981766,25.43839475940765,1715000
2023-11-21,25.429698944091797,25.464487290443056,25.342729737013304,25.342729737013304,1349700
2023-11-22,25.516666412353516,25.60363561350555,25.516666412353516,25.5514530975346,4330300
2023-11-24,25.403606414794922,25.455788931714014,25.39491098744131,25.44709184556083,983600
2023-11-27,25.351425170898438,25.42100020026559,25.351425170898438,25.394910601002625,1450400
2023-11-28,25.26445770263672,25.33403273677673,25.220973928349085,25.307943135724013,1524100
2023-11-29,25.290546417236328,25.32533476020505,25.238365561582743,25.281849331494147,1900400
2023-11-30,25.473182678222656,25.48187810543092,25.386213476944146,25.421000162175826,4121100
2023-12-01,25.39491081237793,25.51666670008399,25.36012246800502,25.49057544180431,2520400
2023-12-04,25.50796890258789,25.5601497588924,25.473182217984725,25.525363074289235,2271800
2023-12-05,25.603635787963867,25.62102830127315,25.499272414110408,25.542757844382496,1836800
2023-12-06,25.664514541625977,25.664514541625977,25.5688482508073,25.5688482508073,1537500
2023-12-07,25.52536392211914,25.59493895243594,25.43839471952325,25.577544780156845,2570400
2023-12-08,25.621028900146484,25.664514331435015,25.560150955142134,25.664514331435015,1460900
2023-12-11,25.65581703186035,25.690605376601926,25.629725773304173,25.67321120423114,956200
2023-12-12,25.58624267578125,25.655817708299228,25.577545589366547,25.621029362640428,1034200
2023-12-13,25.368820190429688,25.62972614457263,25.3253364176724,25.568848199192583,1509200
2023-12-14,25.134004592895508,25.229670886400395,25.0992179054026,25.212276713254116,3746200
2023-12-15,25.299243927001953,25.316638098777844,25.23836598458585,25.247063070473796,4411500
2023-12-18,25.295543670654297,25.32330093747784,25.267786403830755,25.27703882610527,1916800
2023-12-19,25.18451690673828,25.24003144157274,25.175264484265874,25.23077901910033,2544400
2023-12-20,25.295543670654297,25.30479609292881,25.20302121262826,25.212273634902775,2362500
2023-12-21,25.129003524780273,25.21227356028535,25.129003524780273,25.147508369274536,1696100
2023-12-22,25.1197509765625,25.138255820963963,25.04573336367574,25.082743052478666,1511500
2023-12-26,25.064239501953125,25.1012474279474,25.054987079274763,25.091996769988217,1106200
2023-12-27,24.934709548950195,25.017979589789164,24.916204703270598,25.017979589789164,783700
2023-12-28,25.017976760864258,25.045732261525966,24.90694946406038,24.962462230102812,2087100
2023-12-29,25.064239501953125,25.07349192463149,24.999474307923762,25.054987079274763,983800
